segment,day_start_approx,return_start_percent_approx,day_end_approx,return_end_percent_approx,marker_bridge
0,-20.0,-0.035714,-19.89071,-0.044643,False
1,-20.0,-0.160714,-19.89071,-0.196429,False
2,-19.89071,-0.044643,-19.781421,-0.0625,False
3,-19.89071,-0.196429,-19.781421,-0.223214,False
4,-19.781421,0.0,-19.672131,-0.008929,False
5,-19.781421,-0.0625,-19.672131,-0.071429,False
6,-19.781421,-0.223214,-19.672131,-0.267857,False
7,-19.672131,-0.008929,-19.562842,-0.053571,False
8,-19.672131,-0.071429,-19.562842,-0.053571,False
9,-19.672131,-0.267857,-19.562842,-0.285714,False
10,-19.562842,-0.053571,-19.453552,-0.053571,False
11,-19.562842,-0.285714,-19.453552,-0.3125,False
12,-19.453552,0.089928,-19.344262,0.089928,False
13,-19.453552,-0.053571,-19.344262,-0.0625,False
14,-19.453552,-0.3125,-19.344262,-0.330357,False
15,-19.344262,0.089928,-19.234973,0.089928,False
16,-19.344262,-0.0625,-19.234973,-0.0625,False
17,-19.344262,-0.330357,-19.234973,-0.339286,False
18,-19.234973,0.089928,-19.125683,0.089928,False
19,-19.234973,-0.0625,-19.125683,-0.026786,False
20,-19.234973,-0.0625,-19.125683,-0.107143,False
21,-19.234973,-0.339286,-19.125683,-0.348214,False
22,-19.125683,0.089928,-19.016393,0.098921,False
23,-19.125683,-0.026786,-19.016393,-0.035714,False
24,-19.125683,-0.107143,-19.016393,-0.035714,False
25,-19.125683,-0.107143,-19.016393,-0.125,False
26,-19.125683,-0.348214,-19.016393,-0.348214,False
27,-19.016393,0.098921,-18.907104,0.098921,False
28,-19.016393,-0.035714,-18.907104,-0.035714,False
29,-19.016393,-0.125,-18.907104,-0.133929,False
30,-19.016393,-0.348214,-18.907104,-0.348214,False
31,-18.907104,0.098921,-18.797814,0.107914,False
32,-18.907104,-0.035714,-18.797814,-0.035714,False
33,-18.907104,-0.133929,-18.797814,-0.142857,False
34,-18.907104,-0.348214,-18.797814,-0.348214,False
35,-18.797814,0.107914,-18.688525,0.116906,False
36,-18.797814,-0.035714,-18.688525,-0.035714,False
37,-18.797814,-0.142857,-18.688525,-0.151786,False
38,-18.797814,-0.348214,-18.688525,-0.339286,False
39,-18.688525,0.116906,-18.579235,0.107914,False
40,-18.688525,-0.035714,-18.579235,-0.044643,False
41,-18.688525,-0.151786,-18.579235,-0.160714,False
42,-18.688525,-0.339286,-18.579235,-0.339286,False
43,-18.579235,0.107914,-18.469945,0.152878,False
44,-18.579235,0.107914,-18.469945,0.089928,False
45,-18.579235,-0.044643,-18.469945,-0.044643,False
46,-18.579235,-0.160714,-18.469945,-0.178571,False
47,-18.579235,-0.339286,-18.469945,-0.348214,False
48,-18.469945,0.152878,-18.360656,0.161871,False
49,-18.469945,0.089928,-18.360656,0.080935,False
50,-18.469945,-0.044643,-18.360656,-0.044643,False
51,-18.469945,-0.178571,-18.360656,-0.178571,False
52,-18.469945,-0.348214,-18.360656,-0.348214,False
53,-18.360656,0.161871,-18.251366,0.170863,False
54,-18.360656,0.080935,-18.251366,0.080935,False
55,-18.360656,-0.044643,-18.251366,-0.035714,False
56,-18.360656,-0.178571,-18.251366,-0.1875,False
57,-18.360656,-0.348214,-18.251366,-0.348214,False
58,-18.251366,0.170863,-18.142077,0.179856,False
59,-18.251366,0.080935,-18.142077,0.071942,False
60,-18.251366,-0.035714,-18.142077,-0.035714,False
61,-18.251366,-0.1875,-18.142077,-0.205357,False
62,-18.251366,-0.348214,-18.142077,-0.3125,False
63,-18.251366,-0.348214,-18.142077,-0.392857,False
64,-18.142077,0.179856,-18.032787,0.188849,False
65,-18.142077,0.071942,-18.032787,0.071942,False
66,-18.142077,-0.035714,-18.032787,-0.026786,False
67,-18.142077,-0.205357,-18.032787,-0.241071,False
68,-18.142077,-0.3125,-18.032787,-0.241071,False
69,-18.142077,-0.392857,-18.032787,-0.401786,False
70,-18.032787,0.188849,-17.923497,0.188849,False
71,-18.032787,0.071942,-17.923497,0.080935,False
72,-18.032787,-0.026786,-17.923497,-0.017857,False
73,-18.032787,-0.241071,-17.923497,-0.232143,False
74,-18.032787,-0.401786,-17.923497,-0.419643,False
75,-17.923497,0.188849,-17.814208,0.188849,False
76,-17.923497,0.080935,-17.814208,0.044964,False
77,-17.923497,-0.017857,-17.814208,0.044964,False
78,-17.923497,-0.232143,-17.814208,-0.241071,False
79,-17.923497,-0.419643,-17.814208,-0.446429,False
80,-17.814208,0.188849,-17.704918,0.197842,False
81,-17.814208,0.044964,-17.704918,0.053957,False
82,-17.814208,-0.241071,-17.704918,-0.25,False
83,-17.814208,-0.446429,-17.704918,-0.473214,False
84,-17.704918,0.197842,-17.595628,0.206835,False
85,-17.704918,0.053957,-17.595628,0.053957,False
86,-17.704918,-0.25,-17.595628,-0.25,False
87,-17.704918,-0.473214,-17.595628,-0.491071,False
88,-17.595628,0.206835,-17.486339,0.206835,False
89,-17.595628,0.053957,-17.486339,0.125899,False
90,-17.595628,0.053957,-17.486339,0.026978,False
91,-17.595628,-0.25,-17.486339,-0.267857,False
92,-17.595628,-0.491071,-17.486339,-0.517857,False
93,-17.486339,0.206835,-17.377049,0.206835,False
94,-17.486339,0.125899,-17.377049,0.134892,False
95,-17.486339,0.026978,-17.377049,0.026978,False
96,-17.486339,-0.267857,-17.377049,-0.276786,False
97,-17.486339,-0.517857,-17.377049,-0.526786,False
98,-17.377049,0.206835,-17.26776,0.206835,False
99,-17.377049,0.134892,-17.26776,0.143885,False
100,-17.377049,0.026978,-17.26776,0.026978,False
101,-17.377049,-0.276786,-17.26776,-0.285714,False
102,-17.377049,-0.526786,-17.26776,-0.544643,False
103,-17.26776,0.206835,-17.15847,0.206835,False
104,-17.26776,0.143885,-17.15847,0.143885,False
105,-17.26776,0.026978,-17.15847,0.026978,False
106,-17.26776,-0.285714,-17.15847,-0.285714,False
107,-17.26776,-0.544643,-17.15847,-0.5625,False
108,-17.15847,0.206835,-17.04918,0.206835,False
109,-17.15847,0.143885,-17.04918,0.143885,False
110,-17.15847,0.026978,-17.04918,0.017986,False
111,-17.15847,-0.285714,-17.04918,-0.294643,False
112,-17.15847,-0.5625,-17.04918,-0.571429,False
113,-17.04918,0.206835,-16.939891,0.170863,False
114,-17.04918,0.143885,-16.939891,0.170863,False
115,-17.04918,0.017986,-16.939891,0.017986,False
116,-17.04918,-0.294643,-16.939891,-0.303571,False
117,-17.04918,-0.571429,-16.939891,-0.589286,False
118,-16.939891,0.170863,-16.830601,0.170863,False
119,-16.939891,0.017986,-16.830601,0.026978,False
120,-16.939891,-0.303571,-16.830601,-0.303571,False
121,-16.939891,-0.589286,-16.830601,-0.598214,False
122,-16.830601,0.170863,-16.721311,0.170863,False
123,-16.830601,0.026978,-16.721311,0.017986,False
124,-16.830601,-0.303571,-16.721311,-0.3125,False
125,-16.830601,-0.598214,-16.721311,-0.598214,False
126,-16.721311,0.170863,-16.612022,0.080935,False
127,-16.721311,0.017986,-16.612022,0.080935,False
128,-16.721311,-0.3125,-16.612022,-0.267857,False
129,-16.721311,-0.3125,-16.612022,-0.366071,False
130,-16.721311,-0.598214,-16.612022,-0.607143,False
131,-16.612022,0.080935,-16.502732,0.125899,False
132,-16.612022,0.080935,-16.502732,-0.044643,False
133,-16.612022,-0.267857,-16.502732,-0.267857,False
134,-16.612022,-0.366071,-16.502732,-0.375,False
135,-16.612022,-0.607143,-16.502732,-0.616071,False
136,-16.502732,0.125899,-16.393443,0.215827,False
137,-16.502732,0.125899,-16.393443,0.089928,False
138,-16.502732,-0.044643,-16.393443,-0.053571,False
139,-16.502732,-0.267857,-16.393443,-0.267857,False
140,-16.502732,-0.375,-16.393443,-0.410714,False
141,-16.502732,-0.616071,-16.393443,-0.625,False
142,-16.393443,0.215827,-16.284153,0.215827,False
143,-16.393443,0.089928,-16.284153,0.089928,False
144,-16.393443,-0.053571,-16.284153,-0.0625,False
145,-16.393443,-0.267857,-16.284153,-0.276786,False
146,-16.393443,-0.410714,-16.284153,-0.419643,False
147,-16.393443,-0.625,-16.284153,-0.625,False
148,-16.284153,0.215827,-16.174863,0.215827,False
149,-16.284153,0.089928,-16.174863,0.125899,False
150,-16.284153,0.089928,-16.174863,0.035971,False
151,-16.284153,-0.0625,-16.174863,-0.0625,False
152,-16.284153,-0.276786,-16.174863,-0.285714,False
153,-16.284153,-0.419643,-16.174863,-0.375,False
154,-16.284153,-0.419643,-16.174863,-0.464286,False
155,-16.284153,-0.625,-16.174863,-0.642857,False
156,-16.174863,0.215827,-16.065574,0.233813,False
157,-16.174863,0.125899,-16.065574,0.134892,False
158,-16.174863,0.035971,-16.065574,0.035971,False
159,-16.174863,-0.0625,-16.065574,-0.080357,False
160,-16.174863,-0.285714,-16.065574,-0.285714,False
161,-16.174863,-0.375,-16.065574,-0.375,False
162,-16.174863,-0.464286,-16.065574,-0.491071,False
163,-16.174863,-0.642857,-16.065574,-0.651786,False
164,-16.065574,0.233813,-15.956284,0.233813,False
165,-16.065574,0.134892,-15.956284,0.125899,False
166,-16.065574,0.035971,-15.956284,0.026978,False
167,-16.065574,-0.080357,-15.956284,-0.080357,False
168,-16.065574,-0.285714,-15.956284,-0.303571,False
169,-16.065574,-0.375,-15.956284,-0.375,False
170,-16.065574,-0.491071,-15.956284,-0.544643,False
171,-16.065574,-0.651786,-15.956284,-0.669643,False
172,-15.956284,0.233813,-15.846995,0.233813,False
173,-15.956284,0.125899,-15.846995,0.116906,False
174,-15.956284,0.026978,-15.846995,0.017986,False
175,-15.956284,-0.080357,-15.846995,-0.107143,False
176,-15.956284,-0.303571,-15.846995,-0.3125,False
177,-15.956284,-0.375,-15.846995,-0.383929,False
178,-15.956284,-0.544643,-15.846995,-0.580357,False
179,-15.956284,-0.669643,-15.846995,-0.696429,False
180,-15.846995,0.233813,-15.737705,0.242806,False
181,-15.846995,0.116906,-15.737705,0.125899,False
182,-15.846995,0.017986,-15.737705,0.017986,False
183,-15.846995,-0.107143,-15.737705,-0.125,False
184,-15.846995,-0.3125,-15.737705,-0.3125,False
185,-15.846995,-0.383929,-15.737705,-0.383929,False
186,-15.846995,-0.580357,-15.737705,-0.598214,False
187,-15.846995,-0.696429,-15.737705,-0.696429,False
188,-15.737705,0.242806,-15.628415,0.242806,False
189,-15.737705,0.125899,-15.628415,0.125899,False
190,-15.737705,0.017986,-15.628415,0.017986,False
191,-15.737705,-0.125,-15.628415,-0.125,False
192,-15.737705,-0.3125,-15.628415,-0.357143,False
193,-15.737705,-0.383929,-15.628415,-0.357143,False
194,-15.737705,-0.598214,-15.628415,-0.625,False
195,-15.737705,-0.696429,-15.628415,-0.714286,False
196,-15.628415,0.242806,-15.519126,0.260791,False
197,-15.628415,0.125899,-15.519126,0.125899,False
198,-15.628415,0.017986,-15.519126,0.008993,False
199,-15.628415,-0.125,-15.519126,-0.133929,False
200,-15.628415,-0.357143,-15.519126,-0.357143,False
201,-15.628415,-0.625,-15.519126,-0.642857,False
202,-15.628415,-0.714286,-15.519126,-0.732143,False
203,-15.519126,0.260791,-15.409836,0.260791,False
204,-15.519126,0.125899,-15.409836,0.134892,False
205,-15.519126,0.008993,-15.409836,0.008993,False
206,-15.519126,-0.133929,-15.409836,-0.133929,False
207,-15.519126,-0.357143,-15.409836,-0.366071,False
208,-15.519126,-0.642857,-15.409836,-0.642857,False
209,-15.519126,-0.732143,-15.409836,-0.75,False
210,-15.409836,0.260791,-15.300546,0.278777,False
211,-15.409836,0.134892,-15.300546,0.125899,False
212,-15.409836,0.008993,-15.300546,0.008993,False
213,-15.409836,-0.133929,-15.300546,-0.151786,False
214,-15.409836,-0.366071,-15.300546,-0.366071,False
215,-15.409836,-0.642857,-15.300546,-0.669643,False
216,-15.409836,-0.75,-15.300546,-0.758929,False
217,-15.300546,0.278777,-15.191257,0.296763,False
218,-15.300546,0.125899,-15.191257,0.170863,False
219,-15.300546,0.125899,-15.191257,0.089928,False
220,-15.300546,0.008993,-15.191257,0.008993,False
221,-15.300546,-0.151786,-15.191257,-0.151786,False
222,-15.300546,-0.366071,-15.191257,-0.383929,False
223,-15.300546,-0.669643,-15.191257,-0.678571,False
224,-15.300546,-0.758929,-15.191257,-0.767857,False
225,-15.191257,0.296763,-15.081967,0.296763,False
226,-15.191257,0.170863,-15.081967,0.170863,False
227,-15.191257,0.089928,-15.081967,0.080935,False
228,-15.191257,0.008993,-15.081967,0.008993,False
229,-15.191257,-0.151786,-15.081967,-0.151786,False
230,-15.191257,-0.383929,-15.081967,-0.383929,False
231,-15.191257,-0.678571,-15.081967,-0.723214,False
232,-15.191257,-0.767857,-15.081967,-0.723214,False
233,-15.081967,0.296763,-14.972678,0.314748,False
234,-15.081967,0.170863,-14.972678,0.170863,False
235,-15.081967,0.080935,-14.972678,0.080935,False
236,-15.081967,0.008993,-14.972678,0.008993,False
237,-15.081967,-0.151786,-14.972678,-0.151786,False
238,-15.081967,-0.383929,-14.972678,-0.401786,False
239,-15.081967,-0.723214,-14.972678,-0.75,False
240,-14.972678,0.314748,-14.863388,0.332734,False
241,-14.972678,0.170863,-14.863388,0.170863,False
242,-14.972678,0.080935,-14.863388,0.071942,False
243,-14.972678,0.008993,-14.863388,0.0,False
244,-14.972678,-0.151786,-14.863388,-0.151786,False
245,-14.972678,-0.401786,-14.863388,-0.410714,False
246,-14.972678,-0.75,-14.863388,-0.758929,False
247,-14.863388,0.332734,-14.754098,0.350719,False
248,-14.863388,0.170863,-14.754098,0.170863,False
249,-14.863388,0.071942,-14.754098,0.071942,False
250,-14.863388,0.0,-14.754098,0.0,False
251,-14.863388,-0.151786,-14.754098,-0.169643,False
252,-14.863388,-0.410714,-14.754098,-0.410714,False
253,-14.863388,-0.758929,-14.754098,-0.785714,False
254,-14.754098,0.350719,-14.644809,0.359712,False
255,-14.754098,0.170863,-14.644809,0.170863,False
256,-14.754098,0.071942,-14.644809,0.071942,False
257,-14.754098,0.0,-14.644809,-0.008929,False
258,-14.754098,-0.169643,-14.644809,-0.169643,False
259,-14.754098,-0.410714,-14.644809,-0.410714,False
260,-14.754098,-0.785714,-14.644809,-0.794643,False
261,-14.644809,0.359712,-14.535519,0.368705,False
262,-14.644809,0.170863,-14.535519,0.170863,False
263,-14.644809,0.071942,-14.535519,0.06295,False
264,-14.644809,-0.008929,-14.535519,-0.008929,False
265,-14.644809,-0.169643,-14.535519,-0.169643,False
266,-14.644809,-0.410714,-14.535519,-0.419643,False
267,-14.644809,-0.794643,-14.535519,-0.8125,False
268,-14.535519,0.368705,-14.42623,0.386691,False
269,-14.535519,0.170863,-14.42623,0.170863,False
270,-14.535519,0.06295,-14.42623,0.044964,False
271,-14.535519,-0.008929,-14.42623,0.044964,False
272,-14.535519,-0.169643,-14.42623,-0.169643,False
273,-14.535519,-0.419643,-14.42623,-0.392857,False
274,-14.535519,-0.419643,-14.42623,-0.455357,False
275,-14.535519,-0.8125,-14.42623,-0.830357,False
276,-14.42623,0.386691,-14.31694,0.404676,False
277,-14.42623,0.170863,-14.31694,0.170863,False
278,-14.42623,0.044964,-14.31694,0.044964,False
279,-14.42623,-0.169643,-14.31694,-0.169643,False
280,-14.42623,-0.392857,-14.31694,-0.392857,False
281,-14.42623,-0.455357,-14.31694,-0.455357,False
282,-14.42623,-0.830357,-14.31694,-0.839286,False
283,-14.31694,0.404676,-14.20765,0.422662,False
284,-14.31694,0.170863,-14.20765,0.170863,False
285,-14.31694,0.044964,-14.20765,0.044964,False
286,-14.31694,-0.169643,-14.20765,-0.169643,False
287,-14.31694,-0.392857,-14.20765,-0.392857,False
288,-14.31694,-0.455357,-14.20765,-0.464286,False
289,-14.31694,-0.839286,-14.20765,-0.803571,False
290,-14.31694,-0.839286,-14.20765,-0.883929,False
291,-14.20765,0.422662,-14.098361,0.440647,False
292,-14.20765,0.170863,-14.098361,0.170863,False
293,-14.20765,0.044964,-14.098361,0.044964,False
294,-14.20765,-0.169643,-14.098361,-0.169643,False
295,-14.20765,-0.392857,-14.098361,-0.392857,False
296,-14.20765,-0.464286,-14.098361,-0.464286,False
297,-14.20765,-0.803571,-14.098361,-0.803571,False
298,-14.20765,-0.883929,-14.098361,-0.901786,False
299,-14.098361,0.440647,-13.989071,0.440647,False
300,-14.098361,0.170863,-13.989071,0.170863,False
301,-14.098361,0.044964,-13.989071,0.035971,False
302,-14.098361,-0.169643,-13.989071,-0.169643,False
303,-14.098361,-0.392857,-13.989071,-0.401786,False
304,-14.098361,-0.464286,-13.989071,-0.473214,False
305,-14.098361,-0.803571,-13.989071,-0.794643,False
306,-14.098361,-0.901786,-13.989071,-0.919643,False
307,-13.989071,0.440647,-13.879781,0.440647,False
308,-13.989071,0.170863,-13.879781,0.170863,False
309,-13.989071,0.035971,-13.879781,0.044964,False
310,-13.989071,-0.169643,-13.879781,-0.169643,False
311,-13.989071,-0.401786,-13.879781,-0.410714,False
312,-13.989071,-0.473214,-13.879781,-0.482143,False
313,-13.989071,-0.794643,-13.879781,-0.785714,False
314,-13.989071,-0.919643,-13.879781,-0.928571,False
315,-13.879781,0.440647,-13.770492,0.44964,False
316,-13.879781,0.170863,-13.770492,0.134892,False
317,-13.879781,0.044964,-13.770492,0.134892,False
318,-13.879781,0.044964,-13.770492,0.017986,False
319,-13.879781,-0.169643,-13.770492,-0.178571,False
320,-13.879781,-0.410714,-13.770492,-0.410714,False
321,-13.879781,-0.482143,-13.770492,-0.482143,False
322,-13.879781,-0.785714,-13.770492,-0.776786,False
323,-13.879781,-0.928571,-13.770492,-0.946429,False
324,-13.770492,0.44964,-13.661202,0.44964,False
325,-13.770492,0.134892,-13.661202,0.143885,False
326,-13.770492,0.017986,-13.661202,0.017986,False
327,-13.770492,-0.178571,-13.661202,-0.178571,False
328,-13.770492,-0.410714,-13.661202,-0.455357,False
329,-13.770492,-0.482143,-13.661202,-0.455357,False
330,-13.770492,-0.776786,-13.661202,-0.776786,False
331,-13.770492,-0.946429,-13.661202,-0.964286,False
332,-13.661202,0.44964,-13.551913,0.44964,False
333,-13.661202,0.143885,-13.551913,0.143885,False
334,-13.661202,0.017986,-13.551913,0.0,False
335,-13.661202,-0.178571,-13.551913,-0.178571,False
336,-13.661202,-0.455357,-13.551913,-0.455357,False
337,-13.661202,-0.776786,-13.551913,-0.758929,False
338,-13.661202,-0.964286,-13.551913,-0.964286,False
339,-13.551913,0.44964,-13.442623,0.44964,False
340,-13.551913,0.143885,-13.442623,0.152878,False
341,-13.551913,0.0,-13.442623,0.0,False
342,-13.551913,-0.178571,-13.442623,-0.1875,False
343,-13.551913,-0.455357,-13.442623,-0.464286,False
344,-13.551913,-0.758929,-13.442623,-0.75,False
345,-13.551913,-0.964286,-13.442623,-0.982143,False
346,-13.442623,0.44964,-13.333333,0.440647,False
347,-13.442623,0.152878,-13.333333,0.152878,False
348,-13.442623,0.0,-13.333333,0.0,False
349,-13.442623,-0.1875,-13.333333,-0.1875,False
350,-13.442623,-0.464286,-13.333333,-0.464286,False
351,-13.442623,-0.75,-13.333333,-0.741071,False
352,-13.442623,-0.982143,-13.333333,-1.0,False
353,-13.333333,0.440647,-13.224044,0.44964,False
354,-13.333333,0.152878,-13.224044,0.152878,False
355,-13.333333,0.0,-13.224044,0.0,False
356,-13.333333,-0.1875,-13.224044,-0.196429,False
357,-13.333333,-0.464286,-13.224044,-0.464286,False
358,-13.333333,-0.741071,-13.224044,-0.75,False
359,-13.333333,-1.0,-13.224044,-1.008929,False
360,-13.224044,0.44964,-13.114754,0.440647,False
361,-13.224044,0.152878,-13.114754,0.161871,False
362,-13.224044,0.0,-13.114754,0.0,False
363,-13.224044,-0.196429,-13.114754,-0.205357,False
364,-13.224044,-0.464286,-13.114754,-0.473214,False
365,-13.224044,-0.75,-13.114754,-0.758929,False
366,-13.224044,-1.008929,-13.114754,-1.026786,False
367,-13.114754,0.440647,-13.005464,0.440647,False
368,-13.114754,0.161871,-13.005464,0.161871,False
369,-13.114754,0.0,-13.005464,0.0,False
370,-13.114754,-0.205357,-13.005464,-0.205357,False
371,-13.114754,-0.473214,-13.005464,-0.482143,False
372,-13.114754,-0.758929,-13.005464,-0.767857,False
373,-13.114754,-1.026786,-13.005464,-1.026786,False
374,-13.005464,0.440647,-12.896175,0.440647,False
375,-13.005464,0.161871,-12.896175,0.161871,False
376,-13.005464,0.0,-12.896175,0.0,False
377,-13.005464,-0.205357,-12.896175,-0.214286,False
378,-13.005464,-0.482143,-12.896175,-0.482143,False
379,-13.005464,-0.767857,-12.896175,-0.776786,False
380,-13.005464,-1.026786,-12.896175,-1.044643,False
381,-12.896175,0.440647,-12.786885,0.440647,False
382,-12.896175,0.161871,-12.786885,0.170863,False
383,-12.896175,0.0,-12.786885,-0.008929,False
384,-12.896175,-0.214286,-12.786885,-0.223214,False
385,-12.896175,-0.482143,-12.786885,-0.5,False
386,-12.896175,-0.776786,-12.786885,-0.785714,False
387,-12.896175,-1.044643,-12.786885,-1.053571,False
388,-12.786885,0.440647,-12.677596,0.440647,False
389,-12.786885,0.170863,-12.677596,0.188849,False
390,-12.786885,-0.008929,-12.677596,-0.008929,False
391,-12.786885,-0.223214,-12.677596,-0.223214,False
392,-12.786885,-0.5,-12.677596,-0.5,False
393,-12.786885,-0.785714,-12.677596,-0.794643,False
394,-12.786885,-1.053571,-12.677596,-1.071429,False
395,-12.677596,0.440647,-12.568306,0.431655,False
396,-12.677596,0.188849,-12.568306,0.188849,False
397,-12.677596,-0.008929,-12.568306,0.026978,False
398,-12.677596,-0.008929,-12.568306,-0.035714,False
399,-12.677596,-0.223214,-12.568306,-0.232143,False
400,-12.677596,-0.5,-12.568306,-0.508929,False
401,-12.677596,-0.794643,-12.568306,-0.8125,False
402,-12.677596,-1.071429,-12.568306,-1.089286,False
403,-12.568306,0.431655,-12.459016,0.422662,False
404,-12.568306,0.188849,-12.459016,0.197842,False
405,-12.568306,0.026978,-12.459016,0.026978,False
406,-12.568306,-0.035714,-12.459016,-0.044643,False
407,-12.568306,-0.232143,-12.459016,-0.241071,False
408,-12.568306,-0.508929,-12.459016,-0.517857,False
409,-12.568306,-0.8125,-12.459016,-0.830357,False
410,-12.568306,-1.089286,-12.459016,-1.089286,False
411,-12.459016,0.422662,-12.349727,0.422662,False
412,-12.459016,0.197842,-12.349727,0.197842,False
413,-12.459016,0.026978,-12.349727,0.026978,False
414,-12.459016,-0.044643,-12.349727,-0.044643,False
415,-12.459016,-0.241071,-12.349727,-0.241071,False
416,-12.459016,-0.517857,-12.349727,-0.526786,False
417,-12.459016,-0.830357,-12.349727,-0.839286,False
418,-12.459016,-1.089286,-12.349727,-1.107143,False
419,-12.349727,0.422662,-12.240437,0.413669,False
420,-12.349727,0.197842,-12.240437,0.215827,False
421,-12.349727,0.026978,-12.240437,0.026978,False
422,-12.349727,-0.044643,-12.240437,-0.053571,False
423,-12.349727,-0.241071,-12.240437,-0.258929,False
424,-12.349727,-0.526786,-12.240437,-0.526786,False
425,-12.349727,-0.839286,-12.240437,-0.866071,False
426,-12.349727,-1.107143,-12.240437,-1.125,False
427,-12.240437,0.413669,-12.131148,0.404676,False
428,-12.240437,0.215827,-12.131148,0.215827,False
429,-12.240437,0.026978,-12.131148,0.035971,False
430,-12.240437,-0.053571,-12.131148,-0.053571,False
431,-12.240437,-0.258929,-12.131148,-0.258929,False
432,-12.240437,-0.526786,-12.131148,-0.535714,False
433,-12.240437,-0.866071,-12.131148,-0.883929,False
434,-12.240437,-1.125,-12.131148,-1.151786,False
435,-12.131148,0.404676,-12.021858,0.395683,False
436,-12.131148,0.215827,-12.021858,0.215827,False
437,-12.131148,0.035971,-12.021858,0.035971,False
438,-12.131148,-0.053571,-12.021858,-0.053571,False
439,-12.131148,-0.258929,-12.021858,-0.258929,False
440,-12.131148,-0.535714,-12.021858,-0.544643,False
441,-12.131148,-0.883929,-12.021858,-0.901786,False
442,-12.131148,-1.151786,-12.021858,-1.169643,False
443,-12.021858,0.395683,-11.912568,0.395683,False
444,-12.021858,0.215827,-11.912568,0.22482,False
445,-12.021858,0.035971,-11.912568,0.035971,False
446,-12.021858,-0.053571,-11.912568,-0.0625,False
447,-12.021858,-0.258929,-11.912568,-0.258929,False
448,-12.021858,-0.544643,-11.912568,-0.553571,False
449,-12.021858,-0.901786,-11.912568,-0.910714,False
450,-12.021858,-1.169643,-11.912568,-1.169643,False
451,-11.912568,0.395683,-11.803279,0.395683,False
452,-11.912568,0.22482,-11.803279,0.233813,False
453,-11.912568,0.035971,-11.803279,0.035971,False
454,-11.912568,-0.0625,-11.803279,-0.0625,False
455,-11.912568,-0.258929,-11.803279,-0.258929,False
456,-11.912568,-0.553571,-11.803279,-0.553571,False
457,-11.912568,-0.910714,-11.803279,-0.9375,False
458,-11.912568,-1.169643,-11.803279,-1.1875,False
459,-11.803279,0.395683,-11.693989,0.386691,False
460,-11.803279,0.233813,-11.693989,0.242806,False
461,-11.803279,0.035971,-11.693989,0.044964,False
462,-11.803279,-0.0625,-11.693989,-0.0625,False
463,-11.803279,-0.258929,-11.693989,-0.258929,False
464,-11.803279,-0.553571,-11.693989,-0.5625,False
465,-11.803279,-0.9375,-11.693989,-0.964286,False
466,-11.803279,-1.1875,-11.693989,-1.223214,False
467,-11.693989,0.386691,-11.584699,0.377698,False
468,-11.693989,0.242806,-11.584699,0.242806,False
469,-11.693989,0.044964,-11.584699,0.044964,False
470,-11.693989,-0.0625,-11.584699,-0.0625,False
471,-11.693989,-0.258929,-11.584699,-0.267857,False
472,-11.693989,-0.5625,-11.584699,-0.5625,False
473,-11.693989,-0.964286,-11.584699,-0.982143,False
474,-11.693989,-1.223214,-11.584699,-1.25,False
475,-11.584699,0.377698,-11.47541,0.368705,False
476,-11.584699,0.242806,-11.47541,0.251799,False
477,-11.584699,0.044964,-11.47541,0.035971,False
478,-11.584699,-0.0625,-11.47541,-0.0625,False
479,-11.584699,-0.267857,-11.47541,-0.267857,False
480,-11.584699,-0.5625,-11.47541,-0.571429,False
481,-11.584699,-0.982143,-11.47541,-1.0,False
482,-11.584699,-1.25,-11.47541,-1.285714,False
483,-11.47541,0.368705,-11.36612,0.368705,False
484,-11.47541,0.251799,-11.36612,0.260791,False
485,-11.47541,0.035971,-11.36612,0.035971,False
486,-11.47541,-0.0625,-11.36612,-0.0625,False
487,-11.47541,-0.267857,-11.36612,-0.267857,False
488,-11.47541,-0.571429,-11.36612,-0.580357,False
489,-11.47541,-1.0,-11.36612,-1.0,False
490,-11.47541,-1.285714,-11.36612,-1.303571,False
491,-11.36612,0.368705,-11.256831,0.359712,False
492,-11.36612,0.260791,-11.256831,0.260791,False
493,-11.36612,0.035971,-11.256831,0.035971,False
494,-11.36612,-0.0625,-11.256831,-0.0625,False
495,-11.36612,-0.267857,-11.256831,-0.267857,False
496,-11.36612,-0.580357,-11.256831,-0.580357,False
497,-11.36612,-1.0,-11.256831,-1.008929,False
498,-11.36612,-1.303571,-11.256831,-1.330357,False
499,-11.256831,0.359712,-11.147541,0.296763,False
500,-11.256831,0.260791,-11.147541,0.296763,False
501,-11.256831,0.035971,-11.147541,0.035971,False
502,-11.256831,-0.0625,-11.147541,-0.053571,False
503,-11.256831,-0.267857,-11.147541,-0.267857,False
504,-11.256831,-0.580357,-11.147541,-0.598214,False
505,-11.256831,-1.008929,-11.147541,-1.026786,False
506,-11.256831,-1.330357,-11.147541,-1.357143,False
507,-11.147541,0.296763,-11.038251,0.296763,False
508,-11.147541,0.035971,-11.038251,0.035971,False
509,-11.147541,-0.053571,-11.038251,-0.053571,False
510,-11.147541,-0.267857,-11.038251,-0.267857,False
511,-11.147541,-0.598214,-11.038251,-0.607143,False
512,-11.147541,-1.026786,-11.038251,-1.026786,False
513,-11.147541,-1.357143,-11.038251,-1.392857,False
514,-11.038251,0.296763,-10.928962,0.332734,False
515,-11.038251,0.296763,-10.928962,0.251799,False
516,-11.038251,0.035971,-10.928962,0.035971,False
517,-11.038251,-0.053571,-10.928962,-0.053571,False
518,-11.038251,-0.267857,-10.928962,-0.267857,False
519,-11.038251,-0.607143,-10.928962,-0.616071,False
520,-11.038251,-1.026786,-10.928962,-1.044643,False
521,-11.038251,-1.392857,-10.928962,-1.410714,False
522,-10.928962,0.332734,-10.819672,0.305755,False
523,-10.928962,0.251799,-10.819672,0.305755,False
524,-10.928962,0.035971,-10.819672,0.035971,False
525,-10.928962,-0.053571,-10.819672,-0.044643,False
526,-10.928962,-0.267857,-10.819672,-0.267857,False
527,-10.928962,-0.616071,-10.819672,-0.625,False
528,-10.928962,-1.044643,-10.819672,-1.044643,False
529,-10.928962,-1.410714,-10.819672,-1.4375,False
530,-10.819672,0.305755,-10.710383,0.305755,False
531,-10.819672,0.035971,-10.710383,0.035971,False
532,-10.819672,-0.044643,-10.710383,-0.044643,False
533,-10.819672,-0.267857,-10.710383,-0.267857,False
534,-10.819672,-0.625,-10.710383,-0.625,False
535,-10.819672,-1.044643,-10.710383,-1.044643,False
536,-10.819672,-1.4375,-10.710383,-1.464286,False
537,-10.710383,0.305755,-10.601093,0.296763,False
538,-10.710383,0.035971,-10.601093,0.035971,False
539,-10.710383,-0.044643,-10.601093,-0.035714,False
540,-10.710383,-0.267857,-10.601093,-0.276786,False
541,-10.710383,-0.625,-10.601093,-0.625,False
542,-10.710383,-1.044643,-10.601093,-1.053571,False
543,-10.710383,-1.464286,-10.601093,-1.491071,False
544,-10.601093,0.296763,-10.491803,0.296763,False
545,-10.601093,0.035971,-10.491803,0.026978,False
546,-10.601093,-0.035714,-10.491803,-0.035714,False
547,-10.601093,-0.276786,-10.491803,-0.276786,False
548,-10.601093,-0.625,-10.491803,-0.633929,False
549,-10.601093,-1.053571,-10.491803,-1.0625,False
550,-10.601093,-1.491071,-10.491803,-1.508929,False
551,-10.491803,0.296763,-10.382514,0.305755,False
552,-10.491803,0.026978,-10.382514,0.026978,False
553,-10.491803,-0.035714,-10.382514,-0.035714,False
554,-10.491803,-0.276786,-10.382514,-0.285714,False
555,-10.491803,-0.633929,-10.382514,-0.642857,False
556,-10.491803,-1.0625,-10.382514,-1.071429,False
557,-10.491803,-1.508929,-10.382514,-1.535714,False
558,-10.382514,0.305755,-10.273224,0.305755,False
559,-10.382514,0.026978,-10.273224,0.035971,False
560,-10.382514,-0.035714,-10.273224,-0.044643,False
561,-10.382514,-0.285714,-10.273224,-0.285714,False
562,-10.382514,-0.642857,-10.273224,-0.651786,False
563,-10.382514,-1.071429,-10.273224,-1.071429,False
564,-10.382514,-1.535714,-10.273224,-1.553571,False
565,-10.273224,0.305755,-10.163934,0.305755,False
566,-10.273224,0.035971,-10.163934,0.035971,False
567,-10.273224,-0.044643,-10.163934,-0.053571,False
568,-10.273224,-0.285714,-10.163934,-0.303571,False
569,-10.273224,-0.651786,-10.163934,-0.651786,False
570,-10.273224,-1.071429,-10.163934,-1.080357,False
571,-10.273224,-1.553571,-10.163934,-1.571429,False
572,-10.163934,0.305755,-10.054645,0.305755,False
573,-10.163934,0.035971,-10.054645,0.035971,False
574,-10.163934,-0.053571,-10.054645,-0.053571,False
575,-10.163934,-0.303571,-10.054645,-0.3125,False
576,-10.163934,-0.651786,-10.054645,-0.660714,False
577,-10.163934,-1.080357,-10.054645,-1.089286,False
578,-10.163934,-1.571429,-10.054645,-1.598214,False
579,-10.054645,0.305755,-9.945355,0.305755,False
580,-10.054645,0.035971,-9.945355,0.035971,False
581,-10.054645,-0.053571,-9.945355,-0.053571,False
582,-10.054645,-0.3125,-9.945355,-0.321429,False
583,-10.054645,-0.660714,-9.945355,-0.660714,False
584,-10.054645,-1.089286,-9.945355,-1.098214,False
585,-10.054645,-1.598214,-9.945355,-1.616071,False
586,-9.945355,0.305755,-9.836066,0.305755,False
587,-9.945355,0.035971,-9.836066,0.026978,False
588,-9.945355,-0.053571,-9.836066,-0.044643,False
589,-9.945355,-0.321429,-9.836066,-0.330357,False
590,-9.945355,-0.660714,-9.836066,-0.660714,False
591,-9.945355,-1.098214,-9.836066,-1.098214,False
592,-9.945355,-1.616071,-9.836066,-1.625,False
593,-9.836066,0.305755,-9.726776,0.305755,False
594,-9.836066,0.026978,-9.726776,0.026978,False
595,-9.836066,-0.044643,-9.726776,-0.053571,False
596,-9.836066,-0.330357,-9.726776,-0.330357,False
597,-9.836066,-0.660714,-9.726776,-0.660714,False
598,-9.836066,-1.098214,-9.726776,-1.107143,False
599,-9.836066,-1.625,-9.726776,-1.633929,False
600,-9.726776,0.305755,-9.617486,0.305755,False
601,-9.726776,0.026978,-9.617486,0.026978,False
602,-9.726776,-0.053571,-9.617486,-0.053571,False
603,-9.726776,-0.330357,-9.617486,-0.348214,False
604,-9.726776,-0.660714,-9.617486,-0.669643,False
605,-9.726776,-1.107143,-9.617486,-1.116071,False
606,-9.726776,-1.633929,-9.617486,-1.651786,False
607,-9.617486,0.305755,-9.508197,0.305755,False
608,-9.617486,0.026978,-9.508197,0.035971,False
609,-9.617486,-0.053571,-9.508197,-0.053571,False
610,-9.617486,-0.348214,-9.508197,-0.348214,False
611,-9.617486,-0.669643,-9.508197,-0.669643,False
612,-9.617486,-1.116071,-9.508197,-1.116071,False
613,-9.617486,-1.651786,-9.508197,-1.678571,False
614,-9.508197,0.305755,-9.398907,0.305755,False
615,-9.508197,0.035971,-9.398907,0.035971,False
616,-9.508197,-0.053571,-9.398907,-0.053571,False
617,-9.508197,-0.348214,-9.398907,-0.348214,False
618,-9.508197,-0.669643,-9.398907,-0.678571,False
619,-9.508197,-1.116071,-9.398907,-1.116071,False
620,-9.508197,-1.678571,-9.398907,-1.696429,False
621,-9.398907,0.305755,-9.289617,0.314748,False
622,-9.398907,0.035971,-9.289617,0.035971,False
623,-9.398907,-0.053571,-9.289617,-0.053571,False
624,-9.398907,-0.348214,-9.289617,-0.357143,False
625,-9.398907,-0.678571,-9.289617,-0.6875,False
626,-9.398907,-1.116071,-9.289617,-1.133929,False
627,-9.398907,-1.696429,-9.289617,-1.705357,False
628,-9.289617,0.314748,-9.180328,0.305755,False
629,-9.289617,0.035971,-9.180328,0.035971,False
630,-9.289617,-0.053571,-9.180328,-0.053571,False
631,-9.289617,-0.357143,-9.180328,-0.357143,False
632,-9.289617,-0.6875,-9.180328,-0.6875,False
633,-9.289617,-1.133929,-9.180328,-1.142857,False
634,-9.289617,-1.705357,-9.180328,-1.723214,False
635,-9.180328,0.305755,-9.071038,0.314748,False
636,-9.180328,0.035971,-9.071038,0.035971,False
637,-9.180328,-0.053571,-9.071038,-0.053571,False
638,-9.180328,-0.357143,-9.071038,-0.357143,False
639,-9.180328,-0.6875,-9.071038,-0.6875,False
640,-9.180328,-1.142857,-9.071038,-1.151786,False
641,-9.180328,-1.723214,-9.071038,-1.741071,False
642,-9.071038,0.314748,-8.961749,0.350719,False
643,-9.071038,0.314748,-8.961749,0.251799,False
644,-9.071038,0.035971,-8.961749,0.053957,False
645,-9.071038,-0.053571,-8.961749,-0.053571,False
646,-9.071038,-0.357143,-8.961749,-0.366071,False
647,-9.071038,-0.6875,-8.961749,-0.669643,False
648,-9.071038,-0.6875,-8.961749,-0.732143,False
649,-9.071038,-1.151786,-8.961749,-1.160714,False
650,-9.071038,-1.741071,-8.961749,-1.75,False
651,-8.961749,0.350719,-8.852459,0.350719,False
652,-8.961749,0.251799,-8.852459,0.251799,False
653,-8.961749,0.053957,-8.852459,0.053957,False
654,-8.961749,-0.053571,-8.852459,-0.053571,False
655,-8.961749,-0.366071,-8.852459,-0.366071,False
656,-8.961749,-0.669643,-8.852459,-0.669643,False
657,-8.961749,-0.732143,-8.852459,-0.741071,False
658,-8.961749,-1.160714,-8.852459,-1.178571,False
659,-8.961749,-1.75,-8.852459,-1.767857,False
660,-8.852459,0.350719,-8.743169,0.359712,False
661,-8.852459,0.251799,-8.743169,0.251799,False
662,-8.852459,0.053957,-8.743169,0.053957,False
663,-8.852459,-0.053571,-8.743169,-0.053571,False
664,-8.852459,-0.366071,-8.743169,-0.366071,False
665,-8.852459,-0.669643,-8.743169,-0.669643,False
666,-8.852459,-0.741071,-8.743169,-0.758929,False
667,-8.852459,-1.178571,-8.743169,-1.1875,False
668,-8.852459,-1.767857,-8.743169,-1.785714,False
669,-8.743169,0.359712,-8.63388,0.368705,False
670,-8.743169,0.251799,-8.63388,0.251799,False
671,-8.743169,0.053957,-8.63388,0.053957,False
672,-8.743169,-0.053571,-8.63388,-0.053571,False
673,-8.743169,-0.366071,-8.63388,-0.366071,False
674,-8.743169,-0.669643,-8.63388,-0.669643,False
675,-8.743169,-0.758929,-8.63388,-0.758929,False
676,-8.743169,-1.1875,-8.63388,-1.196429,False
677,-8.743169,-1.785714,-8.63388,-1.785714,False
678,-8.63388,0.368705,-8.52459,0.368705,False
679,-8.63388,0.251799,-8.52459,0.251799,False
680,-8.63388,0.053957,-8.52459,0.053957,False
681,-8.63388,-0.053571,-8.52459,-0.053571,False
682,-8.63388,-0.366071,-8.52459,-0.383929,False
683,-8.63388,-0.669643,-8.52459,-0.678571,False
684,-8.63388,-0.758929,-8.52459,-0.776786,False
685,-8.63388,-1.196429,-8.52459,-1.214286,False
686,-8.63388,-1.785714,-8.52459,-1.803571,False
687,-8.52459,0.368705,-8.415301,0.386691,False
688,-8.52459,0.251799,-8.415301,0.251799,False
689,-8.52459,0.053957,-8.415301,0.044964,False
690,-8.52459,-0.053571,-8.415301,-0.053571,False
691,-8.52459,-0.383929,-8.415301,-0.383929,False
692,-8.52459,-0.678571,-8.415301,-0.6875,False
693,-8.52459,-0.776786,-8.415301,-0.785714,False
694,-8.52459,-1.214286,-8.415301,-1.232143,False
695,-8.52459,-1.803571,-8.415301,-1.821429,False
696,-8.415301,0.386691,-8.306011,0.386691,False
697,-8.415301,0.251799,-8.306011,0.251799,False
698,-8.415301,0.044964,-8.306011,0.044964,False
699,-8.415301,-0.053571,-8.306011,-0.053571,False
700,-8.415301,-0.383929,-8.306011,-0.383929,False
701,-8.415301,-0.6875,-8.306011,-0.6875,False
702,-8.415301,-0.785714,-8.306011,-0.794643,False
703,-8.415301,-1.232143,-8.306011,-1.241071,False
704,-8.415301,-1.821429,-8.306011,-1.830357,False
705,-8.306011,0.386691,-8.196721,0.404676,False
706,-8.306011,0.251799,-8.196721,0.251799,False
707,-8.306011,0.044964,-8.196721,0.035971,False
708,-8.306011,-0.053571,-8.196721,-0.053571,False
709,-8.306011,-0.383929,-8.196721,-0.392857,False
710,-8.306011,-0.6875,-8.196721,-0.6875,False
711,-8.306011,-0.794643,-8.196721,-0.803571,False
712,-8.306011,-1.241071,-8.196721,-1.258929,False
713,-8.306011,-1.830357,-8.196721,-1.839286,False
714,-8.196721,0.404676,-8.087432,0.440647,False
715,-8.196721,0.404676,-8.087432,0.368705,False
716,-8.196721,0.251799,-8.087432,0.251799,False
717,-8.196721,0.035971,-8.087432,0.035971,False
718,-8.196721,-0.053571,-8.087432,-0.053571,False
719,-8.196721,-0.392857,-8.087432,-0.392857,False
720,-8.196721,-0.6875,-8.087432,-0.696429,False
721,-8.196721,-0.803571,-8.087432,-0.8125,False
722,-8.196721,-1.258929,-8.087432,-1.267857,False
723,-8.196721,-1.839286,-8.087432,-1.857143,False
724,-8.087432,0.440647,-7.978142,0.458633,False
725,-8.087432,0.440647,-7.978142,0.377698,False
726,-8.087432,0.368705,-7.978142,0.377698,False
727,-8.087432,0.251799,-7.978142,0.251799,False
728,-8.087432,0.035971,-7.978142,0.035971,False
729,-8.087432,-0.053571,-7.978142,-0.0625,False
730,-8.087432,-0.392857,-7.978142,-0.401786,False
731,-8.087432,-0.696429,-7.978142,-0.705357,False
732,-8.087432,-0.8125,-7.978142,-0.821429,False
733,-8.087432,-1.267857,-7.978142,-1.285714,False
734,-8.087432,-1.857143,-7.978142,-1.875,False
735,-7.978142,0.458633,-7.868852,0.476619,False
736,-7.978142,0.458633,-7.868852,0.386691,False
737,-7.978142,0.377698,-7.868852,0.386691,False
738,-7.978142,0.251799,-7.868852,0.260791,False
739,-7.978142,0.035971,-7.868852,0.026978,False
740,-7.978142,-0.0625,-7.868852,-0.0625,False
741,-7.978142,-0.401786,-7.868852,-0.401786,False
742,-7.978142,-0.705357,-7.868852,-0.714286,False
743,-7.978142,-0.821429,-7.868852,-0.821429,False
744,-7.978142,-1.285714,-7.868852,-1.303571,False
745,-7.978142,-1.875,-7.868852,-1.883929,False
746,-7.868852,0.476619,-7.759563,0.494604,False
747,-7.868852,0.386691,-7.759563,0.395683,False
748,-7.868852,0.260791,-7.759563,0.260791,False
749,-7.868852,0.026978,-7.759563,0.026978,False
750,-7.868852,-0.0625,-7.759563,-0.0625,False
751,-7.868852,-0.401786,-7.759563,-0.401786,False
752,-7.868852,-0.714286,-7.759563,-0.714286,False
753,-7.868852,-0.821429,-7.759563,-0.830357,False
754,-7.868852,-1.303571,-7.759563,-1.303571,False
755,-7.868852,-1.883929,-7.759563,-1.901786,False
756,-7.759563,0.494604,-7.650273,0.51259,False
757,-7.759563,0.395683,-7.650273,0.404676,False
758,-7.759563,0.260791,-7.650273,0.260791,False
759,-7.759563,0.026978,-7.650273,0.026978,False
760,-7.759563,-0.0625,-7.650273,-0.0625,False
761,-7.759563,-0.401786,-7.650273,-0.410714,False
762,-7.759563,-0.714286,-7.650273,-0.732143,False
763,-7.759563,-0.830357,-7.650273,-0.839286,False
764,-7.759563,-1.303571,-7.650273,-1.321429,False
765,-7.759563,-1.901786,-7.650273,-1.910714,False
766,-7.650273,0.51259,-7.540984,0.530576,False
767,-7.650273,0.404676,-7.540984,0.422662,False
768,-7.650273,0.260791,-7.540984,0.260791,False
769,-7.650273,0.026978,-7.540984,0.017986,False
770,-7.650273,-0.0625,-7.540984,-0.053571,False
771,-7.650273,-0.410714,-7.540984,-0.410714,False
772,-7.650273,-0.732143,-7.540984,-0.732143,False
773,-7.650273,-0.839286,-7.540984,-0.848214,False
774,-7.650273,-1.321429,-7.540984,-1.339286,False
775,-7.650273,-1.910714,-7.540984,-1.919643,False
776,-7.540984,0.530576,-7.431694,0.548561,False
777,-7.540984,0.422662,-7.431694,0.44964,False
778,-7.540984,0.260791,-7.431694,0.260791,False
779,-7.540984,0.017986,-7.431694,-0.026786,False
780,-7.540984,-0.053571,-7.431694,-0.026786,False
781,-7.540984,-0.410714,-7.431694,-0.410714,False
782,-7.540984,-0.732143,-7.431694,-0.741071,False
783,-7.540984,-0.848214,-7.431694,-0.848214,False
784,-7.540984,-1.339286,-7.431694,-1.357143,False
785,-7.540984,-1.919643,-7.431694,-1.928571,False
786,-7.431694,0.548561,-7.322404,0.557554,False
787,-7.431694,0.44964,-7.322404,0.467626,False
788,-7.431694,0.260791,-7.322404,0.278777,False
789,-7.431694,-0.026786,-7.322404,-0.017857,False
790,-7.431694,-0.410714,-7.322404,-0.410714,False
791,-7.431694,-0.741071,-7.322404,-0.758929,False
792,-7.431694,-0.848214,-7.322404,-0.848214,False
793,-7.431694,-1.357143,-7.322404,-1.375,False
794,-7.431694,-1.928571,-7.322404,-1.946429,False
795,-7.322404,0.557554,-7.213115,0.566547,False
796,-7.322404,0.467626,-7.213115,0.476619,False
797,-7.322404,0.278777,-7.213115,0.278777,False
798,-7.322404,-0.017857,-7.213115,-0.017857,False
799,-7.322404,-0.410714,-7.213115,-0.419643,False
800,-7.322404,-0.758929,-7.213115,-0.758929,False
801,-7.322404,-0.848214,-7.213115,-0.857143,False
802,-7.322404,-1.375,-7.213115,-1.392857,False
803,-7.322404,-1.946429,-7.213115,-1.955357,False
804,-7.213115,0.566547,-7.103825,0.530576,False
805,-7.213115,0.476619,-7.103825,0.530576,False
806,-7.213115,0.278777,-7.103825,0.278777,False
807,-7.213115,-0.017857,-7.103825,-0.017857,False
808,-7.213115,-0.419643,-7.103825,-0.428571,False
809,-7.213115,-0.758929,-7.103825,-0.776786,False
810,-7.213115,-0.857143,-7.103825,-0.857143,False
811,-7.213115,-1.392857,-7.103825,-1.401786,False
812,-7.213115,-1.955357,-7.103825,-1.973214,False
813,-7.103825,0.530576,-6.994536,0.530576,False
814,-7.103825,0.278777,-6.994536,0.28777,False
815,-7.103825,-0.017857,-6.994536,-0.017857,False
816,-7.103825,-0.428571,-6.994536,-0.428571,False
817,-7.103825,-0.776786,-6.994536,-0.776786,False
818,-7.103825,-0.857143,-6.994536,-0.848214,False
819,-7.103825,-1.401786,-6.994536,-1.419643,False
820,-7.103825,-1.973214,-6.994536,-1.982143,False
821,-6.994536,0.530576,-6.885246,0.548561,False
822,-6.994536,0.28777,-6.885246,0.28777,False
823,-6.994536,-0.017857,-6.885246,-0.017857,False
824,-6.994536,-0.428571,-6.885246,-0.4375,False
825,-6.994536,-0.776786,-6.885246,-0.8125,False
826,-6.994536,-0.848214,-6.885246,-0.8125,False
827,-6.994536,-1.419643,-6.885246,-1.446429,False
828,-6.994536,-1.982143,-6.885246,-2.0,False
829,-6.885246,0.548561,-6.775956,0.548561,False
830,-6.885246,0.28777,-6.775956,0.305755,False
831,-6.885246,-0.017857,-6.775956,-0.008929,False
832,-6.885246,-0.4375,-6.775956,-0.4375,False
833,-6.885246,-0.8125,-6.775956,-0.8125,False
834,-6.885246,-1.446429,-6.775956,-1.455357,False
835,-6.885246,-2.0,-6.775956,-2.0,False
836,-6.775956,0.548561,-6.666667,0.548561,False
837,-6.775956,0.305755,-6.666667,0.305755,False
838,-6.775956,-0.008929,-6.666667,-0.008929,False
839,-6.775956,-0.4375,-6.666667,-0.4375,False
840,-6.775956,-0.8125,-6.666667,-0.8125,False
841,-6.775956,-1.455357,-6.666667,-1.473214,False
842,-6.775956,-2.0,-6.666667,-2.017857,False
843,-6.666667,0.548561,-6.557377,0.548561,False
844,-6.666667,0.305755,-6.557377,0.305755,False
845,-6.666667,-0.008929,-6.557377,-0.008929,False
846,-6.666667,-0.4375,-6.557377,-0.4375,False
847,-6.666667,-0.8125,-6.557377,-0.8125,False
848,-6.666667,-1.473214,-6.557377,-1.491071,False
849,-6.666667,-2.017857,-6.557377,-2.026786,False
850,-6.557377,0.548561,-6.448087,0.548561,False
851,-6.557377,0.305755,-6.448087,0.305755,False
852,-6.557377,-0.008929,-6.448087,-0.008929,False
853,-6.557377,-0.4375,-6.448087,-0.4375,False
854,-6.557377,-0.8125,-6.448087,-0.8125,False
855,-6.557377,-1.491071,-6.448087,-1.5,False
856,-6.557377,-2.026786,-6.448087,-2.035714,False
857,-6.448087,0.548561,-6.338798,0.557554,False
858,-6.448087,0.305755,-6.338798,0.305755,False
859,-6.448087,-0.008929,-6.338798,-0.017857,False
860,-6.448087,-0.4375,-6.338798,-0.446429,False
861,-6.448087,-0.8125,-6.338798,-0.821429,False
862,-6.448087,-1.5,-6.338798,-1.517857,False
863,-6.448087,-2.035714,-6.338798,-2.044643,False
864,-6.338798,0.557554,-6.229508,0.602518,False
865,-6.338798,0.557554,-6.229508,0.521583,False
866,-6.338798,0.305755,-6.229508,0.314748,False
867,-6.338798,-0.017857,-6.229508,-0.017857,False
868,-6.338798,-0.446429,-6.229508,-0.446429,False
869,-6.338798,-0.821429,-6.229508,-0.821429,False
870,-6.338798,-1.517857,-6.229508,-1.526786,False
871,-6.338798,-2.044643,-6.229508,-2.044643,False
872,-6.229508,0.602518,-6.120219,0.620504,False
873,-6.229508,0.521583,-6.120219,0.521583,False
874,-6.229508,0.314748,-6.120219,0.323741,False
875,-6.229508,-0.017857,-6.120219,-0.017857,False
876,-6.229508,-0.446429,-6.120219,-0.464286,False
877,-6.229508,-0.821429,-6.120219,-0.821429,False
878,-6.229508,-1.526786,-6.120219,-1.544643,False
879,-6.229508,-2.044643,-6.120219,-2.053571,False
880,-6.120219,0.620504,-6.010929,0.638489,False
881,-6.120219,0.521583,-6.010929,0.521583,False
882,-6.120219,0.323741,-6.010929,0.323741,False
883,-6.120219,-0.017857,-6.010929,-0.008929,False
884,-6.120219,-0.464286,-6.010929,-0.464286,False
885,-6.120219,-0.821429,-6.010929,-0.830357,False
886,-6.120219,-1.544643,-6.010929,-1.5625,False
887,-6.120219,-2.053571,-6.010929,-2.0625,False
888,-6.010929,0.638489,-5.901639,0.638489,False
889,-6.010929,0.521583,-5.901639,0.521583,False
890,-6.010929,0.323741,-5.901639,0.341727,False
891,-6.010929,-0.008929,-5.901639,-0.008929,False
892,-6.010929,-0.464286,-5.901639,-0.473214,False
893,-6.010929,-0.830357,-5.901639,-0.830357,False
894,-6.010929,-1.5625,-5.901639,-1.571429,False
895,-6.010929,-2.0625,-5.901639,-2.080357,False
896,-5.901639,0.638489,-5.79235,0.665468,False
897,-5.901639,0.521583,-5.79235,0.539568,False
898,-5.901639,0.341727,-5.79235,0.341727,False
899,-5.901639,-0.008929,-5.79235,-0.008929,False
900,-5.901639,-0.473214,-5.79235,-0.473214,False
901,-5.901639,-0.830357,-5.79235,-0.830357,False
902,-5.901639,-1.571429,-5.79235,-1.589286,False
903,-5.901639,-2.080357,-5.79235,-2.080357,False
904,-5.79235,0.665468,-5.68306,0.665468,False
905,-5.79235,0.539568,-5.68306,0.548561,False
906,-5.79235,0.341727,-5.68306,0.341727,False
907,-5.79235,-0.008929,-5.68306,-0.017857,False
908,-5.79235,-0.473214,-5.68306,-0.473214,False
909,-5.79235,-0.830357,-5.68306,-0.839286,False
910,-5.79235,-1.589286,-5.68306,-1.589286,False
911,-5.79235,-2.080357,-5.68306,-2.080357,False
912,-5.68306,0.665468,-5.57377,0.683453,False
913,-5.68306,0.548561,-5.57377,0.557554,False
914,-5.68306,0.341727,-5.57377,0.350719,False
915,-5.68306,-0.017857,-5.57377,-0.017857,False
916,-5.68306,-0.473214,-5.57377,-0.482143,False
917,-5.68306,-0.839286,-5.57377,-0.848214,False
918,-5.68306,-1.589286,-5.57377,-1.607143,False
919,-5.68306,-2.080357,-5.57377,-2.080357,False
920,-5.57377,0.683453,-5.464481,0.692446,False
921,-5.57377,0.557554,-5.464481,0.57554,False
922,-5.57377,0.350719,-5.464481,0.359712,False
923,-5.57377,-0.017857,-5.464481,-0.017857,False
924,-5.57377,-0.482143,-5.464481,-0.482143,False
925,-5.57377,-0.848214,-5.464481,-0.848214,False
926,-5.57377,-1.607143,-5.464481,-1.616071,False
927,-5.57377,-2.080357,-5.464481,-2.080357,False
928,-5.464481,0.692446,-5.355191,0.692446,False
929,-5.464481,0.57554,-5.355191,0.593525,False
930,-5.464481,0.359712,-5.355191,0.377698,False
931,-5.464481,-0.017857,-5.355191,-0.017857,False
932,-5.464481,-0.482143,-5.355191,-0.482143,False
933,-5.464481,-0.848214,-5.355191,-0.866071,False
934,-5.464481,-1.616071,-5.355191,-1.625,False
935,-5.464481,-2.080357,-5.355191,-2.080357,False
936,-5.355191,0.692446,-5.245902,0.692446,False
937,-5.355191,0.593525,-5.245902,0.602518,False
938,-5.355191,0.377698,-5.245902,0.386691,False
939,-5.355191,-0.017857,-5.245902,-0.017857,False
940,-5.355191,-0.482143,-5.245902,-0.482143,False
941,-5.355191,-0.866071,-5.245902,-0.875,False
942,-5.355191,-1.625,-5.245902,-1.642857,False
943,-5.355191,-2.080357,-5.245902,-2.089286,False
944,-5.245902,0.692446,-5.136612,0.710432,False
945,-5.245902,0.602518,-5.136612,0.602518,False
946,-5.245902,0.386691,-5.136612,0.395683,False
947,-5.245902,-0.017857,-5.136612,-0.008929,False
948,-5.245902,-0.482143,-5.136612,-0.482143,False
949,-5.245902,-0.875,-5.136612,-0.883929,False
950,-5.245902,-1.642857,-5.136612,-1.651786,False
951,-5.245902,-2.089286,-5.136612,-2.089286,False
952,-5.136612,0.710432,-5.027322,0.710432,False
953,-5.136612,0.602518,-5.027322,0.602518,False
954,-5.136612,0.395683,-5.027322,0.395683,False
955,-5.136612,-0.008929,-5.027322,0.026978,False
956,-5.136612,-0.008929,-5.027322,-0.035714,False
957,-5.136612,-0.482143,-5.027322,-0.482143,False
958,-5.136612,-0.883929,-5.027322,-0.892857,False
959,-5.136612,-1.651786,-5.027322,-1.651786,False
960,-5.136612,-2.089286,-5.027322,-2.089286,False
961,-5.027322,0.710432,-4.918033,0.710432,False
962,-5.027322,0.602518,-4.918033,0.620504,False
963,-5.027322,0.395683,-4.918033,0.413669,False
964,-5.027322,0.026978,-4.918033,0.026978,False
965,-5.027322,-0.035714,-4.918033,-0.035714,False
966,-5.027322,-0.482143,-4.918033,-0.491071,False
967,-5.027322,-0.892857,-4.918033,-0.910714,False
968,-5.027322,-1.651786,-4.918033,-1.678571,False
969,-5.027322,-2.089286,-4.918033,-2.098214,False
970,-4.918033,0.710432,-4.808743,0.719424,False
971,-4.918033,0.620504,-4.808743,0.620504,False
972,-4.918033,0.413669,-4.808743,0.413669,False
973,-4.918033,0.026978,-4.808743,0.026978,False
974,-4.918033,-0.035714,-4.808743,-0.044643,False
975,-4.918033,-0.491071,-4.808743,-0.491071,False
976,-4.918033,-0.910714,-4.808743,-0.919643,False
977,-4.918033,-1.678571,-4.808743,-1.6875,False
978,-4.918033,-2.098214,-4.808743,-2.107143,False
979,-4.808743,0.719424,-4.699454,0.719424,False
980,-4.808743,0.620504,-4.699454,0.620504,False
981,-4.808743,0.413669,-4.699454,0.422662,False
982,-4.808743,0.026978,-4.699454,0.035971,False
983,-4.808743,-0.044643,-4.699454,-0.044643,False
984,-4.808743,-0.491071,-4.699454,-0.491071,False
985,-4.808743,-0.919643,-4.699454,-0.9375,False
986,-4.808743,-1.6875,-4.699454,-1.705357,False
987,-4.808743,-2.107143,-4.699454,-2.107143,False
988,-4.699454,0.719424,-4.590164,0.728417,False
989,-4.699454,0.620504,-4.590164,0.620504,False
990,-4.699454,0.422662,-4.590164,0.431655,False
991,-4.699454,0.035971,-4.590164,0.035971,False
992,-4.699454,-0.044643,-4.590164,-0.044643,False
993,-4.699454,-0.491071,-4.590164,-0.491071,False
994,-4.699454,-0.9375,-4.590164,-0.9375,False
995,-4.699454,-1.705357,-4.590164,-1.723214,False
996,-4.699454,-2.107143,-4.590164,-2.107143,False
997,-4.590164,0.728417,-4.480874,0.728417,False
998,-4.590164,0.620504,-4.480874,0.629496,False
999,-4.590164,0.431655,-4.480874,0.431655,False
1000,-4.590164,0.035971,-4.480874,0.044964,False
1001,-4.590164,-0.044643,-4.480874,-0.044643,False
1002,-4.590164,-0.491071,-4.480874,-0.491071,False
1003,-4.590164,-0.9375,-4.480874,-0.955357,False
1004,-4.590164,-1.723214,-4.480874,-1.741071,False
1005,-4.590164,-2.107143,-4.480874,-2.107143,False
1006,-4.480874,0.728417,-4.371585,0.728417,False
1007,-4.480874,0.629496,-4.371585,0.638489,False
1008,-4.480874,0.431655,-4.371585,0.440647,False
1009,-4.480874,0.044964,-4.371585,0.053957,False
1010,-4.480874,-0.044643,-4.371585,-0.044643,False
1011,-4.480874,-0.491071,-4.371585,-0.491071,False
1012,-4.480874,-0.955357,-4.371585,-0.955357,False
1013,-4.480874,-1.741071,-4.371585,-1.75,False
1014,-4.480874,-2.107143,-4.371585,-2.107143,False
1015,-4.371585,0.728417,-4.262295,0.73741,False
1016,-4.371585,0.638489,-4.262295,0.638489,False
1017,-4.371585,0.440647,-4.262295,0.440647,False
1018,-4.371585,0.053957,-4.262295,0.053957,False
1019,-4.371585,-0.044643,-4.262295,-0.044643,False
1020,-4.371585,-0.491071,-4.262295,-0.491071,False
1021,-4.371585,-0.955357,-4.262295,-0.955357,False
1022,-4.371585,-1.75,-4.262295,-1.758929,False
1023,-4.371585,-2.107143,-4.262295,-2.116071,False
1024,-4.262295,0.73741,-4.153005,0.73741,False
1025,-4.262295,0.638489,-4.153005,0.647482,False
1026,-4.262295,0.440647,-4.153005,0.458633,False
1027,-4.262295,0.053957,-4.153005,0.06295,False
1028,-4.262295,-0.044643,-4.153005,-0.044643,False
1029,-4.262295,-0.491071,-4.153005,-0.491071,False
1030,-4.262295,-0.955357,-4.153005,-0.964286,False
1031,-4.262295,-1.758929,-4.153005,-1.776786,False
1032,-4.262295,-2.116071,-4.153005,-2.125,False
1033,-4.153005,0.73741,-4.043716,0.73741,False
1034,-4.153005,0.647482,-4.043716,0.647482,False
1035,-4.153005,0.458633,-4.043716,0.458633,False
1036,-4.153005,0.06295,-4.043716,0.080935,False
1037,-4.153005,-0.044643,-4.043716,-0.044643,False
1038,-4.153005,-0.491071,-4.043716,-0.491071,False
1039,-4.153005,-0.964286,-4.043716,-0.973214,False
1040,-4.153005,-1.776786,-4.043716,-1.785714,False
1041,-4.153005,-2.125,-4.043716,-2.125,False
1042,-4.043716,0.73741,-3.934426,0.746403,False
1043,-4.043716,0.647482,-3.934426,0.665468,False
1044,-4.043716,0.458633,-3.934426,0.467626,False
1045,-4.043716,0.080935,-3.934426,0.089928,False
1046,-4.043716,-0.044643,-3.934426,-0.044643,False
1047,-4.043716,-0.491071,-3.934426,-0.491071,False
1048,-4.043716,-0.973214,-3.934426,-0.982143,False
1049,-4.043716,-1.785714,-3.934426,-1.8125,False
1050,-4.043716,-2.125,-3.934426,-2.142857,False
1051,-3.934426,0.746403,-3.825137,0.755396,False
1052,-3.934426,0.665468,-3.825137,0.67446,False
1053,-3.934426,0.467626,-3.825137,0.467626,False
1054,-3.934426,0.089928,-3.825137,0.098921,False
1055,-3.934426,-0.044643,-3.825137,-0.044643,False
1056,-3.934426,-0.491071,-3.825137,-0.491071,False
1057,-3.934426,-0.982143,-3.825137,-0.991071,False
1058,-3.934426,-1.8125,-3.825137,-1.830357,False
1059,-3.934426,-2.142857,-3.825137,-2.142857,False
1060,-3.825137,0.755396,-3.715847,0.764388,False
1061,-3.825137,0.67446,-3.715847,0.67446,False
1062,-3.825137,0.467626,-3.715847,0.476619,False
1063,-3.825137,0.098921,-3.715847,0.098921,False
1064,-3.825137,-0.044643,-3.715847,-0.044643,False
1065,-3.825137,-0.491071,-3.715847,-0.482143,False
1066,-3.825137,-0.991071,-3.715847,-0.991071,False
1067,-3.825137,-1.830357,-3.715847,-1.839286,False
1068,-3.825137,-2.142857,-3.715847,-2.169643,False
1069,-3.715847,0.764388,-3.606557,0.773381,False
1070,-3.715847,0.67446,-3.606557,0.683453,False
1071,-3.715847,0.476619,-3.606557,0.485612,False
1072,-3.715847,0.098921,-3.606557,0.116906,False
1073,-3.715847,-0.044643,-3.606557,-0.035714,False
1074,-3.715847,-0.482143,-3.606557,-0.482143,False
1075,-3.715847,-0.991071,-3.606557,-1.0,False
1076,-3.715847,-1.839286,-3.606557,-1.857143,False
1077,-3.715847,-2.169643,-3.606557,-2.1875,False
1078,-3.606557,0.773381,-3.497268,0.73741,False
1079,-3.606557,0.683453,-3.497268,0.73741,False
1080,-3.606557,0.485612,-3.497268,0.485612,False
1081,-3.606557,0.116906,-3.497268,0.125899,False
1082,-3.606557,-0.035714,-3.497268,-0.035714,False
1083,-3.606557,-0.482143,-3.497268,-0.482143,False
1084,-3.606557,-1.0,-3.497268,-1.008929,False
1085,-3.606557,-1.857143,-3.497268,-1.875,False
1086,-3.606557,-2.1875,-3.497268,-2.205357,False
1087,-3.497268,0.73741,-3.387978,0.755396,False
1088,-3.497268,0.485612,-3.387978,0.503597,False
1089,-3.497268,0.125899,-3.387978,0.134892,False
1090,-3.497268,-0.035714,-3.387978,-0.035714,False
1091,-3.497268,-0.482143,-3.387978,-0.482143,False
1092,-3.497268,-1.008929,-3.387978,-1.026786,False
1093,-3.497268,-1.875,-3.387978,-1.892857,False
1094,-3.497268,-2.205357,-3.387978,-2.214286,False
1095,-3.387978,0.755396,-3.278689,0.773381,False
1096,-3.387978,0.503597,-3.278689,0.51259,False
1097,-3.387978,0.134892,-3.278689,0.143885,False
1098,-3.387978,-0.035714,-3.278689,-0.017857,False
1099,-3.387978,-0.482143,-3.278689,-0.473214,False
1100,-3.387978,-1.026786,-3.278689,-1.044643,False
1101,-3.387978,-1.892857,-3.278689,-1.919643,False
1102,-3.387978,-2.214286,-3.278689,-2.241071,False
1103,-3.278689,0.773381,-3.169399,0.80036,False
1104,-3.278689,0.51259,-3.169399,0.539568,False
1105,-3.278689,0.143885,-3.169399,0.152878,False
1106,-3.278689,-0.017857,-3.169399,-0.008929,False
1107,-3.278689,-0.473214,-3.169399,-0.473214,False
1108,-3.278689,-1.044643,-3.169399,-1.053571,False
1109,-3.278689,-1.919643,-3.169399,-1.9375,False
1110,-3.278689,-2.241071,-3.169399,-2.258929,False
1111,-3.169399,0.80036,-3.060109,0.854317,False
1112,-3.169399,0.539568,-3.060109,0.557554,False
1113,-3.169399,0.152878,-3.060109,0.170863,False
1114,-3.169399,-0.008929,-3.060109,-0.008929,False
1115,-3.169399,-0.473214,-3.060109,-0.464286,False
1116,-3.169399,-1.053571,-3.060109,-1.035714,False
1117,-3.169399,-1.053571,-3.060109,-1.098214,False
1118,-3.169399,-1.9375,-3.060109,-1.964286,False
1119,-3.169399,-2.258929,-3.060109,-2.276786,False
1120,-3.060109,0.854317,-2.95082,0.899281,False
1121,-3.060109,0.557554,-2.95082,0.584532,False
1122,-3.060109,0.170863,-2.95082,0.170863,False
1123,-3.060109,-0.008929,-2.95082,-0.008929,False
1124,-3.060109,-0.464286,-2.95082,-0.446429,False
1125,-3.060109,-1.035714,-2.95082,-1.044643,False
1126,-3.060109,-1.098214,-2.95082,-1.116071,False
1127,-3.060109,-1.964286,-2.95082,-1.982143,False
1128,-3.060109,-2.276786,-2.95082,-2.294643,False
1129,-2.95082,0.899281,-2.84153,0.944245,False
1130,-2.95082,0.584532,-2.84153,0.584532,False
1131,-2.95082,0.170863,-2.84153,0.188849,False
1132,-2.95082,-0.008929,-2.84153,0.008993,False
1133,-2.95082,-0.446429,-2.84153,-0.446429,False
1134,-2.95082,-1.044643,-2.84153,-1.044643,False
1135,-2.95082,-1.116071,-2.84153,-1.125,False
1136,-2.95082,-1.982143,-2.84153,-2.008929,False
1137,-2.95082,-2.294643,-2.84153,-2.321429,False
1138,-2.84153,0.944245,-2.73224,0.998201,False
1139,-2.84153,0.584532,-2.73224,0.611511,False
1140,-2.84153,0.188849,-2.73224,0.206835,False
1141,-2.84153,0.008993,-2.73224,0.017986,False
1142,-2.84153,-0.446429,-2.73224,-0.4375,False
1143,-2.84153,-1.044643,-2.73224,-1.053571,False
1144,-2.84153,-1.125,-2.73224,-1.142857,False
1145,-2.84153,-2.008929,-2.73224,-2.026786,False
1146,-2.84153,-2.321429,-2.73224,-2.348214,False
1147,-2.73224,0.998201,-2.622951,1.088129,False
1148,-2.73224,0.611511,-2.622951,0.638489,False
1149,-2.73224,0.206835,-2.622951,0.215827,False
1150,-2.73224,0.017986,-2.622951,0.026978,False
1151,-2.73224,-0.4375,-2.622951,-0.4375,False
1152,-2.73224,-1.053571,-2.622951,-1.0625,False
1153,-2.73224,-1.142857,-2.622951,-1.169643,False
1154,-2.73224,-2.026786,-2.622951,-2.0625,False
1155,-2.73224,-2.348214,-2.622951,-2.383929,False
1156,-2.622951,1.088129,-2.513661,1.142086,False
1157,-2.622951,0.638489,-2.513661,0.67446,False
1158,-2.622951,0.215827,-2.513661,0.233813,False
1159,-2.622951,0.026978,-2.513661,0.035971,False
1160,-2.622951,-0.4375,-2.513661,-0.419643,False
1161,-2.622951,-1.0625,-2.513661,-1.080357,False
1162,-2.622951,-1.169643,-2.513661,-1.196429,False
1163,-2.622951,-2.0625,-2.513661,-2.098214,False
1164,-2.622951,-2.383929,-2.513661,-2.428571,False
1165,-2.513661,1.142086,-2.404372,1.223022,False
1166,-2.513661,0.67446,-2.404372,0.719424,False
1167,-2.513661,0.233813,-2.404372,0.251799,False
1168,-2.513661,0.035971,-2.404372,0.053957,False
1169,-2.513661,-0.419643,-2.404372,-0.410714,False
1170,-2.513661,-1.080357,-2.404372,-1.089286,False
1171,-2.513661,-1.196429,-2.404372,-1.214286,False
1172,-2.513661,-2.098214,-2.404372,-2.107143,False
1173,-2.513661,-2.428571,-2.404372,-2.446429,False
1174,-2.404372,1.223022,-2.295082,1.267986,False
1175,-2.404372,0.719424,-2.295082,0.755396,False
1176,-2.404372,0.251799,-2.295082,0.269784,False
1177,-2.404372,0.053957,-2.295082,0.071942,False
1178,-2.404372,-0.410714,-2.295082,-0.410714,False
1179,-2.404372,-1.089286,-2.295082,-1.107143,False
1180,-2.404372,-1.214286,-2.295082,-1.25,False
1181,-2.404372,-2.107143,-2.295082,-2.142857,False
1182,-2.404372,-2.446429,-2.295082,-2.473214,False
1183,-2.295082,1.267986,-2.185792,1.366906,False
1184,-2.295082,0.755396,-2.185792,0.791367,False
1185,-2.295082,0.269784,-2.185792,0.28777,False
1186,-2.295082,0.071942,-2.185792,0.080935,False
1187,-2.295082,-0.410714,-2.185792,-0.401786,False
1188,-2.295082,-1.107143,-2.185792,-1.125,False
1189,-2.295082,-1.25,-2.185792,-1.276786,False
1190,-2.295082,-2.142857,-2.185792,-2.1875,False
1191,-2.295082,-2.473214,-2.185792,-2.508929,False
1192,-2.185792,1.366906,-2.076503,1.510791,False
1193,-2.185792,0.791367,-2.076503,0.872302,False
1194,-2.185792,0.28777,-2.076503,0.305755,False
1195,-2.185792,0.080935,-2.076503,0.107914,False
1196,-2.185792,-0.401786,-2.076503,-0.401786,False
1197,-2.185792,-1.125,-2.076503,-1.142857,False
1198,-2.185792,-1.276786,-2.076503,-1.321429,False
1199,-2.185792,-2.1875,-2.076503,-2.241071,False
1200,-2.185792,-2.508929,-2.076503,-2.535714,False
1201,-2.076503,1.510791,-1.967213,1.645683,False
1202,-2.076503,0.872302,-1.967213,0.935252,False
1203,-2.076503,0.305755,-1.967213,0.332734,False
1204,-2.076503,0.107914,-1.967213,0.125899,False
1205,-2.076503,-0.401786,-1.967213,-0.392857,False
1206,-2.076503,-1.142857,-1.967213,-1.160714,False
1207,-2.076503,-1.321429,-1.967213,-1.357143,False
1208,-2.076503,-2.241071,-1.967213,-2.303571,False
1209,-2.076503,-2.535714,-1.967213,-2.571429,False
1210,-1.967213,1.645683,-1.857923,1.726619,False
1211,-1.967213,0.935252,-1.857923,0.989209,False
1212,-1.967213,0.332734,-1.857923,0.368705,False
1213,-1.967213,0.125899,-1.857923,0.134892,False
1214,-1.967213,-0.392857,-1.857923,-0.392857,False
1215,-1.967213,-1.160714,-1.857923,-1.178571,False
1216,-1.967213,-1.357143,-1.857923,-1.392857,False
1217,-1.967213,-2.303571,-1.857923,-2.339286,False
1218,-1.967213,-2.571429,-1.857923,-2.589286,False
1219,-1.857923,1.726619,-1.748634,1.780576,False
1220,-1.857923,0.989209,-1.748634,1.052158,False
1221,-1.857923,0.368705,-1.748634,0.413669,False
1222,-1.857923,0.134892,-1.748634,0.152878,False
1223,-1.857923,-0.392857,-1.748634,-0.383929,False
1224,-1.857923,-1.178571,-1.748634,-1.205357,False
1225,-1.857923,-1.392857,-1.748634,-1.428571,False
1226,-1.857923,-2.339286,-1.748634,-2.5,False
1227,-1.857923,-2.589286,-1.748634,-2.5,False
1228,-1.748634,1.780576,-1.639344,1.879496,False
1229,-1.748634,1.052158,-1.639344,1.124101,False
1230,-1.748634,0.413669,-1.639344,0.458633,False
1231,-1.748634,0.152878,-1.639344,0.170863,False
1232,-1.748634,-0.383929,-1.639344,-0.383929,False
1233,-1.748634,-1.205357,-1.639344,-1.241071,False
1234,-1.748634,-1.428571,-1.639344,-1.464286,False
1235,-1.748634,-2.5,-1.639344,-2.5625,False
1236,-1.639344,1.879496,-1.530055,2.068345,False
1237,-1.639344,1.124101,-1.530055,1.267986,False
1238,-1.639344,0.458633,-1.530055,0.51259,False
1239,-1.639344,0.170863,-1.530055,0.197842,False
1240,-1.639344,-0.383929,-1.530055,-0.375,False
1241,-1.639344,-1.241071,-1.530055,-1.258929,False
1242,-1.639344,-1.464286,-1.530055,-1.526786,False
1243,-1.639344,-2.5625,-1.530055,-2.642857,False
1244,-1.530055,2.068345,-1.420765,2.185252,False
1245,-1.530055,1.267986,-1.420765,1.339928,False
1246,-1.530055,0.51259,-1.420765,0.566547,False
1247,-1.530055,0.197842,-1.420765,0.215827,False
1248,-1.530055,-0.375,-1.420765,-0.375,False
1249,-1.530055,-1.258929,-1.420765,-1.303571,False
1250,-1.530055,-1.526786,-1.420765,-1.589286,False
1251,-1.530055,-2.642857,-1.420765,-2.732143,False
1252,-1.420765,2.185252,-1.311475,2.293165,False
1253,-1.420765,1.339928,-1.311475,1.47482,False
1254,-1.420765,0.566547,-1.311475,0.620504,False
1255,-1.420765,0.215827,-1.311475,0.233813,False
1256,-1.420765,-0.375,-1.311475,-0.375,False
1257,-1.420765,-1.303571,-1.311475,-1.321429,False
1258,-1.420765,-1.589286,-1.311475,-1.607143,False
1259,-1.420765,-2.732143,-1.311475,-2.821429,False
1260,-1.311475,2.293165,-1.202186,2.383094,False
1261,-1.311475,1.47482,-1.202186,1.528777,False
1262,-1.311475,0.620504,-1.202186,0.665468,False
1263,-1.311475,0.233813,-1.202186,0.242806,False
1264,-1.311475,-0.375,-1.202186,-0.375,False
1265,-1.311475,-1.321429,-1.202186,-1.348214,False
1266,-1.311475,-1.607143,-1.202186,-1.642857,False
1267,-1.311475,-2.821429,-1.202186,-2.919643,False
1268,-1.202186,2.383094,-1.092896,2.5,False
1269,-1.202186,1.528777,-1.092896,1.609712,False
1270,-1.202186,0.665468,-1.092896,0.782374,False
1271,-1.202186,0.242806,-1.092896,0.278777,False
1272,-1.202186,-0.375,-1.092896,-0.366071,False
1273,-1.202186,-1.348214,-1.092896,-1.392857,False
1274,-1.202186,-1.642857,-1.092896,-1.705357,False
1275,-1.202186,-2.919643,-1.092896,-3.008929,False
1276,-1.092896,2.5,-0.983607,2.742806,False
1277,-1.092896,1.609712,-0.983607,1.753597,False
1278,-1.092896,0.782374,-0.983607,0.926259,False
1279,-1.092896,0.278777,-0.983607,0.305755,False
1280,-1.092896,-0.366071,-0.983607,-0.357143,False
1281,-1.092896,-1.392857,-0.983607,-1.446429,False
1282,-1.092896,-1.705357,-0.983607,-1.741071,False
1283,-1.092896,-3.008929,-0.983607,-3.178571,False
1284,-0.983607,2.742806,-0.874317,2.868705,False
1285,-0.983607,1.753597,-0.874317,1.82554,False
1286,-0.983607,0.926259,-0.874317,1.052158,False
1287,-0.983607,0.305755,-0.874317,0.332734,False
1288,-0.983607,-0.357143,-0.874317,-0.348214,False
1289,-0.983607,-1.446429,-0.874317,-1.5,False
1290,-0.983607,-1.741071,-0.874317,-1.767857,False
1291,-0.983607,-3.178571,-0.874317,-3.25,False
1292,-0.874317,2.868705,-0.765027,3.066547,False
1293,-0.874317,1.82554,-0.765027,1.888489,False
1294,-0.874317,1.052158,-0.765027,1.151079,False
1295,-0.874317,0.332734,-0.765027,0.350719,False
1296,-0.874317,-0.348214,-0.765027,-0.348214,False
1297,-0.874317,-1.5,-0.765027,-1.508929,False
1298,-0.874317,-1.767857,-0.765027,-1.821429,False
1299,-0.874317,-3.25,-0.765027,-3.330357,False
1300,0.555556,4.046763,0.666667,4.100719,False
1301,0.555556,3.866906,0.666667,3.893885,False
1302,0.555556,2.553957,0.666667,2.56295,False
1303,0.555556,1.708633,0.666667,1.708633,False
1304,0.555556,0.656475,0.666667,0.683453,False
1305,0.555556,-0.357143,0.666667,-0.366071,False
1306,0.555556,-1.866071,0.666667,-1.883929,False
1307,0.555556,-2.5,0.666667,-2.517857,False
1308,0.555556,-4.357143,0.666667,-4.401786,False
1309,0.555556,-4.919643,0.666667,-4.964286,False
1310,0.666667,4.100719,0.777778,4.118705,False
1311,0.666667,3.893885,0.777778,3.902878,False
1312,0.666667,2.56295,0.777778,2.571942,False
1313,0.666667,1.708633,0.777778,1.717626,False
1314,0.666667,0.683453,0.777778,0.692446,False
1315,0.666667,-0.366071,0.777778,-0.357143,False
1316,0.666667,-1.883929,0.777778,-1.883929,False
1317,0.666667,-2.517857,0.777778,-2.535714,False
1318,0.666667,-4.401786,0.777778,-4.428571,False
1319,0.666667,-4.964286,0.777778,-4.973214,False
1320,0.777778,4.118705,0.888889,4.154676,False
1321,0.777778,3.902878,0.888889,3.911871,False
1322,0.777778,2.571942,0.888889,2.571942,False
1323,0.777778,1.717626,0.888889,1.726619,False
1324,0.777778,0.692446,0.888889,0.692446,False
1325,0.777778,-0.357143,0.888889,-0.357143,False
1326,0.777778,-1.883929,0.888889,-1.901786,False
1327,0.777778,-2.535714,0.888889,-2.544643,False
1328,0.777778,-4.428571,0.888889,-4.455357,False
1329,0.777778,-4.973214,0.888889,-4.991071,False
1330,0.888889,4.154676,1.0,4.190647,False
1331,0.888889,3.911871,1.0,3.920863,False
1332,0.888889,2.571942,1.0,2.589928,False
1333,0.888889,1.726619,1.0,1.726619,False
1334,0.888889,0.692446,1.0,0.710432,False
1335,0.888889,-0.357143,1.0,-0.357143,False
1336,0.888889,-1.901786,1.0,-1.901786,False
1337,0.888889,-2.544643,1.0,-2.5625,False
1338,0.888889,-4.455357,1.0,-4.473214,False
1339,0.888889,-4.991071,1.0,-4.991071,False
1340,1.0,4.190647,1.111111,4.217626,False
1341,1.0,3.920863,1.111111,3.938849,False
1342,1.0,2.589928,1.111111,2.589928,False
1343,1.0,1.726619,1.111111,1.735612,False
1344,1.0,0.710432,1.111111,0.710432,False
1345,1.0,-0.357143,1.111111,-0.348214,False
1346,1.0,-1.901786,1.111111,-1.928571,False
1347,1.0,-2.5625,1.111111,-2.580357,False
1348,1.0,-4.473214,1.111111,-4.482143,False
1349,1.0,-4.991071,1.111111,-4.982143,False
1350,1.111111,4.217626,1.222222,4.244604,False
1351,1.111111,3.938849,1.222222,3.938849,False
1352,1.111111,2.589928,1.222222,2.589928,False
1353,1.111111,1.735612,1.222222,1.744604,False
1354,1.111111,0.710432,1.222222,0.719424,False
1355,1.111111,-0.348214,1.222222,-0.348214,False
1356,1.111111,-1.928571,1.222222,-1.928571,False
1357,1.111111,-2.580357,1.222222,-2.598214,False
1358,1.111111,-4.482143,1.222222,-4.491071,False
1359,1.111111,-4.982143,1.222222,-4.955357,False
1360,1.222222,4.244604,1.333333,4.244604,False
1361,1.222222,3.938849,1.333333,3.938849,False
1362,1.222222,2.589928,1.333333,2.580935,False
1363,1.222222,1.744604,1.333333,1.753597,False
1364,1.222222,0.719424,1.333333,0.728417,False
1365,1.222222,-0.348214,1.333333,-0.339286,False
1366,1.222222,-1.928571,1.333333,-1.946429,False
1367,1.222222,-2.598214,1.333333,-2.607143,False
1368,1.222222,-4.491071,1.333333,-4.491071,False
1369,1.222222,-4.955357,1.333333,-4.946429,False
1370,1.333333,4.244604,1.444444,4.26259,False
1371,1.333333,3.938849,1.444444,3.956835,False
1372,1.333333,2.580935,1.444444,2.571942,False
1373,1.333333,1.753597,1.444444,1.753597,False
1374,1.333333,0.728417,1.444444,0.728417,False
1375,1.333333,-0.339286,1.444444,-0.330357,False
1376,1.333333,-1.946429,1.444444,-1.946429,False
1377,1.333333,-2.607143,1.444444,-2.616071,False
1378,1.333333,-4.491071,1.444444,-4.508929,False
1379,1.333333,-4.946429,1.444444,-4.910714,False
1380,1.444444,4.26259,1.555556,4.280576,False
1381,1.444444,3.956835,1.555556,3.947842,False
1382,1.444444,2.571942,1.555556,2.571942,False
1383,1.444444,1.753597,1.555556,1.753597,False
1384,1.444444,0.728417,1.555556,0.728417,False
1385,1.444444,-0.330357,1.555556,-0.321429,False
1386,1.444444,-1.946429,1.555556,-1.964286,False
1387,1.444444,-2.616071,1.555556,-2.616071,False
1388,1.444444,-4.508929,1.555556,-4.508929,False
1389,1.444444,-4.910714,1.555556,-4.883929,False
1390,1.555556,4.280576,1.666667,4.289568,False
1391,1.555556,3.947842,1.666667,3.947842,False
1392,1.555556,2.571942,1.666667,2.571942,False
1393,1.555556,1.753597,1.666667,1.76259,False
1394,1.555556,0.728417,1.666667,0.746403,False
1395,1.555556,-0.321429,1.666667,-0.321429,False
1396,1.555556,-1.964286,1.666667,-1.973214,False
1397,1.555556,-2.616071,1.666667,-2.625,False
1398,1.555556,-4.508929,1.666667,-4.508929,False
1399,1.555556,-4.883929,1.666667,-4.857143,False
1400,1.666667,4.289568,1.777778,4.298561,False
1401,1.666667,3.947842,1.777778,3.947842,False
1402,1.666667,2.571942,1.777778,2.571942,False
1403,1.666667,1.76259,1.777778,1.771583,False
1404,1.666667,0.746403,1.777778,0.746403,False
1405,1.666667,-0.321429,1.777778,-0.321429,False
1406,1.666667,-1.973214,1.777778,-1.973214,False
1407,1.666667,-2.625,1.777778,-2.625,False
1408,1.666667,-4.508929,1.777778,-4.526786,False
1409,1.666667,-4.857143,1.777778,-4.839286,False
1410,1.777778,4.298561,1.888889,4.307554,False
1411,1.777778,3.947842,1.888889,3.947842,False
1412,1.777778,2.571942,1.888889,2.56295,False
1413,1.777778,1.771583,1.888889,1.789568,False
1414,1.777778,0.746403,1.888889,0.746403,False
1415,1.777778,-0.321429,1.888889,-0.321429,False
1416,1.777778,-1.973214,1.888889,-1.973214,False
1417,1.777778,-2.625,1.888889,-2.633929,False
1418,1.777778,-4.526786,1.888889,-4.526786,False
1419,1.777778,-4.839286,1.888889,-4.821429,False
1420,1.888889,4.307554,2.0,4.316547,False
1421,1.888889,3.947842,2.0,3.947842,False
1422,1.888889,2.56295,2.0,2.56295,False
1423,1.888889,1.789568,2.0,1.789568,False
1424,1.888889,0.746403,2.0,0.746403,False
1425,1.888889,-0.321429,2.0,-0.321429,False
1426,1.888889,-1.973214,2.0,-1.973214,False
1427,1.888889,-2.633929,2.0,-2.642857,False
1428,1.888889,-4.526786,2.0,-4.535714,False
1429,1.888889,-4.821429,2.0,-4.794643,False
1430,2.0,4.316547,2.111111,4.334532,False
1431,2.0,3.947842,2.111111,3.947842,False
1432,2.0,2.56295,2.111111,2.553957,False
1433,2.0,1.789568,2.111111,1.798561,False
1434,2.0,0.746403,2.111111,0.746403,False
1435,2.0,-0.321429,2.111111,-0.321429,False
1436,2.0,-1.973214,2.111111,-1.982143,False
1437,2.0,-2.642857,2.111111,-2.642857,False
1438,2.0,-4.535714,2.111111,-4.544643,False
1439,2.0,-4.794643,2.111111,-4.767857,False
1440,2.111111,4.334532,2.222222,4.343525,False
1441,2.111111,3.947842,2.222222,3.947842,False
1442,2.111111,2.553957,2.222222,2.544964,False
1443,2.111111,1.798561,2.222222,1.807554,False
1444,2.111111,0.746403,2.222222,0.755396,False
1445,2.111111,-0.321429,2.222222,-0.321429,False
1446,2.111111,-1.982143,2.222222,-1.991071,False
1447,2.111111,-2.642857,2.222222,-2.642857,False
1448,2.111111,-4.544643,2.222222,-4.553571,False
1449,2.111111,-4.767857,2.222222,-4.741071,False
1450,2.222222,4.343525,2.333333,4.352518,False
1451,2.222222,3.947842,2.333333,3.947842,False
1452,2.222222,2.544964,2.333333,2.544964,False
1453,2.222222,1.807554,2.333333,1.816547,False
1454,2.222222,0.755396,2.333333,0.755396,False
1455,2.222222,-0.321429,2.333333,-0.321429,False
1456,2.222222,-1.991071,2.333333,-1.991071,False
1457,2.222222,-2.642857,2.333333,-2.642857,False
1458,2.222222,-4.553571,2.333333,-4.5625,False
1459,2.222222,-4.741071,2.333333,-4.714286,False
1460,2.333333,4.352518,2.444444,4.370504,False
1461,2.333333,3.947842,2.444444,3.947842,False
1462,2.333333,2.544964,2.444444,2.526978,False
1463,2.333333,1.816547,2.444444,1.816547,False
1464,2.333333,0.755396,2.444444,0.755396,False
1465,2.333333,-0.321429,2.444444,-0.330357,False
1466,2.333333,-1.991071,2.444444,-1.991071,False
1467,2.333333,-2.642857,2.444444,-2.633929,False
1468,2.333333,-4.5625,2.444444,-4.580357,False
1469,2.333333,-4.714286,2.444444,-4.696429,False
1470,2.444444,4.370504,2.555556,4.379496,False
1471,2.444444,3.947842,2.555556,3.956835,False
1472,2.444444,2.526978,2.555556,2.526978,False
1473,2.444444,1.816547,2.555556,1.82554,False
1474,2.444444,0.755396,2.555556,0.755396,False
1475,2.444444,-0.330357,2.555556,-0.330357,False
1476,2.444444,-1.991071,2.555556,-1.991071,False
1477,2.444444,-2.633929,2.555556,-2.633929,False
1478,2.444444,-4.580357,2.555556,-4.607143,False
1479,2.444444,-4.696429,2.555556,-4.678571,False
1480,2.555556,4.379496,2.666667,4.397482,False
1481,2.555556,3.956835,2.666667,3.956835,False
1482,2.555556,2.526978,2.666667,2.517986,False
1483,2.555556,1.82554,2.666667,1.82554,False
1484,2.555556,0.755396,2.666667,0.764388,False
1485,2.555556,-0.330357,2.666667,-0.330357,False
1486,2.555556,-1.991071,2.666667,-1.991071,False
1487,2.555556,-2.633929,2.666667,-2.616071,False
1488,2.555556,-4.607143,2.666667,-4.642857,False
1489,2.555556,-4.678571,2.666667,-4.642857,False
1490,2.666667,4.397482,2.777778,4.406475,False
1491,2.666667,3.956835,2.777778,3.97482,False
1492,2.666667,2.517986,2.777778,2.508993,False
1493,2.666667,1.82554,2.777778,1.82554,False
1494,2.666667,0.764388,2.777778,0.764388,False
1495,2.666667,-0.330357,2.777778,-0.348214,False
1496,2.666667,-1.991071,2.777778,-2.0,False
1497,2.666667,-2.616071,2.777778,-2.616071,False
1498,2.666667,-4.642857,2.777778,-4.651786,False
1499,2.777778,4.406475,2.888889,4.406475,False
1500,2.777778,3.97482,2.888889,3.97482,False
1501,2.777778,2.508993,2.888889,2.5,False
1502,2.777778,1.82554,2.888889,1.82554,False
1503,2.777778,0.764388,2.888889,0.764388,False
1504,2.777778,-0.348214,2.888889,-0.348214,False
1505,2.777778,-2.0,2.888889,-2.0,False
1506,2.777778,-2.616071,2.888889,-2.607143,False
1507,2.777778,-4.651786,2.888889,-4.660714,False
1508,2.888889,4.406475,3.0,4.42446,False
1509,2.888889,3.97482,3.0,3.97482,False
1510,2.888889,2.5,3.0,2.482014,False
1511,2.888889,1.82554,3.0,1.82554,False
1512,2.888889,0.764388,3.0,0.764388,False
1513,2.888889,-0.348214,3.0,-0.348214,False
1514,2.888889,-2.0,3.0,-2.0,False
1515,2.888889,-2.607143,3.0,-2.598214,False
1516,2.888889,-4.660714,3.0,-4.660714,False
1517,3.0,4.42446,3.111111,4.42446,False
1518,3.0,3.97482,3.111111,3.992806,False
1519,3.0,2.482014,3.111111,2.473022,False
1520,3.0,1.82554,3.111111,1.82554,False
1521,3.0,0.764388,3.111111,0.764388,False
1522,3.0,-0.348214,3.111111,-0.348214,False
1523,3.0,-2.0,3.111111,-2.0,False
1524,3.0,-2.598214,3.111111,-2.589286,False
1525,3.0,-4.660714,3.111111,-4.669643,False
1526,3.111111,4.42446,3.222222,4.433453,False
1527,3.111111,3.992806,3.222222,4.001799,False
1528,3.111111,2.473022,3.222222,2.464029,False
1529,3.111111,1.82554,3.222222,1.82554,False
1530,3.111111,0.764388,3.222222,0.764388,False
1531,3.111111,-0.348214,3.222222,-0.357143,False
1532,3.111111,-2.0,3.222222,-2.008929,False
1533,3.111111,-2.589286,3.222222,-2.580357,False
1534,3.111111,-4.669643,3.222222,-4.660714,False
1535,3.222222,4.433453,3.333333,4.442446,False
1536,3.222222,4.001799,3.333333,4.010791,False
1537,3.222222,2.464029,3.333333,2.464029,False
1538,3.222222,1.82554,3.333333,1.82554,False
1539,3.222222,0.764388,3.333333,0.764388,False
1540,3.222222,-0.357143,3.333333,-0.357143,False
1541,3.222222,-2.008929,3.333333,-2.008929,False
1542,3.222222,-2.580357,3.333333,-2.580357,False
1543,3.222222,-4.660714,3.333333,-4.660714,False
1544,3.333333,4.442446,3.444444,4.442446,False
1545,3.333333,4.010791,3.444444,4.028777,False
1546,3.333333,2.464029,3.444444,2.455036,False
1547,3.333333,1.82554,3.444444,1.82554,False
1548,3.333333,0.764388,3.444444,0.764388,False
1549,3.333333,-0.357143,3.444444,-0.366071,False
1550,3.333333,-2.008929,3.444444,-2.008929,False
1551,3.333333,-2.580357,3.444444,-2.571429,False
1552,3.333333,-4.660714,3.444444,-4.660714,False
1553,3.444444,4.442446,3.555556,4.442446,False
1554,3.444444,4.028777,3.555556,4.028777,False
1555,3.444444,2.455036,3.555556,2.455036,False
1556,3.444444,1.82554,3.555556,1.82554,False
1557,3.444444,0.764388,3.555556,0.764388,False
1558,3.444444,-0.366071,3.555556,-0.366071,False
1559,3.444444,-2.008929,3.555556,-2.017857,False
1560,3.444444,-2.571429,3.555556,-2.571429,False
1561,3.444444,-4.660714,3.555556,-4.651786,False
1562,3.555556,4.442446,3.666667,4.442446,False
1563,3.555556,4.028777,3.666667,4.046763,False
1564,3.555556,2.455036,3.666667,2.455036,False
1565,3.555556,1.82554,3.666667,1.82554,False
1566,3.555556,0.764388,3.666667,0.764388,False
1567,3.555556,-0.366071,3.666667,-0.366071,False
1568,3.555556,-2.017857,3.666667,-2.017857,False
1569,3.555556,-2.571429,3.666667,-2.571429,False
1570,3.555556,-4.651786,3.666667,-4.651786,False
1571,3.666667,4.442446,3.777778,4.451439,False
1572,3.666667,4.046763,3.777778,4.064748,False
1573,3.666667,2.455036,3.777778,2.455036,False
1574,3.666667,1.82554,3.777778,1.82554,False
1575,3.666667,0.764388,3.777778,0.764388,False
1576,3.666667,-0.366071,3.777778,-0.375,False
1577,3.666667,-2.017857,3.777778,-2.017857,False
1578,3.666667,-2.571429,3.777778,-2.580357,False
1579,3.666667,-4.651786,3.777778,-4.660714,False
1580,3.777778,4.451439,3.888889,4.442446,False
1581,3.777778,4.064748,3.888889,4.073741,False
1582,3.777778,2.455036,3.888889,2.455036,False
1583,3.777778,1.82554,3.888889,1.82554,False
1584,3.777778,0.764388,3.888889,0.773381,False
1585,3.777778,-0.375,3.888889,-0.383929,False
1586,3.777778,-2.017857,3.888889,-2.017857,False
1587,3.777778,-2.580357,3.888889,-2.580357,False
1588,3.777778,-4.660714,3.888889,-4.669643,False
1589,3.888889,4.442446,4.0,4.442446,False
1590,3.888889,4.073741,4.0,4.091727,False
1591,3.888889,2.455036,4.0,2.455036,False
1592,3.888889,1.82554,4.0,1.82554,False
1593,3.888889,0.773381,4.0,0.764388,False
1594,3.888889,-0.383929,4.0,-0.383929,False
1595,3.888889,-2.017857,4.0,-2.026786,False
1596,3.888889,-2.580357,4.0,-2.580357,False
1597,3.888889,-4.669643,4.0,-4.642857,False
1598,3.888889,-4.669643,4.0,-4.714286,False
1599,4.0,4.442446,4.111111,4.442446,False
1600,4.0,4.091727,4.111111,4.100719,False
1601,4.0,2.455036,4.111111,2.455036,False
1602,4.0,1.82554,4.111111,1.816547,False
1603,4.0,0.764388,4.111111,0.764388,False
1604,4.0,-0.383929,4.111111,-0.410714,False
1605,4.0,-2.026786,4.111111,-2.044643,False
1606,4.0,-2.580357,4.111111,-2.598214,False
1607,4.0,-4.642857,4.111111,-4.642857,False
1608,4.0,-4.714286,4.111111,-4.732143,False
1609,4.111111,4.442446,4.222222,4.42446,False
1610,4.111111,4.100719,4.222222,4.100719,False
1611,4.111111,2.455036,4.222222,2.455036,False
1612,4.111111,1.816547,4.222222,1.798561,False
1613,4.111111,0.764388,4.222222,0.755396,False
1614,4.111111,-0.410714,4.222222,-0.410714,False
1615,4.111111,-2.044643,4.222222,-2.044643,False
1616,4.111111,-2.598214,4.222222,-2.616071,False
1617,4.111111,-4.642857,4.222222,-4.633929,False
1618,4.111111,-4.732143,4.222222,-4.75,False
1619,4.222222,4.42446,4.333333,4.397482,False
1620,4.222222,4.100719,4.333333,4.109712,False
1621,4.222222,2.455036,4.333333,2.455036,False
1622,4.222222,1.798561,4.333333,1.798561,False
1623,4.222222,0.755396,4.333333,0.755396,False
1624,4.222222,-2.044643,4.333333,-2.053571,False
1625,4.222222,-2.616071,4.333333,-2.616071,False
1626,4.222222,-4.633929,4.333333,-4.633929,False
1627,4.222222,-4.75,4.333333,-4.758929,False
1628,4.333333,4.397482,4.444444,4.388489,False
1629,4.333333,4.109712,4.444444,4.118705,False
1630,4.333333,2.455036,4.444444,2.473022,False
1631,4.333333,1.798561,4.444444,1.789568,False
1632,4.333333,0.755396,4.444444,0.755396,False
1633,4.333333,-2.053571,4.444444,-2.0625,False
1634,4.333333,-2.616071,4.444444,-2.625,False
1635,4.333333,-4.633929,4.444444,-4.625,False
1636,4.333333,-4.758929,4.444444,-4.767857,False
1637,4.444444,4.388489,4.555556,4.379496,False
1638,4.444444,4.118705,4.555556,4.127698,False
1639,4.444444,2.473022,4.555556,2.473022,False
1640,4.444444,1.789568,4.555556,1.789568,False
1641,4.444444,0.755396,4.555556,0.755396,False
1642,4.444444,-0.428571,4.555556,-0.428571,False
1643,4.444444,-2.0625,4.555556,-2.071429,False
1644,4.444444,-2.625,4.555556,-2.642857,False
1645,4.444444,-4.625,4.555556,-4.616071,False
1646,4.444444,-4.767857,4.555556,-4.785714,False
1647,4.555556,4.379496,4.666667,4.379496,False
1648,4.555556,4.127698,4.666667,4.127698,False
1649,4.555556,2.473022,4.666667,2.491007,False
1650,4.555556,1.789568,4.666667,1.789568,False
1651,4.555556,0.755396,4.666667,0.746403,False
1652,4.555556,-0.428571,4.666667,-0.428571,False
1653,4.555556,-2.071429,4.666667,-2.071429,False
1654,4.555556,-2.642857,4.666667,-2.642857,False
1655,4.555556,-4.616071,4.666667,-4.616071,False
1656,4.555556,-4.785714,4.666667,-4.794643,False
1657,4.666667,4.379496,4.777778,4.379496,False
1658,4.666667,4.127698,4.777778,4.127698,False
1659,4.666667,2.491007,4.777778,2.491007,False
1660,4.666667,1.789568,4.777778,1.789568,False
1661,4.666667,0.746403,4.777778,0.746403,False
1662,4.666667,-0.428571,4.777778,-0.4375,False
1663,4.666667,-2.071429,4.777778,-2.080357,False
1664,4.666667,-2.642857,4.777778,-2.651786,False
1665,4.666667,-4.616071,4.777778,-4.616071,False
1666,4.666667,-4.794643,4.777778,-4.803571,False
1667,4.777778,4.379496,4.888889,4.379496,False
1668,4.777778,4.127698,4.888889,4.145683,False
1669,4.777778,2.491007,4.888889,2.5,False
1670,4.777778,1.789568,4.888889,1.789568,False
1671,4.777778,0.746403,4.888889,0.746403,False
1672,4.777778,-0.4375,4.888889,-0.4375,False
1673,4.777778,-2.080357,4.888889,-2.089286,False
1674,4.777778,-2.651786,4.888889,-2.669643,False
1675,4.777778,-4.616071,4.888889,-4.607143,False
1676,4.777778,-4.803571,4.888889,-4.8125,False
1677,4.888889,4.379496,5.0,4.388489,False
1678,4.888889,4.145683,5.0,4.145683,False
1679,4.888889,2.5,5.0,2.5,False
1680,4.888889,1.789568,5.0,1.789568,False
1681,4.888889,0.746403,5.0,0.746403,False
1682,4.888889,-0.4375,5.0,-0.4375,False
1683,4.888889,-2.089286,5.0,-2.089286,False
1684,4.888889,-2.669643,5.0,-2.6875,False
1685,4.888889,-4.607143,5.0,-4.607143,False
1686,4.888889,-4.8125,5.0,-4.8125,False
1687,5.0,4.388489,5.111111,4.397482,False
1688,5.0,4.145683,5.111111,4.145683,False
1689,5.0,2.5,5.111111,2.5,False
1690,5.0,1.789568,5.111111,1.771583,False
1691,5.0,0.746403,5.111111,0.728417,False
1692,5.0,-0.4375,5.111111,-0.446429,False
1693,5.0,-2.089286,5.111111,-2.107143,False
1694,5.0,-2.6875,5.111111,-2.6875,False
1695,5.0,-4.607143,5.111111,-4.607143,False
1696,5.0,-4.8125,5.111111,-4.803571,False
1697,5.111111,4.397482,5.222222,4.397482,False
1698,5.111111,4.145683,5.222222,4.145683,False
1699,5.111111,2.5,5.222222,2.5,False
1700,5.111111,1.771583,5.222222,1.771583,False
1701,5.111111,0.728417,5.222222,0.728417,False
1702,5.111111,-0.446429,5.222222,-0.455357,False
1703,5.111111,-2.107143,5.222222,-2.116071,False
1704,5.111111,-2.6875,5.222222,-2.696429,False
1705,5.111111,-4.607143,5.222222,-4.598214,False
1706,5.111111,-4.803571,5.222222,-4.803571,False
1707,5.222222,4.397482,5.333333,4.406475,False
1708,5.222222,4.145683,5.333333,4.145683,False
1709,5.222222,2.5,5.333333,2.5,False
1710,5.222222,1.771583,5.333333,1.771583,False
1711,5.222222,0.728417,5.333333,0.728417,False
1712,5.222222,-0.455357,5.333333,-0.455357,False
1713,5.222222,-2.116071,5.333333,-2.125,False
1714,5.222222,-2.696429,5.333333,-2.705357,False
1715,5.222222,-4.598214,5.333333,-4.598214,False
1716,5.222222,-4.803571,5.333333,-4.794643,False
1717,5.333333,4.406475,5.444444,4.42446,False
1718,5.333333,4.145683,5.444444,4.145683,False
1719,5.333333,2.5,5.444444,2.5,False
1720,5.333333,1.771583,5.444444,1.771583,False
1721,5.333333,0.728417,5.444444,0.728417,False
1722,5.333333,-0.455357,5.444444,-0.455357,False
1723,5.333333,-2.125,5.444444,-2.133929,False
1724,5.333333,-2.705357,5.444444,-2.714286,False
1725,5.333333,-4.598214,5.444444,-4.598214,False
1726,5.333333,-4.794643,5.444444,-4.785714,False
1727,5.444444,4.42446,5.555556,4.442446,False
1728,5.444444,4.145683,5.555556,4.145683,False
1729,5.444444,2.5,5.555556,2.5,False
1730,5.444444,1.771583,5.555556,1.771583,False
1731,5.444444,0.728417,5.555556,0.719424,False
1732,5.444444,-0.455357,5.555556,-0.455357,False
1733,5.444444,-2.133929,5.555556,-2.151786,False
1734,5.444444,-2.714286,5.555556,-2.723214,False
1735,5.444444,-4.598214,5.555556,-4.598214,False
1736,5.444444,-4.785714,5.555556,-4.776786,False
1737,5.555556,4.442446,5.666667,4.451439,False
1738,5.555556,4.145683,5.666667,4.145683,False
1739,5.555556,2.5,5.666667,2.5,False
1740,5.555556,1.771583,5.666667,1.771583,False
1741,5.555556,0.719424,5.666667,0.719424,False
1742,5.555556,-0.455357,5.666667,-0.464286,False
1743,5.555556,-2.151786,5.666667,-2.160714,False
1744,5.555556,-2.723214,5.666667,-2.723214,False
1745,5.555556,-4.598214,5.666667,-4.598214,False
1746,5.555556,-4.776786,5.666667,-4.758929,False
1747,5.666667,4.451439,5.777778,4.460432,False
1748,5.666667,4.145683,5.777778,4.154676,False
1749,5.666667,2.5,5.777778,2.5,False
1750,5.666667,1.771583,5.777778,1.771583,False
1751,5.666667,0.719424,5.777778,0.719424,False
1752,5.666667,-0.464286,5.777778,-0.464286,False
1753,5.666667,-2.160714,5.777778,-2.169643,False
1754,5.666667,-2.723214,5.777778,-2.723214,False
1755,5.666667,-4.598214,5.777778,-4.598214,False
1756,5.666667,-4.758929,5.777778,-4.75,False
1757,5.777778,4.460432,5.888889,4.469424,False
1758,5.777778,4.154676,5.888889,4.154676,False
1759,5.777778,2.5,5.888889,2.5,False
1760,5.777778,1.771583,5.888889,1.771583,False
1761,5.777778,0.719424,5.888889,0.710432,False
1762,5.777778,-0.464286,5.888889,-0.455357,False
1763,5.777778,-2.169643,5.888889,-2.178571,False
1764,5.777778,-2.723214,5.888889,-2.723214,False
1765,5.777778,-4.598214,5.888889,-4.598214,False
1766,5.777778,-4.75,5.888889,-4.741071,False
1767,5.888889,4.469424,6.0,4.48741,False
1768,5.888889,4.154676,6.0,4.154676,False
1769,5.888889,2.5,6.0,2.5,False
1770,5.888889,1.771583,6.0,1.771583,False
1771,5.888889,0.710432,6.0,0.710432,False
1772,5.888889,-0.455357,6.0,-0.455357,False
1773,5.888889,-2.178571,6.0,-2.196429,False
1774,5.888889,-2.723214,6.0,-2.732143,False
1775,5.888889,-4.598214,6.0,-4.598214,False
1776,5.888889,-4.741071,6.0,-4.741071,False
1777,6.0,4.48741,6.111111,4.48741,False
1778,6.0,4.154676,6.111111,4.154676,False
1779,6.0,2.5,6.111111,2.5,False
1780,6.0,1.771583,6.111111,1.753597,False
1781,6.0,0.710432,6.111111,0.710432,False
1782,6.0,-0.455357,6.111111,-0.455357,False
1783,6.0,-2.196429,6.111111,-2.205357,False
1784,6.0,-2.732143,6.111111,-2.732143,False
1785,6.0,-4.598214,6.111111,-4.607143,False
1786,6.0,-4.741071,6.111111,-4.732143,False
1787,6.111111,4.48741,6.222222,4.496403,False
1788,6.111111,4.154676,6.222222,4.154676,False
1789,6.111111,2.5,6.222222,2.508993,False
1790,6.111111,1.753597,6.222222,1.76259,False
1791,6.111111,0.710432,6.222222,0.710432,False
1792,6.111111,-0.455357,6.222222,-0.455357,False
1793,6.111111,-2.205357,6.222222,-2.214286,False
1794,6.111111,-2.732143,6.222222,-2.741071,False
1795,6.111111,-4.607143,6.222222,-4.616071,False
1796,6.111111,-4.732143,6.222222,-4.723214,False
1797,6.222222,4.496403,6.333333,4.514388,False
1798,6.222222,4.154676,6.333333,4.163669,False
1799,6.222222,2.508993,6.333333,2.517986,False
1800,6.222222,1.76259,6.333333,1.76259,False
1801,6.222222,0.710432,6.333333,0.710432,False
1802,6.222222,-0.455357,6.333333,-0.455357,False
1803,6.222222,-2.214286,6.333333,-2.223214,False
1804,6.222222,-2.741071,6.333333,-2.741071,False
1805,6.222222,-4.616071,6.333333,-4.625,False
1806,6.222222,-4.723214,6.333333,-4.723214,False
1807,6.333333,4.514388,6.444444,4.523381,False
1808,6.333333,4.163669,6.444444,4.172662,False
1809,6.333333,2.517986,6.444444,2.526978,False
1810,6.333333,1.76259,6.444444,1.76259,False
1811,6.333333,0.710432,6.444444,0.710432,False
1812,6.333333,-0.455357,6.444444,-0.455357,False
1813,6.333333,-2.223214,6.444444,-2.223214,False
1814,6.333333,-2.741071,6.444444,-2.741071,False
1815,6.333333,-4.625,6.444444,-4.642857,False
1816,6.333333,-4.723214,6.444444,-4.705357,False
1817,6.444444,4.523381,6.555556,4.523381,False
1818,6.444444,4.172662,6.555556,4.172662,False
1819,6.444444,2.526978,6.555556,2.526978,False
1820,6.444444,1.76259,6.555556,1.76259,False
1821,6.444444,0.710432,6.555556,0.710432,False
1822,6.444444,-0.455357,6.555556,-0.455357,False
1823,6.444444,-2.223214,6.555556,-2.241071,False
1824,6.444444,-2.741071,6.555556,-2.741071,False
1825,6.444444,-4.642857,6.555556,-4.678571,False
1826,6.444444,-4.705357,6.555556,-4.678571,False
1827,6.555556,4.523381,6.666667,4.532374,False
1828,6.555556,4.172662,6.666667,4.172662,False
1829,6.555556,2.526978,6.666667,2.535971,False
1830,6.555556,1.76259,6.666667,1.76259,False
1831,6.555556,0.710432,6.666667,0.710432,False
1832,6.555556,-0.455357,6.666667,-0.464286,False
1833,6.555556,-2.241071,6.666667,-2.25,False
1834,6.555556,-2.741071,6.666667,-2.741071,False
1835,6.555556,-4.678571,6.666667,-4.6875,False
1836,6.666667,4.532374,6.777778,4.541367,False
1837,6.666667,4.172662,6.777778,4.190647,False
1838,6.666667,2.535971,6.777778,2.544964,False
1839,6.666667,1.76259,6.777778,1.76259,False
1840,6.666667,0.710432,6.777778,0.710432,False
1841,6.666667,-0.464286,6.777778,-0.464286,False
1842,6.666667,-2.25,6.777778,-2.258929,False
1843,6.666667,-2.741071,6.777778,-2.741071,False
1844,6.666667,-4.6875,6.777778,-4.705357,False
1845,6.777778,4.541367,6.888889,4.541367,False
1846,6.777778,4.190647,6.888889,4.208633,False
1847,6.777778,2.544964,6.888889,2.553957,False
1848,6.777778,1.76259,6.888889,1.753597,False
1849,6.777778,0.710432,6.888889,0.719424,False
1850,6.777778,-0.464286,6.888889,-0.464286,False
1851,6.777778,-2.258929,6.888889,-2.258929,False
1852,6.777778,-2.741071,6.888889,-2.741071,False
1853,6.777778,-4.705357,6.888889,-4.705357,False
1854,6.888889,4.541367,7.0,4.541367,False
1855,6.888889,4.208633,7.0,4.217626,False
1856,6.888889,2.553957,7.0,2.553957,False
1857,6.888889,1.753597,7.0,1.76259,False
1858,6.888889,0.719424,7.0,0.728417,False
1859,6.888889,-0.464286,7.0,-0.464286,False
1860,6.888889,-2.258929,7.0,-2.258929,False
1861,6.888889,-2.741071,7.0,-2.741071,False
1862,6.888889,-4.705357,7.0,-4.723214,False
1863,7.0,4.541367,7.111111,4.55036,False
1864,7.0,4.217626,7.111111,4.226619,False
1865,7.0,2.553957,7.111111,2.553957,False
1866,7.0,1.76259,7.111111,1.76259,False
1867,7.0,0.728417,7.111111,0.728417,False
1868,7.0,-0.464286,7.111111,-0.455357,False
1869,7.0,-2.258929,7.111111,-2.267857,False
1870,7.0,-2.741071,7.111111,-2.741071,False
1871,7.0,-4.723214,7.111111,-4.732143,False
1872,7.111111,4.55036,7.222222,4.559353,False
1873,7.111111,4.226619,7.222222,4.244604,False
1874,7.111111,2.553957,7.222222,2.571942,False
1875,7.111111,1.76259,7.222222,1.771583,False
1876,7.111111,0.728417,7.222222,0.728417,False
1877,7.111111,-0.455357,7.222222,-0.455357,False
1878,7.111111,-2.267857,7.222222,-2.267857,False
1879,7.111111,-2.741071,7.222222,-2.75,False
1880,7.111111,-4.732143,7.222222,-4.741071,False
1881,7.222222,4.559353,7.333333,4.559353,False
1882,7.222222,4.244604,7.333333,4.26259,False
1883,7.222222,2.571942,7.333333,2.571942,False
1884,7.222222,1.771583,7.333333,1.771583,False
1885,7.222222,0.728417,7.333333,0.728417,False
1886,7.222222,-0.455357,7.333333,-0.455357,False
1887,7.222222,-2.267857,7.333333,-2.276786,False
1888,7.222222,-2.75,7.333333,-2.75,False
1889,7.222222,-4.741071,7.333333,-4.696429,False
1890,7.222222,-4.741071,7.333333,-4.794643,False
1891,7.333333,4.559353,7.444444,4.577338,False
1892,7.333333,4.26259,7.444444,4.271583,False
1893,7.333333,2.571942,7.444444,2.571942,False
1894,7.333333,1.771583,7.444444,1.771583,False
1895,7.333333,0.728417,7.444444,0.728417,False
1896,7.333333,-0.455357,7.444444,-0.455357,False
1897,7.333333,-2.276786,7.444444,-2.276786,False
1898,7.333333,-2.75,7.444444,-2.758929,False
1899,7.333333,-4.696429,7.444444,-4.696429,False
1900,7.333333,-4.794643,7.444444,-4.803571,False
1901,7.444444,4.577338,7.555556,4.586331,False
1902,7.444444,4.271583,7.555556,4.289568,False
1903,7.444444,2.571942,7.555556,2.571942,False
1904,7.444444,1.771583,7.555556,1.76259,False
1905,7.444444,0.728417,7.555556,0.728417,False
1906,7.444444,-0.455357,7.555556,-0.455357,False
1907,7.444444,-2.276786,7.555556,-2.276786,False
1908,7.444444,-2.758929,7.555556,-2.758929,False
1909,7.444444,-4.696429,7.555556,-4.6875,False
1910,7.444444,-4.803571,7.555556,-4.839286,False
1911,7.555556,4.586331,7.666667,4.586331,False
1912,7.555556,4.289568,7.666667,4.316547,False
1913,7.555556,2.571942,7.666667,2.580935,False
1914,7.555556,1.76259,7.666667,1.76259,False
1915,7.555556,0.728417,7.666667,0.728417,False
1916,7.555556,-0.455357,7.666667,-0.455357,False
1917,7.555556,-2.276786,7.666667,-2.276786,False
1918,7.555556,-2.758929,7.666667,-2.767857,False
1919,7.555556,-4.6875,7.666667,-4.6875,False
1920,7.555556,-4.839286,7.666667,-4.857143,False
1921,7.666667,4.586331,7.777778,4.604317,False
1922,7.666667,4.316547,7.777778,4.316547,False
1923,7.666667,2.580935,7.777778,2.589928,False
1924,7.666667,1.76259,7.777778,1.76259,False
1925,7.666667,0.728417,7.777778,0.728417,False
1926,7.666667,-0.455357,7.777778,-0.455357,False
1927,7.666667,-2.276786,7.777778,-2.267857,False
1928,7.666667,-2.767857,7.777778,-2.776786,False
1929,7.666667,-4.6875,7.777778,-4.669643,False
1930,7.666667,-4.857143,7.777778,-4.883929,False
1931,7.777778,4.604317,7.888889,4.622302,False
1932,7.777778,4.316547,7.888889,4.334532,False
1933,7.777778,2.589928,7.888889,2.589928,False
1934,7.777778,1.76259,7.888889,1.771583,False
1935,7.777778,0.728417,7.888889,0.728417,False
1936,7.777778,-0.455357,7.888889,-0.446429,False
1937,7.777778,-2.267857,7.888889,-2.258929,False
1938,7.777778,-2.776786,7.888889,-2.776786,False
1939,7.777778,-4.669643,7.888889,-4.651786,False
1940,7.777778,-4.883929,7.888889,-4.892857,False
1941,7.888889,4.622302,8.0,4.622302,False
1942,7.888889,4.334532,8.0,4.352518,False
1943,7.888889,2.589928,8.0,2.589928,False
1944,7.888889,1.771583,8.0,1.771583,False
1945,7.888889,0.728417,8.0,0.728417,False
1946,7.888889,-0.446429,8.0,-0.455357,False
1947,7.888889,-2.258929,8.0,-2.258929,False
1948,7.888889,-2.776786,8.0,-2.785714,False
1949,7.888889,-4.651786,8.0,-4.651786,False
1950,7.888889,-4.892857,8.0,-4.919643,False
1951,8.0,4.622302,8.111111,4.649281,False
1952,8.0,4.352518,8.111111,4.361511,False
1953,8.0,2.589928,8.111111,2.589928,False
1954,8.0,1.771583,8.111111,1.771583,False
1955,8.0,0.728417,8.111111,0.73741,False
1956,8.0,-0.455357,8.111111,-0.455357,False
1957,8.0,-2.258929,8.111111,-2.258929,False
1958,8.0,-2.785714,8.111111,-2.794643,False
1959,8.0,-4.651786,8.111111,-4.633929,False
1960,8.0,-4.919643,8.111111,-4.946429,False
1961,8.111111,4.649281,8.222222,4.658273,False
1962,8.111111,4.361511,8.222222,4.379496,False
1963,8.111111,2.589928,8.222222,2.589928,False
1964,8.111111,1.771583,8.222222,1.771583,False
1965,8.111111,0.73741,8.222222,0.73741,False
1966,8.111111,-0.455357,8.222222,-0.455357,False
1967,8.111111,-2.258929,8.222222,-2.258929,False
1968,8.111111,-2.794643,8.222222,-2.8125,False
1969,8.111111,-4.633929,8.222222,-4.625,False
1970,8.111111,-4.946429,8.222222,-4.964286,False
1971,8.222222,4.658273,8.333333,4.685252,False
1972,8.222222,4.379496,8.333333,4.388489,False
1973,8.222222,2.589928,8.333333,2.598921,False
1974,8.222222,1.771583,8.333333,1.771583,False
1975,8.222222,0.73741,8.333333,0.73741,False
1976,8.222222,-0.455357,8.333333,-0.455357,False
1977,8.222222,-2.258929,8.333333,-2.258929,False
1978,8.222222,-2.8125,8.333333,-2.8125,False
1979,8.222222,-4.625,8.333333,-4.607143,False
1980,8.222222,-4.964286,8.333333,-4.982143,False
1981,8.333333,4.685252,8.444444,4.703237,False
1982,8.333333,4.388489,8.444444,4.397482,False
1983,8.333333,2.598921,8.444444,2.598921,False
1984,8.333333,1.771583,8.444444,1.771583,False
1985,8.333333,0.73741,8.444444,0.746403,False
1986,8.333333,-0.455357,8.444444,-0.455357,False
1987,8.333333,-2.258929,8.444444,-2.258929,False
1988,8.333333,-2.8125,8.444444,-2.821429,False
1989,8.333333,-4.607143,8.444444,-4.607143,False
1990,8.333333,-4.982143,8.444444,-5.0,False
1991,8.444444,4.703237,8.555556,4.71223,False
1992,8.444444,4.397482,8.555556,4.397482,False
1993,8.444444,2.598921,8.555556,2.598921,False
1994,8.444444,1.771583,8.555556,1.771583,False
1995,8.444444,0.746403,8.555556,0.746403,False
1996,8.444444,-0.455357,8.555556,-0.455357,False
1997,8.444444,-2.258929,8.555556,-2.258929,False
1998,8.444444,-2.821429,8.555556,-2.830357,False
1999,8.444444,-4.607143,8.555556,-4.598214,False
2000,8.444444,-5.0,8.555556,-5.0,False
2001,8.555556,4.71223,8.666667,4.730216,False
2002,8.555556,4.397482,8.666667,4.406475,False
2003,8.555556,2.598921,8.666667,2.616906,False
2004,8.555556,1.771583,8.666667,1.771583,False
2005,8.555556,0.746403,8.666667,0.755396,False
2006,8.555556,-0.455357,8.666667,-0.473214,False
2007,8.555556,-2.258929,8.666667,-2.258929,False
2008,8.555556,-2.830357,8.666667,-2.839286,False
2009,8.555556,-4.598214,8.666667,-4.589286,False
2010,8.555556,-5.0,8.666667,-5.017857,False
2011,8.666667,4.730216,8.777778,4.748201,False
2012,8.666667,4.406475,8.777778,4.406475,False
2013,8.666667,2.616906,8.777778,2.616906,False
2014,8.666667,1.771583,8.777778,1.771583,False
2015,8.666667,0.755396,8.777778,0.755396,False
2016,8.666667,-0.473214,8.777778,-0.473214,False
2017,8.666667,-2.258929,8.777778,-2.258929,False
2018,8.666667,-2.839286,8.777778,-2.848214,False
2019,8.666667,-4.589286,8.777778,-4.580357,False
2020,8.666667,-5.017857,8.777778,-5.026786,False
2021,8.777778,4.748201,8.888889,4.757194,False
2022,8.777778,4.406475,8.888889,4.406475,False
2023,8.777778,2.616906,8.888889,2.616906,False
2024,8.777778,1.771583,8.888889,1.771583,False
2025,8.777778,0.755396,8.888889,0.755396,False
2026,8.777778,-0.473214,8.888889,-0.473214,False
2027,8.777778,-2.258929,8.888889,-2.258929,False
2028,8.777778,-2.848214,8.888889,-2.866071,False
2029,8.777778,-4.580357,8.888889,-4.5625,False
2030,8.777778,-5.026786,8.888889,-5.044643,False
2031,8.888889,4.757194,9.0,4.766187,False
2032,8.888889,4.406475,9.0,4.406475,False
2033,8.888889,2.616906,9.0,2.616906,False
2034,8.888889,1.771583,9.0,1.771583,False
2035,8.888889,0.755396,9.0,0.755396,False
2036,8.888889,-0.473214,9.0,-0.473214,False
2037,8.888889,-2.258929,9.0,-2.258929,False
2038,8.888889,-2.866071,9.0,-2.866071,False
2039,8.888889,-4.5625,9.0,-4.535714,False
2040,8.888889,-5.044643,9.0,-5.044643,False
2041,9.0,4.766187,9.111111,4.77518,False
2042,9.0,4.406475,9.111111,4.406475,False
2043,9.0,2.616906,9.111111,2.616906,False
2044,9.0,1.771583,9.111111,1.771583,False
2045,9.0,0.755396,9.111111,0.755396,False
2046,9.0,-0.473214,9.111111,-0.473214,False
2047,9.0,-2.258929,9.111111,-2.258929,False
2048,9.0,-2.866071,9.111111,-2.875,False
2049,9.0,-4.535714,9.111111,-4.535714,False
2050,9.0,-5.044643,9.111111,-5.044643,False
2051,9.111111,4.77518,9.222222,4.77518,False
2052,9.111111,4.406475,9.222222,4.406475,False
2053,9.111111,2.616906,9.222222,2.616906,False
2054,9.111111,1.771583,9.222222,1.771583,False
2055,9.111111,0.755396,9.222222,0.755396,False
2056,9.111111,-0.473214,9.222222,-0.473214,False
2057,9.111111,-2.258929,9.222222,-2.258929,False
2058,9.111111,-2.875,9.222222,-2.883929,False
2059,9.111111,-4.535714,9.222222,-4.508929,False
2060,9.111111,-5.044643,9.222222,-5.044643,False
2061,9.222222,4.77518,9.333333,4.793165,False
2062,9.222222,4.406475,9.333333,4.406475,False
2063,9.222222,2.616906,9.333333,2.616906,False
2064,9.222222,1.771583,9.333333,1.771583,False
2065,9.222222,0.755396,9.333333,0.755396,False
2066,9.222222,-0.473214,9.333333,-0.473214,False
2067,9.222222,-2.258929,9.333333,-2.258929,False
2068,9.222222,-2.883929,9.333333,-2.892857,False
2069,9.222222,-4.508929,9.333333,-4.491071,False
2070,9.222222,-5.044643,9.333333,-5.044643,False
2071,9.333333,4.793165,9.444444,4.793165,False
2072,9.333333,4.406475,9.444444,4.406475,False
2073,9.333333,2.616906,9.444444,2.625899,False
2074,9.333333,1.771583,9.444444,1.780576,False
2075,9.333333,0.755396,9.444444,0.755396,False
2076,9.333333,-0.473214,9.444444,-0.455357,False
2077,9.333333,-2.258929,9.444444,-2.258929,False
2078,9.333333,-2.892857,9.444444,-2.901786,False
2079,9.333333,-4.491071,9.444444,-4.491071,False
2080,9.333333,-5.044643,9.444444,-5.044643,False
2081,9.444444,4.793165,9.555556,4.802158,False
2082,9.444444,4.406475,9.555556,4.406475,False
2083,9.444444,2.625899,9.555556,2.625899,False
2084,9.444444,1.780576,9.555556,1.780576,False
2085,9.444444,0.755396,9.555556,0.755396,False
2086,9.444444,-0.455357,9.555556,-0.455357,False
2087,9.444444,-2.258929,9.555556,-2.258929,False
2088,9.444444,-2.901786,9.555556,-2.910714,False
2089,9.444444,-4.491071,9.555556,-4.473214,False
2090,9.444444,-5.044643,9.555556,-5.044643,False
2091,9.555556,4.802158,9.666667,4.802158,False
2092,9.555556,4.406475,9.666667,4.406475,False
2093,9.555556,2.625899,9.666667,2.634892,False
2094,9.555556,1.780576,9.666667,1.771583,False
2095,9.555556,0.755396,9.666667,0.764388,False
2096,9.555556,-0.455357,9.666667,-0.455357,False
2097,9.555556,-2.258929,9.666667,-2.267857,False
2098,9.555556,-2.910714,9.666667,-2.910714,False
2099,9.555556,-4.473214,9.666667,-4.473214,False
2100,9.555556,-5.044643,9.666667,-5.044643,False
2101,9.666667,4.802158,9.777778,4.811151,False
2102,9.666667,4.406475,9.777778,4.415468,False
2103,9.666667,2.634892,9.777778,2.634892,False
2104,9.666667,1.771583,9.777778,1.780576,False
2105,9.666667,0.764388,9.777778,0.764388,False
2106,9.666667,-0.455357,9.777778,-0.455357,False
2107,9.666667,-2.267857,9.777778,-2.276786,False
2108,9.666667,-2.910714,9.777778,-2.919643,False
2109,9.666667,-4.473214,9.777778,-4.446429,False
2110,9.666667,-5.044643,9.777778,-5.035714,False
2111,9.777778,4.811151,9.888889,4.820144,False
2112,9.777778,4.415468,9.888889,4.42446,False
2113,9.777778,2.634892,9.888889,2.652878,False
2114,9.777778,1.780576,9.888889,1.780576,False
2115,9.777778,0.764388,9.888889,0.764388,False
2116,9.777778,-0.455357,9.888889,-0.446429,False
2117,9.777778,-2.276786,9.888889,-2.276786,False
2118,9.777778,-2.919643,9.888889,-2.919643,False
2119,9.777778,-4.446429,9.888889,-4.4375,False
2120,9.777778,-5.035714,9.888889,-5.026786,False
2121,9.888889,4.820144,10.0,4.820144,False
2122,9.888889,4.42446,10.0,4.42446,False
2123,9.888889,2.652878,10.0,2.652878,False
2124,9.888889,1.780576,10.0,1.789568,False
2125,9.888889,0.764388,10.0,0.764388,False
2126,9.888889,-0.446429,10.0,-0.446429,False
2127,9.888889,-2.276786,10.0,-2.276786,False
2128,9.888889,-2.919643,10.0,-2.928571,False
2129,9.888889,-4.4375,10.0,-4.419643,False
2130,9.888889,-5.026786,10.0,-5.026786,False
2131,10.0,4.820144,10.111111,4.829137,False
2132,10.0,4.42446,10.111111,4.42446,False
2133,10.0,2.652878,10.111111,2.661871,False
2134,10.0,1.789568,10.111111,1.789568,False
2135,10.0,0.764388,10.111111,0.764388,False
2136,10.0,-0.446429,10.111111,-0.446429,False
2137,10.0,-2.276786,10.111111,-2.276786,False
2138,10.0,-2.928571,10.111111,-2.9375,False
2139,10.0,-4.419643,10.111111,-4.401786,False
2140,10.0,-5.026786,10.111111,-5.017857,False
2141,10.111111,4.829137,10.222222,4.847122,False
2142,10.111111,4.42446,10.222222,4.442446,False
2143,10.111111,2.661871,10.222222,2.670863,False
2144,10.111111,1.789568,10.222222,1.789568,False
2145,10.111111,0.764388,10.222222,0.764388,False
2146,10.111111,-0.446429,10.222222,-0.446429,False
2147,10.111111,-2.276786,10.222222,-2.285714,False
2148,10.111111,-2.9375,10.222222,-2.9375,False
2149,10.111111,-4.401786,10.222222,-4.383929,False
2150,10.111111,-5.017857,10.222222,-5.017857,False
2151,10.222222,4.847122,10.333333,4.856115,False
2152,10.222222,4.442446,10.333333,4.451439,False
2153,10.222222,2.670863,10.333333,2.688849,False
2154,10.222222,1.789568,10.333333,1.789568,False
2155,10.222222,0.764388,10.333333,0.764388,False
2156,10.222222,-0.446429,10.333333,-0.446429,False
2157,10.222222,-2.285714,10.333333,-2.294643,False
2158,10.222222,-2.9375,10.333333,-2.9375,False
2159,10.222222,-4.383929,10.333333,-4.366071,False
2160,10.222222,-5.017857,10.333333,-5.017857,False
2161,10.333333,4.856115,10.444444,4.865108,False
2162,10.333333,4.451439,10.444444,4.451439,False
2163,10.333333,2.688849,10.444444,2.697842,False
2164,10.333333,1.789568,10.444444,1.789568,False
2165,10.333333,0.764388,10.444444,0.764388,False
2166,10.333333,-0.446429,10.444444,-0.446429,False
2167,10.333333,-2.294643,10.444444,-2.294643,False
2168,10.333333,-2.9375,10.444444,-2.946429,False
2169,10.333333,-4.366071,10.444444,-4.357143,False
2170,10.333333,-5.017857,10.444444,-5.017857,False
2171,10.444444,4.865108,10.555556,4.883094,False
2172,10.444444,4.451439,10.555556,4.469424,False
2173,10.444444,2.697842,10.555556,2.706835,False
2174,10.444444,1.789568,10.555556,1.789568,False
2175,10.444444,0.764388,10.555556,0.764388,False
2176,10.444444,-0.446429,10.555556,-0.446429,False
2177,10.444444,-2.294643,10.555556,-2.294643,False
2178,10.444444,-2.946429,10.555556,-2.946429,False
2179,10.444444,-4.357143,10.555556,-4.348214,False
2180,10.444444,-5.017857,10.555556,-5.026786,False
2181,10.555556,4.883094,10.666667,4.892086,False
2182,10.555556,4.469424,10.666667,4.48741,False
2183,10.555556,2.706835,10.666667,2.706835,False
2184,10.555556,1.789568,10.666667,1.780576,False
2185,10.555556,0.764388,10.666667,0.773381,False
2186,10.555556,-0.446429,10.666667,-0.446429,False
2187,10.555556,-2.294643,10.666667,-2.3125,False
2188,10.555556,-2.946429,10.666667,-2.946429,False
2189,10.555556,-4.348214,10.666667,-4.330357,False
2190,10.555556,-5.026786,10.666667,-5.026786,False
2191,10.666667,4.892086,10.777778,4.910072,False
2192,10.666667,4.48741,10.777778,4.496403,False
2193,10.666667,2.706835,10.777778,2.706835,False
2194,10.666667,1.780576,10.777778,1.771583,False
2195,10.666667,0.773381,10.777778,0.773381,False
2196,10.666667,-0.446429,10.777778,-0.446429,False
2197,10.666667,-2.3125,10.777778,-2.3125,False
2198,10.666667,-2.946429,10.777778,-2.946429,False
2199,10.666667,-4.330357,10.777778,-4.3125,False
2200,10.666667,-5.026786,10.777778,-5.044643,False
2201,10.777778,4.910072,10.888889,4.928058,False
2202,10.777778,4.496403,10.888889,4.505396,False
2203,10.777778,2.706835,10.888889,2.715827,False
2204,10.777778,1.771583,10.888889,1.771583,False
2205,10.777778,0.773381,10.888889,0.773381,False
2206,10.777778,-0.446429,10.888889,-0.446429,False
2207,10.777778,-2.3125,10.888889,-2.3125,False
2208,10.777778,-2.946429,10.888889,-2.955357,False
2209,10.777778,-4.3125,10.888889,-4.3125,False
2210,10.777778,-5.044643,10.888889,-5.044643,False
2211,10.888889,4.928058,11.0,4.946043,False
2212,10.888889,4.505396,11.0,4.514388,False
2213,10.888889,2.715827,11.0,2.715827,False
2214,10.888889,1.771583,11.0,1.753597,False
2215,10.888889,0.773381,11.0,0.773381,False
2216,10.888889,-0.446429,11.0,-0.446429,False
2217,10.888889,-2.3125,11.0,-2.3125,False
2218,10.888889,-2.955357,11.0,-2.955357,False
2219,10.888889,-4.3125,11.0,-4.303571,False
2220,10.888889,-5.044643,11.0,-5.044643,False
2221,11.0,4.946043,11.111111,4.964029,False
2222,11.0,4.514388,11.111111,4.523381,False
2223,11.0,2.715827,11.111111,2.715827,False
2224,11.0,1.753597,11.111111,1.753597,False
2225,11.0,0.773381,11.111111,0.773381,False
2226,11.0,-0.446429,11.111111,-0.446429,False
2227,11.0,-2.3125,11.111111,-2.321429,False
2228,11.0,-2.955357,11.111111,-2.955357,False
2229,11.0,-4.303571,11.111111,-4.303571,False
2230,11.0,-5.044643,11.111111,-5.053571,False
2231,11.111111,4.964029,11.222222,4.973022,False
2232,11.111111,4.523381,11.222222,4.541367,False
2233,11.111111,2.715827,11.222222,2.715827,False
2234,11.111111,1.753597,11.222222,1.744604,False
2235,11.111111,0.773381,11.222222,0.773381,False
2236,11.111111,-0.446429,11.222222,-0.455357,False
2237,11.111111,-2.321429,11.222222,-2.321429,False
2238,11.111111,-2.955357,11.222222,-2.955357,False
2239,11.111111,-4.303571,11.222222,-4.303571,False
2240,11.111111,-5.053571,11.222222,-5.0625,False
2241,11.222222,4.973022,11.333333,4.982014,False
2242,11.222222,4.541367,11.333333,4.55036,False
2243,11.222222,2.715827,11.333333,2.715827,False
2244,11.222222,1.744604,11.333333,1.735612,False
2245,11.222222,0.773381,11.333333,0.782374,False
2246,11.222222,-0.455357,11.333333,-0.455357,False
2247,11.222222,-2.321429,11.333333,-2.321429,False
2248,11.222222,-2.955357,11.333333,-2.955357,False
2249,11.222222,-4.303571,11.333333,-4.303571,False
2250,11.222222,-5.0625,11.333333,-5.080357,False
2251,11.333333,4.982014,11.444444,5.0,False
2252,11.333333,4.55036,11.444444,4.568345,False
2253,11.333333,2.715827,11.444444,2.715827,False
2254,11.333333,1.735612,11.444444,1.726619,False
2255,11.333333,0.782374,11.444444,0.782374,False
2256,11.333333,-0.455357,11.444444,-0.464286,False
2257,11.333333,-2.321429,11.444444,-2.321429,False
2258,11.333333,-2.955357,11.444444,-2.955357,False
2259,11.333333,-4.303571,11.444444,-4.3125,False
2260,11.333333,-5.080357,11.444444,-5.080357,False
2261,11.444444,5.0,11.555556,5.008993,False
2262,11.444444,4.568345,11.555556,4.577338,False
2263,11.444444,2.715827,11.555556,2.715827,False
2264,11.444444,1.726619,11.555556,1.708633,False
2265,11.444444,0.782374,11.555556,0.782374,False
2266,11.444444,-0.464286,11.555556,-0.464286,False
2267,11.444444,-2.321429,11.555556,-2.321429,False
2268,11.444444,-2.955357,11.555556,-2.955357,False
2269,11.444444,-4.3125,11.555556,-4.3125,False
2270,11.444444,-5.080357,11.555556,-5.098214,False
2271,11.555556,5.008993,11.666667,5.026978,False
2272,11.555556,4.577338,11.666667,4.586331,False
2273,11.555556,2.715827,11.666667,2.706835,False
2274,11.555556,1.708633,11.666667,1.69964,False
2275,11.555556,0.782374,11.666667,0.782374,False
2276,11.555556,-0.464286,11.666667,-0.464286,False
2277,11.555556,-2.321429,11.666667,-2.330357,False
2278,11.555556,-2.955357,11.666667,-2.955357,False
2279,11.555556,-4.3125,11.666667,-4.3125,False
2280,11.555556,-5.098214,11.666667,-5.098214,False
2281,11.666667,5.026978,11.777778,5.026978,False
2282,11.666667,4.586331,11.777778,4.595324,False
2283,11.666667,2.706835,11.777778,2.706835,False
2284,11.666667,1.69964,11.777778,1.69964,False
2285,11.666667,0.782374,11.777778,0.782374,False
2286,11.666667,-0.464286,11.777778,-0.464286,False
2287,11.666667,-2.330357,11.777778,-2.330357,False
2288,11.666667,-2.955357,11.777778,-2.955357,False
2289,11.666667,-4.3125,11.777778,-4.3125,False
2290,11.666667,-5.098214,11.777778,-5.098214,False
2291,11.777778,5.026978,11.888889,5.044964,False
2292,11.777778,4.595324,11.888889,4.604317,False
2293,11.777778,2.706835,11.888889,2.706835,False
2294,11.777778,1.69964,11.888889,1.69964,False
2295,11.777778,0.782374,11.888889,0.782374,False
2296,11.777778,-0.464286,11.888889,-0.473214,False
2297,11.777778,-2.330357,11.888889,-2.330357,False
2298,11.777778,-2.955357,11.888889,-2.964286,False
2299,11.777778,-4.3125,11.888889,-4.3125,False
2300,11.777778,-5.098214,11.888889,-5.098214,False
2301,11.888889,5.044964,12.0,5.06295,False
2302,11.888889,4.604317,12.0,4.604317,False
2303,11.888889,2.706835,12.0,2.706835,False
2304,11.888889,1.69964,12.0,1.69964,False
2305,11.888889,0.782374,12.0,0.782374,False
2306,11.888889,-0.473214,12.0,-0.473214,False
2307,11.888889,-2.330357,12.0,-2.330357,False
2308,11.888889,-2.964286,12.0,-2.964286,False
2309,11.888889,-4.3125,12.0,-4.330357,False
2310,11.888889,-5.098214,12.0,-5.098214,False
2311,12.0,5.06295,12.111111,5.06295,False
2312,12.0,4.604317,12.111111,4.613309,False
2313,12.0,2.706835,12.111111,2.706835,False
2314,12.0,1.69964,12.111111,1.690647,False
2315,12.0,0.782374,12.111111,0.782374,False
2316,12.0,-0.473214,12.111111,-0.473214,False
2317,12.0,-2.330357,12.111111,-2.339286,False
2318,12.0,-2.964286,12.111111,-2.964286,False
2319,12.0,-4.330357,12.111111,-4.330357,False
2320,12.0,-5.098214,12.111111,-5.098214,False
2321,12.111111,5.06295,12.222222,5.071942,False
2322,12.111111,4.613309,12.222222,4.622302,False
2323,12.111111,2.706835,12.222222,2.706835,False
2324,12.111111,1.690647,12.222222,1.690647,False
2325,12.111111,0.782374,12.222222,0.782374,False
2326,12.111111,-0.473214,12.222222,-0.473214,False
2327,12.111111,-2.339286,12.222222,-2.339286,False
2328,12.111111,-2.964286,12.222222,-2.964286,False
2329,12.111111,-4.330357,12.222222,-4.339286,False
2330,12.111111,-5.098214,12.222222,-5.098214,False
2331,12.222222,5.071942,12.333333,5.080935,False
2332,12.222222,4.622302,12.333333,4.622302,False
2333,12.222222,2.706835,12.333333,2.706835,False
2334,12.222222,1.690647,12.333333,1.69964,False
2335,12.222222,0.782374,12.333333,0.782374,False
2336,12.222222,-0.473214,12.333333,-0.473214,False
2337,12.222222,-2.339286,12.333333,-2.339286,False
2338,12.222222,-2.964286,12.333333,-2.964286,False
2339,12.222222,-4.339286,12.333333,-4.339286,False
2340,12.222222,-5.098214,12.333333,-5.080357,False
2341,12.333333,5.080935,12.444444,5.080935,False
2342,12.333333,4.622302,12.444444,4.622302,False
2343,12.333333,2.706835,12.444444,2.706835,False
2344,12.333333,1.69964,12.444444,1.69964,False
2345,12.333333,0.782374,12.444444,0.782374,False
2346,12.333333,-0.473214,12.444444,-0.473214,False
2347,12.333333,-2.339286,12.444444,-2.339286,False
2348,12.333333,-2.964286,12.444444,-2.964286,False
2349,12.333333,-4.339286,12.444444,-4.339286,False
2350,12.333333,-5.080357,12.444444,-5.071429,False
2351,12.444444,5.080935,12.555556,5.098921,False
2352,12.444444,4.622302,12.555556,4.622302,False
2353,12.444444,2.706835,12.555556,2.715827,False
2354,12.444444,1.69964,12.555556,1.69964,False
2355,12.444444,0.782374,12.555556,0.782374,False
2356,12.444444,-0.473214,12.555556,-0.473214,False
2357,12.444444,-2.339286,12.555556,-2.339286,False
2358,12.444444,-2.964286,12.555556,-2.964286,False
2359,12.444444,-4.339286,12.555556,-4.348214,False
2360,12.444444,-5.071429,12.555556,-5.0625,False
2361,12.555556,5.098921,12.666667,5.098921,False
2362,12.555556,4.622302,12.666667,4.631295,False
2363,12.555556,2.715827,12.666667,2.715827,False
2364,12.555556,1.69964,12.666667,1.69964,False
2365,12.555556,0.782374,12.666667,0.782374,False
2366,12.555556,-0.473214,12.666667,-0.473214,False
2367,12.555556,-2.339286,12.666667,-2.339286,False
2368,12.555556,-2.964286,12.666667,-2.964286,False
2369,12.555556,-4.348214,12.666667,-4.348214,False
2370,12.555556,-5.0625,12.666667,-5.044643,False
2371,12.666667,5.098921,12.777778,5.098921,False
2372,12.666667,4.631295,12.777778,4.631295,False
2373,12.666667,2.715827,12.777778,2.72482,False
2374,12.666667,1.69964,12.777778,1.69964,False
2375,12.666667,0.782374,12.777778,0.80036,False
2376,12.666667,-0.473214,12.777778,-0.464286,False
2377,12.666667,-2.339286,12.777778,-2.339286,False
2378,12.666667,-2.964286,12.777778,-2.964286,False
2379,12.666667,-4.348214,12.777778,-4.348214,False
2380,12.666667,-5.044643,12.777778,-5.044643,False
2381,12.777778,5.098921,12.888889,5.107914,False
2382,12.777778,4.631295,12.888889,4.631295,False
2383,12.777778,2.72482,12.888889,2.72482,False
2384,12.777778,1.69964,12.888889,1.69964,False
2385,12.777778,0.80036,12.888889,0.80036,False
2386,12.777778,-0.464286,12.888889,-0.464286,False
2387,12.777778,-2.339286,12.888889,-2.330357,False
2388,12.777778,-2.964286,12.888889,-2.964286,False
2389,12.777778,-4.348214,12.888889,-4.348214,False
2390,12.777778,-5.044643,12.888889,-5.044643,False
2391,12.888889,5.107914,13.0,5.107914,False
2392,12.888889,4.631295,13.0,4.631295,False
2393,12.888889,2.72482,13.0,2.733813,False
2394,12.888889,1.69964,13.0,1.708633,False
2395,12.888889,0.80036,13.0,0.80036,False
2396,12.888889,-0.464286,13.0,-0.464286,False
2397,12.888889,-2.330357,13.0,-2.330357,False
2398,12.888889,-2.964286,13.0,-2.964286,False
2399,12.888889,-4.348214,13.0,-4.348214,False
2400,12.888889,-5.044643,13.0,-5.044643,False
2401,13.0,5.107914,13.111111,5.116906,False
2402,13.0,4.631295,13.111111,4.640288,False
2403,13.0,2.733813,13.111111,2.742806,False
2404,13.0,1.708633,13.111111,1.708633,False
2405,13.0,0.80036,13.111111,0.80036,False
2406,13.0,-0.464286,13.111111,-0.464286,False
2407,13.0,-2.330357,13.111111,-2.330357,False
2408,13.0,-2.964286,13.111111,-2.955357,False
2409,13.0,-4.348214,13.111111,-4.348214,False
2410,13.0,-5.044643,13.111111,-5.044643,False
2411,13.111111,5.116906,13.222222,5.116906,False
2412,13.111111,4.640288,13.222222,4.640288,False
2413,13.111111,2.742806,13.222222,2.742806,False
2414,13.111111,1.708633,13.222222,1.708633,False
2415,13.111111,0.80036,13.222222,0.80036,False
2416,13.111111,-0.464286,13.222222,-0.455357,False
2417,13.111111,-2.330357,13.222222,-2.330357,False
2418,13.111111,-2.955357,13.222222,-2.955357,False
2419,13.111111,-4.348214,13.222222,-4.348214,False
2420,13.111111,-5.044643,13.222222,-5.044643,False
2421,13.222222,5.116906,13.333333,5.116906,False
2422,13.222222,4.640288,13.333333,4.649281,False
2423,13.222222,2.742806,13.333333,2.742806,False
2424,13.222222,1.708633,13.333333,1.708633,False
2425,13.222222,0.80036,13.333333,0.80036,False
2426,13.222222,-0.455357,13.333333,-0.455357,False
2427,13.222222,-2.330357,13.333333,-2.321429,False
2428,13.222222,-2.955357,13.333333,-2.955357,False
2429,13.222222,-4.348214,13.333333,-4.348214,False
2430,13.222222,-5.044643,13.333333,-5.053571,False
2431,13.333333,5.116906,13.444444,5.116906,False
2432,13.333333,4.649281,13.444444,4.649281,False
2433,13.333333,2.742806,13.444444,2.751799,False
2434,13.333333,1.708633,13.444444,1.708633,False
2435,13.333333,0.80036,13.444444,0.80036,False
2436,13.333333,-0.455357,13.444444,-0.455357,False
2437,13.333333,-2.321429,13.444444,-2.3125,False
2438,13.333333,-2.955357,13.444444,-2.9375,False
2439,13.333333,-4.348214,13.444444,-4.348214,False
2440,13.333333,-5.053571,13.444444,-5.053571,False
2441,13.444444,5.116906,13.555556,5.116906,False
2442,13.444444,4.649281,13.555556,4.649281,False
2443,13.444444,2.751799,13.555556,2.760791,False
2444,13.444444,1.708633,13.555556,1.708633,False
2445,13.444444,0.80036,13.555556,0.80036,False
2446,13.444444,-0.455357,13.555556,-0.464286,False
2447,13.444444,-2.3125,13.555556,-2.3125,False
2448,13.444444,-2.9375,13.555556,-2.9375,False
2449,13.444444,-4.348214,13.555556,-4.348214,False
2450,13.444444,-5.053571,13.555556,-5.071429,False
2451,13.555556,5.116906,13.666667,5.116906,False
2452,13.555556,4.649281,13.666667,4.667266,False
2453,13.555556,2.760791,13.666667,2.760791,False
2454,13.555556,1.708633,13.666667,1.708633,False
2455,13.555556,0.80036,13.666667,0.80036,False
2456,13.555556,-0.464286,13.666667,-0.455357,False
2457,13.555556,-2.3125,13.666667,-2.3125,False
2458,13.555556,-2.9375,13.666667,-2.9375,False
2459,13.555556,-4.348214,13.666667,-4.339286,False
2460,13.555556,-5.071429,13.666667,-5.071429,False
2461,13.666667,5.116906,13.777778,5.116906,False
2462,13.666667,4.667266,13.777778,4.667266,False
2463,13.666667,2.760791,13.777778,2.778777,False
2464,13.666667,1.708633,13.777778,1.726619,False
2465,13.666667,0.80036,13.777778,0.80036,False
2466,13.666667,-0.455357,13.777778,-0.455357,False
2467,13.666667,-2.3125,13.777778,-2.3125,False
2468,13.666667,-2.9375,13.777778,-2.928571,False
2469,13.666667,-4.339286,13.777778,-4.339286,False
2470,13.666667,-5.071429,13.777778,-5.089286,False
2471,13.777778,5.116906,13.888889,5.125899,False
2472,13.777778,4.667266,13.888889,4.667266,False
2473,13.777778,2.778777,13.888889,2.778777,False
2474,13.777778,1.726619,13.888889,1.726619,False
2475,13.777778,0.80036,13.888889,0.80036,False
2476,13.777778,-0.455357,13.888889,-0.455357,False
2477,13.777778,-2.3125,13.888889,-2.3125,False
2478,13.777778,-2.928571,13.888889,-2.919643,False
2479,13.777778,-4.339286,13.888889,-4.339286,False
2480,13.777778,-5.089286,13.888889,-5.098214,False
2481,13.888889,5.125899,14.0,5.134892,False
2482,13.888889,4.667266,14.0,4.667266,False
2483,13.888889,2.778777,14.0,2.778777,False
2484,13.888889,1.726619,14.0,1.726619,False
2485,13.888889,0.80036,14.0,0.80036,False
2486,13.888889,-0.455357,14.0,-0.455357,False
2487,13.888889,-2.3125,14.0,-2.3125,False
2488,13.888889,-2.919643,14.0,-2.919643,False
2489,13.888889,-4.339286,14.0,-4.339286,False
2490,13.888889,-5.098214,14.0,-5.116071,False
2491,14.0,5.134892,14.111111,5.134892,False
2492,14.0,4.667266,14.111111,4.676259,False
2493,14.0,2.778777,14.111111,2.778777,False
2494,14.0,1.726619,14.111111,1.735612,False
2495,14.0,0.80036,14.111111,0.80036,False
2496,14.0,-0.455357,14.111111,-0.455357,False
2497,14.0,-2.3125,14.111111,-2.303571,False
2498,14.0,-2.919643,14.111111,-2.919643,False
2499,14.0,-4.339286,14.111111,-4.339286,False
2500,14.0,-5.116071,14.111111,-5.125,False
2501,14.111111,5.134892,14.222222,5.134892,False
2502,14.111111,4.676259,14.222222,4.676259,False
2503,14.111111,2.778777,14.222222,2.778777,False
2504,14.111111,1.735612,14.222222,1.744604,False
2505,14.111111,0.80036,14.222222,0.80036,False
2506,14.111111,-0.455357,14.222222,-0.464286,False
2507,14.111111,-2.303571,14.222222,-2.303571,False
2508,14.111111,-2.919643,14.222222,-2.910714,False
2509,14.111111,-4.339286,14.222222,-4.330357,False
2510,14.111111,-5.125,14.222222,-5.142857,False
2511,14.222222,5.134892,14.333333,5.143885,False
2512,14.222222,4.676259,14.333333,4.676259,False
2513,14.222222,2.778777,14.333333,2.778777,False
2514,14.222222,1.744604,14.333333,1.744604,False
2515,14.222222,0.80036,14.333333,0.80036,False
2516,14.222222,-0.464286,14.333333,-0.464286,False
2517,14.222222,-2.303571,14.333333,-2.294643,False
2518,14.222222,-2.910714,14.333333,-2.910714,False
2519,14.222222,-4.330357,14.333333,-4.330357,False
2520,14.222222,-5.142857,14.333333,-5.142857,False
2521,14.333333,5.143885,14.444444,5.143885,False
2522,14.333333,4.676259,14.444444,4.676259,False
2523,14.333333,2.778777,14.444444,2.778777,False
2524,14.333333,1.744604,14.444444,1.744604,False
2525,14.333333,0.80036,14.444444,0.80036,False
2526,14.333333,-0.464286,14.444444,-0.464286,False
2527,14.333333,-2.294643,14.444444,-2.294643,False
2528,14.333333,-2.910714,14.444444,-2.901786,False
2529,14.333333,-4.330357,14.444444,-4.321429,False
2530,14.333333,-5.142857,14.444444,-5.160714,False
2531,14.444444,5.143885,14.555556,5.152878,False
2532,14.444444,4.676259,14.555556,4.694245,False
2533,14.444444,2.778777,14.555556,2.778777,False
2534,14.444444,1.744604,14.555556,1.744604,False
2535,14.444444,0.80036,14.555556,0.80036,False
2536,14.444444,-0.464286,14.555556,-0.473214,False
2537,14.444444,-2.294643,14.555556,-2.294643,False
2538,14.444444,-2.901786,14.555556,-2.901786,False
2539,14.444444,-4.321429,14.555556,-4.3125,False
2540,14.444444,-5.160714,14.555556,-5.169643,False
2541,14.555556,5.152878,14.666667,5.152878,False
2542,14.555556,4.694245,14.666667,4.694245,False
2543,14.555556,2.778777,14.666667,2.778777,False
2544,14.555556,1.744604,14.666667,1.744604,False
2545,14.555556,0.80036,14.666667,0.809353,False
2546,14.555556,-0.473214,14.666667,-0.473214,False
2547,14.555556,-2.294643,14.666667,-2.294643,False
2548,14.555556,-2.901786,14.666667,-2.901786,False
2549,14.555556,-4.3125,14.666667,-4.3125,False
2550,14.555556,-5.169643,14.666667,-5.1875,False
2551,14.666667,5.152878,14.777778,5.161871,False
2552,14.666667,4.694245,14.777778,4.694245,False
2553,14.666667,2.778777,14.777778,2.769784,False
2554,14.666667,1.744604,14.777778,1.753597,False
2555,14.666667,0.809353,14.777778,0.809353,False
2556,14.666667,-0.473214,14.777778,-0.482143,False
2557,14.666667,-2.294643,14.777778,-2.285714,False
2558,14.666667,-2.901786,14.777778,-2.901786,False
2559,14.666667,-4.3125,14.777778,-4.3125,False
2560,14.666667,-5.1875,14.777778,-5.1875,False
2561,14.777778,5.161871,14.888889,5.161871,False
2562,14.777778,4.694245,14.888889,4.694245,False
2563,14.777778,2.769784,14.888889,2.769784,False
2564,14.777778,1.753597,14.888889,1.753597,False
2565,14.777778,0.809353,14.888889,0.809353,False
2566,14.777778,-0.482143,14.888889,-0.491071,False
2567,14.777778,-2.285714,14.888889,-2.285714,False
2568,14.777778,-2.901786,14.888889,-2.883929,False
2569,14.777778,-4.3125,14.888889,-4.3125,False
2570,14.777778,-5.1875,14.888889,-5.205357,False
2571,14.888889,5.161871,15.0,5.161871,False
2572,14.888889,4.694245,15.0,4.694245,False
2573,14.888889,2.769784,15.0,2.769784,False
2574,14.888889,1.753597,15.0,1.753597,False
2575,14.888889,0.809353,15.0,0.809353,False
2576,14.888889,-0.491071,15.0,-0.491071,False
2577,14.888889,-2.285714,15.0,-2.285714,False
2578,14.888889,-2.883929,15.0,-2.883929,False
2579,14.888889,-4.3125,15.0,-4.3125,False
2580,14.888889,-5.205357,15.0,-5.223214,False
2581,15.0,5.161871,15.111111,5.170863,False
2582,15.0,4.694245,15.111111,4.703237,False
2583,15.0,2.769784,15.111111,2.778777,False
2584,15.0,1.753597,15.111111,1.753597,False
2585,15.0,0.809353,15.111111,0.809353,False
2586,15.0,-0.491071,15.111111,-0.491071,False
2587,15.0,-2.285714,15.111111,-2.285714,False
2588,15.0,-2.883929,15.111111,-2.883929,False
2589,15.0,-4.3125,15.111111,-4.3125,False
2590,15.0,-5.223214,15.111111,-5.232143,False
2591,15.111111,5.170863,15.222222,5.170863,False
2592,15.111111,4.703237,15.222222,4.71223,False
2593,15.111111,2.778777,15.222222,2.778777,False
2594,15.111111,1.753597,15.222222,1.76259,False
2595,15.111111,0.809353,15.222222,0.80036,False
2596,15.111111,-0.491071,15.222222,-0.491071,False
2597,15.111111,-2.285714,15.222222,-2.285714,False
2598,15.111111,-2.883929,15.222222,-2.866071,False
2599,15.111111,-4.3125,15.222222,-4.330357,False
2600,15.111111,-5.232143,15.222222,-5.241071,False
2601,15.222222,5.170863,15.333333,5.152878,False
2602,15.222222,4.71223,15.333333,4.71223,False
2603,15.222222,2.778777,15.333333,2.778777,False
2604,15.222222,1.76259,15.333333,1.771583,False
2605,15.222222,0.80036,15.333333,0.80036,False
2606,15.222222,-0.491071,15.333333,-0.508929,False
2607,15.222222,-2.285714,15.333333,-2.294643,False
2608,15.222222,-2.866071,15.333333,-2.866071,False
2609,15.222222,-4.330357,15.333333,-4.330357,False
2610,15.222222,-5.241071,15.333333,-5.258929,False
2611,15.333333,5.152878,15.444444,5.152878,False
2612,15.333333,4.71223,15.444444,4.721223,False
2613,15.333333,2.778777,15.444444,2.778777,False
2614,15.333333,1.771583,15.444444,1.771583,False
2615,15.333333,0.80036,15.444444,0.80036,False
2616,15.333333,-0.508929,15.444444,-0.508929,False
2617,15.333333,-2.294643,15.444444,-2.294643,False
2618,15.333333,-2.866071,15.444444,-2.857143,False
2619,15.333333,-4.330357,15.444444,-4.330357,False
2620,15.333333,-5.258929,15.444444,-5.267857,False
2621,15.444444,5.152878,15.555556,5.152878,False
2622,15.444444,4.721223,15.555556,4.730216,False
2623,15.444444,2.778777,15.555556,2.778777,False
2624,15.444444,1.771583,15.555556,1.771583,False
2625,15.444444,0.80036,15.555556,0.80036,False
2626,15.444444,-0.508929,15.555556,-0.517857,False
2627,15.444444,-2.294643,15.555556,-2.294643,False
2628,15.444444,-2.857143,15.555556,-2.848214,False
2629,15.444444,-4.330357,15.555556,-4.330357,False
2630,15.444444,-5.267857,15.555556,-5.276786,False
2631,15.555556,5.152878,15.666667,5.152878,False
2632,15.555556,4.730216,15.666667,4.739209,False
2633,15.555556,2.778777,15.666667,2.778777,False
2634,15.555556,1.771583,15.666667,1.771583,False
2635,15.555556,0.80036,15.666667,0.80036,False
2636,15.555556,-0.517857,15.666667,-0.526786,False
2637,15.555556,-2.294643,15.666667,-2.294643,False
2638,15.555556,-2.848214,15.666667,-2.839286,False
2639,15.555556,-4.330357,15.666667,-4.339286,False
2640,15.555556,-5.276786,15.666667,-5.294643,False
2641,15.666667,5.152878,15.777778,5.143885,False
2642,15.666667,4.739209,15.777778,4.748201,False
2643,15.666667,2.778777,15.777778,2.778777,False
2644,15.666667,1.771583,15.777778,1.780576,False
2645,15.666667,0.80036,15.777778,0.80036,False
2646,15.666667,-0.526786,15.777778,-0.535714,False
2647,15.666667,-2.294643,15.777778,-2.294643,False
2648,15.666667,-2.839286,15.777778,-2.839286,False
2649,15.666667,-4.339286,15.777778,-4.339286,False
2650,15.666667,-5.294643,15.777778,-5.294643,False
2651,15.777778,5.143885,15.888889,5.143885,False
2652,15.777778,4.748201,15.888889,4.766187,False
2653,15.777778,2.778777,15.888889,2.778777,False
2654,15.777778,1.780576,15.888889,1.789568,False
2655,15.777778,0.80036,15.888889,0.80036,False
2656,15.777778,-0.535714,15.888889,-0.535714,False
2657,15.777778,-2.294643,15.888889,-2.294643,False
2658,15.777778,-2.839286,15.888889,-2.839286,False
2659,15.777778,-4.339286,15.888889,-4.339286,False
2660,15.777778,-5.294643,15.888889,-5.303571,False
2661,15.888889,5.143885,16.0,5.143885,False
2662,15.888889,4.766187,16.0,4.77518,False
2663,15.888889,2.778777,16.0,2.78777,False
2664,15.888889,1.789568,16.0,1.789568,False
2665,15.888889,0.80036,16.0,0.80036,False
2666,15.888889,-0.535714,16.0,-0.553571,False
2667,15.888889,-2.294643,16.0,-2.294643,False
2668,15.888889,-2.839286,16.0,-2.830357,False
2669,15.888889,-4.339286,16.0,-4.339286,False
2670,15.888889,-5.303571,16.0,-5.3125,False
2671,16.0,5.143885,16.111111,5.143885,False
2672,16.0,4.77518,16.111111,4.802158,False
2673,16.0,2.78777,16.111111,2.796763,False
2674,16.0,1.789568,16.111111,1.789568,False
2675,16.0,0.80036,16.111111,0.80036,False
2676,16.0,-0.553571,16.111111,-0.553571,False
2677,16.0,-2.294643,16.111111,-2.294643,False
2678,16.0,-2.830357,16.111111,-2.830357,False
2679,16.0,-4.339286,16.111111,-4.348214,False
2680,16.0,-5.3125,16.111111,-5.330357,False
2681,16.111111,5.143885,16.222222,5.143885,False
2682,16.111111,4.802158,16.222222,4.838129,False
2683,16.111111,2.796763,16.222222,2.796763,False
2684,16.111111,1.789568,16.222222,1.798561,False
2685,16.111111,0.80036,16.222222,0.791367,False
2686,16.111111,-0.553571,16.222222,-0.5625,False
2687,16.111111,-2.294643,16.222222,-2.294643,False
2688,16.111111,-2.830357,16.222222,-2.830357,False
2689,16.111111,-4.348214,16.222222,-4.348214,False
2690,16.111111,-5.330357,16.222222,-5.330357,False
2691,16.222222,5.143885,16.333333,5.143885,False
2692,16.222222,4.838129,16.333333,4.856115,False
2693,16.222222,2.796763,16.333333,2.796763,False
2694,16.222222,1.798561,16.333333,1.798561,False
2695,16.222222,0.791367,16.333333,0.791367,False
2696,16.222222,-0.5625,16.333333,-0.5625,False
2697,16.222222,-2.294643,16.333333,-2.294643,False
2698,16.222222,-2.830357,16.333333,-2.830357,False
2699,16.222222,-4.348214,16.333333,-4.348214,False
2700,16.222222,-5.330357,16.333333,-5.348214,False
2701,16.333333,5.143885,16.444444,5.152878,False
2702,16.333333,4.856115,16.444444,4.874101,False
2703,16.333333,2.796763,16.444444,2.796763,False
2704,16.333333,1.798561,16.444444,1.798561,False
2705,16.333333,0.791367,16.444444,0.791367,False
2706,16.333333,-0.5625,16.444444,-0.571429,False
2707,16.333333,-2.294643,16.444444,-2.303571,False
2708,16.333333,-2.830357,16.444444,-2.830357,False
2709,16.333333,-4.348214,16.444444,-4.348214,False
2710,16.333333,-5.348214,16.444444,-5.348214,False
2711,16.444444,5.152878,16.555556,5.152878,False
2712,16.444444,4.874101,16.555556,4.883094,False
2713,16.444444,2.796763,16.555556,2.805755,False
2714,16.444444,1.798561,16.555556,1.798561,False
2715,16.444444,0.791367,16.555556,0.791367,False
2716,16.444444,-0.571429,16.555556,-0.571429,False
2717,16.444444,-2.303571,16.555556,-2.3125,False
2718,16.444444,-2.830357,16.555556,-2.830357,False
2719,16.444444,-4.348214,16.555556,-4.348214,False
2720,16.444444,-5.348214,16.555556,-5.348214,False
2721,16.555556,5.152878,16.666667,5.152878,False
2722,16.555556,4.883094,16.666667,4.910072,False
2723,16.555556,2.805755,16.666667,2.805755,False
2724,16.555556,1.798561,16.666667,1.807554,False
2725,16.555556,0.791367,16.666667,0.791367,False
2726,16.555556,-0.571429,16.666667,-0.571429,False
2727,16.555556,-2.3125,16.666667,-2.3125,False
2728,16.555556,-2.830357,16.666667,-2.830357,False
2729,16.555556,-4.348214,16.666667,-4.348214,False
2730,16.555556,-5.348214,16.666667,-5.357143,False
2731,16.666667,5.152878,16.777778,5.152878,False
2732,16.666667,4.910072,16.777778,4.928058,False
2733,16.666667,2.805755,16.777778,2.805755,False
2734,16.666667,1.807554,16.777778,1.816547,False
2735,16.666667,0.791367,16.777778,0.782374,False
2736,16.666667,-0.571429,16.777778,-0.580357,False
2737,16.666667,-2.3125,16.777778,-2.3125,False
2738,16.666667,-2.830357,16.777778,-2.830357,False
2739,16.666667,-4.348214,16.777778,-4.357143,False
2740,16.666667,-5.357143,16.777778,-5.366071,False
2741,16.777778,5.152878,16.888889,5.152878,False
2742,16.777778,4.928058,16.888889,4.946043,False
2743,16.777778,2.805755,16.888889,2.805755,False
2744,16.777778,1.816547,16.888889,1.816547,False
2745,16.777778,0.782374,16.888889,0.782374,False
2746,16.777778,-0.580357,16.888889,-0.580357,False
2747,16.777778,-2.3125,16.888889,-2.3125,False
2748,16.777778,-2.830357,16.888889,-2.830357,False
2749,16.777778,-4.357143,16.888889,-4.366071,False
2750,16.777778,-5.366071,16.888889,-5.366071,False
2751,16.888889,5.152878,17.0,5.161871,False
2752,16.888889,4.946043,17.0,4.964029,False
2753,16.888889,2.805755,17.0,2.823741,False
2754,16.888889,1.816547,17.0,1.82554,False
2755,16.888889,0.782374,17.0,0.782374,False
2756,16.888889,-0.580357,17.0,-0.580357,False
2757,16.888889,-2.3125,17.0,-2.3125,False
2758,16.888889,-2.830357,17.0,-2.830357,False
2759,16.888889,-4.366071,17.0,-4.375,False
2760,16.888889,-5.366071,17.0,-5.366071,False
2761,17.0,5.161871,17.111111,5.161871,False
2762,17.0,4.964029,17.111111,4.982014,False
2763,17.0,2.823741,17.111111,2.823741,False
2764,17.0,1.82554,17.111111,1.82554,False
2765,17.0,0.782374,17.111111,0.782374,False
2766,17.0,-0.580357,17.111111,-0.580357,False
2767,17.0,-2.3125,17.111111,-2.321429,False
2768,17.0,-2.830357,17.111111,-2.830357,False
2769,17.0,-4.375,17.111111,-4.375,False
2770,17.0,-5.366071,17.111111,-5.366071,False
2771,17.111111,5.161871,17.222222,5.170863,False
2772,17.111111,4.982014,17.222222,4.982014,False
2773,17.111111,2.823741,17.222222,2.823741,False
2774,17.111111,1.82554,17.222222,1.82554,False
2775,17.111111,0.782374,17.222222,0.782374,False
2776,17.111111,-0.580357,17.222222,-0.580357,False
2777,17.111111,-2.321429,17.222222,-2.321429,False
2778,17.111111,-2.830357,17.222222,-2.830357,False
2779,17.111111,-4.375,17.222222,-4.375,False
2780,17.111111,-5.366071,17.222222,-5.366071,False
2781,17.222222,5.170863,17.333333,5.170863,False
2782,17.222222,4.982014,17.333333,4.991007,False
2783,17.222222,2.823741,17.333333,2.823741,False
2784,17.222222,1.82554,17.333333,1.82554,False
2785,17.222222,0.782374,17.333333,0.782374,False
2786,17.222222,-0.580357,17.333333,-0.571429,False
2787,17.222222,-2.321429,17.333333,-2.330357,False
2788,17.222222,-2.830357,17.333333,-2.839286,False
2789,17.222222,-4.375,17.333333,-4.383929,False
2790,17.222222,-5.366071,17.333333,-5.375,False
2791,17.333333,5.170863,17.444444,5.179856,False
2792,17.333333,4.991007,17.444444,4.991007,False
2793,17.333333,2.823741,17.444444,2.823741,False
2794,17.333333,1.82554,17.444444,1.834532,False
2795,17.333333,0.782374,17.444444,0.782374,False
2796,17.333333,-0.571429,17.444444,-0.571429,False
2797,17.333333,-2.330357,17.444444,-2.339286,False
2798,17.333333,-2.839286,17.444444,-2.839286,False
2799,17.333333,-4.383929,17.444444,-4.392857,False
2800,17.333333,-5.375,17.444444,-5.366071,False
2801,17.444444,4.991007,17.555556,4.991007,False
2802,17.444444,2.823741,17.555556,2.823741,False
2803,17.444444,1.834532,17.555556,1.843525,False
2804,17.444444,0.782374,17.555556,0.782374,False
2805,17.444444,-0.571429,17.555556,-0.571429,False
2806,17.444444,-2.339286,17.555556,-2.339286,False
2807,17.444444,-2.839286,17.555556,-2.839286,False
2808,17.444444,-4.392857,17.555556,-4.410714,False
2809,17.444444,-5.366071,17.555556,-5.366071,False
2810,17.555556,4.991007,17.666667,4.991007,False
2811,17.555556,2.823741,17.666667,2.823741,False
2812,17.555556,1.843525,17.666667,1.843525,False
2813,17.555556,0.782374,17.666667,0.782374,False
2814,17.555556,-0.571429,17.666667,-0.5625,False
2815,17.555556,-2.339286,17.666667,-2.348214,False
2816,17.555556,-2.839286,17.666667,-2.848214,False
2817,17.555556,-4.410714,17.666667,-4.428571,False
2818,17.555556,-5.366071,17.666667,-5.366071,False
2819,17.666667,5.179856,17.777778,5.179856,False
2820,17.666667,4.991007,17.777778,5.0,False
2821,17.666667,2.823741,17.777778,2.823741,False
2822,17.666667,1.843525,17.777778,1.843525,False
2823,17.666667,0.782374,17.777778,0.782374,False
2824,17.666667,-0.5625,17.777778,-0.5625,False
2825,17.666667,-2.348214,17.777778,-2.348214,False
2826,17.666667,-2.848214,17.777778,-2.848214,False
2827,17.666667,-4.428571,17.777778,-4.446429,False
2828,17.666667,-5.366071,17.777778,-5.357143,False
2829,17.777778,5.179856,17.888889,5.179856,False
2830,17.777778,5.0,17.888889,5.008993,False
2831,17.777778,2.823741,17.888889,2.823741,False
2832,17.777778,1.843525,17.888889,1.852518,False
2833,17.777778,0.782374,17.888889,0.782374,False
2834,17.777778,-0.5625,17.888889,-0.5625,False
2835,17.777778,-2.348214,17.888889,-2.348214,False
2836,17.777778,-2.848214,17.888889,-2.848214,False
2837,17.777778,-4.446429,17.888889,-4.464286,False
2838,17.777778,-5.357143,17.888889,-5.348214,False
2839,17.888889,5.179856,18.0,5.179856,False
2840,17.888889,5.008993,18.0,5.008993,False
2841,17.888889,2.823741,18.0,2.823741,False
2842,17.888889,1.852518,18.0,1.861511,False
2843,17.888889,0.782374,18.0,0.782374,False
2844,17.888889,-0.5625,18.0,-0.5625,False
2845,17.888889,-2.348214,18.0,-2.348214,False
2846,17.888889,-2.848214,18.0,-2.848214,False
2847,17.888889,-4.464286,18.0,-4.473214,False
2848,17.888889,-5.348214,18.0,-5.348214,False
2849,18.0,5.179856,18.111111,5.188849,False
2850,18.0,5.008993,18.111111,5.008993,False
2851,18.0,2.823741,18.111111,2.823741,False
2852,18.0,1.861511,18.111111,1.861511,False
2853,18.0,0.782374,18.111111,0.782374,False
2854,18.0,-0.5625,18.111111,-0.5625,False
2855,18.0,-2.348214,18.111111,-2.357143,False
2856,18.0,-2.848214,18.111111,-2.866071,False
2857,18.0,-4.473214,18.111111,-4.491071,False
2858,18.0,-5.348214,18.111111,-5.348214,False
2859,18.111111,5.188849,18.222222,5.188849,False
2860,18.111111,5.008993,18.222222,5.008993,False
2861,18.111111,2.823741,18.222222,2.823741,False
2862,18.111111,1.861511,18.222222,1.861511,False
2863,18.111111,0.782374,18.222222,0.782374,False
2864,18.111111,-0.5625,18.222222,-0.5625,False
2865,18.111111,-2.357143,18.222222,-2.357143,False
2866,18.111111,-2.866071,18.222222,-2.866071,False
2867,18.111111,-4.491071,18.222222,-4.491071,False
2868,18.111111,-5.348214,18.222222,-5.348214,False
2869,18.222222,5.188849,18.333333,5.188849,False
2870,18.222222,5.008993,18.333333,5.008993,False
2871,18.222222,2.823741,18.333333,2.823741,False
2872,18.222222,1.861511,18.333333,1.861511,False
2873,18.222222,0.782374,18.333333,0.782374,False
2874,18.222222,-0.5625,18.333333,-0.5625,False
2875,18.222222,-2.357143,18.333333,-2.357143,False
2876,18.222222,-2.866071,18.333333,-2.866071,False
2877,18.222222,-4.491071,18.333333,-4.517857,False
2878,18.222222,-5.348214,18.333333,-5.348214,False
2879,18.333333,5.188849,18.444444,5.188849,False
2880,18.333333,5.008993,18.444444,5.008993,False
2881,18.333333,2.823741,18.444444,2.823741,False
2882,18.333333,1.861511,18.444444,1.861511,False
2883,18.333333,0.782374,18.444444,0.782374,False
2884,18.333333,-0.5625,18.444444,-0.553571,False
2885,18.333333,-2.357143,18.444444,-2.357143,False
2886,18.333333,-2.866071,18.444444,-2.866071,False
2887,18.333333,-4.517857,18.444444,-4.526786,False
2888,18.333333,-5.348214,18.444444,-5.339286,False
2889,18.444444,5.188849,18.555556,5.197842,False
2890,18.444444,5.008993,18.555556,5.017986,False
2891,18.444444,2.823741,18.555556,2.823741,False
2892,18.444444,1.861511,18.555556,1.870504,False
2893,18.444444,0.782374,18.555556,0.782374,False
2894,18.444444,-0.553571,18.555556,-0.5625,False
2895,18.444444,-2.357143,18.555556,-2.357143,False
2896,18.444444,-2.866071,18.555556,-2.866071,False
2897,18.444444,-4.526786,18.555556,-4.535714,False
2898,18.444444,-5.339286,18.555556,-5.339286,False
2899,18.555556,5.197842,18.666667,5.206835,False
2900,18.555556,5.017986,18.666667,5.026978,False
2901,18.555556,2.823741,18.666667,2.823741,False
2902,18.555556,1.870504,18.666667,1.870504,False
2903,18.555556,0.782374,18.666667,0.782374,False
2904,18.555556,-0.5625,18.666667,-0.571429,False
2905,18.555556,-2.357143,18.666667,-2.357143,False
2906,18.555556,-2.866071,18.666667,-2.866071,False
2907,18.555556,-4.535714,18.666667,-4.553571,False
2908,18.555556,-5.339286,18.666667,-5.339286,False
2909,18.666667,5.206835,18.777778,5.206835,False
2910,18.666667,5.026978,18.777778,5.026978,False
2911,18.666667,2.823741,18.777778,2.823741,False
2912,18.666667,1.870504,18.777778,1.870504,False
2913,18.666667,0.782374,18.777778,0.782374,False
2914,18.666667,-0.571429,18.777778,-0.571429,False
2915,18.666667,-2.357143,18.777778,-2.366071,False
2916,18.666667,-2.866071,18.777778,-2.866071,False
2917,18.666667,-4.553571,18.777778,-4.553571,False
2918,18.666667,-5.339286,18.777778,-5.330357,False
2919,18.777778,5.206835,18.888889,5.206835,False
2920,18.777778,5.026978,18.888889,5.026978,False
2921,18.777778,2.823741,18.888889,2.823741,False
2922,18.777778,1.870504,18.888889,1.870504,False
2923,18.777778,0.782374,18.888889,0.782374,False
2924,18.777778,-0.571429,18.888889,-0.571429,False
2925,18.777778,-2.366071,18.888889,-2.366071,False
2926,18.777778,-2.866071,18.888889,-2.866071,False
2927,18.777778,-4.553571,18.888889,-4.571429,False
2928,18.777778,-5.330357,18.888889,-5.330357,False
2929,18.888889,5.206835,19.0,5.215827,False
2930,18.888889,5.026978,19.0,5.035971,False
2931,18.888889,2.823741,19.0,2.805755,False
2932,18.888889,1.870504,19.0,1.879496,False
2933,18.888889,0.782374,19.0,0.791367,False
2934,18.888889,-0.571429,19.0,-0.580357,False
2935,18.888889,-2.366071,19.0,-2.357143,False
2936,18.888889,-2.866071,19.0,-2.866071,False
2937,18.888889,-4.571429,19.0,-4.580357,False
2938,18.888889,-5.330357,19.0,-5.321429,False
2939,19.0,5.215827,19.111111,5.22482,False
2940,19.0,5.035971,19.111111,5.053957,False
2941,19.0,2.805755,19.111111,2.805755,False
2942,19.0,1.879496,19.111111,1.879496,False
2943,19.0,0.791367,19.111111,0.791367,False
2944,19.0,-0.580357,19.111111,-0.580357,False
2945,19.0,-2.357143,19.111111,-2.357143,False
2946,19.0,-2.866071,19.111111,-2.866071,False
2947,19.0,-4.580357,19.111111,-4.598214,False
2948,19.0,-5.321429,19.111111,-5.303571,False
2949,19.111111,5.22482,19.222222,5.22482,False
2950,19.111111,5.053957,19.222222,5.053957,False
2951,19.111111,2.805755,19.222222,2.805755,False
2952,19.111111,1.879496,19.222222,1.888489,False
2953,19.111111,0.791367,19.222222,0.791367,False
2954,19.111111,-0.580357,19.222222,-0.580357,False
2955,19.111111,-2.357143,19.222222,-2.357143,False
2956,19.111111,-2.866071,19.222222,-2.866071,False
2957,19.111111,-4.598214,19.222222,-4.598214,False
2958,19.111111,-5.303571,19.222222,-5.285714,False
2959,19.222222,5.22482,19.333333,5.22482,False
2960,19.222222,5.053957,19.333333,5.053957,False
2961,19.222222,2.805755,19.333333,2.805755,False
2962,19.222222,1.888489,19.333333,1.897482,False
2963,19.222222,0.791367,19.333333,0.791367,False
2964,19.222222,-0.580357,19.333333,-0.580357,False
2965,19.222222,-2.357143,19.333333,-2.348214,False
2966,19.222222,-2.866071,19.333333,-2.866071,False
2967,19.222222,-4.598214,19.333333,-4.616071,False
2968,19.222222,-5.285714,19.333333,-5.267857,False
2969,19.333333,5.22482,19.444444,5.22482,False
2970,19.333333,5.053957,19.444444,5.071942,False
2971,19.333333,2.805755,19.444444,2.805755,False
2972,19.333333,1.897482,19.444444,1.897482,False
2973,19.333333,0.791367,19.444444,0.791367,False
2974,19.333333,-0.580357,19.444444,-0.580357,False
2975,19.333333,-2.348214,19.444444,-2.348214,False
2976,19.333333,-2.866071,19.444444,-2.866071,False
2977,19.333333,-4.616071,19.444444,-4.625,False
2978,19.333333,-5.267857,19.444444,-5.232143,False
2979,19.444444,5.22482,19.555556,5.242806,False
2980,19.444444,5.071942,19.555556,5.089928,False
2981,19.444444,2.805755,19.555556,2.805755,False
2982,19.444444,1.897482,19.555556,1.915468,False
2983,19.444444,0.791367,19.555556,0.791367,False
2984,19.444444,-0.580357,19.555556,-0.580357,False
2985,19.444444,-2.348214,19.555556,-2.348214,False
2986,19.444444,-2.866071,19.555556,-2.866071,False
2987,19.444444,-4.625,19.555556,-4.633929,False
2988,19.444444,-5.232143,19.555556,-5.214286,False
2989,19.555556,5.242806,19.666667,5.242806,False
2990,19.555556,5.089928,19.666667,5.107914,False
2991,19.555556,2.805755,19.666667,2.805755,False
2992,19.555556,1.915468,19.666667,1.915468,False
2993,19.555556,0.791367,19.666667,0.791367,False
2994,19.555556,-0.580357,19.666667,-0.580357,False
2995,19.555556,-2.348214,19.666667,-2.348214,False
2996,19.555556,-2.866071,19.666667,-2.866071,False
2997,19.555556,-4.633929,19.666667,-4.642857,False
2998,19.555556,-5.214286,19.666667,-5.1875,False
2999,19.666667,5.242806,19.777778,5.260791,False
3000,19.666667,5.107914,19.777778,5.125899,False
3001,19.666667,2.805755,19.777778,2.805755,False
3002,19.666667,1.915468,19.777778,1.915468,False
3003,19.666667,0.791367,19.777778,0.791367,False
3004,19.666667,-0.580357,19.777778,-0.580357,False
3005,19.666667,-2.348214,19.777778,-2.348214,False
3006,19.666667,-2.866071,19.777778,-2.866071,False
3007,19.666667,-4.642857,19.777778,-4.651786,False
3008,19.666667,-5.1875,19.777778,-5.160714,False
3009,19.777778,5.260791,19.888889,5.260791,False
3010,19.777778,5.125899,19.888889,5.143885,False
3011,19.777778,2.805755,19.888889,2.805755,False
3012,19.777778,1.915468,19.888889,1.915468,False
3013,19.777778,0.791367,19.888889,0.782374,False
3014,19.777778,-0.580357,19.888889,-0.589286,False
3015,19.777778,-2.348214,19.888889,-2.348214,False
3016,19.777778,-2.866071,19.888889,-2.875,False
3017,19.777778,-4.651786,19.888889,-4.651786,False
3018,19.777778,-5.160714,19.888889,-5.160714,False
3019,19.888889,5.260791,20.0,5.278777,False
3020,19.888889,5.143885,20.0,5.152878,False
3021,19.888889,2.805755,20.0,2.805755,False
3022,19.888889,1.915468,20.0,1.92446,False
3023,19.888889,0.782374,20.0,0.782374,False
3024,19.888889,-0.589286,20.0,-0.580357,False
3025,19.888889,-2.348214,20.0,-2.348214,False
3026,19.888889,-2.875,20.0,-2.875,False
3027,19.888889,-4.651786,20.0,-4.669643,False
3028,19.888889,-5.160714,20.0,-5.151786,False
3029,20.0,5.278777,20.111111,5.28777,False
3030,20.0,5.152878,20.111111,5.161871,False
3031,20.0,2.805755,20.111111,2.805755,False
3032,20.0,1.92446,20.111111,1.92446,False
3033,20.0,0.782374,20.111111,0.782374,False
3034,20.0,-0.580357,20.111111,-0.580357,False
3035,20.0,-2.348214,20.111111,-2.348214,False
3036,20.0,-2.875,20.111111,-2.883929,False
3037,20.0,-4.669643,20.111111,-4.669643,False
3038,20.0,-5.151786,20.111111,-5.151786,False
3039,20.111111,5.28777,20.222222,5.305755,False
3040,20.111111,5.161871,20.222222,5.179856,False
3041,20.111111,2.805755,20.222222,2.805755,False
3042,20.111111,1.92446,20.222222,1.92446,False
3043,20.111111,0.782374,20.222222,0.773381,False
3044,20.111111,-0.580357,20.222222,-0.580357,False
3045,20.111111,-2.348214,20.222222,-2.348214,False
3046,20.111111,-2.883929,20.222222,-2.883929,False
3047,20.111111,-4.669643,20.222222,-4.669643,False
3048,20.111111,-5.151786,20.222222,-5.151786,False
3049,20.222222,5.305755,20.333333,5.323741,False
3050,20.222222,5.179856,20.333333,5.188849,False
3051,20.222222,2.805755,20.333333,2.805755,False
3052,20.222222,1.92446,20.333333,1.92446,False
3053,20.222222,0.773381,20.333333,0.773381,False
3054,20.222222,-0.580357,20.333333,-0.580357,False
3055,20.222222,-2.348214,20.333333,-2.348214,False
3056,20.222222,-2.883929,20.333333,-2.892857,False
3057,20.222222,-4.669643,20.333333,-4.669643,False
3058,20.222222,-5.151786,20.333333,-5.151786,False
3059,20.333333,5.323741,20.444444,5.341727,False
3060,20.333333,5.188849,20.444444,5.188849,False
3061,20.333333,2.805755,20.444444,2.814748,False
3062,20.333333,1.92446,20.444444,1.92446,False
3063,20.333333,0.773381,20.444444,0.764388,False
3064,20.333333,-0.580357,20.444444,-0.580357,False
3065,20.333333,-2.348214,20.444444,-2.348214,False
3066,20.333333,-2.892857,20.444444,-2.892857,False
3067,20.333333,-4.669643,20.444444,-4.660714,False
3068,20.333333,-5.151786,20.444444,-5.151786,False
3069,20.444444,5.341727,20.555556,5.350719,False
3070,20.444444,5.188849,20.555556,5.188849,False
3071,20.444444,2.814748,20.555556,2.814748,False
3072,20.444444,1.92446,20.555556,1.933453,False
3073,20.444444,0.764388,20.555556,0.755396,False
3074,20.444444,-0.580357,20.555556,-0.580357,False
3075,20.444444,-2.348214,20.555556,-2.357143,False
3076,20.444444,-2.892857,20.555556,-2.901786,False
3077,20.444444,-4.660714,20.555556,-4.651786,False
3078,20.444444,-5.151786,20.555556,-5.151786,False
3079,20.555556,5.350719,20.666667,5.359712,False
3080,20.555556,5.188849,20.666667,5.197842,False
3081,20.555556,2.814748,20.666667,2.814748,False
3082,20.555556,1.933453,20.666667,1.933453,False
3083,20.555556,0.755396,20.666667,0.755396,False
3084,20.555556,-0.580357,20.666667,-0.580357,False
3085,20.555556,-2.357143,20.666667,-2.357143,False
3086,20.555556,-2.901786,20.666667,-2.910714,False
3087,20.555556,-4.651786,20.666667,-4.642857,False
3088,20.555556,-5.151786,20.666667,-5.151786,False
3089,20.666667,5.359712,20.777778,5.377698,False
3090,20.666667,5.197842,20.777778,5.197842,False
3091,20.666667,2.814748,20.777778,2.814748,False
3092,20.666667,1.933453,20.777778,1.933453,False
3093,20.666667,0.755396,20.777778,0.746403,False
3094,20.666667,-0.580357,20.777778,-0.580357,False
3095,20.666667,-2.357143,20.777778,-2.357143,False
3096,20.666667,-2.910714,20.777778,-2.919643,False
3097,20.666667,-4.642857,20.777778,-4.625,False
3098,20.666667,-5.151786,20.777778,-5.151786,False
3099,20.777778,5.377698,20.888889,5.395683,False
3100,20.777778,5.197842,20.888889,5.197842,False
3101,20.777778,2.814748,20.888889,2.814748,False
3102,20.777778,1.933453,20.888889,1.933453,False
3103,20.777778,0.746403,20.888889,0.746403,False
3104,20.777778,-0.580357,20.888889,-0.580357,False
3105,20.777778,-2.357143,20.888889,-2.357143,False
3106,20.777778,-2.919643,20.888889,-2.928571,False
3107,20.777778,-4.625,20.888889,-4.625,False
3108,20.777778,-5.151786,20.888889,-5.151786,False
3109,20.888889,5.395683,21.0,5.413669,False
3110,20.888889,5.197842,21.0,5.197842,False
3111,20.888889,2.814748,21.0,2.814748,False
3112,20.888889,1.933453,21.0,1.933453,False
3113,20.888889,0.746403,21.0,0.73741,False
3114,20.888889,-0.580357,21.0,-0.571429,False
3115,20.888889,-2.357143,21.0,-2.357143,False
3116,20.888889,-2.928571,21.0,-2.9375,False
3117,20.888889,-4.625,21.0,-4.616071,False
3118,20.888889,-5.151786,21.0,-5.151786,False
3119,21.0,5.413669,21.111111,5.431655,False
3120,21.0,5.197842,21.111111,5.206835,False
3121,21.0,2.814748,21.111111,2.814748,False
3122,21.0,1.933453,21.111111,1.933453,False
3123,21.0,0.73741,21.111111,0.728417,False
3124,21.0,-0.571429,21.111111,-0.571429,False
3125,21.0,-2.357143,21.111111,-2.357143,False
3126,21.0,-2.9375,21.111111,-2.946429,False
3127,21.0,-4.616071,21.111111,-4.598214,False
3128,21.0,-5.151786,21.111111,-5.160714,False
3129,21.111111,5.431655,21.222222,5.44964,False
3130,21.111111,5.206835,21.222222,5.206835,False
3131,21.111111,2.814748,21.222222,2.814748,False
3132,21.111111,1.933453,21.222222,1.933453,False
3133,21.111111,0.728417,21.222222,0.728417,False
3134,21.111111,-0.571429,21.222222,-0.571429,False
3135,21.111111,-2.357143,21.222222,-2.357143,False
3136,21.111111,-2.946429,21.222222,-2.955357,False
3137,21.111111,-4.598214,21.222222,-4.598214,False
3138,21.111111,-5.160714,21.222222,-5.169643,False
3139,21.222222,5.44964,21.333333,5.467626,False
3140,21.222222,5.206835,21.333333,5.206835,False
3141,21.222222,2.814748,21.333333,2.823741,False
3142,21.222222,1.933453,21.333333,1.933453,False
3143,21.222222,0.728417,21.333333,0.73741,False
3144,21.222222,-0.571429,21.333333,-0.571429,False
3145,21.222222,-2.357143,21.333333,-2.357143,False
3146,21.222222,-2.955357,21.333333,-2.964286,False
3147,21.222222,-4.598214,21.333333,-4.580357,False
3148,21.222222,-5.169643,21.333333,-5.169643,False
3149,21.333333,5.467626,21.444444,5.485612,False
3150,21.333333,5.206835,21.444444,5.206835,False
3151,21.333333,2.823741,21.444444,2.823741,False
3152,21.333333,1.933453,21.444444,1.933453,False
3153,21.333333,0.73741,21.444444,0.746403,False
3154,21.333333,-0.571429,21.444444,-0.571429,False
3155,21.333333,-2.357143,21.444444,-2.357143,False
3156,21.333333,-2.964286,21.444444,-2.973214,False
3157,21.333333,-4.580357,21.444444,-4.571429,False
3158,21.333333,-5.169643,21.444444,-5.169643,False
3159,21.444444,5.485612,21.555556,5.503597,False
3160,21.444444,5.206835,21.555556,5.215827,False
3161,21.444444,2.823741,21.555556,2.823741,False
3162,21.444444,1.933453,21.555556,1.942446,False
3163,21.444444,0.746403,21.555556,0.746403,False
3164,21.444444,-0.571429,21.555556,-0.5625,False
3165,21.444444,-2.357143,21.555556,-2.357143,False
3166,21.444444,-2.973214,21.555556,-2.982143,False
3167,21.444444,-4.571429,21.555556,-4.571429,False
3168,21.444444,-5.169643,21.555556,-5.169643,False
3169,21.555556,5.503597,21.666667,5.521583,False
3170,21.555556,5.215827,21.666667,5.215827,False
3171,21.555556,2.823741,21.666667,2.832734,False
3172,21.555556,1.942446,21.666667,1.933453,False
3173,21.555556,0.746403,21.666667,0.755396,False
3174,21.555556,-0.5625,21.666667,-0.5625,False
3175,21.555556,-2.357143,21.666667,-2.366071,False
3176,21.555556,-2.982143,21.666667,-2.991071,False
3177,21.555556,-4.571429,21.666667,-4.553571,False
3178,21.555556,-5.169643,21.666667,-5.178571,False
3179,21.666667,5.521583,21.777778,5.539568,False
3180,21.666667,5.215827,21.777778,5.215827,False
3181,21.666667,2.832734,21.777778,2.832734,False
3182,21.666667,1.933453,21.777778,1.933453,False
3183,21.666667,0.755396,21.777778,0.764388,False
3184,21.666667,-0.5625,21.777778,-0.553571,False
3185,21.666667,-2.366071,21.777778,-2.366071,False
3186,21.666667,-2.991071,21.777778,-3.008929,False
3187,21.666667,-4.553571,21.777778,-4.553571,False
3188,21.666667,-5.178571,21.777778,-5.178571,False
3189,21.777778,5.539568,21.888889,5.557554,False
3190,21.777778,5.215827,21.888889,5.22482,False
3191,21.777778,2.832734,21.888889,2.832734,False
3192,21.777778,1.933453,21.888889,1.933453,False
3193,21.777778,0.764388,21.888889,0.764388,False
3194,21.777778,-0.553571,21.888889,-0.5625,False
3195,21.777778,-2.366071,21.888889,-2.366071,False
3196,21.777778,-3.008929,21.888889,-3.008929,False
3197,21.777778,-4.553571,21.888889,-4.544643,False
3198,21.777778,-5.178571,21.888889,-5.178571,False
3199,21.888889,5.557554,22.0,5.57554,False
3200,21.888889,5.22482,22.0,5.22482,False
3201,21.888889,2.832734,22.0,2.841727,False
3202,21.888889,1.933453,22.0,1.933453,False
3203,21.888889,0.764388,22.0,0.773381,False
3204,21.888889,-0.5625,22.0,-0.553571,False
3205,21.888889,-2.366071,22.0,-2.357143,False
3206,21.888889,-3.008929,22.0,-3.026786,False
3207,21.888889,-4.544643,22.0,-4.535714,False
3208,21.888889,-5.178571,22.0,-5.1875,False
3209,22.0,5.57554,22.111111,5.593525,False
3210,22.0,5.22482,22.111111,5.233813,False
3211,22.0,2.841727,22.111111,2.850719,False
3212,22.0,1.933453,22.111111,1.933453,False
3213,22.0,0.773381,22.111111,0.782374,False
3214,22.0,-0.553571,22.111111,-0.5625,False
3215,22.0,-2.357143,22.111111,-2.357143,False
3216,22.0,-3.026786,22.111111,-3.035714,False
3217,22.0,-4.535714,22.111111,-4.535714,False
3218,22.0,-5.1875,22.111111,-5.1875,False
3219,22.111111,5.593525,22.222222,5.611511,False
3220,22.111111,5.233813,22.222222,5.242806,False
3221,22.111111,2.850719,22.222222,2.859712,False
3222,22.111111,1.933453,22.222222,1.933453,False
3223,22.111111,0.782374,22.222222,0.782374,False
3224,22.111111,-0.5625,22.222222,-0.553571,False
3225,22.111111,-2.357143,22.222222,-2.348214,False
3226,22.111111,-3.035714,22.222222,-3.053571,False
3227,22.111111,-4.535714,22.222222,-4.535714,False
3228,22.111111,-5.1875,22.222222,-5.1875,False
3229,22.222222,5.611511,22.333333,5.629496,False
3230,22.222222,5.242806,22.333333,5.260791,False
3231,22.222222,2.859712,22.333333,2.868705,False
3232,22.222222,1.933453,22.333333,1.933453,False
3233,22.222222,0.782374,22.333333,0.791367,False
3234,22.222222,-0.553571,22.333333,-0.553571,False
3235,22.222222,-2.348214,22.333333,-2.348214,False
3236,22.222222,-3.053571,22.333333,-3.0625,False
3237,22.222222,-4.535714,22.333333,-4.535714,False
3238,22.222222,-5.1875,22.333333,-5.1875,False
3239,22.333333,5.629496,22.444444,5.647482,False
3240,22.333333,5.260791,22.444444,5.269784,False
3241,22.333333,2.868705,22.444444,2.877698,False
3242,22.333333,1.933453,22.444444,1.92446,False
3243,22.333333,0.791367,22.444444,0.791367,False
3244,22.333333,-0.553571,22.444444,-0.553571,False
3245,22.333333,-2.348214,22.444444,-2.339286,False
3246,22.333333,-3.0625,22.444444,-3.071429,False
3247,22.333333,-4.535714,22.444444,-4.535714,False
3248,22.333333,-5.1875,22.444444,-5.196429,False
3249,22.444444,5.647482,22.555556,5.665468,False
3250,22.444444,5.269784,22.555556,5.28777,False
3251,22.444444,2.877698,22.555556,2.886691,False
3252,22.444444,1.92446,22.555556,1.92446,False
3253,22.444444,0.791367,22.555556,0.791367,False
3254,22.444444,-0.553571,22.555556,-0.553571,False
3255,22.444444,-2.339286,22.555556,-2.339286,False
3256,22.444444,-3.071429,22.555556,-3.089286,False
3257,22.444444,-4.535714,22.555556,-4.544643,False
3258,22.444444,-5.196429,22.555556,-5.196429,False
3259,22.555556,5.665468,22.666667,5.67446,False
3260,22.555556,5.28777,22.666667,5.28777,False
3261,22.555556,2.886691,22.666667,2.886691,False
3262,22.555556,1.92446,22.666667,1.92446,False
3263,22.555556,0.791367,22.666667,0.791367,False
3264,22.555556,-0.553571,22.666667,-0.553571,False
3265,22.555556,-2.339286,22.666667,-2.339286,False
3266,22.555556,-3.089286,22.666667,-3.089286,False
3267,22.555556,-4.544643,22.666667,-4.553571,False
3268,22.555556,-5.196429,22.666667,-5.196429,False
3269,22.666667,5.67446,22.777778,5.67446,False
3270,22.666667,5.28777,22.777778,5.305755,False
3271,22.666667,2.886691,22.777778,2.904676,False
3272,22.666667,1.92446,22.777778,1.915468,False
3273,22.666667,0.791367,22.777778,0.791367,False
3274,22.666667,-0.553571,22.777778,-0.553571,False
3275,22.666667,-2.339286,22.777778,-2.330357,False
3276,22.666667,-3.089286,22.777778,-3.098214,False
3277,22.666667,-4.553571,22.777778,-4.5625,False
3278,22.666667,-5.196429,22.777778,-5.1875,False
3279,22.777778,5.67446,22.888889,5.692446,False
3280,22.777778,5.305755,22.888889,5.305755,False
3281,22.777778,2.904676,22.888889,2.913669,False
3282,22.777778,1.915468,22.888889,1.915468,False
3283,22.777778,0.791367,22.888889,0.791367,False
3284,22.777778,-0.553571,22.888889,-0.553571,False
3285,22.777778,-2.330357,22.888889,-2.330357,False
3286,22.777778,-3.098214,22.888889,-3.116071,False
3287,22.777778,-4.5625,22.888889,-4.5625,False
3288,22.777778,-5.1875,22.888889,-5.1875,False
3289,22.888889,5.692446,23.0,5.692446,False
3290,22.888889,5.305755,23.0,5.305755,False
3291,22.888889,2.913669,23.0,2.922662,False
3292,22.888889,1.915468,23.0,1.915468,False
3293,22.888889,0.791367,23.0,0.791367,False
3294,22.888889,-0.553571,23.0,-0.553571,False
3295,22.888889,-2.330357,23.0,-2.339286,False
3296,22.888889,-3.116071,23.0,-3.116071,False
3297,22.888889,-4.5625,23.0,-4.5625,False
3298,22.888889,-5.1875,23.0,-5.169643,False
3299,23.0,5.692446,23.111111,5.692446,False
3300,23.0,5.305755,23.111111,5.314748,False
3301,23.0,2.922662,23.111111,2.931655,False
3302,23.0,1.915468,23.111111,1.915468,False
3303,23.0,0.791367,23.111111,0.791367,False
3304,23.0,-0.553571,23.111111,-0.553571,False
3305,23.0,-2.339286,23.111111,-2.339286,False
3306,23.0,-3.116071,23.111111,-3.133929,False
3307,23.0,-4.5625,23.111111,-4.580357,False
3308,23.0,-5.169643,23.111111,-5.169643,False
3309,23.111111,5.692446,23.222222,5.692446,False
3310,23.111111,5.314748,23.222222,5.314748,False
3311,23.111111,2.931655,23.222222,2.940647,False
3312,23.111111,1.915468,23.222222,1.915468,False
3313,23.111111,0.791367,23.222222,0.791367,False
3314,23.111111,-0.553571,23.222222,-0.553571,False
3315,23.111111,-2.339286,23.222222,-2.348214,False
3316,23.111111,-3.133929,23.222222,-3.133929,False
3317,23.111111,-4.580357,23.222222,-4.580357,False
3318,23.111111,-5.169643,23.222222,-5.160714,False
3319,23.222222,5.692446,23.333333,5.701439,False
3320,23.222222,5.314748,23.333333,5.314748,False
3321,23.222222,2.940647,23.333333,2.94964,False
3322,23.222222,1.915468,23.333333,1.915468,False
3323,23.222222,0.791367,23.333333,0.782374,False
3324,23.222222,-0.553571,23.333333,-0.553571,False
3325,23.222222,-2.348214,23.333333,-2.348214,False
3326,23.222222,-3.133929,23.333333,-3.133929,False
3327,23.222222,-4.580357,23.333333,-4.571429,False
3328,23.222222,-5.160714,23.333333,-5.125,False
3329,23.333333,5.701439,23.444444,5.701439,False
3330,23.333333,5.314748,23.444444,5.323741,False
3331,23.333333,2.94964,23.444444,2.958633,False
3332,23.333333,1.915468,23.444444,1.915468,False
3333,23.333333,0.782374,23.444444,0.782374,False
3334,23.333333,-0.553571,23.444444,-0.553571,False
3335,23.333333,-2.348214,23.444444,-2.348214,False
3336,23.333333,-3.133929,23.444444,-3.142857,False
3337,23.333333,-4.571429,23.444444,-4.571429,False
3338,23.333333,-5.125,23.444444,-5.107143,False
3339,23.444444,5.701439,23.555556,5.701439,False
3340,23.444444,5.323741,23.555556,5.323741,False
3341,23.444444,2.958633,23.555556,2.976619,False
3342,23.444444,1.915468,23.555556,1.915468,False
3343,23.444444,0.782374,23.555556,0.782374,False
3344,23.444444,-0.553571,23.555556,-0.553571,False
3345,23.444444,-2.348214,23.555556,-2.348214,False
3346,23.444444,-3.142857,23.555556,-3.142857,False
3347,23.444444,-4.571429,23.555556,-4.5625,False
3348,23.444444,-5.107143,23.555556,-5.080357,False
3349,23.555556,5.701439,23.666667,5.701439,False
3350,23.555556,5.323741,23.666667,5.314748,False
3351,23.555556,2.976619,23.666667,2.976619,False
3352,23.555556,1.915468,23.666667,1.915468,False
3353,23.555556,0.782374,23.666667,0.782374,False
3354,23.555556,-0.553571,23.666667,-0.553571,False
3355,23.555556,-2.348214,23.666667,-2.348214,False
3356,23.555556,-3.142857,23.666667,-3.142857,False
3357,23.555556,-4.5625,23.666667,-4.5625,False
3358,23.555556,-5.080357,23.666667,-5.0625,False
3359,23.666667,5.701439,23.777778,5.701439,False
3360,23.666667,5.314748,23.777778,5.314748,False
3361,23.666667,2.976619,23.777778,2.976619,False
3362,23.666667,1.915468,23.777778,1.915468,False
3363,23.666667,0.782374,23.777778,0.782374,False
3364,23.666667,-0.553571,23.777778,-0.553571,False
3365,23.666667,-2.348214,23.777778,-2.348214,False
3366,23.666667,-3.142857,23.777778,-3.142857,False
3367,23.666667,-4.5625,23.777778,-4.553571,False
3368,23.666667,-5.0625,23.777778,-5.044643,False
3369,23.777778,5.701439,23.888889,5.701439,False
3370,23.777778,5.314748,23.888889,5.323741,False
3371,23.777778,2.976619,23.888889,2.985612,False
3372,23.777778,1.915468,23.888889,1.915468,False
3373,23.777778,0.782374,23.888889,0.782374,False
3374,23.777778,-0.553571,23.888889,-0.553571,False
3375,23.777778,-2.348214,23.888889,-2.357143,False
3376,23.777778,-3.142857,23.888889,-3.133929,False
3377,23.777778,-4.553571,23.888889,-4.526786,False
3378,23.777778,-5.044643,23.888889,-5.017857,False
3379,23.888889,5.701439,24.0,5.701439,False
3380,23.888889,5.323741,24.0,5.323741,False
3381,23.888889,2.985612,24.0,2.985612,False
3382,23.888889,1.915468,24.0,1.915468,False
3383,23.888889,0.782374,24.0,0.773381,False
3384,23.888889,-0.553571,24.0,-0.553571,False
3385,23.888889,-2.357143,24.0,-2.357143,False
3386,23.888889,-3.133929,24.0,-3.133929,False
3387,23.888889,-4.526786,24.0,-4.508929,False
3388,23.888889,-5.017857,24.0,-5.0,False
3389,24.0,5.701439,24.111111,5.701439,False
3390,24.0,5.323741,24.111111,5.323741,False
3391,24.0,2.985612,24.111111,2.985612,False
3392,24.0,1.915468,24.111111,1.915468,False
3393,24.0,0.773381,24.111111,0.782374,False
3394,24.0,-0.553571,24.111111,-0.5625,False
3395,24.0,-2.357143,24.111111,-2.357143,False
3396,24.0,-3.133929,24.111111,-3.133929,False
3397,24.0,-4.508929,24.111111,-4.5,False
3398,24.0,-5.0,24.111111,-4.991071,False
3399,24.111111,5.701439,24.222222,5.701439,False
3400,24.111111,5.323741,24.222222,5.323741,False
3401,24.111111,2.985612,24.222222,2.985612,False
3402,24.111111,1.915468,24.222222,1.915468,False
3403,24.111111,0.782374,24.222222,0.782374,False
3404,24.111111,-0.5625,24.222222,-0.5625,False
3405,24.111111,-2.357143,24.222222,-2.357143,False
3406,24.111111,-3.133929,24.222222,-3.133929,False
3407,24.111111,-4.5,24.222222,-4.5,False
3408,24.111111,-4.991071,24.222222,-4.982143,False
3409,24.222222,5.701439,24.333333,5.701439,False
3410,24.222222,5.323741,24.333333,5.332734,False
3411,24.222222,2.985612,24.333333,2.985612,False
3412,24.222222,1.915468,24.333333,1.915468,False
3413,24.222222,0.782374,24.333333,0.782374,False
3414,24.222222,-0.5625,24.333333,-0.571429,False
3415,24.222222,-2.357143,24.333333,-2.366071,False
3416,24.222222,-3.133929,24.333333,-3.142857,False
3417,24.222222,-4.5,24.333333,-4.508929,False
3418,24.222222,-4.982143,24.333333,-4.991071,False
3419,24.333333,5.701439,24.444444,5.701439,False
3420,24.333333,5.332734,24.444444,5.332734,False
3421,24.333333,2.985612,24.444444,2.976619,False
3422,24.333333,1.915468,24.444444,1.897482,False
3423,24.333333,0.782374,24.444444,0.782374,False
3424,24.333333,-0.571429,24.444444,-0.580357,False
3425,24.333333,-2.366071,24.444444,-2.366071,False
3426,24.333333,-3.142857,24.444444,-3.142857,False
3427,24.333333,-4.508929,24.444444,-4.508929,False
3428,24.333333,-4.991071,24.444444,-4.982143,False
3429,24.444444,5.701439,24.555556,5.692446,False
3430,24.444444,5.332734,24.555556,5.332734,False
3431,24.444444,2.976619,24.555556,2.985612,False
3432,24.444444,1.897482,24.555556,1.897482,False
3433,24.444444,0.782374,24.555556,0.80036,False
3434,24.444444,-0.580357,24.555556,-0.580357,False
3435,24.444444,-2.366071,24.555556,-2.366071,False
3436,24.444444,-3.142857,24.555556,-3.142857,False
3437,24.444444,-4.508929,24.555556,-4.508929,False
3438,24.444444,-4.982143,24.555556,-4.982143,False
3439,24.555556,5.692446,24.666667,5.683453,False
3440,24.555556,5.332734,24.666667,5.332734,False
3441,24.555556,2.985612,24.666667,2.985612,False
3442,24.555556,1.897482,24.666667,1.897482,False
3443,24.555556,0.80036,24.666667,0.80036,False
3444,24.555556,-0.580357,24.666667,-0.580357,False
3445,24.555556,-2.366071,24.666667,-2.357143,False
3446,24.555556,-3.142857,24.666667,-3.142857,False
3447,24.555556,-4.508929,24.666667,-4.526786,False
3448,24.555556,-4.982143,24.666667,-4.982143,False
3449,24.666667,5.683453,24.777778,5.67446,False
3450,24.666667,5.332734,24.777778,5.341727,False
3451,24.666667,2.985612,24.777778,2.985612,False
3452,24.666667,1.897482,24.777778,1.897482,False
3453,24.666667,0.80036,24.777778,0.818345,False
3454,24.666667,-0.580357,24.777778,-0.580357,False
3455,24.666667,-2.357143,24.777778,-2.357143,False
3456,24.666667,-3.142857,24.777778,-3.142857,False
3457,24.666667,-4.526786,24.777778,-4.526786,False
3458,24.666667,-4.982143,24.777778,-4.982143,False
3459,24.777778,5.67446,24.888889,5.67446,False
3460,24.777778,5.341727,24.888889,5.350719,False
3461,24.777778,2.985612,24.888889,2.985612,False
3462,24.777778,1.897482,24.888889,1.897482,False
3463,24.777778,0.818345,24.888889,0.818345,False
3464,24.777778,-0.580357,24.888889,-0.580357,False
3465,24.777778,-2.357143,24.888889,-2.357143,False
3466,24.777778,-3.142857,24.888889,-3.142857,False
3467,24.777778,-4.526786,24.888889,-4.535714,False
3468,24.777778,-4.982143,24.888889,-4.991071,False
3469,24.888889,5.67446,25.0,5.67446,False
3470,24.888889,5.350719,25.0,5.368705,False
3471,24.888889,2.985612,25.0,2.985612,False
3472,24.888889,1.897482,25.0,1.897482,False
3473,24.888889,0.818345,25.0,0.818345,False
3474,24.888889,-0.580357,25.0,-0.580357,False
3475,24.888889,-2.357143,25.0,-2.357143,False
3476,24.888889,-3.142857,25.0,-3.133929,False
3477,24.888889,-4.535714,25.0,-4.553571,False
3478,24.888889,-4.991071,25.0,-4.991071,False
3479,25.0,5.67446,25.111111,5.67446,False
3480,25.0,5.368705,25.111111,5.377698,False
3481,25.0,2.985612,25.111111,2.985612,False
3482,25.0,1.897482,25.111111,1.897482,False
3483,25.0,0.818345,25.111111,0.818345,False
3484,25.0,-0.580357,25.111111,-0.580357,False
3485,25.0,-2.357143,25.111111,-2.348214,False
3486,25.0,-3.133929,25.111111,-3.133929,False
3487,25.0,-4.553571,25.111111,-4.553571,False
3488,25.0,-4.991071,25.111111,-5.0,False
3489,25.111111,5.67446,25.222222,5.67446,False
3490,25.111111,5.377698,25.222222,5.395683,False
3491,25.111111,2.985612,25.222222,2.985612,False
3492,25.111111,1.897482,25.222222,1.906475,False
3493,25.111111,0.818345,25.222222,0.818345,False
3494,25.111111,-0.580357,25.222222,-0.580357,False
3495,25.111111,-2.348214,25.222222,-2.348214,False
3496,25.111111,-3.133929,25.222222,-3.133929,False
3497,25.111111,-4.553571,25.222222,-4.5625,False
3498,25.111111,-5.0,25.222222,-5.017857,False
3499,25.222222,5.67446,25.333333,5.67446,False
3500,25.222222,5.395683,25.333333,5.413669,False
3501,25.222222,2.985612,25.333333,2.985612,False
3502,25.222222,1.906475,25.333333,1.906475,False
3503,25.222222,0.818345,25.333333,0.827338,False
3504,25.222222,-0.580357,25.333333,-0.598214,False
3505,25.222222,-2.348214,25.333333,-2.357143,False
3506,25.222222,-3.133929,25.333333,-3.133929,False
3507,25.222222,-4.5625,25.333333,-4.5625,False
3508,25.222222,-5.017857,25.333333,-5.035714,False
3509,25.333333,5.67446,25.444444,5.67446,False
3510,25.333333,5.413669,25.444444,5.431655,False
3511,25.333333,2.985612,25.444444,2.985612,False
3512,25.333333,1.906475,25.444444,1.906475,False
3513,25.333333,0.827338,25.444444,0.818345,False
3514,25.333333,-0.598214,25.444444,-0.598214,False
3515,25.333333,-2.357143,25.444444,-2.357143,False
3516,25.333333,-3.133929,25.444444,-3.133929,False
3517,25.333333,-4.5625,25.444444,-4.571429,False
3518,25.333333,-5.035714,25.444444,-5.071429,False
3519,25.444444,5.67446,25.555556,5.67446,False
3520,25.444444,5.431655,25.555556,5.44964,False
3521,25.444444,2.985612,25.555556,2.985612,False
3522,25.444444,1.906475,25.555556,1.906475,False
3523,25.444444,0.818345,25.555556,0.818345,False
3524,25.444444,-0.598214,25.555556,-0.598214,False
3525,25.444444,-2.357143,25.555556,-2.357143,False
3526,25.444444,-3.133929,25.555556,-3.133929,False
3527,25.444444,-4.571429,25.555556,-4.571429,False
3528,25.444444,-5.071429,25.555556,-5.107143,False
3529,25.555556,5.67446,25.666667,5.67446,False
3530,25.555556,5.44964,25.666667,5.467626,False
3531,25.555556,2.985612,25.666667,2.985612,False
3532,25.555556,1.906475,25.666667,1.906475,False
3533,25.555556,0.818345,25.666667,0.818345,False
3534,25.555556,-0.598214,25.666667,-0.589286,False
3535,25.555556,-2.357143,25.666667,-2.357143,False
3536,25.555556,-3.133929,25.666667,-3.133929,False
3537,25.555556,-4.571429,25.666667,-4.580357,False
3538,25.555556,-5.107143,25.666667,-5.133929,False
3539,25.666667,5.67446,25.777778,5.67446,False
3540,25.666667,5.467626,25.777778,5.485612,False
3541,25.666667,2.985612,25.777778,2.994604,False
3542,25.666667,1.906475,25.777778,1.906475,False
3543,25.666667,0.818345,25.777778,0.80036,False
3544,25.666667,-0.589286,25.777778,-0.589286,False
3545,25.666667,-2.357143,25.777778,-2.357143,False
3546,25.666667,-3.133929,25.777778,-3.133929,False
3547,25.666667,-4.580357,25.777778,-4.580357,False
3548,25.666667,-5.133929,25.777778,-5.160714,False
3549,25.777778,5.67446,25.888889,5.67446,False
3550,25.777778,5.485612,25.888889,5.494604,False
3551,25.777778,2.994604,25.888889,2.985612,False
3552,25.777778,1.906475,25.888889,1.906475,False
3553,25.777778,0.80036,25.888889,0.80036,False
3554,25.777778,-0.589286,25.888889,-0.598214,False
3555,25.777778,-2.357143,25.888889,-2.357143,False
3556,25.777778,-3.133929,25.888889,-3.133929,False
3557,25.777778,-4.580357,25.888889,-4.580357,False
3558,25.777778,-5.160714,25.888889,-5.178571,False
3559,25.888889,5.67446,26.0,5.692446,False
3560,25.888889,5.494604,26.0,5.51259,False
3561,25.888889,2.985612,26.0,2.985612,False
3562,25.888889,1.906475,26.0,1.906475,False
3563,25.888889,0.80036,26.0,0.80036,False
3564,25.888889,-0.598214,26.0,-0.598214,False
3565,25.888889,-2.357143,26.0,-2.357143,False
3566,25.888889,-3.133929,26.0,-3.142857,False
3567,25.888889,-4.580357,26.0,-4.589286,False
3568,25.888889,-5.178571,26.0,-5.205357,False
3569,26.0,5.692446,26.111111,5.692446,False
3570,26.0,5.51259,26.111111,5.521583,False
3571,26.0,2.985612,26.111111,2.985612,False
3572,26.0,1.906475,26.111111,1.906475,False
3573,26.0,0.80036,26.111111,0.80036,False
3574,26.0,-0.598214,26.111111,-0.598214,False
3575,26.0,-2.357143,26.111111,-2.375,False
3576,26.0,-3.142857,26.111111,-3.142857,False
3577,26.0,-4.589286,26.111111,-4.580357,False
3578,26.0,-5.205357,26.111111,-5.214286,False
3579,26.111111,5.692446,26.222222,5.701439,False
3580,26.111111,5.521583,26.222222,5.530576,False
3581,26.111111,2.985612,26.222222,2.985612,False
3582,26.111111,1.906475,26.222222,1.906475,False
3583,26.111111,0.80036,26.222222,0.782374,False
3584,26.111111,-0.598214,26.222222,-0.598214,False
3585,26.111111,-2.375,26.222222,-2.375,False
3586,26.111111,-3.142857,26.222222,-3.160714,False
3587,26.111111,-4.580357,26.222222,-4.580357,False
3588,26.111111,-5.214286,26.222222,-5.232143,False
3589,26.222222,5.701439,26.333333,5.710432,False
3590,26.222222,5.530576,26.333333,5.548561,False
3591,26.222222,2.985612,26.333333,2.985612,False
3592,26.222222,1.906475,26.333333,1.906475,False
3593,26.222222,0.782374,26.333333,0.782374,False
3594,26.222222,-0.598214,26.333333,-0.598214,False
3595,26.222222,-2.375,26.333333,-2.375,False
3596,26.222222,-3.160714,26.333333,-3.160714,False
3597,26.222222,-4.580357,26.333333,-4.580357,False
3598,26.222222,-5.232143,26.333333,-5.232143,False
3599,26.333333,5.710432,26.444444,5.719424,False
3600,26.333333,5.548561,26.444444,5.557554,False
3601,26.333333,2.985612,26.444444,2.985612,False
3602,26.333333,1.906475,26.444444,1.897482,False
3603,26.333333,0.782374,26.444444,0.782374,False
3604,26.333333,-0.598214,26.444444,-0.598214,False
3605,26.333333,-2.375,26.444444,-2.383929,False
3606,26.333333,-3.160714,26.444444,-3.178571,False
3607,26.333333,-4.580357,26.444444,-4.598214,False
3608,26.333333,-5.232143,26.444444,-5.25,False
3609,26.444444,5.719424,26.555556,5.73741,False
3610,26.444444,5.557554,26.555556,5.566547,False
3611,26.444444,2.985612,26.555556,2.985612,False
3612,26.444444,1.897482,26.555556,1.897482,False
3613,26.444444,0.782374,26.555556,0.782374,False
3614,26.444444,-0.598214,26.555556,-0.598214,False
3615,26.444444,-2.383929,26.555556,-2.392857,False
3616,26.444444,-3.178571,26.555556,-3.196429,False
3617,26.444444,-4.598214,26.555556,-4.598214,False
3618,26.444444,-5.25,26.555556,-5.258929,False
3619,26.555556,5.73741,26.666667,5.73741,False
3620,26.555556,5.566547,26.666667,5.584532,False
3621,26.555556,1.897482,26.666667,1.897482,False
3622,26.555556,0.782374,26.666667,0.782374,False
3623,26.555556,-0.598214,26.666667,-0.598214,False
3624,26.555556,-2.392857,26.666667,-2.392857,False
3625,26.555556,-3.196429,26.666667,-3.214286,False
3626,26.555556,-4.598214,26.666667,-4.607143,False
3627,26.555556,-5.258929,26.666667,-5.258929,False
3628,26.666667,5.73741,26.777778,5.755396,False
3629,26.666667,5.584532,26.777778,5.593525,False
3630,26.666667,1.897482,26.777778,1.897482,False
3631,26.666667,0.782374,26.777778,0.791367,False
3632,26.666667,-0.598214,26.777778,-0.598214,False
3633,26.666667,-2.392857,26.777778,-2.392857,False
3634,26.666667,-3.214286,26.777778,-3.232143,False
3635,26.666667,-4.607143,26.777778,-4.625,False
3636,26.666667,-5.258929,26.777778,-5.276786,False
3637,26.777778,5.755396,26.888889,5.755396,False
3638,26.777778,5.593525,26.888889,5.602518,False
3639,26.777778,2.985612,26.888889,2.985612,False
3640,26.777778,1.897482,26.888889,1.897482,False
3641,26.777778,0.791367,26.888889,0.80036,False
3642,26.777778,-0.598214,26.888889,-0.598214,False
3643,26.777778,-2.392857,26.888889,-2.392857,False
3644,26.777778,-3.232143,26.888889,-3.241071,False
3645,26.777778,-4.625,26.888889,-4.633929,False
3646,26.777778,-5.276786,26.888889,-5.276786,False
3647,26.888889,5.755396,27.0,5.755396,False
3648,26.888889,5.602518,27.0,5.611511,False
3649,26.888889,2.985612,27.0,2.994604,False
3650,26.888889,1.897482,27.0,1.906475,False
3651,26.888889,0.80036,27.0,0.80036,False
3652,26.888889,-0.598214,27.0,-0.598214,False
3653,26.888889,-2.392857,27.0,-2.392857,False
3654,26.888889,-3.241071,27.0,-3.258929,False
3655,26.888889,-4.633929,27.0,-4.642857,False
3656,26.888889,-5.276786,27.0,-5.276786,False
3657,27.0,5.755396,27.111111,5.764388,False
3658,27.0,5.611511,27.111111,5.620504,False
3659,27.0,2.994604,27.111111,2.994604,False
3660,27.0,1.906475,27.111111,1.897482,False
3661,27.0,0.80036,27.111111,0.80036,False
3662,27.0,-0.598214,27.111111,-0.598214,False
3663,27.0,-2.392857,27.111111,-2.401786,False
3664,27.0,-3.258929,27.111111,-3.258929,False
3665,27.0,-4.642857,27.111111,-4.660714,False
3666,27.0,-5.276786,27.111111,-5.276786,False
3667,27.111111,5.764388,27.222222,5.764388,False
3668,27.111111,5.620504,27.222222,5.638489,False
3669,27.111111,2.994604,27.222222,2.994604,False
3670,27.111111,1.897482,27.222222,1.897482,False
3671,27.111111,0.80036,27.222222,0.809353,False
3672,27.111111,-0.598214,27.222222,-0.589286,False
3673,27.111111,-2.401786,27.222222,-2.401786,False
3674,27.111111,-3.258929,27.222222,-3.276786,False
3675,27.111111,-4.660714,27.222222,-4.6875,False
3676,27.111111,-5.276786,27.222222,-5.285714,False
3677,27.222222,5.764388,27.333333,5.764388,False
3678,27.222222,5.638489,27.333333,5.638489,False
3679,27.222222,2.994604,27.333333,3.003597,False
3680,27.222222,1.897482,27.333333,1.906475,False
3681,27.222222,0.809353,27.333333,0.818345,False
3682,27.222222,-0.589286,27.333333,-0.589286,False
3683,27.222222,-2.401786,27.333333,-2.401786,False
3684,27.222222,-3.276786,27.333333,-3.294643,False
3685,27.222222,-4.6875,27.333333,-4.696429,False
3686,27.222222,-5.285714,27.333333,-5.285714,False
3687,27.333333,5.764388,27.444444,5.782374,False
3688,27.333333,5.638489,27.444444,5.656475,False
3689,27.333333,3.003597,27.444444,3.003597,False
3690,27.333333,1.906475,27.444444,1.906475,False
3691,27.333333,0.818345,27.444444,0.818345,False
3692,27.333333,-0.589286,27.444444,-0.589286,False
3693,27.333333,-2.401786,27.444444,-2.401786,False
3694,27.333333,-3.294643,27.444444,-3.294643,False
3695,27.333333,-4.696429,27.444444,-4.714286,False
3696,27.333333,-5.285714,27.444444,-5.285714,False
3697,27.444444,5.782374,27.555556,5.782374,False
3698,27.444444,5.656475,27.555556,5.683453,False
3699,27.444444,3.003597,27.555556,3.003597,False
3700,27.444444,1.906475,27.555556,1.906475,False
3701,27.444444,0.818345,27.555556,0.827338,False
3702,27.444444,-0.589286,27.555556,-0.589286,False
3703,27.444444,-2.401786,27.555556,-2.401786,False
3704,27.444444,-3.294643,27.555556,-3.303571,False
3705,27.444444,-4.714286,27.555556,-4.732143,False
3706,27.444444,-5.285714,27.555556,-5.285714,False
3707,27.555556,5.782374,27.666667,5.782374,False
3708,27.555556,5.683453,27.666667,5.719424,False
3709,27.555556,3.003597,27.666667,3.003597,False
3710,27.555556,1.906475,27.666667,1.906475,False
3711,27.555556,0.827338,27.666667,0.827338,False
3712,27.555556,-0.589286,27.666667,-0.589286,False
3713,27.555556,-2.401786,27.666667,-2.401786,False
3714,27.555556,-3.303571,27.666667,-3.303571,False
3715,27.555556,-4.732143,27.666667,-4.75,False
3716,27.555556,-5.285714,27.666667,-5.285714,False
3717,27.666667,5.782374,27.777778,5.755396,False
3718,27.666667,5.719424,27.777778,5.755396,False
3719,27.666667,3.003597,27.777778,3.003597,False
3720,27.666667,1.906475,27.777778,1.897482,False
3721,27.666667,0.827338,27.777778,0.836331,False
3722,27.666667,-0.589286,27.777778,-0.589286,False
3723,27.666667,-2.401786,27.777778,-2.401786,False
3724,27.666667,-3.303571,27.777778,-3.303571,False
3725,27.666667,-4.75,27.777778,-4.767857,False
3726,27.666667,-5.285714,27.777778,-5.285714,False
3727,27.777778,5.755396,27.888889,5.764388,False
3728,27.777778,3.003597,27.888889,3.003597,False
3729,27.777778,1.897482,27.888889,1.888489,False
3730,27.777778,0.836331,27.888889,0.845324,False
3731,27.777778,-0.589286,27.888889,-0.589286,False
3732,27.777778,-2.401786,27.888889,-2.401786,False
3733,27.777778,-3.303571,27.888889,-3.3125,False
3734,27.777778,-4.767857,27.888889,-4.767857,False
3735,27.777778,-5.285714,27.888889,-5.285714,False
3736,27.888889,5.764388,28.0,5.782374,False
3737,27.888889,3.003597,28.0,3.01259,False
3738,27.888889,1.888489,28.0,1.888489,False
3739,27.888889,0.845324,28.0,0.854317,False
3740,27.888889,-0.589286,28.0,-0.589286,False
3741,27.888889,-2.401786,28.0,-2.401786,False
3742,27.888889,-3.3125,28.0,-3.3125,False
3743,27.888889,-4.767857,28.0,-4.785714,False
3744,27.888889,-5.285714,28.0,-5.276786,False
3745,28.0,5.782374,28.111111,5.791367,False
3746,28.0,3.01259,28.111111,3.01259,False
3747,28.0,1.888489,28.111111,1.888489,False
3748,28.0,0.854317,28.111111,0.854317,False
3749,28.0,-0.589286,28.111111,-0.589286,False
3750,28.0,-2.401786,28.111111,-2.401786,False
3751,28.0,-3.3125,28.111111,-3.3125,False
3752,28.0,-4.785714,28.111111,-4.803571,False
3753,28.0,-5.276786,28.111111,-5.276786,False
3754,28.111111,5.791367,28.222222,5.80036,False
3755,28.111111,3.01259,28.222222,3.01259,False
3756,28.111111,1.888489,28.222222,1.870504,False
3757,28.111111,0.854317,28.222222,0.872302,False
3758,28.111111,-0.589286,28.222222,-0.589286,False
3759,28.111111,-2.401786,28.222222,-2.401786,False
3760,28.111111,-3.3125,28.222222,-3.303571,False
3761,28.111111,-4.803571,28.222222,-4.821429,False
3762,28.111111,-5.276786,28.222222,-5.285714,False
3763,28.222222,5.80036,28.333333,5.818345,False
3764,28.222222,3.01259,28.333333,3.01259,False
3765,28.222222,1.870504,28.333333,1.870504,False
3766,28.222222,0.872302,28.333333,0.872302,False
3767,28.222222,-0.589286,28.333333,-0.580357,False
3768,28.222222,-2.401786,28.333333,-2.401786,False
3769,28.222222,-3.303571,28.333333,-3.303571,False
3770,28.222222,-4.821429,28.333333,-4.839286,False
3771,28.222222,-5.285714,28.333333,-5.285714,False
3772,28.333333,5.818345,28.444444,5.818345,False
3773,28.333333,3.01259,28.444444,3.01259,False
3774,28.333333,1.870504,28.444444,1.852518,False
3775,28.333333,0.872302,28.444444,0.890288,False
3776,28.333333,-0.580357,28.444444,-0.580357,False
3777,28.333333,-2.401786,28.444444,-2.401786,False
3778,28.333333,-3.303571,28.444444,-3.303571,False
3779,28.333333,-4.839286,28.444444,-4.848214,False
3780,28.333333,-5.285714,28.444444,-5.294643,False
3781,28.444444,5.818345,28.555556,5.818345,False
3782,28.444444,3.01259,28.555556,3.01259,False
3783,28.444444,1.852518,28.555556,1.843525,False
3784,28.444444,0.890288,28.555556,0.890288,False
3785,28.444444,-0.580357,28.555556,-0.580357,False
3786,28.444444,-2.401786,28.555556,-2.401786,False
3787,28.444444,-3.303571,28.555556,-3.303571,False
3788,28.444444,-4.848214,28.555556,-4.866071,False
3789,28.444444,-5.294643,28.555556,-5.294643,False
3790,28.555556,5.818345,28.666667,5.827338,False
3791,28.555556,3.01259,28.666667,3.01259,False
3792,28.555556,1.843525,28.666667,1.82554,False
3793,28.555556,0.890288,28.666667,0.890288,False
3794,28.555556,-0.580357,28.666667,-0.580357,False
3795,28.555556,-2.401786,28.666667,-2.401786,False
3796,28.555556,-3.303571,28.666667,-3.303571,False
3797,28.555556,-4.866071,28.666667,-4.875,False
3798,28.555556,-5.294643,28.666667,-5.303571,False
3799,28.666667,5.827338,28.777778,5.827338,False
3800,28.666667,3.01259,28.777778,3.01259,False
3801,28.666667,1.82554,28.777778,1.816547,False
3802,28.666667,0.890288,28.777778,0.890288,False
3803,28.666667,-0.580357,28.777778,-0.580357,False
3804,28.666667,-2.401786,28.777778,-2.401786,False
3805,28.666667,-3.303571,28.777778,-3.303571,False
3806,28.666667,-4.875,28.777778,-4.883929,False
3807,28.666667,-5.303571,28.777778,-5.330357,False
3808,28.777778,5.827338,28.888889,5.836331,False
3809,28.777778,3.01259,28.888889,3.01259,False
3810,28.777778,1.816547,28.888889,1.816547,False
3811,28.777778,0.890288,28.888889,0.899281,False
3812,28.777778,-0.580357,28.888889,-0.580357,False
3813,28.777778,-2.401786,28.888889,-2.401786,False
3814,28.777778,-3.303571,28.888889,-3.303571,False
3815,28.777778,-4.883929,28.888889,-4.901786,False
3816,28.777778,-5.330357,28.888889,-5.339286,False
3817,28.888889,5.836331,29.0,5.836331,False
3818,28.888889,3.01259,29.0,3.030576,False
3819,28.888889,1.816547,29.0,1.807554,False
3820,28.888889,0.899281,29.0,0.899281,False
3821,28.888889,-0.580357,29.0,-0.580357,False
3822,28.888889,-2.401786,29.0,-2.401786,False
3823,28.888889,-3.303571,29.0,-3.303571,False
3824,28.888889,-4.901786,29.0,-4.910714,False
3825,28.888889,-5.339286,29.0,-5.357143,False
3826,29.0,5.836331,29.111111,5.845324,False
3827,29.0,3.030576,29.111111,3.030576,False
3828,29.0,1.807554,29.111111,1.798561,False
3829,29.0,0.899281,29.111111,0.908273,False
3830,29.0,-0.580357,29.111111,-0.571429,False
3831,29.0,-2.401786,29.111111,-2.401786,False
3832,29.0,-3.303571,29.111111,-3.303571,False
3833,29.0,-4.910714,29.111111,-4.910714,False
3834,29.0,-5.357143,29.111111,-5.375,False
3835,29.111111,5.845324,29.222222,5.845324,False
3836,29.111111,3.030576,29.222222,3.030576,False
3837,29.111111,1.798561,29.222222,1.798561,False
3838,29.111111,0.908273,29.222222,0.908273,False
3839,29.111111,-0.571429,29.222222,-0.571429,False
3840,29.111111,-2.401786,29.222222,-2.401786,False
3841,29.111111,-3.303571,29.222222,-3.303571,False
3842,29.111111,-4.910714,29.222222,-4.919643,False
3843,29.111111,-5.375,29.222222,-5.392857,False
3844,29.222222,5.845324,29.333333,5.854317,False
3845,29.222222,3.030576,29.333333,3.030576,False
3846,29.222222,1.798561,29.333333,1.798561,False
3847,29.222222,0.908273,29.333333,0.908273,False
3848,29.222222,-0.571429,29.333333,-0.571429,False
3849,29.222222,-2.401786,29.333333,-2.410714,False
3850,29.222222,-3.303571,29.333333,-3.303571,False
3851,29.222222,-4.919643,29.333333,-4.9375,False
3852,29.222222,-5.392857,29.333333,-5.419643,False
3853,29.333333,5.854317,29.444444,5.854317,False
3854,29.333333,3.030576,29.444444,3.030576,False
3855,29.333333,1.798561,29.444444,1.798561,False
3856,29.333333,0.908273,29.444444,0.908273,False
3857,29.333333,-0.571429,29.444444,-0.5625,False
3858,29.333333,-2.410714,29.444444,-2.410714,False
3859,29.333333,-3.303571,29.444444,-3.303571,False
3860,29.333333,-4.9375,29.444444,-4.9375,False
3861,29.333333,-5.419643,29.444444,-5.428571,False
3862,29.444444,5.854317,29.555556,5.863309,False
3863,29.444444,3.030576,29.555556,3.039568,False
3864,29.444444,1.798561,29.555556,1.798561,False
3865,29.444444,0.908273,29.555556,0.908273,False
3866,29.444444,-0.5625,29.555556,-0.5625,False
3867,29.444444,-2.410714,29.555556,-2.419643,False
3868,29.444444,-3.303571,29.555556,-3.321429,False
3869,29.444444,-4.9375,29.555556,-4.9375,False
3870,29.444444,-5.428571,29.555556,-5.446429,False
3871,29.555556,5.863309,29.666667,5.854317,False
3872,29.555556,3.039568,29.666667,3.048561,False
3873,29.555556,1.798561,29.666667,1.798561,False
3874,29.555556,0.908273,29.666667,0.899281,False
3875,29.555556,-0.5625,29.666667,-0.5625,False
3876,29.555556,-2.419643,29.666667,-2.419643,False
3877,29.555556,-3.321429,29.666667,-3.321429,False
3878,29.555556,-4.9375,29.666667,-4.955357,False
3879,29.555556,-5.446429,29.666667,-5.446429,False
3880,29.666667,5.854317,29.777778,5.899281,False
3881,29.666667,5.854317,29.777778,5.827338,False
3882,29.666667,3.048561,29.777778,3.048561,False
3883,29.666667,1.798561,29.777778,1.798561,False
3884,29.666667,0.899281,29.777778,0.890288,False
3885,29.666667,-0.5625,29.777778,-0.5625,False
3886,29.666667,-2.419643,29.777778,-2.419643,False
3887,29.666667,-3.321429,29.777778,-3.339286,False
3888,29.666667,-4.955357,29.777778,-4.955357,False
3889,29.666667,-5.446429,29.777778,-5.464286,False
3890,29.777778,5.899281,29.888889,5.899281,False
3891,29.777778,5.827338,29.888889,5.827338,False
3892,29.777778,3.048561,29.888889,3.048561,False
3893,29.777778,1.798561,29.888889,1.807554,False
3894,29.777778,0.890288,29.888889,0.890288,False
3895,29.777778,-0.5625,29.888889,-0.5625,False
3896,29.777778,-2.419643,29.888889,-2.428571,False
3897,29.777778,-3.339286,29.888889,-3.339286,False
3898,29.777778,-4.955357,29.888889,-4.964286,False
3899,29.777778,-5.464286,29.888889,-5.482143,False
3900,29.888889,5.899281,30.0,5.917266,False
3901,29.888889,5.827338,30.0,5.827338,False
3902,29.888889,3.048561,30.0,3.057554,False
3903,29.888889,1.807554,30.0,1.807554,False
3904,29.888889,0.890288,30.0,0.899281,False
3905,29.888889,-0.5625,30.0,-0.553571,False
3906,29.888889,-2.428571,30.0,-2.4375,False
3907,29.888889,-3.339286,30.0,-3.348214,False
3908,29.888889,-4.964286,30.0,-4.964286,False
3909,29.888889,-5.482143,30.0,-5.491071,False
3910,30.0,5.917266,30.111111,5.926259,False
3911,30.0,5.827338,30.111111,5.809353,False
3912,30.0,3.057554,30.111111,3.057554,False
3913,30.0,1.807554,30.111111,1.816547,False
3914,30.0,0.899281,30.111111,0.890288,False
3915,30.0,-0.553571,30.111111,-0.553571,False
3916,30.0,-2.4375,30.111111,-2.4375,False
3917,30.0,-3.348214,30.111111,-3.348214,False
3918,30.0,-4.964286,30.111111,-4.982143,False
3919,30.0,-5.491071,30.111111,-5.5,False
3920,30.111111,5.926259,30.222222,5.935252,False
3921,30.111111,5.809353,30.222222,5.809353,False
3922,30.111111,3.057554,30.222222,3.066547,False
3923,30.111111,1.816547,30.222222,1.816547,False
3924,30.111111,0.890288,30.222222,0.890288,False
3925,30.111111,-0.553571,30.222222,-0.544643,False
3926,30.111111,-2.4375,30.222222,-2.4375,False
3927,30.111111,-3.348214,30.222222,-3.348214,False
3928,30.111111,-4.982143,30.222222,-4.982143,False
3929,30.111111,-5.5,30.222222,-5.517857,False
3930,30.222222,5.935252,30.333333,5.953237,False
3931,30.222222,5.809353,30.333333,5.809353,False
3932,30.222222,3.066547,30.333333,3.066547,False
3933,30.222222,1.816547,30.333333,1.816547,False
3934,30.222222,0.890288,30.333333,0.899281,False
3935,30.222222,-0.544643,30.333333,-0.544643,False
3936,30.222222,-2.4375,30.333333,-2.4375,False
3937,30.222222,-3.348214,30.333333,-3.366071,False
3938,30.222222,-4.982143,30.333333,-5.0,False
3939,30.222222,-5.517857,30.333333,-5.526786,False
3940,30.333333,5.953237,30.444444,5.96223,False
3941,30.333333,5.809353,30.444444,5.80036,False
3942,30.333333,3.066547,30.444444,3.07554,False
3943,30.333333,1.816547,30.444444,1.82554,False
3944,30.333333,0.899281,30.444444,0.899281,False
3945,30.333333,-0.544643,30.444444,-0.535714,False
3946,30.333333,-2.4375,30.444444,-2.446429,False
3947,30.333333,-3.366071,30.444444,-3.366071,False
3948,30.333333,-5.0,30.444444,-5.008929,False
3949,30.333333,-5.526786,30.444444,-5.544643,False
3950,30.444444,5.96223,30.555556,5.980216,False
3951,30.444444,5.80036,30.555556,5.80036,False
3952,30.444444,3.07554,30.555556,3.07554,False
3953,30.444444,1.82554,30.555556,1.82554,False
3954,30.444444,0.899281,30.555556,0.908273,False
3955,30.444444,-0.535714,30.555556,-0.535714,False
3956,30.444444,-2.446429,30.555556,-2.446429,False
3957,30.444444,-3.366071,30.555556,-3.366071,False
3958,30.444444,-5.008929,30.555556,-5.026786,False
3959,30.444444,-5.544643,30.555556,-5.5625,False
3960,30.555556,5.980216,30.666667,5.980216,False
3961,30.555556,5.80036,30.666667,5.80036,False
3962,30.555556,3.07554,30.666667,3.093525,False
3963,30.555556,1.82554,30.666667,1.82554,False
3964,30.555556,0.908273,30.666667,0.908273,False
3965,30.555556,-0.535714,30.666667,-0.535714,False
3966,30.555556,-2.446429,30.666667,-2.446429,False
3967,30.555556,-3.366071,30.666667,-3.366071,False
3968,30.555556,-5.026786,30.666667,-5.035714,False
3969,30.555556,-5.5625,30.666667,-5.5625,False
3970,30.666667,5.980216,30.777778,5.998201,False
3971,30.666667,5.80036,30.777778,5.80036,False
3972,30.666667,3.093525,30.777778,3.102518,False
3973,30.666667,1.82554,30.777778,1.82554,False
3974,30.666667,0.908273,30.777778,0.908273,False
3975,30.666667,-0.535714,30.777778,-0.535714,False
3976,30.666667,-2.446429,30.777778,-2.446429,False
3977,30.666667,-3.366071,30.777778,-3.366071,False
3978,30.666667,-5.035714,30.777778,-5.053571,False
3979,30.666667,-5.5625,30.777778,-5.580357,False
3980,30.777778,5.998201,30.888889,6.007194,False
3981,30.777778,5.80036,30.888889,5.809353,False
3982,30.777778,3.102518,30.888889,3.102518,False
3983,30.777778,1.82554,30.888889,1.834532,False
3984,30.777778,0.908273,30.888889,0.908273,False
3985,30.777778,-0.535714,30.888889,-0.535714,False
3986,30.777778,-2.446429,30.888889,-2.446429,False
3987,30.777778,-3.366071,30.888889,-3.366071,False
3988,30.777778,-5.053571,30.888889,-5.0625,False
3989,30.777778,-5.580357,30.888889,-5.589286,False
3990,30.888889,6.007194,31.0,6.02518,False
3991,30.888889,5.809353,31.0,5.809353,False
3992,30.888889,3.102518,31.0,3.120504,False
3993,30.888889,1.834532,31.0,1.843525,False
3994,30.888889,0.908273,31.0,0.908273,False
3995,30.888889,-0.535714,31.0,-0.535714,False
3996,30.888889,-2.446429,31.0,-2.446429,False
3997,30.888889,-3.366071,31.0,-3.366071,False
3998,30.888889,-5.0625,31.0,-5.071429,False
3999,30.888889,-5.589286,31.0,-5.607143,False
4000,31.0,6.02518,31.111111,6.02518,False
4001,31.0,5.809353,31.111111,5.818345,False
4002,31.0,3.120504,31.111111,3.120504,False
4003,31.0,1.843525,31.111111,1.843525,False
4004,31.0,0.908273,31.111111,0.908273,False
4005,31.0,-0.535714,31.111111,-0.535714,False
4006,31.0,-2.446429,31.111111,-2.446429,False
4007,31.0,-3.366071,31.111111,-3.366071,False
4008,31.0,-5.071429,31.111111,-5.089286,False
4009,31.0,-5.607143,31.111111,-5.616071,False
4010,31.111111,6.02518,31.222222,6.043165,False
4011,31.111111,5.818345,31.222222,5.827338,False
4012,31.111111,3.120504,31.222222,3.120504,False
4013,31.111111,1.843525,31.222222,1.861511,False
4014,31.111111,0.908273,31.222222,0.908273,False
4015,31.111111,-0.535714,31.222222,-0.526786,False
4016,31.111111,-2.446429,31.222222,-2.446429,False
4017,31.111111,-3.366071,31.222222,-3.366071,False
4018,31.111111,-5.089286,31.222222,-5.089286,False
4019,31.111111,-5.616071,31.222222,-5.633929,False
4020,31.222222,6.043165,31.333333,6.043165,False
4021,31.222222,5.827338,31.333333,5.836331,False
4022,31.222222,3.120504,31.333333,3.138489,False
4023,31.222222,1.861511,31.333333,1.870504,False
4024,31.222222,0.908273,31.333333,0.908273,False
4025,31.222222,-0.526786,31.333333,-0.526786,False
4026,31.222222,-2.446429,31.333333,-2.455357,False
4027,31.222222,-3.366071,31.333333,-3.366071,False
4028,31.222222,-5.089286,31.333333,-5.098214,False
4029,31.222222,-5.633929,31.333333,-5.642857,False
4030,31.333333,6.043165,31.444444,6.052158,False
4031,31.333333,5.836331,31.444444,5.836331,False
4032,31.333333,3.138489,31.444444,3.138489,False
4033,31.333333,1.870504,31.444444,1.870504,False
4034,31.333333,0.908273,31.444444,0.908273,False
4035,31.333333,-0.526786,31.444444,-0.526786,False
4036,31.333333,-2.455357,31.444444,-2.455357,False
4037,31.333333,-3.366071,31.444444,-3.366071,False
4038,31.333333,-5.098214,31.444444,-5.107143,False
4039,31.333333,-5.642857,31.444444,-5.660714,False
4040,31.444444,6.052158,31.555556,6.052158,False
4041,31.444444,5.836331,31.555556,5.845324,False
4042,31.444444,3.138489,31.555556,3.147482,False
4043,31.444444,1.870504,31.555556,1.888489,False
4044,31.444444,0.908273,31.555556,0.917266,False
4045,31.444444,-0.526786,31.555556,-0.526786,False
4046,31.444444,-2.455357,31.555556,-2.455357,False
4047,31.444444,-3.366071,31.555556,-3.366071,False
4048,31.444444,-5.107143,31.555556,-5.116071,False
4049,31.444444,-5.660714,31.555556,-5.669643,False
4050,31.555556,6.052158,31.666667,6.061151,False
4051,31.555556,5.845324,31.666667,5.854317,False
4052,31.555556,3.147482,31.666667,3.165468,False
4053,31.555556,1.888489,31.666667,1.897482,False
4054,31.555556,0.917266,31.666667,0.917266,False
4055,31.555556,-0.526786,31.666667,-0.526786,False
4056,31.555556,-2.455357,31.666667,-2.446429,False
4057,31.555556,-3.366071,31.666667,-3.366071,False
4058,31.555556,-5.116071,31.666667,-5.116071,False
4059,31.555556,-5.669643,31.666667,-5.6875,False
4060,31.666667,6.061151,31.777778,6.070144,False
4061,31.666667,5.854317,31.777778,5.854317,False
4062,31.666667,3.165468,31.777778,3.17446,False
4063,31.666667,1.897482,31.777778,1.906475,False
4064,31.666667,0.917266,31.777778,0.917266,False
4065,31.666667,-0.526786,31.777778,-0.526786,False
4066,31.666667,-2.446429,31.777778,-2.446429,False
4067,31.666667,-3.366071,31.777778,-3.366071,False
4068,31.666667,-5.116071,31.777778,-5.116071,False
4069,31.666667,-5.6875,31.777778,-5.696429,False
4070,31.777778,6.070144,31.888889,6.070144,False
4071,31.777778,5.854317,31.888889,5.863309,False
4072,31.777778,3.17446,31.888889,3.192446,False
4073,31.777778,1.906475,31.888889,1.92446,False
4074,31.777778,0.917266,31.888889,0.926259,False
4075,31.777778,-0.526786,31.888889,-0.526786,False
4076,31.777778,-2.446429,31.888889,-2.446429,False
4077,31.777778,-3.366071,31.888889,-3.366071,False
4078,31.777778,-5.116071,31.888889,-5.116071,False
4079,31.777778,-5.696429,31.888889,-5.705357,False
4080,31.888889,6.070144,32.0,6.061151,False
4081,31.888889,5.863309,32.0,5.872302,False
4082,31.888889,3.192446,32.0,3.201439,False
4083,31.888889,1.92446,32.0,1.933453,False
4084,31.888889,0.926259,32.0,0.926259,False
4085,31.888889,-0.526786,32.0,-0.526786,False
4086,31.888889,-2.446429,32.0,-2.446429,False
4087,31.888889,-3.366071,32.0,-3.366071,False
4088,31.888889,-5.116071,32.0,-5.116071,False
4089,31.888889,-5.705357,32.0,-5.723214,False
4090,32.0,6.061151,32.111111,6.061151,False
4091,32.0,5.872302,32.111111,5.872302,False
4092,32.0,3.201439,32.111111,3.219424,False
4093,32.0,1.933453,32.111111,1.951439,False
4094,32.0,0.926259,32.111111,0.935252,False
4095,32.0,-0.526786,32.111111,-0.526786,False
4096,32.0,-2.446429,32.111111,-2.446429,False
4097,32.0,-3.366071,32.111111,-3.357143,False
4098,32.0,-5.116071,32.111111,-5.125,False
4099,32.0,-5.723214,32.111111,-5.732143,False
4100,32.111111,6.061151,32.222222,6.052158,False
4101,32.111111,5.872302,32.222222,5.872302,False
4102,32.111111,3.219424,32.222222,3.228417,False
4103,32.111111,1.951439,32.222222,1.951439,False
4104,32.111111,0.935252,32.222222,0.935252,False
4105,32.111111,-0.526786,32.222222,-0.526786,False
4106,32.111111,-2.446429,32.222222,-2.446429,False
4107,32.111111,-3.357143,32.222222,-3.357143,False
4108,32.111111,-5.125,32.222222,-5.133929,False
4109,32.111111,-5.732143,32.222222,-5.741071,False
4110,32.222222,6.052158,32.333333,6.043165,False
4111,32.222222,5.872302,32.333333,5.872302,False
4112,32.222222,3.228417,32.333333,3.23741,False
4113,32.222222,1.951439,32.333333,1.951439,False
4114,32.222222,0.935252,32.333333,0.944245,False
4115,32.222222,-0.526786,32.333333,-0.526786,False
4116,32.222222,-2.446429,32.333333,-2.446429,False
4117,32.222222,-3.357143,32.333333,-3.357143,False
4118,32.222222,-5.133929,32.333333,-5.142857,False
4119,32.222222,-5.741071,32.333333,-5.741071,False
4120,32.333333,6.043165,32.444444,6.043165,False
4121,32.333333,5.872302,32.444444,5.872302,False
4122,32.333333,3.23741,32.444444,3.246403,False
4123,32.333333,1.951439,32.444444,1.960432,False
4124,32.333333,0.944245,32.444444,0.944245,False
4125,32.333333,-0.526786,32.444444,-0.526786,False
4126,32.333333,-2.446429,32.444444,-2.446429,False
4127,32.333333,-3.357143,32.444444,-3.348214,False
4128,32.333333,-5.142857,32.444444,-5.151786,False
4129,32.333333,-5.741071,32.444444,-5.758929,False
4130,32.444444,6.043165,32.555556,6.02518,False
4131,32.444444,5.872302,32.555556,5.872302,False
4132,32.444444,3.246403,32.555556,3.264388,False
4133,32.444444,1.960432,32.555556,1.969424,False
4134,32.444444,0.944245,32.555556,0.944245,False
4135,32.444444,-0.526786,32.555556,-0.526786,False
4136,32.444444,-2.446429,32.555556,-2.446429,False
4137,32.444444,-3.348214,32.555556,-3.357143,False
4138,32.444444,-5.151786,32.555556,-5.169643,False
4139,32.444444,-5.758929,32.555556,-5.758929,False
4140,32.555556,6.02518,32.666667,6.02518,False
4141,32.555556,5.872302,32.666667,5.872302,False
4142,32.555556,3.264388,32.666667,3.264388,False
4143,32.555556,1.969424,32.666667,1.978417,False
4144,32.555556,0.944245,32.666667,0.953237,False
4145,32.555556,-0.526786,32.666667,-0.526786,False
4146,32.555556,-2.446429,32.666667,-2.446429,False
4147,32.555556,-3.357143,32.666667,-3.357143,False
4148,32.555556,-5.169643,32.666667,-5.178571,False
4149,32.555556,-5.758929,32.666667,-5.767857,False
4150,32.666667,6.02518,32.777778,6.016187,False
4151,32.666667,5.872302,32.777778,5.872302,False
4152,32.666667,3.264388,32.777778,3.282374,False
4153,32.666667,1.978417,32.777778,1.978417,False
4154,32.666667,0.953237,32.777778,0.953237,False
4155,32.666667,-0.526786,32.777778,-0.526786,False
4156,32.666667,-2.446429,32.777778,-2.446429,False
4157,32.666667,-3.357143,32.777778,-3.366071,False
4158,32.666667,-5.178571,32.777778,-5.196429,False
4159,32.666667,-5.767857,32.777778,-5.776786,False
4160,32.777778,6.016187,32.888889,6.007194,False
4161,32.777778,5.872302,32.888889,5.881295,False
4162,32.777778,3.282374,32.888889,3.30036,False
4163,32.777778,1.978417,32.888889,1.98741,False
4164,32.777778,0.953237,32.888889,0.96223,False
4165,32.777778,-0.526786,32.888889,-0.526786,False
4166,32.777778,-2.446429,32.888889,-2.446429,False
4167,32.777778,-3.366071,32.888889,-3.366071,False
4168,32.777778,-5.196429,32.888889,-5.214286,False
4169,32.777778,-5.776786,32.888889,-5.776786,False
4170,32.888889,6.007194,33.0,6.007194,False
4171,32.888889,5.881295,33.0,5.890288,False
4172,32.888889,3.30036,33.0,3.309353,False
4173,32.888889,1.98741,33.0,1.98741,False
4174,32.888889,0.96223,33.0,0.96223,False
4175,32.888889,-0.526786,33.0,-0.526786,False
4176,32.888889,-2.446429,33.0,-2.4375,False
4177,32.888889,-3.366071,33.0,-3.366071,False
4178,32.888889,-5.214286,33.0,-5.232143,False
4179,32.888889,-5.776786,33.0,-5.776786,False
4180,33.0,6.007194,33.111111,6.007194,False
4181,33.0,5.890288,33.111111,5.899281,False
4182,33.0,3.309353,33.111111,3.318345,False
4183,33.0,1.98741,33.111111,1.98741,False
4184,33.0,0.96223,33.111111,0.971223,False
4185,33.0,-0.526786,33.111111,-0.526786,False
4186,33.0,-2.4375,33.111111,-2.4375,False
4187,33.0,-3.366071,33.111111,-3.375,False
4188,33.0,-5.232143,33.111111,-5.25,False
4189,33.0,-5.776786,33.111111,-5.776786,False
4190,33.111111,6.007194,33.222222,6.016187,False
4191,33.111111,5.899281,33.222222,5.899281,False
4192,33.111111,3.318345,33.222222,3.318345,False
4193,33.111111,1.98741,33.222222,1.996403,False
4194,33.111111,0.971223,33.222222,0.980216,False
4195,33.111111,-0.526786,33.222222,-0.526786,False
4196,33.111111,-2.4375,33.222222,-2.4375,False
4197,33.111111,-3.375,33.222222,-3.383929,False
4198,33.111111,-5.25,33.222222,-5.285714,False
4199,33.111111,-5.776786,33.222222,-5.776786,False
4200,33.222222,6.016187,33.333333,6.02518,False
4201,33.222222,5.899281,33.333333,5.908273,False
4202,33.222222,3.318345,33.333333,3.318345,False
4203,33.222222,1.996403,33.333333,1.996403,False
4204,33.222222,0.980216,33.333333,0.980216,False
4205,33.222222,-0.526786,33.333333,-0.526786,False
4206,33.222222,-2.4375,33.333333,-2.4375,False
4207,33.222222,-3.383929,33.333333,-3.383929,False
4208,33.222222,-5.285714,33.333333,-5.303571,False
4209,33.222222,-5.776786,33.333333,-5.776786,False
4210,33.333333,6.02518,33.444444,6.034173,False
4211,33.333333,5.908273,33.444444,5.917266,False
4212,33.333333,3.318345,33.444444,3.318345,False
4213,33.333333,1.996403,33.444444,2.005396,False
4214,33.333333,0.980216,33.444444,0.998201,False
4215,33.333333,-0.526786,33.444444,-0.526786,False
4216,33.333333,-2.4375,33.444444,-2.4375,False
4217,33.333333,-3.383929,33.444444,-3.392857,False
4218,33.333333,-5.303571,33.444444,-5.321429,False
4219,33.333333,-5.776786,33.444444,-5.776786,False
4220,33.444444,6.034173,33.555556,6.052158,False
4221,33.444444,5.917266,33.555556,5.917266,False
4222,33.444444,3.318345,33.555556,3.318345,False
4223,33.444444,2.005396,33.555556,2.005396,False
4224,33.444444,0.998201,33.555556,0.998201,False
4225,33.444444,-0.526786,33.555556,-0.526786,False
4226,33.444444,-2.4375,33.555556,-2.4375,False
4227,33.444444,-3.392857,33.555556,-3.410714,False
4228,33.444444,-5.321429,33.555556,-5.348214,False
4229,33.444444,-5.776786,33.555556,-5.776786,False
4230,33.555556,6.052158,33.666667,6.079137,False
4231,33.555556,5.917266,33.666667,5.917266,False
4232,33.555556,3.318345,33.666667,3.309353,False
4233,33.555556,2.005396,33.666667,2.005396,False
4234,33.555556,0.998201,33.666667,0.998201,False
4235,33.555556,-0.526786,33.666667,-0.526786,False
4236,33.555556,-2.4375,33.666667,-2.4375,False
4237,33.555556,-3.410714,33.666667,-3.410714,False
4238,33.555556,-5.348214,33.666667,-5.357143,False
4239,33.555556,-5.776786,33.666667,-5.776786,False
4240,33.666667,6.079137,33.777778,6.088129,False
4241,33.666667,5.917266,33.777778,5.917266,False
4242,33.666667,3.309353,33.777778,3.309353,False
4243,33.666667,2.005396,33.777778,2.005396,False
4244,33.666667,0.998201,33.777778,1.007194,False
4245,33.666667,-0.526786,33.777778,-0.526786,False
4246,33.666667,-2.4375,33.777778,-2.4375,False
4247,33.666667,-3.410714,33.777778,-3.419643,False
4248,33.666667,-5.357143,33.777778,-5.366071,False
4249,33.666667,-5.776786,33.777778,-5.776786,False
4250,33.777778,6.088129,33.888889,6.097122,False
4251,33.777778,5.917266,33.888889,5.899281,False
4252,33.777778,3.309353,33.888889,3.309353,False
4253,33.777778,2.005396,33.888889,2.014388,False
4254,33.777778,1.007194,33.888889,1.007194,False
4255,33.777778,-0.526786,33.888889,-0.535714,False
4256,33.777778,-2.4375,33.888889,-2.4375,False
4257,33.777778,-3.419643,33.888889,-3.428571,False
4258,33.777778,-5.366071,33.888889,-5.383929,False
4259,33.777778,-5.776786,33.888889,-5.776786,False
4260,33.888889,6.097122,34.0,6.115108,False
4261,33.888889,5.899281,34.0,5.899281,False
4262,33.888889,3.309353,34.0,3.30036,False
4263,33.888889,2.014388,34.0,2.014388,False
4264,33.888889,1.007194,34.0,1.007194,False
4265,33.888889,-0.535714,34.0,-0.535714,False
4266,33.888889,-2.4375,34.0,-2.4375,False
4267,33.888889,-3.428571,34.0,-3.428571,False
4268,33.888889,-5.383929,34.0,-5.383929,False
4269,33.888889,-5.776786,34.0,-5.776786,False
4270,34.0,6.115108,34.111111,6.124101,False
4271,34.0,5.899281,34.111111,5.899281,False
4272,34.0,3.30036,34.111111,3.291367,False
4273,34.0,2.014388,34.111111,2.014388,False
4274,34.0,1.007194,34.111111,1.007194,False
4275,34.0,-0.535714,34.111111,-0.535714,False
4276,34.0,-2.4375,34.111111,-2.4375,False
4277,34.0,-3.428571,34.111111,-3.446429,False
4278,34.0,-5.383929,34.111111,-5.392857,False
4279,34.0,-5.776786,34.111111,-5.776786,False
4280,34.111111,6.124101,34.222222,6.133094,False
4281,34.111111,5.899281,34.222222,5.890288,False
4282,34.111111,3.291367,34.222222,3.291367,False
4283,34.111111,2.014388,34.222222,2.014388,False
4284,34.111111,1.007194,34.222222,1.007194,False
4285,34.111111,-0.535714,34.222222,-0.535714,False
4286,34.111111,-2.4375,34.222222,-2.4375,False
4287,34.111111,-3.446429,34.222222,-3.464286,False
4288,34.111111,-5.392857,34.222222,-5.410714,False
4289,34.111111,-5.776786,34.222222,-5.776786,False
4290,34.222222,6.133094,34.333333,6.142086,False
4291,34.222222,5.890288,34.333333,5.890288,False
4292,34.222222,3.291367,34.333333,3.291367,False
4293,34.222222,2.014388,34.333333,2.023381,False
4294,34.222222,1.007194,34.333333,0.998201,False
4295,34.222222,-0.535714,34.333333,-0.535714,False
4296,34.222222,-2.4375,34.333333,-2.4375,False
4297,34.222222,-3.464286,34.333333,-3.464286,False
4298,34.222222,-5.410714,34.333333,-5.419643,False
4299,34.222222,-5.776786,34.333333,-5.776786,False
4300,34.333333,6.142086,34.444444,6.142086,False
4301,34.333333,5.890288,34.444444,5.872302,False
4302,34.333333,3.291367,34.444444,3.309353,False
4303,34.333333,2.023381,34.444444,2.023381,False
4304,34.333333,0.998201,34.444444,0.998201,False
4305,34.333333,-0.535714,34.444444,-0.535714,False
4306,34.333333,-2.4375,34.444444,-2.4375,False
4307,34.333333,-3.464286,34.444444,-3.482143,False
4308,34.333333,-5.419643,34.444444,-5.428571,False
4309,34.333333,-5.776786,34.444444,-5.794643,False
4310,34.444444,6.142086,34.555556,6.151079,False
4311,34.444444,5.872302,34.555556,5.872302,False
4312,34.444444,3.309353,34.555556,3.309353,False
4313,34.444444,2.023381,34.555556,2.032374,False
4314,34.444444,0.998201,34.555556,0.998201,False
4315,34.444444,-0.535714,34.555556,-0.535714,False
4316,34.444444,-2.4375,34.555556,-2.4375,False
4317,34.444444,-3.482143,34.555556,-3.482143,False
4318,34.444444,-5.428571,34.555556,-5.446429,False
4319,34.444444,-5.794643,34.555556,-5.794643,False
4320,34.555556,6.151079,34.666667,6.160072,False
4321,34.555556,5.872302,34.666667,5.863309,False
4322,34.555556,3.309353,34.666667,3.309353,False
4323,34.555556,2.032374,34.666667,2.041367,False
4324,34.555556,0.998201,34.666667,0.998201,False
4325,34.555556,-0.535714,34.666667,-0.535714,False
4326,34.555556,-2.4375,34.666667,-2.4375,False
4327,34.555556,-3.482143,34.666667,-3.5,False
4328,34.555556,-5.446429,34.666667,-5.464286,False
4329,34.555556,-5.794643,34.666667,-5.803571,False
4330,34.666667,6.160072,34.777778,6.160072,False
4331,34.666667,5.863309,34.777778,5.854317,False
4332,34.666667,3.309353,34.777778,3.327338,False
4333,34.666667,2.041367,34.777778,2.041367,False
4334,34.666667,0.998201,34.777778,0.989209,False
4335,34.666667,-0.535714,34.777778,-0.535714,False
4336,34.666667,-2.4375,34.777778,-2.4375,False
4337,34.666667,-3.5,34.777778,-3.517857,False
4338,34.666667,-5.464286,34.777778,-5.473214,False
4339,34.666667,-5.803571,34.777778,-5.8125,False
4340,34.777778,6.160072,34.888889,6.160072,False
4341,34.777778,5.854317,34.888889,5.854317,False
4342,34.777778,3.327338,34.888889,3.336331,False
4343,34.777778,2.041367,34.888889,2.05036,False
4344,34.777778,0.989209,34.888889,0.989209,False
4345,34.777778,-0.535714,34.888889,-0.535714,False
4346,34.777778,-2.4375,34.888889,-2.4375,False
4347,34.777778,-3.517857,34.888889,-3.517857,False
4348,34.777778,-5.473214,34.888889,-5.482143,False
4349,34.777778,-5.8125,34.888889,-5.821429,False
4350,34.888889,6.160072,35.0,6.160072,False
4351,34.888889,5.854317,35.0,5.854317,False
4352,34.888889,3.336331,35.0,3.336331,False
4353,34.888889,2.05036,35.0,2.059353,False
4354,34.888889,0.989209,35.0,0.989209,False
4355,34.888889,-0.535714,35.0,-0.535714,False
4356,34.888889,-2.4375,35.0,-2.446429,False
4357,34.888889,-3.517857,35.0,-3.535714,False
4358,34.888889,-5.482143,35.0,-5.5,False
4359,34.888889,-5.821429,35.0,-5.821429,False
4360,35.0,6.160072,35.111111,6.160072,False
4361,35.0,5.854317,35.111111,5.854317,False
4362,35.0,3.336331,35.111111,3.336331,False
4363,35.0,2.059353,35.111111,2.059353,False
4364,35.0,0.989209,35.111111,0.989209,False
4365,35.0,-0.535714,35.111111,-0.535714,False
4366,35.0,-2.446429,35.111111,-2.446429,False
4367,35.0,-3.535714,35.111111,-3.553571,False
4368,35.0,-5.5,35.111111,-5.508929,False
4369,35.0,-5.821429,35.111111,-5.839286,False
4370,35.111111,6.160072,35.222222,6.160072,False
4371,35.111111,5.854317,35.222222,5.854317,False
4372,35.111111,3.336331,35.222222,3.336331,False
4373,35.111111,2.059353,35.222222,2.068345,False
4374,35.111111,0.989209,35.222222,0.980216,False
4375,35.111111,-0.535714,35.222222,-0.544643,False
4376,35.111111,-2.446429,35.222222,-2.446429,False
4377,35.111111,-3.553571,35.222222,-3.5625,False
4378,35.111111,-5.508929,35.222222,-5.526786,False
4379,35.111111,-5.839286,35.222222,-5.848214,False
4380,35.222222,6.160072,35.333333,6.160072,False
4381,35.222222,5.854317,35.333333,5.854317,False
4382,35.222222,3.336331,35.333333,3.336331,False
4383,35.222222,2.068345,35.333333,2.077338,False
4384,35.222222,0.980216,35.333333,0.980216,False
4385,35.222222,-0.544643,35.333333,-0.544643,False
4386,35.222222,-2.446429,35.333333,-2.446429,False
4387,35.222222,-3.5625,35.333333,-3.571429,False
4388,35.222222,-5.526786,35.333333,-5.526786,False
4389,35.222222,-5.848214,35.333333,-5.866071,False
4390,35.333333,6.160072,35.444444,6.160072,False
4391,35.333333,5.854317,35.444444,5.863309,False
4392,35.333333,3.336331,35.444444,3.336331,False
4393,35.333333,2.077338,35.444444,2.086331,False
4394,35.333333,0.980216,35.444444,0.980216,False
4395,35.333333,-0.544643,35.444444,-0.544643,False
4396,35.333333,-2.446429,35.444444,-2.446429,False
4397,35.333333,-3.571429,35.444444,-3.589286,False
4398,35.333333,-5.526786,35.444444,-5.535714,False
4399,35.333333,-5.866071,35.444444,-5.883929,False
4400,35.444444,6.160072,35.555556,6.160072,False
4401,35.444444,5.863309,35.555556,5.872302,False
4402,35.444444,3.336331,35.555556,3.336331,False
4403,35.444444,2.086331,35.555556,2.086331,False
4404,35.444444,0.980216,35.555556,0.980216,False
4405,35.444444,-0.544643,35.555556,-0.544643,False
4406,35.444444,-2.446429,35.555556,-2.455357,False
4407,35.444444,-3.589286,35.555556,-3.589286,False
4408,35.444444,-5.535714,35.555556,-5.535714,False
4409,35.444444,-5.883929,35.555556,-5.901786,False
4410,35.555556,6.160072,35.666667,6.160072,False
4411,35.555556,5.872302,35.666667,5.872302,False
4412,35.555556,3.336331,35.666667,3.336331,False
4413,35.555556,2.086331,35.666667,2.095324,False
4414,35.555556,0.980216,35.666667,0.971223,False
4415,35.555556,-0.544643,35.666667,-0.544643,False
4416,35.555556,-2.455357,35.666667,-2.455357,False
4417,35.555556,-3.589286,35.666667,-3.607143,False
4418,35.555556,-5.535714,35.666667,-5.535714,False
4419,35.555556,-5.901786,35.666667,-5.910714,False
4420,35.666667,6.160072,35.777778,6.160072,False
4421,35.666667,5.872302,35.777778,5.872302,False
4422,35.666667,3.336331,35.777778,3.336331,False
4423,35.666667,2.095324,35.777778,2.104317,False
4424,35.666667,0.971223,35.777778,0.971223,False
4425,35.666667,-0.544643,35.777778,-0.544643,False
4426,35.666667,-2.455357,35.777778,-2.455357,False
4427,35.666667,-3.607143,35.777778,-3.616071,False
4428,35.666667,-5.535714,35.777778,-5.535714,False
4429,35.666667,-5.910714,35.777778,-5.928571,False
4430,35.777778,6.160072,35.888889,6.160072,False
4431,35.777778,5.872302,35.888889,5.890288,False
4432,35.777778,3.336331,35.888889,3.336331,False
4433,35.777778,2.104317,35.888889,2.104317,False
4434,35.777778,0.971223,35.888889,0.971223,False
4435,35.777778,-0.544643,35.888889,-0.544643,False
4436,35.777778,-2.455357,35.888889,-2.464286,False
4437,35.777778,-3.616071,35.888889,-3.625,False
4438,35.777778,-5.535714,35.888889,-5.526786,False
4439,35.777778,-5.928571,35.888889,-5.946429,False
4440,35.888889,6.160072,36.0,6.160072,False
4441,35.888889,5.890288,36.0,5.890288,False
4442,35.888889,3.336331,36.0,3.336331,False
4443,35.888889,2.104317,36.0,2.104317,False
4444,35.888889,0.971223,36.0,0.96223,False
4445,35.888889,-0.544643,36.0,-0.544643,False
4446,35.888889,-2.464286,36.0,-2.464286,False
4447,35.888889,-3.625,36.0,-3.633929,False
4448,35.888889,-5.526786,36.0,-5.526786,False
4449,35.888889,-5.946429,36.0,-5.955357,False
4450,36.0,6.160072,36.111111,6.160072,False
4451,36.0,5.890288,36.111111,5.890288,False
4452,36.0,3.336331,36.111111,3.336331,False
4453,36.0,2.104317,36.111111,2.113309,False
4454,36.0,0.96223,36.111111,0.96223,False
4455,36.0,-0.544643,36.111111,-0.535714,False
4456,36.0,-2.464286,36.111111,-2.464286,False
4457,36.0,-3.633929,36.111111,-3.642857,False
4458,36.0,-5.526786,36.111111,-5.526786,False
4459,36.0,-5.955357,36.111111,-5.964286,False
4460,36.111111,6.160072,36.222222,6.160072,False
4461,36.111111,5.890288,36.222222,5.899281,False
4462,36.111111,3.336331,36.222222,3.336331,False
4463,36.111111,2.113309,36.222222,2.113309,False
4464,36.111111,0.96223,36.222222,0.96223,False
4465,36.111111,-0.535714,36.222222,-0.535714,False
4466,36.111111,-2.464286,36.222222,-2.464286,False
4467,36.111111,-3.642857,36.222222,-3.660714,False
4468,36.111111,-5.526786,36.222222,-5.508929,False
4469,36.111111,-5.964286,36.222222,-5.991071,False
4470,36.222222,6.160072,36.333333,6.160072,False
4471,36.222222,5.899281,36.333333,5.917266,False
4472,36.222222,3.336331,36.333333,3.336331,False
4473,36.222222,2.113309,36.333333,2.113309,False
4474,36.222222,0.96223,36.333333,0.96223,False
4475,36.222222,-0.535714,36.333333,-0.535714,False
4476,36.222222,-2.464286,36.333333,-2.464286,False
4477,36.222222,-3.660714,36.333333,-3.660714,False
4478,36.222222,-5.508929,36.333333,-5.508929,False
4479,36.222222,-5.991071,36.333333,-6.0,False
4480,36.333333,6.160072,36.444444,6.160072,False
4481,36.333333,5.917266,36.444444,5.917266,False
4482,36.333333,3.336331,36.444444,3.336331,False
4483,36.333333,2.113309,36.444444,2.113309,False
4484,36.333333,0.96223,36.444444,0.96223,False
4485,36.333333,-0.535714,36.444444,-0.535714,False
4486,36.333333,-2.464286,36.444444,-2.464286,False
4487,36.333333,-3.660714,36.444444,-3.669643,False
4488,36.333333,-5.508929,36.444444,-5.5,False
4489,36.333333,-6.0,36.444444,-6.017857,False
4490,36.444444,6.160072,36.555556,6.160072,False
4491,36.444444,5.917266,36.555556,5.935252,False
4492,36.444444,3.336331,36.555556,3.336331,False
4493,36.444444,2.113309,36.555556,2.113309,False
4494,36.444444,0.96223,36.555556,0.953237,False
4495,36.444444,-0.535714,36.555556,-0.535714,False
4496,36.444444,-2.464286,36.555556,-2.464286,False
4497,36.444444,-3.669643,36.555556,-3.678571,False
4498,36.444444,-5.5,36.555556,-5.5,False
4499,36.444444,-6.017857,36.555556,-6.035714,False
4500,36.555556,6.160072,36.666667,6.160072,False
4501,36.555556,5.935252,36.666667,5.935252,False
4502,36.555556,3.336331,36.666667,3.336331,False
4503,36.555556,2.113309,36.666667,2.113309,False
4504,36.555556,0.953237,36.666667,0.953237,False
4505,36.555556,-0.535714,36.666667,-0.535714,False
4506,36.555556,-2.464286,36.666667,-2.455357,False
4507,36.555556,-3.678571,36.666667,-3.678571,False
4508,36.555556,-5.5,36.666667,-5.5,False
4509,36.555556,-6.035714,36.666667,-6.053571,False
4510,36.666667,6.160072,36.777778,6.160072,False
4511,36.666667,5.935252,36.777778,5.953237,False
4512,36.666667,3.336331,36.777778,3.336331,False
4513,36.666667,2.113309,36.777778,2.113309,False
4514,36.666667,0.953237,36.777778,0.953237,False
4515,36.666667,-0.535714,36.777778,-0.535714,False
4516,36.666667,-2.455357,36.777778,-2.455357,False
4517,36.666667,-3.678571,36.777778,-3.696429,False
4518,36.666667,-5.5,36.777778,-5.5,False
4519,36.666667,-6.053571,36.777778,-6.0625,False
4520,36.777778,6.160072,36.888889,6.169065,False
4521,36.777778,5.953237,36.888889,5.96223,False
4522,36.777778,3.336331,36.888889,3.336331,False
4523,36.777778,2.113309,36.888889,2.113309,False
4524,36.777778,0.953237,36.888889,0.96223,False
4525,36.777778,-0.535714,36.888889,-0.535714,False
4526,36.777778,-2.455357,36.888889,-2.446429,False
4527,36.777778,-3.696429,36.888889,-3.705357,False
4528,36.777778,-5.5,36.888889,-5.491071,False
4529,36.777778,-6.0625,36.888889,-6.071429,False
4530,36.888889,6.169065,37.0,6.169065,False
4531,36.888889,5.96223,37.0,5.980216,False
4532,36.888889,3.336331,37.0,3.345324,False
4533,36.888889,2.113309,37.0,2.122302,False
4534,36.888889,0.96223,37.0,0.96223,False
4535,36.888889,-0.535714,37.0,-0.535714,False
4536,36.888889,-2.446429,37.0,-2.446429,False
4537,36.888889,-3.705357,37.0,-3.705357,False
4538,36.888889,-5.491071,37.0,-5.491071,False
4539,36.888889,-6.071429,37.0,-6.089286,False
4540,37.0,6.169065,37.111111,6.178058,False
4541,37.0,5.980216,37.111111,5.980216,False
4542,37.0,3.345324,37.111111,3.354317,False
4543,37.0,2.122302,37.111111,2.122302,False
4544,37.0,0.96223,37.111111,0.96223,False
4545,37.0,-0.535714,37.111111,-0.535714,False
4546,37.0,-2.446429,37.111111,-2.446429,False
4547,37.0,-3.705357,37.111111,-3.723214,False
4548,37.0,-5.491071,37.111111,-5.491071,False
4549,37.0,-6.089286,37.111111,-6.107143,False
4550,37.111111,6.178058,37.222222,6.18705,False
4551,37.111111,5.980216,37.222222,5.998201,False
4552,37.111111,3.354317,37.222222,3.354317,False
4553,37.111111,2.122302,37.222222,2.122302,False
4554,37.111111,0.96223,37.222222,0.96223,False
4555,37.111111,-0.535714,37.222222,-0.535714,False
4556,37.111111,-2.446429,37.222222,-2.446429,False
4557,37.111111,-3.723214,37.222222,-3.741071,False
4558,37.111111,-5.491071,37.222222,-5.491071,False
4559,37.111111,-6.107143,37.222222,-6.125,False
4560,37.222222,6.18705,37.333333,6.205036,False
4561,37.222222,5.998201,37.333333,6.007194,False
4562,37.222222,3.354317,37.333333,3.363309,False
4563,37.222222,2.122302,37.333333,2.122302,False
4564,37.222222,0.96223,37.333333,0.96223,False
4565,37.222222,-0.535714,37.333333,-0.535714,False
4566,37.222222,-2.446429,37.333333,-2.4375,False
4567,37.222222,-3.741071,37.333333,-3.741071,False
4568,37.222222,-5.491071,37.333333,-5.491071,False
4569,37.222222,-6.125,37.333333,-6.133929,False
4570,37.333333,6.205036,37.444444,6.214029,False
4571,37.333333,6.007194,37.444444,6.016187,False
4572,37.333333,3.363309,37.444444,3.372302,False
4573,37.333333,2.122302,37.444444,2.122302,False
4574,37.333333,0.96223,37.444444,0.971223,False
4575,37.333333,-0.535714,37.444444,-0.544643,False
4576,37.333333,-2.4375,37.444444,-2.4375,False
4577,37.333333,-3.741071,37.444444,-3.741071,False
4578,37.333333,-5.491071,37.444444,-5.491071,False
4579,37.333333,-6.133929,37.444444,-6.142857,False
4580,37.444444,6.214029,37.555556,6.223022,False
4581,37.444444,6.016187,37.555556,6.034173,False
4582,37.444444,3.372302,37.555556,3.381295,False
4583,37.444444,2.122302,37.555556,2.131295,False
4584,37.444444,0.971223,37.555556,0.971223,False
4585,37.444444,-0.544643,37.555556,-0.553571,False
4586,37.444444,-2.4375,37.555556,-2.4375,False
4587,37.444444,-3.741071,37.555556,-3.741071,False
4588,37.444444,-5.491071,37.555556,-5.491071,False
4589,37.444444,-6.142857,37.555556,-6.151786,False
4590,37.555556,6.223022,37.666667,6.241007,False
4591,37.555556,6.034173,37.666667,6.043165,False
4592,37.555556,3.381295,37.666667,3.390288,False
4593,37.555556,2.131295,37.666667,2.131295,False
4594,37.555556,0.971223,37.666667,0.980216,False
4595,37.555556,-0.553571,37.666667,-0.553571,False
4596,37.555556,-2.4375,37.666667,-2.446429,False
4597,37.555556,-3.741071,37.666667,-3.75,False
4598,37.555556,-5.491071,37.666667,-5.491071,False
4599,37.555556,-6.151786,37.666667,-6.151786,False
4600,37.666667,6.241007,37.777778,6.258993,False
4601,37.666667,6.043165,37.777778,6.052158,False
4602,37.666667,3.390288,37.777778,3.399281,False
4603,37.666667,2.131295,37.777778,2.131295,False
4604,37.666667,0.980216,37.777778,0.980216,False
4605,37.666667,-0.553571,37.777778,-0.553571,False
4606,37.666667,-2.446429,37.777778,-2.4375,False
4607,37.666667,-3.75,37.777778,-3.75,False
4608,37.666667,-5.491071,37.777778,-5.491071,False
4609,37.666667,-6.151786,37.777778,-6.160714,False
4610,37.777778,6.258993,37.888889,6.276978,False
4611,37.777778,6.052158,37.888889,6.070144,False
4612,37.777778,3.399281,37.888889,3.408273,False
4613,37.777778,2.131295,37.888889,2.140288,False
4614,37.777778,0.980216,37.888889,0.989209,False
4615,37.777778,-0.553571,37.888889,-0.553571,False
4616,37.777778,-2.4375,37.888889,-2.4375,False
4617,37.777778,-3.75,37.888889,-3.75,False
4618,37.777778,-5.491071,37.888889,-5.5,False
4619,37.777778,-6.160714,37.888889,-6.169643,False
4620,37.888889,6.276978,38.0,6.294964,False
4621,37.888889,6.070144,38.0,6.070144,False
4622,37.888889,3.408273,38.0,3.408273,False
4623,37.888889,2.140288,38.0,2.149281,False
4624,37.888889,0.989209,38.0,0.998201,False
4625,37.888889,-0.553571,38.0,-0.544643,False
4626,37.888889,-2.4375,38.0,-2.4375,False
4627,37.888889,-3.75,38.0,-3.767857,False
4628,37.888889,-5.5,38.0,-5.508929,False
4629,37.888889,-6.169643,38.0,-6.169643,False
4630,38.0,6.294964,38.111111,6.31295,False
4631,38.0,6.070144,38.111111,6.079137,False
4632,38.0,3.408273,38.111111,3.408273,False
4633,38.0,2.149281,38.111111,2.149281,False
4634,38.0,0.998201,38.111111,0.998201,False
4635,38.0,-0.544643,38.111111,-0.544643,False
4636,38.0,-2.4375,38.111111,-2.4375,False
4637,38.0,-3.767857,38.111111,-3.767857,False
4638,38.0,-5.508929,38.111111,-5.508929,False
4639,38.0,-6.169643,38.111111,-6.169643,False
4640,38.111111,6.31295,38.222222,6.330935,False
4641,38.111111,6.079137,38.222222,6.088129,False
4642,38.111111,3.408273,38.222222,3.408273,False
4643,38.111111,2.149281,38.222222,2.158273,False
4644,38.111111,0.998201,38.222222,0.998201,False
4645,38.111111,-0.544643,38.222222,-0.544643,False
4646,38.111111,-2.4375,38.222222,-2.428571,False
4647,38.111111,-3.767857,38.222222,-3.767857,False
4648,38.111111,-5.508929,38.222222,-5.517857,False
4649,38.111111,-6.169643,38.222222,-6.169643,False
4650,38.222222,6.330935,38.333333,6.366906,False
4651,38.222222,6.088129,38.333333,6.097122,False
4652,38.222222,3.408273,38.333333,3.417266,False
4653,38.222222,2.158273,38.333333,2.167266,False
4654,38.222222,0.998201,38.333333,1.016187,False
4655,38.222222,-0.544643,38.333333,-0.544643,False
4656,38.222222,-2.428571,38.333333,-2.428571,False
4657,38.222222,-3.767857,38.333333,-3.767857,False
4658,38.222222,-5.517857,38.333333,-5.517857,False
4659,38.222222,-6.169643,38.333333,-6.169643,False
4660,38.333333,6.366906,38.444444,6.384892,False
4661,38.333333,6.097122,38.444444,6.106115,False
4662,38.333333,3.417266,38.444444,3.426259,False
4663,38.333333,2.167266,38.444444,2.176259,False
4664,38.333333,1.016187,38.444444,1.02518,False
4665,38.333333,-0.544643,38.444444,-0.544643,False
4666,38.333333,-2.428571,38.444444,-2.419643,False
4667,38.333333,-3.767857,38.444444,-3.767857,False
4668,38.333333,-5.517857,38.444444,-5.517857,False
4669,38.333333,-6.169643,38.444444,-6.169643,False
4670,38.444444,6.384892,38.555556,6.402878,False
4671,38.444444,6.106115,38.555556,6.106115,False
4672,38.444444,3.426259,38.555556,3.426259,False
4673,38.444444,2.176259,38.555556,2.185252,False
4674,38.444444,1.02518,38.555556,1.034173,False
4675,38.444444,-0.544643,38.555556,-0.544643,False
4676,38.444444,-2.419643,38.555556,-2.419643,False
4677,38.444444,-3.767857,38.555556,-3.767857,False
4678,38.444444,-5.517857,38.555556,-5.517857,False
4679,38.444444,-6.169643,38.555556,-6.169643,False
4680,38.555556,6.402878,38.666667,6.411871,False
4681,38.555556,6.106115,38.666667,6.115108,False
4682,38.555556,3.426259,38.666667,3.426259,False
4683,38.555556,2.185252,38.666667,2.185252,False
4684,38.555556,1.034173,38.666667,1.034173,False
4685,38.555556,-0.544643,38.666667,-0.544643,False
4686,38.555556,-2.419643,38.666667,-2.419643,False
4687,38.555556,-3.767857,38.666667,-3.767857,False
4688,38.555556,-5.517857,38.666667,-5.508929,False
4689,38.555556,-6.169643,38.666667,-6.169643,False
4690,38.666667,6.411871,38.777778,6.420863,False
4691,38.666667,6.115108,38.777778,6.115108,False
4692,38.666667,3.426259,38.777778,3.426259,False
4693,38.666667,2.185252,38.777778,2.185252,False
4694,38.666667,1.034173,38.777778,1.034173,False
4695,38.666667,-0.544643,38.777778,-0.544643,False
4696,38.666667,-2.419643,38.777778,-2.419643,False
4697,38.666667,-3.767857,38.777778,-3.767857,False
4698,38.666667,-5.508929,38.777778,-5.508929,False
4699,38.666667,-6.169643,38.777778,-6.169643,False
4700,38.777778,6.420863,38.888889,6.429856,False
4701,38.777778,6.115108,38.888889,6.124101,False
4702,38.777778,3.426259,38.888889,3.426259,False
4703,38.777778,2.185252,38.888889,2.185252,False
4704,38.777778,1.034173,38.888889,1.043165,False
4705,38.777778,-0.544643,38.888889,-0.544643,False
4706,38.777778,-2.419643,38.888889,-2.419643,False
4707,38.777778,-3.767857,38.888889,-3.767857,False
4708,38.777778,-5.508929,38.888889,-5.508929,False
4709,38.777778,-6.169643,38.888889,-6.169643,False
4710,38.888889,6.429856,39.0,6.438849,False
4711,38.888889,6.124101,39.0,6.124101,False
4712,38.888889,3.426259,39.0,3.444245,False
4713,38.888889,2.185252,39.0,2.194245,False
4714,38.888889,1.043165,39.0,1.052158,False
4715,38.888889,-0.544643,39.0,-0.544643,False
4716,38.888889,-2.419643,39.0,-2.419643,False
4717,38.888889,-3.767857,39.0,-3.767857,False
4718,38.888889,-5.508929,39.0,-5.5,False
4719,38.888889,-6.169643,39.0,-6.169643,False
4720,39.0,6.438849,39.111111,6.447842,False
4721,39.0,6.124101,39.111111,6.124101,False
4722,39.0,3.444245,39.111111,3.444245,False
4723,39.0,2.194245,39.111111,2.194245,False
4724,39.0,1.052158,39.111111,1.052158,False
4725,39.0,-0.544643,39.111111,-0.544643,False
4726,39.0,-2.419643,39.111111,-2.419643,False
4727,39.0,-3.767857,39.111111,-3.776786,False
4728,39.0,-5.5,39.111111,-5.491071,False
4729,39.0,-6.169643,39.111111,-6.160714,False
4730,39.111111,6.447842,39.222222,6.456835,False
4731,39.111111,6.124101,39.222222,6.124101,False
4732,39.111111,3.444245,39.222222,3.444245,False
4733,39.111111,2.194245,39.222222,2.194245,False
4734,39.111111,1.052158,39.222222,1.052158,False
4735,39.111111,-0.544643,39.222222,-0.544643,False
4736,39.111111,-2.419643,39.222222,-2.419643,False
4737,39.111111,-3.776786,39.222222,-3.785714,False
4738,39.111111,-5.491071,39.222222,-5.491071,False
4739,39.111111,-6.160714,39.222222,-6.151786,False
4740,39.222222,6.456835,39.333333,6.456835,False
4741,39.222222,6.124101,39.333333,6.133094,False
4742,39.222222,3.444245,39.333333,3.453237,False
4743,39.222222,2.194245,39.333333,2.203237,False
4744,39.222222,1.052158,39.333333,1.052158,False
4745,39.222222,-0.544643,39.333333,-0.544643,False
4746,39.222222,-2.419643,39.333333,-2.419643,False
4747,39.222222,-3.785714,39.333333,-3.785714,False
4748,39.222222,-5.491071,39.333333,-5.482143,False
4749,39.222222,-6.151786,39.333333,-6.151786,False
4750,39.333333,6.456835,39.444444,6.456835,False
4751,39.333333,6.133094,39.444444,6.133094,False
4752,39.333333,3.453237,39.444444,3.453237,False
4753,39.333333,2.203237,39.444444,2.203237,False
4754,39.333333,1.052158,39.444444,1.052158,False
4755,39.333333,-0.544643,39.444444,-0.544643,False
4756,39.333333,-2.419643,39.444444,-2.419643,False
4757,39.333333,-3.785714,39.444444,-3.785714,False
4758,39.333333,-5.482143,39.444444,-5.473214,False
4759,39.333333,-6.151786,39.444444,-6.133929,False
4760,39.444444,6.456835,39.555556,6.456835,False
4761,39.444444,6.133094,39.555556,6.142086,False
4762,39.444444,3.453237,39.555556,3.471223,False
4763,39.444444,2.203237,39.555556,2.203237,False
4764,39.444444,1.052158,39.555556,1.052158,False
4765,39.444444,-0.544643,39.555556,-0.544643,False
4766,39.444444,-2.419643,39.555556,-2.419643,False
4767,39.444444,-3.785714,39.555556,-3.794643,False
4768,39.444444,-5.473214,39.555556,-5.464286,False
4769,39.444444,-6.133929,39.555556,-6.133929,False
4770,39.555556,6.456835,39.666667,6.465827,False
4771,39.555556,6.142086,39.666667,6.133094,False
4772,39.555556,3.471223,39.666667,3.480216,False
4773,39.555556,2.203237,39.666667,2.203237,False
4774,39.555556,1.052158,39.666667,1.052158,False
4775,39.555556,-0.544643,39.666667,-0.544643,False
4776,39.555556,-2.419643,39.666667,-2.419643,False
4777,39.555556,-3.794643,39.666667,-3.794643,False
4778,39.555556,-5.464286,39.666667,-5.464286,False
4779,39.555556,-6.133929,39.666667,-6.116071,False
4780,39.666667,6.465827,39.777778,6.465827,False
4781,39.666667,6.133094,39.777778,6.124101,False
4782,39.666667,3.480216,39.777778,3.489209,False
4783,39.666667,2.203237,39.777778,2.21223,False
4784,39.666667,1.052158,39.777778,1.052158,False
4785,39.666667,-0.544643,39.777778,-0.535714,False
4786,39.666667,-2.419643,39.777778,-2.419643,False
4787,39.666667,-3.794643,39.777778,-3.794643,False
4788,39.666667,-5.464286,39.777778,-5.455357,False
4789,39.666667,-6.116071,39.777778,-6.116071,False
4790,39.777778,6.465827,39.888889,6.465827,False
4791,39.777778,6.124101,39.888889,6.124101,False
4792,39.777778,3.489209,39.888889,3.498201,False
4793,39.777778,2.21223,39.888889,2.21223,False
4794,39.777778,1.052158,39.888889,1.052158,False
4795,39.777778,-0.535714,39.888889,-0.535714,False
4796,39.777778,-2.419643,39.888889,-2.419643,False
4797,39.777778,-3.794643,39.888889,-3.803571,False
4798,39.777778,-5.455357,39.888889,-5.4375,False
4799,39.777778,-6.116071,39.888889,-6.116071,False
4800,39.888889,6.465827,40.0,6.465827,False
4801,39.888889,6.124101,40.0,6.115108,False
4802,39.888889,3.498201,40.0,3.507194,False
4803,39.888889,2.21223,40.0,2.21223,False
4804,39.888889,1.052158,40.0,1.052158,False
4805,39.888889,-0.535714,40.0,-0.526786,False
4806,39.888889,-2.419643,40.0,-2.419643,False
4807,39.888889,-3.803571,40.0,-3.8125,False
4808,39.888889,-5.4375,40.0,-5.4375,False
4809,39.888889,-6.116071,40.0,-6.098214,False
4810,40.0,6.465827,40.111111,6.465827,False
4811,40.0,6.115108,40.111111,6.115108,False
4812,40.0,3.507194,40.111111,3.52518,False
4813,40.0,2.21223,40.111111,2.21223,False
4814,40.0,1.052158,40.111111,1.052158,False
4815,40.0,-0.526786,40.111111,-0.526786,False
4816,40.0,-2.419643,40.111111,-2.428571,False
4817,40.0,-3.8125,40.111111,-3.821429,False
4818,40.0,-5.4375,40.111111,-5.419643,False
4819,40.0,-6.098214,40.111111,-6.098214,False
4820,40.111111,6.465827,40.222222,6.465827,False
4821,40.111111,6.115108,40.222222,6.097122,False
4822,40.111111,3.52518,40.222222,3.534173,False
4823,40.111111,2.21223,40.222222,2.21223,False
4824,40.111111,1.052158,40.222222,1.052158,False
4825,40.111111,-0.526786,40.222222,-0.526786,False
4826,40.111111,-2.428571,40.222222,-2.428571,False
4827,40.111111,-3.821429,40.222222,-3.830357,False
4828,40.111111,-5.419643,40.222222,-5.419643,False
4829,40.111111,-6.098214,40.222222,-6.080357,False
4830,40.222222,6.465827,40.333333,6.47482,False
4831,40.222222,6.097122,40.333333,6.097122,False
4832,40.222222,3.534173,40.333333,3.543165,False
4833,40.222222,2.21223,40.333333,2.221223,False
4834,40.222222,1.052158,40.333333,1.052158,False
4835,40.222222,-0.526786,40.333333,-0.526786,False
4836,40.222222,-2.428571,40.333333,-2.428571,False
4837,40.222222,-3.830357,40.333333,-3.830357,False
4838,40.222222,-5.419643,40.333333,-5.410714,False
4839,40.222222,-6.080357,40.333333,-6.080357,False
4840,40.333333,6.47482,40.444444,6.483813,False
4841,40.333333,6.097122,40.444444,6.088129,False
4842,40.333333,3.543165,40.444444,3.561151,False
4843,40.333333,2.221223,40.444444,2.221223,False
4844,40.333333,1.052158,40.444444,1.061151,False
4845,40.333333,-0.526786,40.444444,-0.526786,False
4846,40.333333,-2.428571,40.444444,-2.4375,False
4847,40.333333,-3.830357,40.444444,-3.839286,False
4848,40.333333,-5.410714,40.444444,-5.401786,False
4849,40.333333,-6.080357,40.444444,-6.080357,False
4850,40.444444,6.483813,40.555556,6.492806,False
4851,40.444444,6.088129,40.555556,6.079137,False
4852,40.444444,3.561151,40.555556,3.570144,False
4853,40.444444,2.221223,40.555556,2.221223,False
4854,40.444444,1.061151,40.555556,1.070144,False
4855,40.444444,-0.526786,40.555556,-0.526786,False
4856,40.444444,-2.4375,40.555556,-2.4375,False
4857,40.444444,-3.839286,40.555556,-3.848214,False
4858,40.444444,-5.401786,40.555556,-5.392857,False
4859,40.444444,-6.080357,40.555556,-6.080357,False
4860,40.555556,6.492806,40.666667,6.501799,False
4861,40.555556,6.079137,40.666667,6.079137,False
4862,40.555556,3.570144,40.666667,3.588129,False
4863,40.555556,2.221223,40.666667,2.221223,False
4864,40.555556,1.070144,40.666667,1.070144,False
4865,40.555556,-0.526786,40.666667,-0.526786,False
4866,40.555556,-2.4375,40.666667,-2.4375,False
4867,40.555556,-3.848214,40.666667,-3.857143,False
4868,40.555556,-5.392857,40.666667,-5.383929,False
4869,40.555556,-6.080357,40.666667,-6.071429,False
4870,40.666667,6.501799,40.777778,6.510791,False
4871,40.666667,6.079137,40.777778,6.079137,False
4872,40.666667,3.588129,40.777778,3.588129,False
4873,40.666667,2.221223,40.777778,2.221223,False
4874,40.666667,1.070144,40.777778,1.088129,False
4875,40.666667,-0.526786,40.777778,-0.526786,False
4876,40.666667,-2.4375,40.777778,-2.4375,False
4877,40.666667,-3.857143,40.777778,-3.857143,False
4878,40.666667,-5.383929,40.777778,-5.383929,False
4879,40.666667,-6.071429,40.777778,-6.071429,False
4880,40.777778,6.510791,40.888889,6.519784,False
4881,40.777778,6.079137,40.888889,6.097122,False
4882,40.777778,3.588129,40.888889,3.606115,False
4883,40.777778,2.221223,40.888889,2.21223,False
4884,40.777778,1.088129,40.888889,1.097122,False
4885,40.777778,-0.526786,40.888889,-0.526786,False
4886,40.777778,-2.4375,40.888889,-2.4375,False
4887,40.777778,-3.857143,40.888889,-3.866071,False
4888,40.777778,-5.383929,40.888889,-5.383929,False
4889,40.777778,-6.071429,40.888889,-6.071429,False
4890,40.888889,6.519784,41.0,6.528777,False
4891,40.888889,6.097122,41.0,6.097122,False
4892,40.888889,3.606115,41.0,3.615108,False
4893,40.888889,2.21223,41.0,2.21223,False
4894,40.888889,1.097122,41.0,1.106115,False
4895,40.888889,-0.526786,41.0,-0.526786,False
4896,40.888889,-2.4375,41.0,-2.4375,False
4897,40.888889,-3.866071,41.0,-3.866071,False
4898,40.888889,-5.383929,41.0,-5.383929,False
4899,40.888889,-6.071429,41.0,-6.071429,False
4900,41.0,6.528777,41.111111,6.528777,False
4901,41.0,6.097122,41.111111,6.115108,False
4902,41.0,3.615108,41.111111,3.633094,False
4903,41.0,2.21223,41.111111,2.21223,False
4904,41.0,1.106115,41.111111,1.115108,False
4905,41.0,-0.526786,41.111111,-0.517857,False
4906,41.0,-2.4375,41.111111,-2.4375,False
4907,41.0,-3.866071,41.111111,-3.883929,False
4908,41.0,-5.383929,41.111111,-5.383929,False
4909,41.0,-6.071429,41.111111,-6.071429,False
4910,41.111111,6.528777,41.222222,6.546763,False
4911,41.111111,6.115108,41.222222,6.115108,False
4912,41.111111,3.633094,41.222222,3.642086,False
4913,41.111111,2.21223,41.222222,2.21223,False
4914,41.111111,1.115108,41.222222,1.124101,False
4915,41.111111,-0.517857,41.222222,-0.517857,False
4916,41.111111,-2.4375,41.222222,-2.4375,False
4917,41.111111,-3.883929,41.222222,-3.883929,False
4918,41.111111,-5.383929,41.222222,-5.383929,False
4919,41.111111,-6.071429,41.222222,-6.071429,False
4920,41.222222,6.546763,41.333333,6.546763,False
4921,41.222222,6.115108,41.333333,6.133094,False
4922,41.222222,3.642086,41.333333,3.660072,False
4923,41.222222,2.21223,41.333333,2.203237,False
4924,41.222222,1.124101,41.333333,1.124101,False
4925,41.222222,-0.517857,41.333333,-0.508929,False
4926,41.222222,-2.4375,41.333333,-2.4375,False
4927,41.222222,-3.883929,41.333333,-3.883929,False
4928,41.222222,-5.383929,41.333333,-5.383929,False
4929,41.222222,-6.071429,41.333333,-6.080357,False
4930,41.333333,6.546763,41.444444,6.546763,False
4931,41.333333,6.133094,41.444444,6.151079,False
4932,41.333333,3.660072,41.444444,3.678058,False
4933,41.333333,2.203237,41.444444,2.194245,False
4934,41.333333,1.124101,41.444444,1.133094,False
4935,41.333333,-0.508929,41.444444,-0.508929,False
4936,41.333333,-2.4375,41.444444,-2.4375,False
4937,41.333333,-3.883929,41.444444,-3.883929,False
4938,41.333333,-5.383929,41.444444,-5.383929,False
4939,41.333333,-6.080357,41.444444,-6.080357,False
4940,41.444444,6.546763,41.555556,6.546763,False
4941,41.444444,6.151079,41.555556,6.169065,False
4942,41.444444,3.678058,41.555556,3.696043,False
4943,41.444444,2.194245,41.555556,2.194245,False
4944,41.444444,1.133094,41.555556,1.142086,False
4945,41.444444,-0.508929,41.555556,-0.5,False
4946,41.444444,-2.4375,41.555556,-2.4375,False
4947,41.444444,-3.883929,41.555556,-3.883929,False
4948,41.444444,-5.383929,41.555556,-5.401786,False
4949,41.444444,-6.080357,41.555556,-6.080357,False
4950,41.555556,6.546763,41.666667,6.546763,False
4951,41.555556,6.169065,41.666667,6.18705,False
4952,41.555556,3.696043,41.666667,3.723022,False
4953,41.555556,2.194245,41.666667,2.185252,False
4954,41.555556,1.142086,41.666667,1.142086,False
4955,41.555556,-0.5,41.666667,-0.491071,False
4956,41.555556,-2.4375,41.666667,-2.4375,False
4957,41.555556,-3.883929,41.666667,-3.883929,False
4958,41.555556,-5.401786,41.666667,-5.410714,False
4959,41.555556,-6.080357,41.666667,-6.080357,False
4960,41.666667,6.546763,41.777778,6.546763,False
4961,41.666667,6.18705,41.777778,6.205036,False
4962,41.666667,3.723022,41.777778,3.741007,False
4963,41.666667,2.185252,41.777778,2.185252,False
4964,41.666667,1.142086,41.777778,1.142086,False
4965,41.666667,-0.491071,41.777778,-0.491071,False
4966,41.666667,-2.4375,41.777778,-2.446429,False
4967,41.666667,-3.883929,41.777778,-3.883929,False
4968,41.666667,-5.410714,41.777778,-5.428571,False
4969,41.666667,-6.080357,41.777778,-6.089286,False
4970,41.777778,6.546763,41.888889,6.546763,False
4971,41.777778,6.205036,41.888889,6.232014,False
4972,41.777778,3.741007,41.888889,3.75,False
4973,41.777778,2.185252,41.888889,2.176259,False
4974,41.777778,1.142086,41.888889,1.142086,False
4975,41.777778,-0.491071,41.888889,-0.491071,False
4976,41.777778,-2.446429,41.888889,-2.446429,False
4977,41.777778,-3.883929,41.888889,-3.883929,False
4978,41.777778,-5.428571,41.888889,-5.428571,False
4979,41.777778,-6.089286,41.888889,-6.098214,False
4980,41.888889,6.546763,42.0,6.53777,False
4981,41.888889,6.232014,42.0,6.258993,False
4982,41.888889,3.75,42.0,3.758993,False
4983,41.888889,2.176259,42.0,2.167266,False
4984,41.888889,1.142086,42.0,1.133094,False
4985,41.888889,-0.491071,42.0,-0.491071,False
4986,41.888889,-2.446429,42.0,-2.446429,False
4987,41.888889,-3.883929,42.0,-3.883929,False
4988,41.888889,-5.428571,42.0,-5.446429,False
4989,41.888889,-6.098214,42.0,-6.107143,False
4990,42.0,6.53777,42.111111,6.528777,False
4991,42.0,6.258993,42.111111,6.258993,False
4992,42.0,3.758993,42.111111,3.776978,False
4993,42.0,2.167266,42.111111,2.149281,False
4994,42.0,1.133094,42.111111,1.133094,False
4995,42.0,-0.491071,42.111111,-0.491071,False
4996,42.0,-2.446429,42.111111,-2.446429,False
4997,42.0,-3.883929,42.111111,-3.883929,False
4998,42.0,-5.446429,42.111111,-5.446429,False
4999,42.0,-6.107143,42.111111,-6.116071,False
5000,42.111111,6.528777,42.222222,6.528777,False
5001,42.111111,6.258993,42.222222,6.285971,False
5002,42.111111,3.776978,42.222222,3.785971,False
5003,42.111111,2.149281,42.222222,2.149281,False
5004,42.111111,1.133094,42.222222,1.133094,False
5005,42.111111,-0.491071,42.222222,-0.491071,False
5006,42.111111,-2.446429,42.222222,-2.446429,False
5007,42.111111,-3.883929,42.222222,-3.875,False
5008,42.111111,-5.446429,42.222222,-5.464286,False
5009,42.111111,-6.116071,42.222222,-6.125,False
5010,42.222222,6.528777,42.333333,6.528777,False
5011,42.222222,6.285971,42.333333,6.303957,False
5012,42.222222,3.785971,42.333333,3.785971,False
5013,42.222222,2.149281,42.333333,2.149281,False
5014,42.222222,1.133094,42.333333,1.133094,False
5015,42.222222,-0.491071,42.333333,-0.491071,False
5016,42.222222,-2.446429,42.333333,-2.455357,False
5017,42.222222,-3.875,42.333333,-3.875,False
5018,42.222222,-5.464286,42.333333,-5.473214,False
5019,42.222222,-6.125,42.333333,-6.133929,False
5020,42.333333,6.528777,42.444444,6.528777,False
5021,42.333333,6.303957,42.444444,6.303957,False
5022,42.333333,3.785971,42.444444,3.794964,False
5023,42.333333,2.149281,42.444444,2.149281,False
5024,42.333333,1.133094,42.444444,1.133094,False
5025,42.333333,-0.491071,42.444444,-0.491071,False
5026,42.333333,-2.455357,42.444444,-2.455357,False
5027,42.333333,-3.875,42.444444,-3.866071,False
5028,42.333333,-5.473214,42.444444,-5.473214,False
5029,42.333333,-6.133929,42.444444,-6.133929,False
5030,42.444444,6.528777,42.555556,6.528777,False
5031,42.444444,6.303957,42.555556,6.321942,False
5032,42.444444,3.794964,42.555556,3.803957,False
5033,42.444444,2.149281,42.555556,2.140288,False
5034,42.444444,1.133094,42.555556,1.142086,False
5035,42.444444,-0.491071,42.555556,-0.508929,False
5036,42.444444,-2.455357,42.555556,-2.455357,False
5037,42.444444,-3.866071,42.555556,-3.866071,False
5038,42.444444,-5.473214,42.555556,-5.473214,False
5039,42.444444,-6.133929,42.555556,-6.133929,False
5040,42.555556,6.528777,42.666667,6.528777,False
5041,42.555556,6.321942,42.666667,6.321942,False
5042,42.555556,3.803957,42.666667,3.803957,False
5043,42.555556,2.140288,42.666667,2.140288,False
5044,42.555556,1.142086,42.666667,1.142086,False
5045,42.555556,-0.508929,42.666667,-0.508929,False
5046,42.555556,-2.455357,42.666667,-2.455357,False
5047,42.555556,-3.866071,42.666667,-3.866071,False
5048,42.555556,-5.473214,42.666667,-5.464286,False
5049,42.555556,-6.133929,42.666667,-6.151786,False
5050,42.666667,6.528777,42.777778,6.528777,False
5051,42.666667,6.321942,42.777778,6.321942,False
5052,42.666667,3.803957,42.777778,3.803957,False
5053,42.666667,2.140288,42.777778,2.140288,False
5054,42.666667,1.142086,42.777778,1.151079,False
5055,42.666667,-0.508929,42.777778,-0.508929,False
5056,42.666667,-2.455357,42.777778,-2.464286,False
5057,42.666667,-3.866071,42.777778,-3.866071,False
5058,42.666667,-5.464286,42.777778,-5.446429,False
5059,42.666667,-6.151786,42.777778,-6.151786,False
5060,42.777778,6.528777,42.888889,6.528777,False
5061,42.777778,6.321942,42.888889,6.321942,False
5062,42.777778,3.803957,42.888889,3.81295,False
5063,42.777778,2.140288,42.888889,2.140288,False
5064,42.777778,1.151079,42.888889,1.160072,False
5065,42.777778,-0.508929,42.888889,-0.517857,False
5066,42.777778,-2.464286,42.888889,-2.464286,False
5067,42.777778,-3.866071,42.888889,-3.866071,False
5068,42.777778,-5.446429,42.888889,-5.428571,False
5069,42.777778,-6.151786,42.888889,-6.169643,False
5070,42.888889,6.528777,43.0,6.53777,False
5071,42.888889,6.321942,43.0,6.321942,False
5072,42.888889,3.81295,43.0,3.81295,False
5073,42.888889,2.140288,43.0,2.140288,False
5074,42.888889,1.160072,43.0,1.169065,False
5075,42.888889,-0.517857,43.0,-0.526786,False
5076,42.888889,-2.464286,43.0,-2.473214,False
5077,42.888889,-3.866071,43.0,-3.866071,False
5078,42.888889,-5.428571,43.0,-5.419643,False
5079,42.888889,-6.169643,43.0,-6.169643,False
5080,43.0,6.53777,43.111111,6.546763,False
5081,43.0,6.321942,43.111111,6.321942,False
5082,43.0,3.81295,43.111111,3.81295,False
5083,43.0,2.140288,43.111111,2.149281,False
5084,43.0,1.169065,43.111111,1.169065,False
5085,43.0,-0.526786,43.111111,-0.526786,False
5086,43.0,-2.473214,43.111111,-2.473214,False
5087,43.0,-3.866071,43.111111,-3.857143,False
5088,43.0,-5.419643,43.111111,-5.410714,False
5089,43.0,-6.169643,43.111111,-6.169643,False
5090,43.111111,6.546763,43.222222,6.555755,False
5091,43.111111,6.321942,43.222222,6.321942,False
5092,43.111111,3.81295,43.222222,3.81295,False
5093,43.111111,2.149281,43.222222,2.149281,False
5094,43.111111,1.169065,43.222222,1.169065,False
5095,43.111111,-0.526786,43.222222,-0.535714,False
5096,43.111111,-2.473214,43.222222,-2.482143,False
5097,43.111111,-3.857143,43.222222,-3.848214,False
5098,43.111111,-5.410714,43.222222,-5.410714,False
5099,43.111111,-6.169643,43.222222,-6.1875,False
5100,43.222222,6.555755,43.333333,6.555755,False
5101,43.222222,6.321942,43.333333,6.321942,False
5102,43.222222,3.81295,43.333333,3.81295,False
5103,43.222222,2.149281,43.333333,2.149281,False
5104,43.222222,1.169065,43.333333,1.169065,False
5105,43.222222,-0.535714,43.333333,-0.544643,False
5106,43.222222,-2.482143,43.333333,-2.482143,False
5107,43.222222,-3.848214,43.333333,-3.848214,False
5108,43.222222,-5.410714,43.333333,-5.419643,False
5109,43.222222,-6.1875,43.333333,-6.1875,False
5110,43.333333,6.555755,43.444444,6.555755,False
5111,43.333333,6.321942,43.444444,6.321942,False
5112,43.333333,3.81295,43.444444,3.81295,False
5113,43.333333,2.149281,43.444444,2.149281,False
5114,43.333333,1.169065,43.444444,1.169065,False
5115,43.333333,-0.544643,43.444444,-0.544643,False
5116,43.333333,-2.482143,43.444444,-2.473214,False
5117,43.333333,-3.848214,43.444444,-3.848214,False
5118,43.333333,-5.419643,43.444444,-5.428571,False
5119,43.333333,-6.1875,43.444444,-6.1875,False
5120,43.444444,6.555755,43.555556,6.555755,False
5121,43.444444,6.321942,43.555556,6.321942,False
5122,43.444444,3.81295,43.555556,3.81295,False
5123,43.444444,2.149281,43.555556,2.158273,False
5124,43.444444,1.169065,43.555556,1.169065,False
5125,43.444444,-0.544643,43.555556,-0.553571,False
5126,43.444444,-2.473214,43.555556,-2.473214,False
5127,43.444444,-3.848214,43.555556,-3.839286,False
5128,43.444444,-5.428571,43.555556,-5.4375,False
5129,43.444444,-6.1875,43.555556,-6.1875,False
5130,43.555556,6.555755,43.666667,6.555755,False
5131,43.555556,6.321942,43.666667,6.321942,False
5132,43.555556,3.81295,43.666667,3.81295,False
5133,43.555556,2.158273,43.666667,2.167266,False
5134,43.555556,1.169065,43.666667,1.160072,False
5135,43.555556,-0.553571,43.666667,-0.553571,False
5136,43.555556,-2.473214,43.666667,-2.473214,False
5137,43.555556,-3.839286,43.666667,-3.839286,False
5138,43.555556,-5.4375,43.666667,-5.446429,False
5139,43.555556,-6.1875,43.666667,-6.1875,False
5140,43.666667,6.555755,43.777778,6.546763,False
5141,43.666667,6.321942,43.777778,6.31295,False
5142,43.666667,3.81295,43.777778,3.81295,False
5143,43.666667,2.167266,43.777778,2.167266,False
5144,43.666667,1.160072,43.777778,1.160072,False
5145,43.666667,-0.553571,43.777778,-0.571429,False
5146,43.666667,-2.473214,43.777778,-2.473214,False
5147,43.666667,-3.839286,43.777778,-3.830357,False
5148,43.666667,-5.446429,43.777778,-5.464286,False
5149,43.666667,-6.1875,43.777778,-6.196429,False
5150,43.777778,6.546763,43.888889,6.53777,False
5151,43.777778,6.31295,43.888889,6.31295,False
5152,43.777778,3.81295,43.888889,3.803957,False
5153,43.777778,2.167266,43.888889,2.167266,False
5154,43.777778,1.160072,43.888889,1.151079,False
5155,43.777778,-0.571429,43.888889,-0.571429,False
5156,43.777778,-2.473214,43.888889,-2.473214,False
5157,43.777778,-3.830357,43.888889,-3.830357,False
5158,43.777778,-5.464286,43.888889,-5.473214,False
5159,43.777778,-6.196429,43.888889,-6.196429,False
5160,43.888889,6.53777,44.0,6.528777,False
5161,43.888889,6.31295,44.0,6.31295,False
5162,43.888889,3.803957,44.0,3.803957,False
5163,43.888889,2.167266,44.0,2.185252,False
5164,43.888889,1.151079,44.0,1.142086,False
5165,43.888889,-0.571429,44.0,-0.580357,False
5166,43.888889,-2.473214,44.0,-2.473214,False
5167,43.888889,-3.830357,44.0,-3.830357,False
5168,43.888889,-5.473214,44.0,-5.482143,False
5169,43.888889,-6.196429,44.0,-6.205357,False
5170,44.0,6.528777,44.111111,6.519784,False
5171,44.0,6.31295,44.111111,6.303957,False
5172,44.0,3.803957,44.111111,3.803957,False
5173,44.0,2.185252,44.111111,2.185252,False
5174,44.0,1.142086,44.111111,1.142086,False
5175,44.0,-0.580357,44.111111,-0.580357,False
5176,44.0,-2.473214,44.111111,-2.473214,False
5177,44.0,-3.830357,44.111111,-3.830357,False
5178,44.0,-5.482143,44.111111,-5.5,False
5179,44.0,-6.205357,44.111111,-6.205357,False
5180,44.111111,6.519784,44.222222,6.501799,False
5181,44.111111,6.303957,44.222222,6.303957,False
5182,44.111111,3.803957,44.222222,3.803957,False
5183,44.111111,2.185252,44.222222,2.185252,False
5184,44.111111,1.142086,44.222222,1.133094,False
5185,44.111111,-0.580357,44.222222,-0.580357,False
5186,44.111111,-2.473214,44.222222,-2.473214,False
5187,44.111111,-3.830357,44.222222,-3.830357,False
5188,44.111111,-5.5,44.222222,-5.5,False
5189,44.111111,-6.205357,44.222222,-6.205357,False
5190,44.222222,6.501799,44.333333,6.483813,False
5191,44.222222,6.303957,44.333333,6.303957,False
5192,44.222222,3.803957,44.333333,3.794964,False
5193,44.222222,2.185252,44.333333,2.185252,False
5194,44.222222,1.133094,44.333333,1.124101,False
5195,44.222222,-0.580357,44.333333,-0.580357,False
5196,44.222222,-2.473214,44.333333,-2.473214,False
5197,44.222222,-3.830357,44.333333,-3.830357,False
5198,44.222222,-5.5,44.333333,-5.517857,False
5199,44.222222,-6.205357,44.333333,-6.205357,False
5200,44.333333,6.483813,44.444444,6.465827,False
5201,44.333333,6.303957,44.444444,6.303957,False
5202,44.333333,3.794964,44.444444,3.794964,False
5203,44.333333,2.185252,44.444444,2.185252,False
5204,44.333333,1.124101,44.444444,1.124101,False
5205,44.333333,-0.580357,44.444444,-0.589286,False
5206,44.333333,-2.473214,44.444444,-2.473214,False
5207,44.333333,-3.830357,44.444444,-3.821429,False
5208,44.333333,-5.517857,44.444444,-5.517857,False
5209,44.333333,-6.205357,44.444444,-6.205357,False
5210,44.444444,6.465827,44.555556,6.456835,False
5211,44.444444,6.303957,44.555556,6.303957,False
5212,44.444444,3.794964,44.555556,3.785971,False
5213,44.444444,2.185252,44.555556,2.194245,False
5214,44.444444,1.124101,44.555556,1.124101,False
5215,44.444444,-0.589286,44.555556,-0.589286,False
5216,44.444444,-2.473214,44.555556,-2.473214,False
5217,44.444444,-3.821429,44.555556,-3.821429,False
5218,44.444444,-5.517857,44.555556,-5.526786,False
5219,44.444444,-6.205357,44.555556,-6.223214,False
5220,44.555556,6.456835,44.666667,6.456835,False
5221,44.555556,6.303957,44.666667,6.294964,False
5222,44.555556,3.785971,44.666667,3.785971,False
5223,44.555556,2.194245,44.666667,2.194245,False
5224,44.555556,1.124101,44.666667,1.115108,False
5225,44.555556,-0.589286,44.666667,-0.607143,False
5226,44.555556,-2.473214,44.666667,-2.491071,False
5227,44.555556,-3.821429,44.666667,-3.830357,False
5228,44.555556,-5.526786,44.666667,-5.526786,False
5229,44.555556,-6.223214,44.666667,-6.223214,False
5230,44.666667,6.456835,44.777778,6.438849,False
5231,44.666667,6.294964,44.777778,6.285971,False
5232,44.666667,3.785971,44.777778,3.785971,False
5233,44.666667,2.194245,44.777778,2.185252,False
5234,44.666667,1.115108,44.777778,1.088129,False
5235,44.666667,-0.607143,44.777778,-0.607143,False
5236,44.666667,-2.491071,44.777778,-2.491071,False
5237,44.666667,-3.830357,44.777778,-3.830357,False
5238,44.666667,-5.526786,44.777778,-5.526786,False
5239,44.666667,-6.223214,44.777778,-6.223214,False
5240,44.777778,6.438849,44.888889,6.429856,False
5241,44.777778,6.285971,44.888889,6.276978,False
5242,44.777778,3.785971,44.888889,3.776978,False
5243,44.777778,2.185252,44.888889,2.194245,False
5244,44.777778,1.088129,44.888889,1.088129,False
5245,44.777778,-0.607143,44.888889,-0.616071,False
5246,44.777778,-2.491071,44.888889,-2.491071,False
5247,44.777778,-3.830357,44.888889,-3.821429,False
5248,44.777778,-5.526786,44.888889,-5.5,False
5249,44.777778,-6.223214,44.888889,-6.223214,False
5250,44.888889,6.429856,45.0,6.420863,False
5251,44.888889,6.276978,45.0,6.258993,False
5252,44.888889,3.776978,45.0,3.776978,False
5253,44.888889,2.194245,45.0,2.194245,False
5254,44.888889,1.088129,45.0,1.088129,False
5255,44.888889,-0.616071,45.0,-0.616071,False
5256,44.888889,-2.491071,45.0,-2.491071,False
5257,44.888889,-3.821429,45.0,-3.821429,False
5258,44.888889,-5.5,45.0,-5.482143,False
5259,44.888889,-6.223214,45.0,-6.232143,False
5260,45.0,6.420863,45.111111,6.420863,False
5261,45.0,6.258993,45.111111,6.258993,False
5262,45.0,3.776978,45.111111,3.776978,False
5263,45.0,2.194245,45.111111,2.194245,False
5264,45.0,1.088129,45.111111,1.079137,False
5265,45.0,-0.616071,45.111111,-0.616071,False
5266,45.0,-2.491071,45.111111,-2.491071,False
5267,45.0,-3.821429,45.111111,-3.821429,False
5268,45.0,-5.482143,45.111111,-5.455357,False
5269,45.0,-6.232143,45.111111,-6.232143,False
5270,45.111111,6.420863,45.222222,6.420863,False
5271,45.111111,6.258993,45.222222,6.258993,False
5272,45.111111,3.776978,45.222222,3.776978,False
5273,45.111111,2.194245,45.222222,2.203237,False
5274,45.111111,1.079137,45.222222,1.079137,False
5275,45.111111,-0.616071,45.222222,-0.616071,False
5276,45.111111,-2.491071,45.222222,-2.491071,False
5277,45.111111,-3.821429,45.222222,-3.8125,False
5278,45.111111,-5.455357,45.222222,-5.455357,False
5279,45.111111,-6.232143,45.222222,-6.232143,False
5280,45.222222,6.420863,45.333333,6.420863,False
5281,45.222222,6.258993,45.333333,6.258993,False
5282,45.222222,3.776978,45.333333,3.767986,False
5283,45.222222,2.203237,45.333333,2.21223,False
5284,45.222222,1.079137,45.333333,1.079137,False
5285,45.222222,-0.616071,45.333333,-0.616071,False
5286,45.222222,-2.491071,45.333333,-2.491071,False
5287,45.222222,-3.8125,45.333333,-3.803571,False
5288,45.222222,-5.455357,45.333333,-5.455357,False
5289,45.222222,-6.232143,45.333333,-6.232143,False
5290,45.333333,6.420863,45.444444,6.420863,False
5291,45.333333,6.258993,45.444444,6.25,False
5292,45.333333,3.767986,45.444444,3.767986,False
5293,45.333333,2.21223,45.444444,2.21223,False
5294,45.333333,1.079137,45.444444,1.079137,False
5295,45.333333,-0.616071,45.444444,-0.616071,False
5296,45.333333,-2.491071,45.444444,-2.491071,False
5297,45.333333,-3.803571,45.444444,-3.803571,False
5298,45.333333,-5.455357,45.444444,-5.455357,False
5299,45.333333,-6.232143,45.444444,-6.241071,False
5300,45.444444,6.420863,45.555556,6.420863,False
5301,45.444444,6.25,45.555556,6.241007,False
5302,45.444444,3.767986,45.555556,3.767986,False
5303,45.444444,2.21223,45.555556,2.21223,False
5304,45.444444,1.079137,45.555556,1.079137,False
5305,45.444444,-0.616071,45.555556,-0.616071,False
5306,45.444444,-2.491071,45.555556,-2.508929,False
5307,45.444444,-3.803571,45.555556,-3.803571,False
5308,45.444444,-5.455357,45.555556,-5.464286,False
5309,45.444444,-6.241071,45.555556,-6.241071,False
5310,45.555556,6.420863,45.666667,6.420863,False
5311,45.555556,6.241007,45.666667,6.241007,False
5312,45.555556,3.767986,45.666667,3.767986,False
5313,45.555556,2.21223,45.666667,2.21223,False
5314,45.555556,1.079137,45.666667,1.079137,False
5315,45.555556,-0.616071,45.666667,-0.616071,False
5316,45.555556,-2.508929,45.666667,-2.508929,False
5317,45.555556,-3.803571,45.666667,-3.803571,False
5318,45.555556,-5.464286,45.666667,-5.473214,False
5319,45.555556,-6.241071,45.666667,-6.25,False
5320,45.666667,6.420863,45.777778,6.429856,False
5321,45.666667,6.241007,45.777778,6.232014,False
5322,45.666667,3.767986,45.777778,3.767986,False
5323,45.666667,2.21223,45.777778,2.21223,False
5324,45.666667,1.079137,45.777778,1.079137,False
5325,45.666667,-0.616071,45.777778,-0.616071,False
5326,45.666667,-2.508929,45.777778,-2.508929,False
5327,45.666667,-3.803571,45.777778,-3.803571,False
5328,45.666667,-5.473214,45.777778,-5.482143,False
5329,45.666667,-6.25,45.777778,-6.25,False
5330,45.777778,6.429856,45.888889,6.429856,False
5331,45.777778,6.232014,45.888889,6.223022,False
5332,45.777778,3.767986,45.888889,3.776978,False
5333,45.777778,2.21223,45.888889,2.221223,False
5334,45.777778,1.079137,45.888889,1.079137,False
5335,45.777778,-0.616071,45.888889,-0.616071,False
5336,45.777778,-2.508929,45.888889,-2.517857,False
5337,45.777778,-3.803571,45.888889,-3.803571,False
5338,45.777778,-5.482143,45.888889,-5.5,False
5339,45.777778,-6.25,45.888889,-6.258929,False
5340,45.888889,6.429856,46.0,6.438849,False
5341,45.888889,6.223022,46.0,6.223022,False
5342,45.888889,3.776978,46.0,3.776978,False
5343,45.888889,2.221223,46.0,2.221223,False
5344,45.888889,1.079137,46.0,1.079137,False
5345,45.888889,-0.616071,46.0,-0.616071,False
5346,45.888889,-2.517857,46.0,-2.526786,False
5347,45.888889,-3.803571,46.0,-3.794643,False
5348,45.888889,-5.5,46.0,-5.508929,False
5349,45.888889,-6.258929,46.0,-6.267857,False
5350,46.0,6.438849,46.111111,6.438849,False
5351,46.0,6.223022,46.111111,6.214029,False
5352,46.0,3.776978,46.111111,3.785971,False
5353,46.0,2.221223,46.111111,2.221223,False
5354,46.0,1.079137,46.111111,1.079137,False
5355,46.0,-0.616071,46.111111,-0.616071,False
5356,46.0,-2.526786,46.111111,-2.526786,False
5357,46.0,-3.794643,46.111111,-3.794643,False
5358,46.0,-5.508929,46.111111,-5.535714,False
5359,46.0,-6.267857,46.111111,-6.276786,False
5360,46.111111,6.438849,46.222222,6.438849,False
5361,46.111111,6.214029,46.222222,6.205036,False
5362,46.111111,3.785971,46.222222,3.785971,False
5363,46.111111,2.221223,46.222222,2.221223,False
5364,46.111111,1.079137,46.222222,1.079137,False
5365,46.111111,-0.616071,46.222222,-0.616071,False
5366,46.111111,-2.526786,46.222222,-2.526786,False
5367,46.111111,-3.794643,46.222222,-3.794643,False
5368,46.111111,-5.535714,46.222222,-5.5625,False
5369,46.111111,-6.276786,46.222222,-6.285714,False
5370,46.222222,6.438849,46.333333,6.447842,False
5371,46.222222,6.205036,46.333333,6.205036,False
5372,46.222222,3.785971,46.333333,3.785971,False
5373,46.222222,2.221223,46.333333,2.221223,False
5374,46.222222,1.079137,46.333333,1.088129,False
5375,46.222222,-0.616071,46.333333,-0.616071,False
5376,46.222222,-2.526786,46.333333,-2.535714,False
5377,46.222222,-3.794643,46.333333,-3.794643,False
5378,46.222222,-5.5625,46.333333,-5.589286,False
5379,46.222222,-6.285714,46.333333,-6.285714,False
5380,46.333333,6.447842,46.444444,6.456835,False
5381,46.333333,6.205036,46.444444,6.205036,False
5382,46.333333,3.785971,46.444444,3.785971,False
5383,46.333333,2.221223,46.444444,2.221223,False
5384,46.333333,1.088129,46.444444,1.088129,False
5385,46.333333,-0.616071,46.444444,-0.616071,False
5386,46.333333,-2.535714,46.444444,-2.535714,False
5387,46.333333,-3.794643,46.444444,-3.794643,False
5388,46.333333,-5.589286,46.444444,-5.598214,False
5389,46.333333,-6.285714,46.444444,-6.294643,False
5390,46.444444,6.456835,46.555556,6.456835,False
5391,46.444444,6.205036,46.555556,6.205036,False
5392,46.444444,3.785971,46.555556,3.785971,False
5393,46.444444,2.221223,46.555556,2.221223,False
5394,46.444444,1.088129,46.555556,1.079137,False
5395,46.444444,-0.616071,46.555556,-0.607143,False
5396,46.444444,-2.535714,46.555556,-2.535714,False
5397,46.444444,-3.794643,46.555556,-3.794643,False
5398,46.444444,-5.598214,46.555556,-5.607143,False
5399,46.444444,-6.294643,46.555556,-6.3125,False
5400,46.555556,6.456835,46.666667,6.456835,False
5401,46.555556,6.205036,46.666667,6.205036,False
5402,46.555556,3.785971,46.666667,3.785971,False
5403,46.555556,2.221223,46.666667,2.221223,False
5404,46.555556,1.079137,46.666667,1.079137,False
5405,46.555556,-0.607143,46.666667,-0.607143,False
5406,46.555556,-2.535714,46.666667,-2.553571,False
5407,46.555556,-3.794643,46.666667,-3.794643,False
5408,46.555556,-5.607143,46.666667,-5.616071,False
5409,46.555556,-6.3125,46.666667,-6.321429,False
5410,46.666667,6.456835,46.777778,6.456835,False
5411,46.666667,6.205036,46.777778,6.205036,False
5412,46.666667,3.785971,46.777778,3.794964,False
5413,46.666667,2.221223,46.777778,2.221223,False
5414,46.666667,1.079137,46.777778,1.079137,False
5415,46.666667,-0.607143,46.777778,-0.598214,False
5416,46.666667,-2.553571,46.777778,-2.553571,False
5417,46.666667,-3.794643,46.777778,-3.794643,False
5418,46.666667,-5.616071,46.777778,-5.633929,False
5419,46.666667,-6.321429,46.777778,-6.330357,False
5420,46.777778,6.456835,46.888889,6.456835,False
5421,46.777778,6.205036,46.888889,6.205036,False
5422,46.777778,3.794964,46.888889,3.794964,False
5423,46.777778,2.221223,46.888889,2.221223,False
5424,46.777778,1.079137,46.888889,1.079137,False
5425,46.777778,-0.598214,46.888889,-0.598214,False
5426,46.777778,-2.553571,46.888889,-2.553571,False
5427,46.777778,-3.794643,46.888889,-3.8125,False
5428,46.777778,-5.633929,46.888889,-5.633929,False
5429,46.777778,-6.330357,46.888889,-6.348214,False
5430,46.888889,6.456835,47.0,6.456835,False
5431,46.888889,6.205036,47.0,6.205036,False
5432,46.888889,3.794964,47.0,3.794964,False
5433,46.888889,2.221223,47.0,2.221223,False
5434,46.888889,1.079137,47.0,1.088129,False
5435,46.888889,-0.598214,47.0,-0.598214,False
5436,46.888889,-2.553571,47.0,-2.553571,False
5437,46.888889,-3.8125,47.0,-3.8125,False
5438,46.888889,-5.633929,47.0,-5.633929,False
5439,46.888889,-6.348214,47.0,-6.357143,False
5440,47.0,6.456835,47.111111,6.456835,False
5441,47.0,6.205036,47.111111,6.205036,False
5442,47.0,3.794964,47.111111,3.794964,False
5443,47.0,2.221223,47.111111,2.221223,False
5444,47.0,1.088129,47.111111,1.088129,False
5445,47.0,-0.598214,47.111111,-0.598214,False
5446,47.0,-2.553571,47.111111,-2.571429,False
5447,47.0,-3.8125,47.111111,-3.8125,False
5448,47.0,-5.633929,47.111111,-5.633929,False
5449,47.0,-6.357143,47.111111,-6.375,False
5450,47.111111,6.456835,47.222222,6.456835,False
5451,47.111111,6.205036,47.222222,6.205036,False
5452,47.111111,3.794964,47.222222,3.794964,False
5453,47.111111,2.221223,47.222222,2.221223,False
5454,47.111111,1.088129,47.222222,1.088129,False
5455,47.111111,-0.598214,47.222222,-0.589286,False
5456,47.111111,-2.571429,47.222222,-2.571429,False
5457,47.111111,-3.8125,47.222222,-3.821429,False
5458,47.111111,-5.633929,47.222222,-5.633929,False
5459,47.111111,-6.375,47.222222,-6.392857,False
5460,47.222222,6.456835,47.333333,6.456835,False
5461,47.222222,6.205036,47.333333,6.205036,False
5462,47.222222,3.794964,47.333333,3.794964,False
5463,47.222222,2.221223,47.333333,2.221223,False
5464,47.222222,1.088129,47.333333,1.088129,False
5465,47.222222,-0.589286,47.333333,-0.589286,False
5466,47.222222,-2.571429,47.333333,-2.571429,False
5467,47.222222,-3.821429,47.333333,-3.830357,False
5468,47.222222,-5.633929,47.333333,-5.625,False
5469,47.222222,-6.392857,47.333333,-6.392857,False
5470,47.333333,6.456835,47.444444,6.456835,False
5471,47.333333,6.205036,47.444444,6.205036,False
5472,47.333333,3.794964,47.444444,3.785971,False
5473,47.333333,2.221223,47.444444,2.221223,False
5474,47.333333,1.088129,47.444444,1.088129,False
5475,47.333333,-0.589286,47.444444,-0.589286,False
5476,47.333333,-2.571429,47.444444,-2.571429,False
5477,47.333333,-3.830357,47.444444,-3.839286,False
5478,47.333333,-5.625,47.444444,-5.616071,False
5479,47.333333,-6.392857,47.444444,-6.410714,False
5480,47.444444,6.456835,47.555556,6.447842,False
5481,47.444444,6.205036,47.555556,6.205036,False
5482,47.444444,3.785971,47.555556,3.785971,False
5483,47.444444,2.221223,47.555556,2.221223,False
5484,47.444444,1.088129,47.555556,1.088129,False
5485,47.444444,-0.589286,47.555556,-0.598214,False
5486,47.444444,-2.571429,47.555556,-2.571429,False
5487,47.444444,-3.839286,47.555556,-3.839286,False
5488,47.444444,-5.616071,47.555556,-5.616071,False
5489,47.444444,-6.410714,47.555556,-6.428571,False
5490,47.555556,6.447842,47.666667,6.438849,False
5491,47.555556,6.205036,47.666667,6.205036,False
5492,47.555556,3.785971,47.666667,3.785971,False
5493,47.555556,2.221223,47.666667,2.221223,False
5494,47.555556,1.088129,47.666667,1.088129,False
5495,47.555556,-0.598214,47.666667,-0.598214,False
5496,47.555556,-2.571429,47.666667,-2.580357,False
5497,47.555556,-3.839286,47.666667,-3.857143,False
5498,47.555556,-5.616071,47.666667,-5.616071,False
5499,47.555556,-6.428571,47.666667,-6.446429,False
5500,47.666667,6.438849,47.777778,6.438849,False
5501,47.666667,6.205036,47.777778,6.205036,False
5502,47.666667,3.785971,47.777778,3.785971,False
5503,47.666667,2.221223,47.777778,2.221223,False
5504,47.666667,1.088129,47.777778,1.088129,False
5505,47.666667,-0.598214,47.777778,-0.598214,False
5506,47.666667,-2.580357,47.777778,-2.580357,False
5507,47.666667,-3.857143,47.777778,-3.866071,False
5508,47.666667,-5.616071,47.777778,-5.607143,False
5509,47.666667,-6.446429,47.777778,-6.446429,False
5510,47.777778,6.438849,47.888889,6.429856,False
5511,47.777778,6.205036,47.888889,6.196043,False
5512,47.777778,3.785971,47.888889,3.785971,False
5513,47.777778,2.221223,47.888889,2.221223,False
5514,47.777778,1.088129,47.888889,1.088129,False
5515,47.777778,-0.598214,47.888889,-0.598214,False
5516,47.777778,-2.580357,47.888889,-2.580357,False
5517,47.777778,-3.866071,47.888889,-3.875,False
5518,47.777778,-5.607143,47.888889,-5.598214,False
5519,47.777778,-6.446429,47.888889,-6.464286,False
5520,47.888889,6.429856,48.0,6.420863,False
5521,47.888889,6.196043,48.0,6.18705,False
5522,47.888889,3.785971,48.0,3.785971,False
5523,47.888889,2.221223,48.0,2.230216,False
5524,47.888889,1.088129,48.0,1.088129,False
5525,47.888889,-0.598214,48.0,-0.598214,False
5526,47.888889,-2.580357,48.0,-2.589286,False
5527,47.888889,-3.875,48.0,-3.875,False
5528,47.888889,-5.598214,48.0,-5.598214,False
5529,47.888889,-6.464286,48.0,-6.473214,False
5530,48.0,6.420863,48.111111,6.411871,False
5531,48.0,6.18705,48.111111,6.18705,False
5532,48.0,3.785971,48.111111,3.785971,False
5533,48.0,2.230216,48.111111,2.230216,False
5534,48.0,1.088129,48.111111,1.097122,False
5535,48.0,-0.598214,48.111111,-0.598214,False
5536,48.0,-2.589286,48.111111,-2.598214,False
5537,48.0,-3.875,48.111111,-3.892857,False
5538,48.0,-5.598214,48.111111,-5.580357,False
5539,48.0,-6.473214,48.111111,-6.482143,False
5540,48.111111,6.411871,48.222222,6.411871,False
5541,48.111111,6.18705,48.222222,6.169065,False
5542,48.111111,3.785971,48.222222,3.785971,False
5543,48.111111,2.230216,48.222222,2.239209,False
5544,48.111111,1.097122,48.222222,1.106115,False
5545,48.111111,-0.598214,48.222222,-0.607143,False
5546,48.111111,-2.598214,48.222222,-2.598214,False
5547,48.111111,-3.892857,48.222222,-3.901786,False
5548,48.111111,-5.580357,48.222222,-5.580357,False
5549,48.111111,-6.482143,48.222222,-6.491071,False
5550,48.222222,6.411871,48.333333,6.402878,False
5551,48.222222,6.169065,48.333333,6.169065,False
5552,48.222222,3.785971,48.333333,3.785971,False
5553,48.222222,2.239209,48.333333,2.239209,False
5554,48.222222,1.106115,48.333333,1.106115,False
5555,48.222222,-0.607143,48.333333,-0.616071,False
5556,48.222222,-2.598214,48.333333,-2.616071,False
5557,48.222222,-3.901786,48.333333,-3.910714,False
5558,48.222222,-5.580357,48.333333,-5.580357,False
5559,48.222222,-6.491071,48.333333,-6.5,False
5560,48.333333,6.402878,48.444444,6.402878,False
5561,48.333333,6.169065,48.444444,6.169065,False
5562,48.333333,3.785971,48.444444,3.785971,False
5563,48.333333,2.239209,48.444444,2.239209,False
5564,48.333333,1.106115,48.444444,1.115108,False
5565,48.333333,-0.616071,48.444444,-0.616071,False
5566,48.333333,-2.616071,48.444444,-2.616071,False
5567,48.333333,-3.910714,48.444444,-3.919643,False
5568,48.333333,-5.580357,48.444444,-5.580357,False
5569,48.333333,-6.5,48.444444,-6.508929,False
5570,48.444444,6.402878,48.555556,6.402878,False
5571,48.444444,6.169065,48.555556,6.169065,False
5572,48.444444,3.785971,48.555556,3.785971,False
5573,48.444444,2.239209,48.555556,2.239209,False
5574,48.444444,1.115108,48.555556,1.115108,False
5575,48.444444,-0.616071,48.555556,-0.616071,False
5576,48.444444,-2.616071,48.555556,-2.625,False
5577,48.444444,-3.919643,48.555556,-3.928571,False
5578,48.444444,-5.580357,48.555556,-5.589286,False
5579,48.444444,-6.508929,48.555556,-6.517857,False
5580,48.555556,6.402878,48.666667,6.402878,False
5581,48.555556,6.169065,48.666667,6.160072,False
5582,48.555556,3.785971,48.666667,3.785971,False
5583,48.555556,2.239209,48.666667,2.239209,False
5584,48.555556,1.115108,48.666667,1.124101,False
5585,48.555556,-0.616071,48.666667,-0.625,False
5586,48.555556,-2.625,48.666667,-2.625,False
5587,48.555556,-3.928571,48.666667,-3.9375,False
5588,48.555556,-5.589286,48.666667,-5.589286,False
5589,48.555556,-6.517857,48.666667,-6.517857,False
5590,48.666667,6.402878,48.777778,6.402878,False
5591,48.666667,6.160072,48.777778,6.160072,False
5592,48.666667,3.785971,48.777778,3.776978,False
5593,48.666667,2.239209,48.777778,2.239209,False
5594,48.666667,1.124101,48.777778,1.124101,False
5595,48.666667,-0.625,48.777778,-0.625,False
5596,48.666667,-2.625,48.777778,-2.625,False
5597,48.666667,-3.9375,48.777778,-3.946429,False
5598,48.666667,-5.589286,48.777778,-5.598214,False
5599,48.666667,-6.517857,48.777778,-6.535714,False
5600,48.777778,6.402878,48.888889,6.402878,False
5601,48.777778,6.160072,48.888889,6.160072,False
5602,48.777778,3.776978,48.888889,3.776978,False
5603,48.777778,2.239209,48.888889,2.239209,False
5604,48.777778,1.124101,48.888889,1.124101,False
5605,48.777778,-0.625,48.888889,-0.642857,False
5606,48.777778,-2.625,48.888889,-2.625,False
5607,48.777778,-3.946429,48.888889,-3.946429,False
5608,48.777778,-5.598214,48.888889,-5.607143,False
5609,48.777778,-6.535714,48.888889,-6.535714,False
5610,48.888889,6.402878,49.0,6.402878,False
5611,48.888889,6.160072,49.0,6.160072,False
5612,48.888889,3.776978,49.0,3.785971,False
5613,48.888889,2.239209,49.0,2.239209,False
5614,48.888889,1.124101,49.0,1.133094,False
5615,48.888889,-0.642857,49.0,-0.642857,False
5616,48.888889,-2.625,49.0,-2.625,False
5617,48.888889,-3.946429,49.0,-3.955357,False
5618,48.888889,-5.607143,49.0,-5.625,False
5619,48.888889,-6.535714,49.0,-6.535714,False
5620,49.0,6.402878,49.111111,6.411871,False
5621,49.0,6.160072,49.111111,6.160072,False
5622,49.0,3.785971,49.111111,3.785971,False
5623,49.0,2.239209,49.111111,2.248201,False
5624,49.0,1.133094,49.111111,1.133094,False
5625,49.0,-0.642857,49.111111,-0.651786,False
5626,49.0,-2.625,49.111111,-2.625,False
5627,49.0,-3.955357,49.111111,-3.955357,False
5628,49.0,-5.625,49.111111,-5.642857,False
5629,49.0,-6.535714,49.111111,-6.535714,False
5630,49.111111,6.411871,49.222222,6.411871,False
5631,49.111111,6.160072,49.222222,6.160072,False
5632,49.111111,3.785971,49.222222,3.794964,False
5633,49.111111,2.248201,49.222222,2.257194,False
5634,49.111111,1.133094,49.222222,1.133094,False
5635,49.111111,-0.651786,49.222222,-0.660714,False
5636,49.111111,-2.625,49.222222,-2.633929,False
5637,49.111111,-3.955357,49.222222,-3.946429,False
5638,49.111111,-5.642857,49.222222,-5.660714,False
5639,49.111111,-6.535714,49.222222,-6.535714,False
5640,49.222222,6.411871,49.333333,6.411871,False
5641,49.222222,6.160072,49.333333,6.160072,False
5642,49.222222,3.794964,49.333333,3.803957,False
5643,49.222222,2.257194,49.333333,2.257194,False
5644,49.222222,1.133094,49.333333,1.133094,False
5645,49.222222,-0.660714,49.333333,-0.669643,False
5646,49.222222,-2.633929,49.333333,-2.633929,False
5647,49.222222,-3.946429,49.333333,-3.946429,False
5648,49.222222,-5.660714,49.333333,-5.6875,False
5649,49.222222,-6.535714,49.333333,-6.535714,False
5650,49.333333,6.411871,49.444444,6.411871,False
5651,49.333333,6.160072,49.444444,6.160072,False
5652,49.333333,3.803957,49.444444,3.81295,False
5653,49.333333,2.257194,49.444444,2.257194,False
5654,49.333333,1.133094,49.444444,1.124101,False
5655,49.333333,-0.669643,49.444444,-0.669643,False
5656,49.333333,-2.633929,49.444444,-2.633929,False
5657,49.333333,-3.946429,49.444444,-3.946429,False
5658,49.333333,-5.6875,49.444444,-5.696429,False
5659,49.333333,-6.535714,49.444444,-6.535714,False
5660,49.444444,6.411871,49.555556,6.420863,False
5661,49.444444,6.160072,49.555556,6.160072,False
5662,49.444444,3.81295,49.555556,3.81295,False
5663,49.444444,2.257194,49.555556,2.257194,False
5664,49.444444,1.124101,49.555556,1.124101,False
5665,49.444444,-0.669643,49.555556,-0.669643,False
5666,49.444444,-2.633929,49.555556,-2.642857,False
5667,49.444444,-3.946429,49.555556,-3.9375,False
5668,49.444444,-5.696429,49.555556,-5.723214,False
5669,49.444444,-6.535714,49.555556,-6.535714,False
5670,49.555556,6.420863,49.666667,6.429856,False
5671,49.555556,6.160072,49.666667,6.160072,False
5672,49.555556,3.81295,49.666667,3.830935,False
5673,49.555556,2.257194,49.666667,2.257194,False
5674,49.555556,1.124101,49.666667,1.124101,False
5675,49.555556,-0.669643,49.666667,-0.696429,False
5676,49.555556,-2.642857,49.666667,-2.642857,False
5677,49.555556,-3.9375,49.666667,-3.9375,False
5678,49.555556,-5.723214,49.666667,-5.75,False
5679,49.555556,-6.535714,49.666667,-6.526786,False
5680,49.666667,6.429856,49.777778,6.429856,False
5681,49.666667,6.160072,49.777778,6.160072,False
5682,49.666667,3.830935,49.777778,3.830935,False
5683,49.666667,2.257194,49.777778,2.257194,False
5684,49.666667,1.124101,49.777778,1.124101,False
5685,49.666667,-0.696429,49.777778,-0.705357,False
5686,49.666667,-2.642857,49.777778,-2.642857,False
5687,49.666667,-3.9375,49.777778,-3.9375,False
5688,49.666667,-5.75,49.777778,-5.767857,False
5689,49.666667,-6.526786,49.777778,-6.526786,False
5690,49.777778,6.429856,49.888889,6.429856,False
5691,49.777778,6.160072,49.888889,6.151079,False
5692,49.777778,3.830935,49.888889,3.830935,False
5693,49.777778,2.257194,49.888889,2.266187,False
5694,49.777778,1.124101,49.888889,1.124101,False
5695,49.777778,-0.705357,49.888889,-0.705357,False
5696,49.777778,-2.642857,49.888889,-2.642857,False
5697,49.777778,-3.9375,49.888889,-3.9375,False
5698,49.777778,-5.767857,49.888889,-5.785714,False
5699,49.777778,-6.526786,49.888889,-6.526786,False
5700,49.888889,6.429856,50.0,6.438849,False
5701,49.888889,6.151079,50.0,6.142086,False
5702,49.888889,3.830935,50.0,3.830935,False
5703,49.888889,2.266187,50.0,2.27518,False
5704,49.888889,1.124101,50.0,1.124101,False
5705,49.888889,-0.705357,50.0,-0.714286,False
5706,49.888889,-2.642857,50.0,-2.651786,False
5707,49.888889,-3.9375,50.0,-3.9375,False
5708,49.888889,-5.785714,50.0,-5.785714,False
5709,49.888889,-6.526786,50.0,-6.526786,False
5710,50.0,6.438849,50.111111,6.438849,False
5711,50.0,6.142086,50.111111,6.142086,False
5712,50.0,3.830935,50.111111,3.821942,False
5713,50.0,2.27518,50.111111,2.27518,False
5714,50.0,1.124101,50.111111,1.115108,False
5715,50.0,-0.714286,50.111111,-0.714286,False
5716,50.0,-2.651786,50.111111,-2.651786,False
5717,50.0,-3.9375,50.111111,-3.946429,False
5718,50.0,-5.785714,50.111111,-5.803571,False
5719,50.0,-6.526786,50.111111,-6.517857,False
5720,50.111111,6.438849,50.222222,6.447842,False
5721,50.111111,6.142086,50.222222,6.124101,False
5722,50.111111,3.821942,50.222222,3.81295,False
5723,50.111111,2.27518,50.222222,2.27518,False
5724,50.111111,1.115108,50.222222,1.115108,False
5725,50.111111,-0.714286,50.222222,-0.723214,False
5726,50.111111,-2.651786,50.222222,-2.651786,False
5727,50.111111,-3.946429,50.222222,-3.946429,False
5728,50.111111,-5.803571,50.222222,-5.821429,False
5729,50.111111,-6.517857,50.222222,-6.517857,False
5730,50.222222,6.447842,50.333333,6.447842,False
5731,50.222222,6.124101,50.333333,6.115108,False
5732,50.222222,3.81295,50.333333,3.803957,False
5733,50.222222,2.27518,50.333333,2.27518,False
5734,50.222222,1.115108,50.333333,1.106115,False
5735,50.222222,-0.723214,50.333333,-0.723214,False
5736,50.222222,-2.651786,50.333333,-2.651786,False
5737,50.222222,-3.946429,50.333333,-3.955357,False
5738,50.222222,-5.821429,50.333333,-5.821429,False
5739,50.222222,-6.517857,50.333333,-6.517857,False
5740,50.333333,6.447842,50.444444,6.447842,False
5741,50.333333,6.115108,50.444444,6.115108,False
5742,50.333333,3.803957,50.444444,3.794964,False
5743,50.333333,2.27518,50.444444,2.27518,False
5744,50.333333,1.106115,50.444444,1.106115,False
5745,50.333333,-0.723214,50.444444,-0.732143,False
5746,50.333333,-2.651786,50.444444,-2.651786,False
5747,50.333333,-3.955357,50.444444,-3.955357,False
5748,50.333333,-5.821429,50.444444,-5.830357,False
5749,50.333333,-6.517857,50.444444,-6.517857,False
5750,50.444444,6.447842,50.555556,6.456835,False
5751,50.444444,6.115108,50.555556,6.106115,False
5752,50.444444,3.794964,50.555556,3.785971,False
5753,50.444444,2.27518,50.555556,2.27518,False
5754,50.444444,1.106115,50.555556,1.106115,False
5755,50.444444,-0.732143,50.555556,-0.741071,False
5756,50.444444,-2.651786,50.555556,-2.651786,False
5757,50.444444,-3.955357,50.555556,-3.973214,False
5758,50.444444,-5.830357,50.555556,-5.839286,False
5759,50.444444,-6.517857,50.555556,-6.526786,False
5760,50.555556,6.456835,50.666667,6.456835,False
5761,50.555556,6.106115,50.666667,6.097122,False
5762,50.555556,3.785971,50.666667,3.776978,False
5763,50.555556,2.27518,50.666667,2.284173,False
5764,50.555556,1.106115,50.666667,1.106115,False
5765,50.555556,-0.741071,50.666667,-0.741071,False
5766,50.555556,-2.651786,50.666667,-2.651786,False
5767,50.555556,-3.973214,50.666667,-3.973214,False
5768,50.555556,-5.839286,50.666667,-5.839286,False
5769,50.555556,-6.526786,50.666667,-6.526786,False
5770,50.666667,6.456835,50.777778,6.465827,False
5771,50.666667,6.097122,50.777778,6.079137,False
5772,50.666667,3.776978,50.777778,3.758993,False
5773,50.666667,2.284173,50.777778,2.284173,False
5774,50.666667,1.106115,50.777778,1.106115,False
5775,50.666667,-0.741071,50.777778,-0.741071,False
5776,50.666667,-2.651786,50.777778,-2.651786,False
5777,50.666667,-3.973214,50.777778,-3.982143,False
5778,50.666667,-5.839286,50.777778,-5.848214,False
5779,50.666667,-6.526786,50.777778,-6.535714,False
5780,50.777778,6.465827,50.888889,6.465827,False
5781,50.777778,6.079137,50.888889,6.070144,False
5782,50.777778,3.758993,50.888889,3.741007,False
5783,50.777778,2.284173,50.888889,2.293165,False
5784,50.777778,1.106115,50.888889,1.106115,False
5785,50.777778,-0.741071,50.888889,-0.75,False
5786,50.777778,-2.651786,50.888889,-2.660714,False
5787,50.777778,-3.982143,50.888889,-4.0,False
5788,50.777778,-5.848214,50.888889,-5.848214,False
5789,50.777778,-6.535714,50.888889,-6.544643,False
5790,50.888889,6.465827,51.0,6.47482,False
5791,50.888889,6.070144,51.0,6.052158,False
5792,50.888889,3.741007,51.0,3.732014,False
5793,50.888889,2.293165,51.0,2.293165,False
5794,50.888889,1.106115,51.0,1.106115,False
5795,50.888889,-0.75,51.0,-0.75,False
5796,50.888889,-2.660714,51.0,-2.660714,False
5797,50.888889,-4.0,51.0,-4.0,False
5798,50.888889,-5.848214,51.0,-5.857143,False
5799,50.888889,-6.544643,51.0,-6.553571,False
5800,51.0,6.47482,51.111111,6.483813,False
5801,51.0,6.052158,51.111111,6.043165,False
5802,51.0,3.732014,51.111111,3.723022,False
5803,51.0,2.293165,51.111111,2.293165,False
5804,51.0,1.106115,51.111111,1.106115,False
5805,51.0,-0.75,51.111111,-0.75,False
5806,51.0,-2.660714,51.111111,-2.669643,False
5807,51.0,-4.0,51.111111,-4.008929,False
5808,51.0,-5.857143,51.111111,-5.857143,False
5809,51.0,-6.553571,51.111111,-6.5625,False
5810,51.111111,6.483813,51.222222,6.492806,False
5811,51.111111,6.043165,51.222222,6.034173,False
5812,51.111111,3.723022,51.222222,3.714029,False
5813,51.111111,2.293165,51.222222,2.302158,False
5814,51.111111,1.106115,51.222222,1.106115,False
5815,51.111111,-0.75,51.222222,-0.758929,False
5816,51.111111,-2.669643,51.222222,-2.669643,False
5817,51.111111,-4.008929,51.222222,-4.017857,False
5818,51.111111,-5.857143,51.222222,-5.866071,False
5819,51.111111,-6.5625,51.222222,-6.571429,False
5820,51.222222,6.492806,51.333333,6.492806,False
5821,51.222222,6.034173,51.333333,6.02518,False
5822,51.222222,3.714029,51.333333,3.705036,False
5823,51.222222,2.302158,51.333333,2.302158,False
5824,51.222222,1.106115,51.333333,1.106115,False
5825,51.222222,-0.758929,51.333333,-0.758929,False
5826,51.222222,-2.669643,51.333333,-2.669643,False
5827,51.222222,-4.017857,51.333333,-4.017857,False
5828,51.222222,-5.866071,51.333333,-5.866071,False
5829,51.222222,-6.571429,51.333333,-6.580357,False
5830,51.333333,6.492806,51.444444,6.492806,False
5831,51.333333,6.02518,51.444444,6.007194,False
5832,51.333333,3.705036,51.444444,3.696043,False
5833,51.333333,2.302158,51.444444,2.302158,False
5834,51.333333,1.106115,51.444444,1.106115,False
5835,51.333333,-0.758929,51.444444,-0.758929,False
5836,51.333333,-2.669643,51.444444,-2.6875,False
5837,51.333333,-4.017857,51.444444,-4.026786,False
5838,51.333333,-5.866071,51.444444,-5.875,False
5839,51.333333,-6.580357,51.444444,-6.580357,False
5840,51.444444,6.492806,51.555556,6.483813,False
5841,51.444444,6.007194,51.555556,6.007194,False
5842,51.444444,3.696043,51.555556,3.68705,False
5843,51.444444,2.302158,51.555556,2.311151,False
5844,51.444444,1.106115,51.555556,1.106115,False
5845,51.444444,-0.758929,51.555556,-0.758929,False
5846,51.444444,-2.6875,51.555556,-2.6875,False
5847,51.444444,-4.026786,51.555556,-4.026786,False
5848,51.444444,-5.875,51.555556,-5.883929,False
5849,51.444444,-6.580357,51.555556,-6.598214,False
5850,51.555556,6.483813,51.666667,6.483813,False
5851,51.555556,6.007194,51.666667,5.998201,False
5852,51.555556,3.68705,51.666667,3.678058,False
5853,51.555556,2.311151,51.666667,2.311151,False
5854,51.555556,1.106115,51.666667,1.106115,False
5855,51.555556,-0.758929,51.666667,-0.767857,False
5856,51.555556,-2.6875,51.666667,-2.696429,False
5857,51.555556,-4.026786,51.666667,-4.035714,False
5858,51.555556,-5.883929,51.666667,-5.901786,False
5859,51.555556,-6.598214,51.666667,-6.598214,False
5860,51.666667,6.483813,51.777778,6.483813,False
5861,51.666667,5.998201,51.777778,5.989209,False
5862,51.666667,3.678058,51.777778,3.678058,False
5863,51.666667,2.311151,51.777778,2.311151,False
5864,51.666667,1.106115,51.777778,1.115108,False
5865,51.666667,-0.767857,51.777778,-0.767857,False
5866,51.666667,-2.696429,51.777778,-2.696429,False
5867,51.666667,-4.035714,51.777778,-4.035714,False
5868,51.666667,-5.901786,51.777778,-5.910714,False
5869,51.666667,-6.598214,51.777778,-6.616071,False
5870,51.777778,6.483813,51.888889,6.483813,False
5871,51.777778,5.989209,51.888889,5.989209,False
5872,51.777778,3.678058,51.888889,3.660072,False
5873,51.777778,2.311151,51.888889,2.311151,False
5874,51.777778,1.115108,51.888889,1.115108,False
5875,51.777778,-0.767857,51.888889,-0.767857,False
5876,51.777778,-2.696429,51.888889,-2.714286,False
5877,51.777778,-4.035714,51.888889,-4.026786,False
5878,51.777778,-5.910714,51.888889,-5.928571,False
5879,51.777778,-6.616071,51.888889,-6.633929,False
5880,51.888889,6.483813,52.0,6.483813,False
5881,51.888889,5.989209,52.0,5.989209,False
5882,51.888889,3.660072,52.0,3.660072,False
5883,51.888889,2.311151,52.0,2.311151,False
5884,51.888889,1.115108,52.0,1.124101,False
5885,51.888889,-0.767857,52.0,-0.776786,False
5886,51.888889,-2.714286,52.0,-2.723214,False
5887,51.888889,-4.026786,52.0,-4.017857,False
5888,51.888889,-5.928571,52.0,-5.946429,False
5889,51.888889,-6.633929,52.0,-6.633929,False
5890,52.0,6.483813,52.111111,6.47482,False
5891,52.0,5.989209,52.111111,5.989209,False
5892,52.0,3.660072,52.111111,3.660072,False
5893,52.0,2.311151,52.111111,2.311151,False
5894,52.0,1.124101,52.111111,1.115108,False
5895,52.0,-0.776786,52.111111,-0.776786,False
5896,52.0,-2.723214,52.111111,-2.732143,False
5897,52.0,-4.017857,52.111111,-4.017857,False
5898,52.0,-5.946429,52.111111,-5.964286,False
5899,52.0,-6.633929,52.111111,-6.651786,False
5900,52.111111,6.47482,52.222222,6.465827,False
5901,52.111111,5.989209,52.222222,5.989209,False
5902,52.111111,3.660072,52.222222,3.651079,False
5903,52.111111,2.311151,52.222222,2.302158,False
5904,52.111111,1.115108,52.222222,1.115108,False
5905,52.111111,-0.776786,52.222222,-0.776786,False
5906,52.111111,-2.732143,52.222222,-2.732143,False
5907,52.111111,-4.017857,52.222222,-4.008929,False
5908,52.111111,-5.964286,52.222222,-5.973214,False
5909,52.111111,-6.651786,52.222222,-6.660714,False
5910,52.222222,6.465827,52.333333,6.465827,False
5911,52.222222,5.989209,52.333333,5.989209,False
5912,52.222222,3.651079,52.333333,3.642086,False
5913,52.222222,2.302158,52.333333,2.293165,False
5914,52.222222,1.115108,52.333333,1.106115,False
5915,52.222222,-0.776786,52.333333,-0.776786,False
5916,52.222222,-2.732143,52.333333,-2.732143,False
5917,52.222222,-4.008929,52.333333,-4.0,False
5918,52.222222,-5.973214,52.333333,-5.991071,False
5919,52.222222,-6.660714,52.333333,-6.669643,False
5920,52.333333,6.465827,52.444444,6.456835,False
5921,52.333333,5.989209,52.444444,5.989209,False
5922,52.333333,3.642086,52.444444,3.642086,False
5923,52.333333,2.293165,52.444444,2.293165,False
5924,52.333333,1.106115,52.444444,1.106115,False
5925,52.333333,-0.776786,52.444444,-0.776786,False
5926,52.333333,-2.732143,52.444444,-2.758929,False
5927,52.333333,-4.0,52.444444,-3.991071,False
5928,52.333333,-5.991071,52.444444,-6.0,False
5929,52.333333,-6.669643,52.444444,-6.669643,False
5930,52.444444,6.456835,52.555556,6.456835,False
5931,52.444444,5.989209,52.555556,5.980216,False
5932,52.444444,3.642086,52.555556,3.642086,False
5933,52.444444,2.293165,52.555556,2.293165,False
5934,52.444444,1.106115,52.555556,1.106115,False
5935,52.444444,-0.776786,52.555556,-0.776786,False
5936,52.444444,-2.758929,52.555556,-2.758929,False
5937,52.444444,-3.991071,52.555556,-3.991071,False
5938,52.444444,-6.0,52.555556,-6.017857,False
5939,52.444444,-6.669643,52.555556,-6.6875,False
5940,52.555556,6.456835,52.666667,6.447842,False
5941,52.555556,5.980216,52.666667,5.980216,False
5942,52.555556,3.642086,52.666667,3.642086,False
5943,52.555556,2.293165,52.666667,2.293165,False
5944,52.555556,1.106115,52.666667,1.106115,False
5945,52.555556,-0.776786,52.666667,-0.785714,False
5946,52.555556,-2.758929,52.666667,-2.776786,False
5947,52.555556,-3.991071,52.666667,-4.0,False
5948,52.555556,-6.017857,52.666667,-6.017857,False
5949,52.555556,-6.6875,52.666667,-6.6875,False
5950,52.666667,6.447842,52.777778,6.438849,False
5951,52.666667,5.980216,52.777778,5.971223,False
5952,52.666667,3.642086,52.777778,3.642086,False
5953,52.666667,2.293165,52.777778,2.284173,False
5954,52.666667,1.106115,52.777778,1.097122,False
5955,52.666667,-0.785714,52.777778,-0.785714,False
5956,52.666667,-2.776786,52.777778,-2.776786,False
5957,52.666667,-4.0,52.777778,-3.991071,False
5958,52.666667,-6.017857,52.777778,-6.026786,False
5959,52.666667,-6.6875,52.777778,-6.6875,False
5960,52.777778,6.438849,52.888889,6.438849,False
5961,52.777778,5.971223,52.888889,5.971223,False
5962,52.777778,3.642086,52.888889,3.642086,False
5963,52.777778,2.284173,52.888889,2.284173,False
5964,52.777778,1.097122,52.888889,1.097122,False
5965,52.777778,-0.785714,52.888889,-0.794643,False
5966,52.777778,-2.776786,52.888889,-2.785714,False
5967,52.777778,-3.991071,52.888889,-4.0,False
5968,52.777778,-6.026786,52.888889,-6.035714,False
5969,52.777778,-6.6875,52.888889,-6.6875,False
5970,52.888889,6.438849,53.0,6.429856,False
5971,52.888889,5.971223,53.0,5.953237,False
5972,52.888889,3.642086,53.0,3.642086,False
5973,52.888889,2.284173,53.0,2.284173,False
5974,52.888889,1.097122,53.0,1.079137,False
5975,52.888889,-0.794643,53.0,-0.794643,False
5976,52.888889,-2.785714,53.0,-2.803571,False
5977,52.888889,-4.0,53.0,-4.017857,False
5978,52.888889,-6.035714,53.0,-6.035714,False
5979,52.888889,-6.6875,53.0,-6.696429,False
5980,53.0,6.429856,53.111111,6.429856,False
5981,53.0,5.953237,53.111111,5.953237,False
5982,53.0,3.642086,53.111111,3.642086,False
5983,53.0,2.284173,53.111111,2.27518,False
5984,53.0,1.079137,53.111111,1.070144,False
5985,53.0,-0.794643,53.111111,-0.803571,False
5986,53.0,-2.803571,53.111111,-2.803571,False
5987,53.0,-4.017857,53.111111,-4.017857,False
5988,53.0,-6.035714,53.111111,-6.035714,False
5989,53.0,-6.696429,53.111111,-6.705357,False
5990,53.111111,6.429856,53.222222,6.438849,False
5991,53.111111,5.953237,53.222222,5.935252,False
5992,53.111111,3.642086,53.222222,3.633094,False
5993,53.111111,2.27518,53.222222,2.27518,False
5994,53.111111,1.070144,53.222222,1.070144,False
5995,53.111111,-0.803571,53.222222,-0.803571,False
5996,53.111111,-2.803571,53.222222,-2.821429,False
5997,53.111111,-4.017857,53.222222,-4.026786,False
5998,53.111111,-6.035714,53.222222,-6.026786,False
5999,53.111111,-6.705357,53.222222,-6.705357,False
6000,53.222222,6.438849,53.333333,6.447842,False
6001,53.222222,5.935252,53.333333,5.926259,False
6002,53.222222,3.633094,53.333333,3.633094,False
6003,53.222222,2.27518,53.333333,2.27518,False
6004,53.222222,1.070144,53.333333,1.052158,False
6005,53.222222,-0.803571,53.333333,-0.803571,False
6006,53.222222,-2.821429,53.333333,-2.821429,False
6007,53.222222,-4.026786,53.333333,-4.044643,False
6008,53.222222,-6.026786,53.333333,-6.026786,False
6009,53.222222,-6.705357,53.333333,-6.705357,False
6010,53.333333,6.447842,53.444444,6.456835,False
6011,53.333333,5.926259,53.444444,5.908273,False
6012,53.333333,3.633094,53.444444,3.624101,False
6013,53.333333,2.27518,53.444444,2.27518,False
6014,53.333333,1.052158,53.444444,1.052158,False
6015,53.333333,-0.803571,53.444444,-0.8125,False
6016,53.333333,-2.821429,53.444444,-2.821429,False
6017,53.333333,-4.044643,53.444444,-4.0625,False
6018,53.333333,-6.026786,53.444444,-6.017857,False
6019,53.333333,-6.705357,53.444444,-6.714286,False
6020,53.444444,6.456835,53.555556,6.465827,False
6021,53.444444,5.908273,53.555556,5.890288,False
6022,53.444444,3.624101,53.555556,3.624101,False
6023,53.444444,2.27518,53.555556,2.27518,False
6024,53.444444,1.052158,53.555556,1.043165,False
6025,53.444444,-0.8125,53.555556,-0.821429,False
6026,53.444444,-2.821429,53.555556,-2.821429,False
6027,53.444444,-4.0625,53.555556,-4.080357,False
6028,53.444444,-6.017857,53.555556,-6.017857,False
6029,53.444444,-6.714286,53.555556,-6.714286,False
6030,53.555556,6.465827,53.666667,6.483813,False
6031,53.555556,5.890288,53.666667,5.890288,False
6032,53.555556,3.624101,53.666667,3.615108,False
6033,53.555556,2.27518,53.666667,2.27518,False
6034,53.555556,1.043165,53.666667,1.043165,False
6035,53.555556,-0.821429,53.666667,-0.821429,False
6036,53.555556,-2.821429,53.666667,-2.821429,False
6037,53.555556,-4.080357,53.666667,-4.089286,False
6038,53.555556,-6.017857,53.666667,-6.017857,False
6039,53.555556,-6.714286,53.666667,-6.714286,False
6040,53.666667,6.483813,53.777778,6.501799,False
6041,53.666667,5.890288,53.777778,5.881295,False
6042,53.666667,3.615108,53.777778,3.615108,False
6043,53.666667,2.27518,53.777778,2.27518,False
6044,53.666667,1.043165,53.777778,1.02518,False
6045,53.666667,-0.821429,53.777778,-0.821429,False
6046,53.666667,-2.821429,53.777778,-2.830357,False
6047,53.666667,-4.089286,53.777778,-4.098214,False
6048,53.666667,-6.017857,53.777778,-6.026786,False
6049,53.666667,-6.714286,53.777778,-6.705357,False
6050,53.777778,6.501799,53.888889,6.510791,False
6051,53.777778,5.881295,53.888889,5.872302,False
6052,53.777778,3.615108,53.888889,3.597122,False
6053,53.777778,2.27518,53.888889,2.27518,False
6054,53.777778,1.02518,53.888889,1.02518,False
6055,53.777778,-0.821429,53.888889,-0.830357,False
6056,53.777778,-2.830357,53.888889,-2.830357,False
6057,53.777778,-4.098214,53.888889,-4.116071,False
6058,53.777778,-6.026786,53.888889,-6.026786,False
6059,53.777778,-6.705357,53.888889,-6.705357,False
6060,53.888889,6.510791,54.0,6.528777,False
6061,53.888889,5.872302,54.0,5.872302,False
6062,53.888889,3.597122,54.0,3.597122,False
6063,53.888889,2.27518,54.0,2.27518,False
6064,53.888889,1.02518,54.0,1.007194,False
6065,53.888889,-0.830357,54.0,-0.830357,False
6066,53.888889,-2.830357,54.0,-2.830357,False
6067,53.888889,-4.116071,54.0,-4.133929,False
6068,53.888889,-6.026786,54.0,-6.026786,False
6069,53.888889,-6.705357,54.0,-6.714286,False
6070,54.0,6.528777,54.111111,6.546763,False
6071,54.0,5.872302,54.111111,5.863309,False
6072,54.0,3.597122,54.111111,3.588129,False
6073,54.0,2.27518,54.111111,2.27518,False
6074,54.0,1.007194,54.111111,1.007194,False
6075,54.0,-0.830357,54.111111,-0.830357,False
6076,54.0,-2.830357,54.111111,-2.830357,False
6077,54.0,-4.133929,54.111111,-4.142857,False
6078,54.0,-6.026786,54.111111,-6.035714,False
6079,54.0,-6.714286,54.111111,-6.714286,False
6080,54.111111,6.546763,54.222222,6.555755,False
6081,54.111111,5.863309,54.222222,5.854317,False
6082,54.111111,3.588129,54.222222,3.588129,False
6083,54.111111,2.27518,54.222222,2.27518,False
6084,54.111111,1.007194,54.222222,0.998201,False
6085,54.111111,-0.830357,54.222222,-0.830357,False
6086,54.111111,-2.830357,54.222222,-2.830357,False
6087,54.111111,-4.142857,54.222222,-4.160714,False
6088,54.111111,-6.035714,54.222222,-6.035714,False
6089,54.111111,-6.714286,54.222222,-6.714286,False
6090,54.222222,6.555755,54.333333,6.573741,False
6091,54.222222,5.854317,54.333333,5.854317,False
6092,54.222222,3.588129,54.333333,3.579137,False
6093,54.222222,2.27518,54.333333,2.27518,False
6094,54.222222,0.998201,54.333333,0.998201,False
6095,54.222222,-0.830357,54.333333,-0.830357,False
6096,54.222222,-2.830357,54.333333,-2.848214,False
6097,54.222222,-4.160714,54.333333,-4.169643,False
6098,54.222222,-6.035714,54.333333,-6.035714,False
6099,54.222222,-6.714286,54.333333,-6.714286,False
6100,54.333333,6.573741,54.444444,6.591727,False
6101,54.333333,5.854317,54.444444,5.854317,False
6102,54.333333,3.579137,54.444444,3.570144,False
6103,54.333333,2.27518,54.444444,2.27518,False
6104,54.333333,0.998201,54.444444,0.980216,False
6105,54.333333,-0.830357,54.444444,-0.839286,False
6106,54.333333,-2.848214,54.444444,-2.848214,False
6107,54.333333,-4.169643,54.444444,-4.178571,False
6108,54.333333,-6.035714,54.444444,-6.035714,False
6109,54.333333,-6.714286,54.444444,-6.714286,False
6110,54.444444,6.591727,54.555556,6.600719,False
6111,54.444444,5.854317,54.555556,5.854317,False
6112,54.444444,3.570144,54.555556,3.570144,False
6113,54.444444,2.27518,54.555556,2.27518,False
6114,54.444444,0.980216,54.555556,0.980216,False
6115,54.444444,-0.839286,54.555556,-0.839286,False
6116,54.444444,-2.848214,54.555556,-2.857143,False
6117,54.444444,-4.178571,54.555556,-4.178571,False
6118,54.444444,-6.035714,54.555556,-6.035714,False
6119,54.444444,-6.714286,54.555556,-6.714286,False
6120,54.555556,6.600719,54.666667,6.600719,False
6121,54.555556,5.854317,54.666667,5.854317,False
6122,54.555556,3.570144,54.666667,3.552158,False
6123,54.555556,2.27518,54.666667,2.266187,False
6124,54.555556,0.980216,54.666667,0.980216,False
6125,54.555556,-0.839286,54.666667,-0.848214,False
6126,54.555556,-2.857143,54.666667,-2.875,False
6127,54.555556,-4.178571,54.666667,-4.1875,False
6128,54.555556,-6.035714,54.666667,-6.044643,False
6129,54.555556,-6.714286,54.666667,-6.714286,False
6130,54.666667,6.600719,54.777778,6.600719,False
6131,54.666667,5.854317,54.777778,5.854317,False
6132,54.666667,3.552158,54.777778,3.552158,False
6133,54.666667,2.266187,54.777778,2.257194,False
6134,54.666667,0.980216,54.777778,0.96223,False
6135,54.666667,-0.848214,54.777778,-0.848214,False
6136,54.666667,-2.875,54.777778,-2.875,False
6137,54.666667,-4.1875,54.777778,-4.196429,False
6138,54.666667,-6.044643,54.777778,-6.044643,False
6139,54.666667,-6.714286,54.777778,-6.714286,False
6140,54.777778,6.600719,54.888889,6.609712,False
6141,54.777778,5.854317,54.888889,5.854317,False
6142,54.777778,3.552158,54.888889,3.552158,False
6143,54.777778,2.257194,54.888889,2.257194,False
6144,54.777778,0.96223,54.888889,0.96223,False
6145,54.777778,-0.848214,54.888889,-0.857143,False
6146,54.777778,-2.875,54.888889,-2.892857,False
6147,54.777778,-4.196429,54.888889,-4.196429,False
6148,54.777778,-6.044643,54.888889,-6.044643,False
6149,54.777778,-6.714286,54.888889,-6.714286,False
6150,54.888889,6.609712,55.0,6.618705,False
6151,54.888889,5.854317,55.0,5.854317,False
6152,54.888889,3.552158,55.0,3.543165,False
6153,54.888889,2.257194,55.0,2.257194,False
6154,54.888889,0.96223,55.0,0.96223,False
6155,54.888889,-0.857143,55.0,-0.857143,False
6156,54.888889,-2.892857,55.0,-2.892857,False
6157,54.888889,-4.196429,55.0,-4.205357,False
6158,54.888889,-6.044643,55.0,-6.0625,False
6159,54.888889,-6.714286,55.0,-6.714286,False
6160,55.0,6.618705,55.111111,6.618705,False
6161,55.0,5.854317,55.111111,5.854317,False
6162,55.0,3.543165,55.111111,3.534173,False
6163,55.0,2.257194,55.111111,2.257194,False
6164,55.0,0.96223,55.111111,0.96223,False
6165,55.0,-0.857143,55.111111,-0.866071,False
6166,55.0,-2.892857,55.111111,-2.910714,False
6167,55.0,-4.205357,55.111111,-4.214286,False
6168,55.0,-6.0625,55.111111,-6.0625,False
6169,55.0,-6.714286,55.111111,-6.723214,False
6170,55.111111,6.618705,55.222222,6.627698,False
6171,55.111111,5.854317,55.222222,5.854317,False
6172,55.111111,3.534173,55.222222,3.534173,False
6173,55.111111,2.257194,55.222222,2.257194,False
6174,55.111111,0.96223,55.222222,0.96223,False
6175,55.111111,-0.866071,55.222222,-0.866071,False
6176,55.111111,-2.910714,55.222222,-2.919643,False
6177,55.111111,-4.214286,55.222222,-4.223214,False
6178,55.111111,-6.0625,55.222222,-6.0625,False
6179,55.111111,-6.723214,55.222222,-6.732143,False
6180,55.222222,6.627698,55.333333,6.636691,False
6181,55.222222,5.854317,55.333333,5.854317,False
6182,55.222222,3.534173,55.333333,3.534173,False
6183,55.222222,2.257194,55.333333,2.257194,False
6184,55.222222,0.96223,55.333333,0.96223,False
6185,55.222222,-0.866071,55.333333,-0.866071,False
6186,55.222222,-2.919643,55.333333,-2.919643,False
6187,55.222222,-4.223214,55.333333,-4.223214,False
6188,55.222222,-6.0625,55.333333,-6.0625,False
6189,55.222222,-6.732143,55.333333,-6.732143,False
6190,55.333333,6.636691,55.444444,6.636691,False
6191,55.333333,5.854317,55.444444,5.872302,False
6192,55.333333,3.534173,55.444444,3.52518,False
6193,55.333333,2.257194,55.444444,2.257194,False
6194,55.333333,0.96223,55.444444,0.96223,False
6195,55.333333,-0.866071,55.444444,-0.875,False
6196,55.333333,-2.919643,55.444444,-2.919643,False
6197,55.333333,-4.223214,55.444444,-4.232143,False
6198,55.333333,-6.0625,55.444444,-6.0625,False
6199,55.333333,-6.732143,55.444444,-6.741071,False
6200,55.444444,6.636691,55.555556,6.636691,False
6201,55.444444,5.872302,55.555556,5.872302,False
6202,55.444444,3.52518,55.555556,3.52518,False
6203,55.444444,2.257194,55.555556,2.257194,False
6204,55.444444,0.96223,55.555556,0.96223,False
6205,55.444444,-0.875,55.555556,-0.883929,False
6206,55.444444,-2.919643,55.555556,-2.919643,False
6207,55.444444,-4.232143,55.555556,-4.241071,False
6208,55.444444,-6.0625,55.555556,-6.0625,False
6209,55.444444,-6.741071,55.555556,-6.741071,False
6210,55.555556,6.636691,55.666667,6.645683,False
6211,55.555556,5.872302,55.666667,5.881295,False
6212,55.555556,3.52518,55.666667,3.52518,False
6213,55.555556,2.257194,55.666667,2.248201,False
6214,55.555556,0.96223,55.666667,0.971223,False
6215,55.555556,-0.883929,55.666667,-0.883929,False
6216,55.555556,-2.919643,55.666667,-2.928571,False
6217,55.555556,-4.241071,55.666667,-4.258929,False
6218,55.555556,-6.0625,55.666667,-6.0625,False
6219,55.555556,-6.741071,55.666667,-6.741071,False
6220,55.666667,6.645683,55.777778,6.645683,False
6221,55.666667,5.881295,55.777778,5.890288,False
6222,55.666667,3.52518,55.777778,3.52518,False
6223,55.666667,2.248201,55.777778,2.248201,False
6224,55.666667,0.971223,55.777778,0.980216,False
6225,55.666667,-0.883929,55.777778,-0.892857,False
6226,55.666667,-2.928571,55.777778,-2.9375,False
6227,55.666667,-4.258929,55.777778,-4.267857,False
6228,55.666667,-6.0625,55.777778,-6.0625,False
6229,55.666667,-6.741071,55.777778,-6.75,False
6230,55.777778,6.645683,55.888889,6.654676,False
6231,55.777778,5.890288,55.888889,5.899281,False
6232,55.777778,2.248201,55.888889,2.248201,False
6233,55.777778,0.980216,55.888889,0.980216,False
6234,55.777778,-0.892857,55.888889,-0.901786,False
6235,55.777778,-2.9375,55.888889,-2.9375,False
6236,55.777778,-4.267857,55.888889,-4.276786,False
6237,55.777778,-6.0625,55.888889,-6.0625,False
6238,55.777778,-6.75,55.888889,-6.758929,False
6239,55.888889,6.654676,56.0,6.654676,False
6240,55.888889,5.899281,56.0,5.908273,False
6241,55.888889,2.248201,56.0,2.248201,False
6242,55.888889,0.980216,56.0,0.980216,False
6243,55.888889,-0.901786,56.0,-0.901786,False
6244,55.888889,-2.9375,56.0,-2.9375,False
6245,55.888889,-4.276786,56.0,-4.294643,False
6246,55.888889,-6.0625,56.0,-6.053571,False
6247,55.888889,-6.758929,56.0,-6.758929,False
6248,56.0,6.654676,56.111111,6.654676,False
6249,56.0,5.908273,56.111111,5.917266,False
6250,56.0,3.507194,56.111111,3.507194,False
6251,56.0,2.248201,56.111111,2.239209,False
6252,56.0,0.980216,56.111111,0.971223,False
6253,56.0,-0.901786,56.111111,-0.901786,False
6254,56.0,-2.9375,56.111111,-2.9375,False
6255,56.0,-4.294643,56.111111,-4.3125,False
6256,56.0,-6.053571,56.111111,-6.053571,False
6257,56.0,-6.758929,56.111111,-6.767857,False
6258,56.111111,6.654676,56.222222,6.654676,False
6259,56.111111,5.917266,56.222222,5.917266,False
6260,56.111111,3.507194,56.222222,3.507194,False
6261,56.111111,2.239209,56.222222,2.239209,False
6262,56.111111,0.971223,56.222222,0.971223,False
6263,56.111111,-0.901786,56.222222,-0.910714,False
6264,56.111111,-2.9375,56.222222,-2.9375,False
6265,56.111111,-4.3125,56.222222,-4.321429,False
6266,56.111111,-6.053571,56.222222,-6.053571,False
6267,56.111111,-6.767857,56.222222,-6.785714,False
6268,56.222222,6.654676,56.333333,6.654676,False
6269,56.222222,5.917266,56.333333,5.926259,False
6270,56.222222,3.507194,56.333333,3.507194,False
6271,56.222222,2.239209,56.333333,2.239209,False
6272,56.222222,0.971223,56.333333,0.971223,False
6273,56.222222,-0.910714,56.333333,-0.919643,False
6274,56.222222,-2.9375,56.333333,-2.9375,False
6275,56.222222,-4.321429,56.333333,-4.330357,False
6276,56.222222,-6.053571,56.333333,-6.0625,False
6277,56.222222,-6.785714,56.333333,-6.785714,False
6278,56.333333,6.654676,56.444444,6.654676,False
6279,56.333333,5.926259,56.444444,5.935252,False
6280,56.333333,3.507194,56.444444,3.507194,False
6281,56.333333,2.239209,56.444444,2.239209,False
6282,56.333333,0.971223,56.444444,0.971223,False
6283,56.333333,-0.919643,56.444444,-0.919643,False
6284,56.333333,-2.9375,56.444444,-2.9375,False
6285,56.333333,-4.330357,56.444444,-4.348214,False
6286,56.333333,-6.0625,56.444444,-6.0625,False
6287,56.333333,-6.785714,56.444444,-6.794643,False
6288,56.444444,6.654676,56.555556,6.663669,False
6289,56.444444,5.935252,56.555556,5.935252,False
6290,56.444444,3.507194,56.555556,3.507194,False
6291,56.444444,2.239209,56.555556,2.239209,False
6292,56.444444,0.971223,56.555556,0.971223,False
6293,56.444444,-0.919643,56.555556,-0.919643,False
6294,56.444444,-2.9375,56.555556,-2.9375,False
6295,56.444444,-4.348214,56.555556,-4.348214,False
6296,56.444444,-6.0625,56.555556,-6.0625,False
6297,56.444444,-6.794643,56.555556,-6.803571,False
6298,56.555556,6.663669,56.666667,6.663669,False
6299,56.555556,5.935252,56.666667,5.935252,False
6300,56.555556,3.507194,56.666667,3.507194,False
6301,56.555556,2.239209,56.666667,2.239209,False
6302,56.555556,0.971223,56.666667,0.96223,False
6303,56.555556,-0.919643,56.666667,-0.919643,False
6304,56.555556,-2.9375,56.666667,-2.9375,False
6305,56.555556,-4.348214,56.666667,-4.357143,False
6306,56.555556,-6.0625,56.666667,-6.080357,False
6307,56.555556,-6.803571,56.666667,-6.8125,False
6308,56.666667,6.663669,56.777778,6.663669,False
6309,56.666667,5.935252,56.777778,5.935252,False
6310,56.666667,3.507194,56.777778,3.498201,False
6311,56.666667,2.239209,56.777778,2.239209,False
6312,56.666667,0.96223,56.777778,0.971223,False
6313,56.666667,-0.919643,56.777778,-0.928571,False
6314,56.666667,-2.9375,56.777778,-2.9375,False
6315,56.666667,-4.357143,56.777778,-4.366071,False
6316,56.666667,-6.080357,56.777778,-6.089286,False
6317,56.666667,-6.8125,56.777778,-6.8125,False
6318,56.777778,6.663669,56.888889,6.663669,False
6319,56.777778,5.935252,56.888889,5.926259,False
6320,56.777778,3.498201,56.888889,3.498201,False
6321,56.777778,2.239209,56.888889,2.248201,False
6322,56.777778,0.971223,56.888889,0.980216,False
6323,56.777778,-0.928571,56.888889,-0.928571,False
6324,56.777778,-2.9375,56.888889,-2.9375,False
6325,56.777778,-4.366071,56.888889,-4.375,False
6326,56.777778,-6.089286,56.888889,-6.089286,False
6327,56.777778,-6.8125,56.888889,-6.8125,False
6328,56.888889,6.663669,57.0,6.663669,False
6329,56.888889,5.926259,57.0,5.926259,False
6330,56.888889,3.498201,57.0,3.498201,False
6331,56.888889,2.248201,57.0,2.248201,False
6332,56.888889,0.980216,57.0,0.980216,False
6333,56.888889,-0.928571,57.0,-0.928571,False
6334,56.888889,-2.9375,57.0,-2.946429,False
6335,56.888889,-4.375,57.0,-4.383929,False
6336,56.888889,-6.089286,57.0,-6.107143,False
6337,56.888889,-6.8125,57.0,-6.8125,False
6338,57.0,6.663669,57.111111,6.663669,False
6339,57.0,5.926259,57.111111,5.917266,False
6340,57.0,3.498201,57.111111,3.498201,False
6341,57.0,2.248201,57.111111,2.257194,False
6342,57.0,0.980216,57.111111,0.980216,False
6343,57.0,-0.928571,57.111111,-0.928571,False
6344,57.0,-2.946429,57.111111,-2.9375,False
6345,57.0,-4.383929,57.111111,-4.392857,False
6346,57.0,-6.107143,57.111111,-6.125,False
6347,57.0,-6.8125,57.111111,-6.8125,False
6348,57.111111,6.663669,57.222222,6.663669,False
6349,57.111111,5.917266,57.222222,5.917266,False
6350,57.111111,3.498201,57.222222,3.498201,False
6351,57.111111,2.257194,57.222222,2.257194,False
6352,57.111111,0.980216,57.222222,0.980216,False
6353,57.111111,-0.928571,57.222222,-0.928571,False
6354,57.111111,-2.9375,57.222222,-2.9375,False
6355,57.111111,-4.392857,57.222222,-4.401786,False
6356,57.111111,-6.125,57.222222,-6.125,False
6357,57.111111,-6.8125,57.222222,-6.821429,False
6358,57.222222,6.663669,57.333333,6.663669,False
6359,57.222222,5.917266,57.333333,5.917266,False
6360,57.222222,3.498201,57.333333,3.507194,False
6361,57.222222,2.257194,57.333333,2.257194,False
6362,57.222222,0.980216,57.333333,0.980216,False
6363,57.222222,-0.928571,57.333333,-0.928571,False
6364,57.222222,-2.9375,57.333333,-2.955357,False
6365,57.222222,-4.401786,57.333333,-4.401786,False
6366,57.222222,-6.125,57.333333,-6.151786,False
6367,57.222222,-6.821429,57.333333,-6.830357,False
6368,57.333333,6.663669,57.444444,6.663669,False
6369,57.333333,5.917266,57.444444,5.917266,False
6370,57.333333,3.507194,57.444444,3.507194,False
6371,57.333333,2.257194,57.444444,2.266187,False
6372,57.333333,0.980216,57.444444,0.980216,False
6373,57.333333,-0.928571,57.444444,-0.928571,False
6374,57.333333,-2.955357,57.444444,-2.955357,False
6375,57.333333,-4.401786,57.444444,-4.419643,False
6376,57.333333,-6.151786,57.444444,-6.160714,False
6377,57.333333,-6.830357,57.444444,-6.830357,False
6378,57.444444,6.663669,57.555556,6.672662,False
6379,57.444444,5.917266,57.555556,5.908273,False
6380,57.444444,3.507194,57.555556,3.507194,False
6381,57.444444,2.266187,57.555556,2.266187,False
6382,57.444444,0.980216,57.555556,0.980216,False
6383,57.444444,-0.928571,57.555556,-0.928571,False
6384,57.444444,-2.955357,57.555556,-2.955357,False
6385,57.444444,-4.419643,57.555556,-4.419643,False
6386,57.444444,-6.160714,57.555556,-6.160714,False
6387,57.444444,-6.830357,57.555556,-6.830357,False
6388,57.555556,6.672662,57.666667,6.681655,False
6389,57.555556,5.908273,57.666667,5.899281,False
6390,57.555556,3.507194,57.666667,3.507194,False
6391,57.555556,2.266187,57.666667,2.27518,False
6392,57.555556,0.980216,57.666667,0.980216,False
6393,57.555556,-0.928571,57.666667,-0.928571,False
6394,57.555556,-2.955357,57.666667,-2.955357,False
6395,57.555556,-4.419643,57.666667,-4.4375,False
6396,57.555556,-6.160714,57.666667,-6.178571,False
6397,57.555556,-6.830357,57.666667,-6.830357,False
6398,57.666667,6.681655,57.777778,6.690647,False
6399,57.666667,5.899281,57.777778,5.899281,False
6400,57.666667,3.507194,57.777778,3.516187,False
6401,57.666667,2.27518,57.777778,2.27518,False
6402,57.666667,0.980216,57.777778,0.980216,False
6403,57.666667,-0.928571,57.777778,-0.928571,False
6404,57.666667,-2.955357,57.777778,-2.955357,False
6405,57.666667,-4.4375,57.777778,-4.446429,False
6406,57.666667,-6.178571,57.777778,-6.1875,False
6407,57.666667,-6.830357,57.777778,-6.830357,False
6408,57.777778,6.690647,57.888889,6.708633,False
6409,57.777778,5.899281,57.888889,5.899281,False
6410,57.777778,3.516187,57.888889,3.52518,False
6411,57.777778,2.27518,57.888889,2.27518,False
6412,57.777778,0.980216,57.888889,0.980216,False
6413,57.777778,-0.928571,57.888889,-0.928571,False
6414,57.777778,-2.955357,57.888889,-2.964286,False
6415,57.777778,-4.446429,57.888889,-4.446429,False
6416,57.777778,-6.1875,57.888889,-6.196429,False
6417,57.777778,-6.830357,57.888889,-6.839286,False
6418,57.888889,6.708633,58.0,6.726619,False
6419,57.888889,5.899281,58.0,5.899281,False
6420,57.888889,3.52518,58.0,3.534173,False
6421,57.888889,2.27518,58.0,2.27518,False
6422,57.888889,0.980216,58.0,0.980216,False
6423,57.888889,-0.928571,58.0,-0.919643,False
6424,57.888889,-2.964286,58.0,-2.964286,False
6425,57.888889,-4.446429,58.0,-4.455357,False
6426,57.888889,-6.196429,58.0,-6.196429,False
6427,57.888889,-6.839286,58.0,-6.848214,False
6428,58.0,6.726619,58.111111,6.744604,False
6429,58.0,5.899281,58.111111,5.899281,False
6430,58.0,3.534173,58.111111,3.534173,False
6431,58.0,2.27518,58.111111,2.284173,False
6432,58.0,0.980216,58.111111,0.980216,False
6433,58.0,-0.919643,58.111111,-0.919643,False
6434,58.0,-2.964286,58.111111,-2.964286,False
6435,58.0,-4.455357,58.111111,-4.464286,False
6436,58.0,-6.196429,58.111111,-6.205357,False
6437,58.0,-6.848214,58.111111,-6.848214,False
6438,58.111111,6.744604,58.222222,6.76259,False
6439,58.111111,5.899281,58.222222,5.890288,False
6440,58.111111,3.534173,58.222222,3.543165,False
6441,58.111111,2.284173,58.222222,2.284173,False
6442,58.111111,0.980216,58.222222,0.980216,False
6443,58.111111,-0.919643,58.222222,-0.919643,False
6444,58.111111,-2.964286,58.222222,-2.973214,False
6445,58.111111,-4.464286,58.222222,-4.473214,False
6446,58.111111,-6.205357,58.222222,-6.214286,False
6447,58.111111,-6.848214,58.222222,-6.857143,False
6448,58.222222,6.76259,58.333333,6.771583,False
6449,58.222222,5.890288,58.333333,5.899281,False
6450,58.222222,3.543165,58.333333,3.552158,False
6451,58.222222,2.284173,58.333333,2.293165,False
6452,58.222222,0.980216,58.333333,0.96223,False
6453,58.222222,-0.919643,58.333333,-0.919643,False
6454,58.222222,-2.973214,58.333333,-2.973214,False
6455,58.222222,-4.473214,58.333333,-4.473214,False
6456,58.222222,-6.214286,58.333333,-6.214286,False
6457,58.222222,-6.857143,58.333333,-6.866071,False
6458,58.333333,6.771583,58.444444,6.798561,False
6459,58.333333,5.899281,58.444444,5.899281,False
6460,58.333333,3.552158,58.444444,3.552158,False
6461,58.333333,2.293165,58.444444,2.293165,False
6462,58.333333,0.96223,58.444444,0.96223,False
6463,58.333333,-0.919643,58.444444,-0.919643,False
6464,58.333333,-2.973214,58.444444,-2.982143,False
6465,58.333333,-4.473214,58.444444,-4.491071,False
6466,58.333333,-6.214286,58.444444,-6.223214,False
6467,58.333333,-6.866071,58.444444,-6.866071,False
6468,58.444444,6.798561,58.555556,6.798561,False
6469,58.444444,5.899281,58.555556,5.899281,False
6470,58.444444,3.552158,58.555556,3.552158,False
6471,58.444444,2.293165,58.555556,2.311151,False
6472,58.444444,0.96223,58.555556,0.96223,False
6473,58.444444,-0.919643,58.555556,-0.919643,False
6474,58.444444,-2.982143,58.555556,-2.991071,False
6475,58.444444,-4.491071,58.555556,-4.491071,False
6476,58.444444,-6.223214,58.555556,-6.223214,False
6477,58.444444,-6.866071,58.555556,-6.875,False
6478,58.555556,6.798561,58.666667,6.798561,False
6479,58.555556,5.899281,58.666667,5.899281,False
6480,58.555556,3.552158,58.666667,3.561151,False
6481,58.555556,2.311151,58.666667,2.311151,False
6482,58.555556,0.96223,58.666667,0.96223,False
6483,58.555556,-0.919643,58.666667,-0.919643,False
6484,58.555556,-2.991071,58.666667,-2.991071,False
6485,58.555556,-4.491071,58.666667,-4.491071,False
6486,58.555556,-6.223214,58.666667,-6.232143,False
6487,58.555556,-6.875,58.666667,-6.883929,False
6488,58.666667,6.798561,58.777778,6.816547,False
6489,58.666667,5.899281,58.777778,5.890288,False
6490,58.666667,3.561151,58.777778,3.570144,False
6491,58.666667,2.311151,58.777778,2.311151,False
6492,58.666667,0.96223,58.777778,0.96223,False
6493,58.666667,-0.919643,58.777778,-0.901786,False
6494,58.666667,-2.991071,58.777778,-2.991071,False
6495,58.666667,-4.491071,58.777778,-4.491071,False
6496,58.666667,-6.232143,58.777778,-6.241071,False
6497,58.666667,-6.883929,58.777778,-6.901786,False
6498,58.777778,6.816547,58.888889,6.816547,False
6499,58.777778,5.890288,58.888889,5.890288,False
6500,58.777778,3.570144,58.888889,3.570144,False
6501,58.777778,2.311151,58.888889,2.311151,False
6502,58.777778,0.96223,58.888889,0.96223,False
6503,58.777778,-0.901786,58.888889,-0.901786,False
6504,58.777778,-2.991071,58.888889,-3.0,False
6505,58.777778,-4.491071,58.888889,-4.491071,False
6506,58.777778,-6.241071,58.888889,-6.25,False
6507,58.777778,-6.901786,58.888889,-6.910714,False
6508,58.888889,6.816547,59.0,6.816547,False
6509,58.888889,5.890288,59.0,5.872302,False
6510,58.888889,3.570144,59.0,3.561151,False
6511,58.888889,2.311151,59.0,2.320144,False
6512,58.888889,0.96223,59.0,0.96223,False
6513,58.888889,-0.901786,59.0,-0.892857,False
6514,58.888889,-3.0,59.0,-3.008929,False
6515,58.888889,-4.491071,59.0,-4.491071,False
6516,58.888889,-6.25,59.0,-6.258929,False
6517,58.888889,-6.910714,59.0,-6.928571,False
6518,59.0,6.816547,59.111111,6.82554,False
6519,59.0,5.872302,59.111111,5.872302,False
6520,59.0,3.561151,59.111111,3.561151,False
6521,59.0,2.320144,59.111111,2.329137,False
6522,59.0,0.96223,59.111111,0.971223,False
6523,59.0,-0.892857,59.111111,-0.892857,False
6524,59.0,-3.008929,59.111111,-3.008929,False
6525,59.0,-4.491071,59.111111,-4.5,False
6526,59.0,-6.258929,59.111111,-6.267857,False
6527,59.0,-6.928571,59.111111,-6.928571,False
6528,59.111111,6.82554,59.222222,6.82554,False
6529,59.111111,5.872302,59.222222,5.872302,False
6530,59.111111,3.561151,59.222222,3.552158,False
6531,59.111111,2.329137,59.222222,2.338129,False
6532,59.111111,0.971223,59.222222,0.971223,False
6533,59.111111,-0.892857,59.222222,-0.892857,False
6534,59.111111,-3.008929,59.222222,-3.008929,False
6535,59.111111,-4.5,59.222222,-4.5,False
6536,59.111111,-6.267857,59.222222,-6.285714,False
6537,59.111111,-6.928571,59.222222,-6.946429,False
6538,59.222222,6.82554,59.333333,6.82554,False
6539,59.222222,5.872302,59.333333,5.854317,False
6540,59.222222,3.552158,59.333333,3.552158,False
6541,59.222222,2.338129,59.333333,2.338129,False
6542,59.222222,0.971223,59.333333,0.980216,False
6543,59.222222,-0.892857,59.333333,-0.883929,False
6544,59.222222,-3.008929,59.333333,-3.008929,False
6545,59.222222,-4.5,59.333333,-4.5,False
6546,59.222222,-6.285714,59.333333,-6.303571,False
6547,59.222222,-6.946429,59.333333,-6.955357,False
6548,59.333333,6.82554,59.444444,6.82554,False
6549,59.333333,5.854317,59.444444,5.845324,False
6550,59.333333,3.552158,59.444444,3.552158,False
6551,59.333333,2.338129,59.444444,2.347122,False
6552,59.333333,0.980216,59.444444,0.980216,False
6553,59.333333,-0.883929,59.444444,-0.883929,False
6554,59.333333,-3.008929,59.444444,-3.008929,False
6555,59.333333,-4.5,59.444444,-4.508929,False
6556,59.333333,-6.303571,59.444444,-6.321429,False
6557,59.333333,-6.955357,59.444444,-6.964286,False
6558,59.444444,6.82554,59.555556,6.82554,False
6559,59.444444,5.845324,59.555556,5.827338,False
6560,59.444444,3.552158,59.555556,3.552158,False
6561,59.444444,2.347122,59.555556,2.356115,False
6562,59.444444,0.980216,59.555556,0.980216,False
6563,59.444444,-0.883929,59.555556,-0.883929,False
6564,59.444444,-3.008929,59.555556,-3.017857,False
6565,59.444444,-4.508929,59.555556,-4.508929,False
6566,59.444444,-6.321429,59.555556,-6.330357,False
6567,59.444444,-6.964286,59.555556,-6.973214,False
6568,59.555556,6.82554,59.666667,6.82554,False
6569,59.555556,5.827338,59.666667,5.818345,False
6570,59.555556,3.552158,59.666667,3.552158,False
6571,59.555556,2.356115,59.666667,2.356115,False
6572,59.555556,0.980216,59.666667,0.989209,False
6573,59.555556,-0.883929,59.666667,-0.875,False
6574,59.555556,-3.017857,59.666667,-3.017857,False
6575,59.555556,-4.508929,59.666667,-4.508929,False
6576,59.555556,-6.330357,59.666667,-6.348214,False
6577,59.555556,-6.973214,59.666667,-6.982143,False
6578,59.666667,6.82554,59.777778,6.82554,False
6579,59.666667,5.818345,59.777778,5.809353,False
6580,59.666667,3.552158,59.777778,3.543165,False
6581,59.666667,2.356115,59.777778,2.365108,False
6582,59.666667,0.989209,59.777778,0.998201,False
6583,59.666667,-0.875,59.777778,-0.875,False
6584,59.666667,-3.017857,59.777778,-3.017857,False
6585,59.666667,-4.508929,59.777778,-4.508929,False
6586,59.666667,-6.348214,59.777778,-6.366071,False
6587,59.666667,-6.982143,59.777778,-7.0,False
6588,59.777778,6.82554,59.888889,6.843525,False
6589,59.777778,5.809353,59.888889,5.809353,False
6590,59.777778,3.543165,59.888889,3.552158,False
6591,59.777778,2.365108,59.888889,2.365108,False
6592,59.777778,0.998201,59.888889,0.998201,False
6593,59.777778,-0.875,59.888889,-0.883929,False
6594,59.777778,-3.017857,59.888889,-3.026786,False
6595,59.777778,-4.508929,59.888889,-4.517857,False
6596,59.777778,-6.366071,59.888889,-6.383929,False
6597,59.777778,-7.0,59.888889,-7.008929,False
6598,59.888889,6.843525,60.0,6.843525,False
6599,59.888889,5.809353,60.0,5.80036,False
6600,59.888889,3.552158,60.0,3.552158,False
6601,59.888889,2.365108,60.0,2.365108,False
6602,59.888889,0.998201,60.0,1.007194,False
6603,59.888889,-0.883929,60.0,-0.883929,False
6604,59.888889,-3.026786,60.0,-3.035714,False
6605,59.888889,-4.517857,60.0,-4.526786,False
6606,59.888889,-6.383929,60.0,-6.410714,False
6607,59.888889,-7.008929,60.0,-7.008929,False
6608,60.0,6.843525,60.111111,6.852518,False
6609,60.0,5.80036,60.111111,5.809353,False
6610,60.0,3.552158,60.111111,3.552158,False
6611,60.0,2.365108,60.111111,2.383094,False
6612,60.0,1.007194,60.111111,1.007194,False
6613,60.0,-0.883929,60.111111,-0.883929,False
6614,60.0,-3.035714,60.111111,-3.035714,False
6615,60.0,-4.526786,60.111111,-4.526786,False
6616,60.0,-6.410714,60.111111,-6.428571,False
6617,60.0,-7.008929,60.111111,-7.017857,False
6618,60.111111,6.852518,60.222222,6.870504,False
6619,60.111111,5.809353,60.222222,5.836331,False
6620,60.111111,3.552158,60.222222,3.552158,False
6621,60.111111,2.383094,60.222222,2.383094,False
6622,60.111111,1.007194,60.222222,1.007194,False
6623,60.111111,-0.883929,60.222222,-0.883929,False
6624,60.111111,-3.035714,60.222222,-3.044643,False
6625,60.111111,-4.526786,60.222222,-4.526786,False
6626,60.111111,-6.428571,60.222222,-6.4375,False
6627,60.111111,-7.017857,60.222222,-7.026786,False
6628,60.222222,6.870504,60.333333,6.870504,False
6629,60.222222,5.836331,60.333333,5.845324,False
6630,60.222222,3.552158,60.333333,3.561151,False
6631,60.222222,2.383094,60.333333,2.392086,False
6632,60.222222,1.007194,60.333333,1.007194,False
6633,60.222222,-0.883929,60.333333,-0.883929,False
6634,60.222222,-3.044643,60.333333,-3.044643,False
6635,60.222222,-4.526786,60.333333,-4.526786,False
6636,60.222222,-6.4375,60.333333,-6.455357,False
6637,60.222222,-7.026786,60.333333,-7.035714,False
6638,60.333333,6.870504,60.444444,6.888489,False
6639,60.333333,5.845324,60.444444,5.872302,False
6640,60.333333,3.561151,60.444444,3.579137,False
6641,60.333333,2.392086,60.444444,2.401079,False
6642,60.333333,1.007194,60.444444,1.007194,False
6643,60.333333,-0.883929,60.444444,-0.892857,False
6644,60.333333,-3.044643,60.444444,-3.053571,False
6645,60.333333,-4.526786,60.444444,-4.526786,False
6646,60.333333,-6.455357,60.444444,-6.473214,False
6647,60.333333,-7.035714,60.444444,-7.044643,False
6648,60.444444,6.888489,60.555556,6.897482,False
6649,60.444444,5.872302,60.555556,5.908273,False
6650,60.444444,3.579137,60.555556,3.597122,False
6651,60.444444,2.401079,60.555556,2.401079,False
6652,60.444444,1.007194,60.555556,1.007194,False
6653,60.444444,-0.892857,60.555556,-0.901786,False
6654,60.444444,-3.053571,60.555556,-3.0625,False
6655,60.444444,-4.526786,60.555556,-4.535714,False
6656,60.444444,-6.473214,60.555556,-6.5,False
6657,60.444444,-7.044643,60.555556,-7.0625,False
6658,60.555556,6.897482,60.666667,6.906475,False
6659,60.555556,5.908273,60.666667,5.935252,False
6660,60.555556,3.597122,60.666667,3.606115,False
6661,60.555556,2.401079,60.666667,2.410072,False
6662,60.555556,1.007194,60.666667,1.007194,False
6663,60.555556,-0.901786,60.666667,-0.901786,False
6664,60.555556,-3.0625,60.666667,-3.071429,False
6665,60.555556,-4.535714,60.666667,-4.535714,False
6666,60.555556,-6.5,60.666667,-6.526786,False
6667,60.555556,-7.0625,60.666667,-7.0625,False
6668,60.666667,6.906475,60.777778,6.915468,False
6669,60.666667,5.935252,60.777778,5.944245,False
6670,60.666667,3.606115,60.777778,3.624101,False
6671,60.666667,2.410072,60.777778,2.419065,False
6672,60.666667,1.007194,60.777778,1.007194,False
6673,60.666667,-0.901786,60.777778,-0.901786,False
6674,60.666667,-3.071429,60.777778,-3.071429,False
6675,60.666667,-4.535714,60.777778,-4.535714,False
6676,60.666667,-6.526786,60.777778,-6.526786,False
6677,60.666667,-7.0625,60.777778,-7.080357,False
6678,60.777778,6.915468,60.888889,6.915468,False
6679,60.777778,5.944245,60.888889,5.96223,False
6680,60.777778,3.624101,60.888889,3.624101,False
6681,60.777778,2.419065,60.888889,2.43705,False
6682,60.777778,1.007194,60.888889,1.007194,False
6683,60.777778,-0.901786,60.888889,-0.901786,False
6684,60.777778,-3.071429,60.888889,-3.071429,False
6685,60.777778,-4.535714,60.888889,-4.544643,False
6686,60.777778,-6.526786,60.888889,-6.544643,False
6687,60.777778,-7.080357,60.888889,-7.080357,False
6688,60.888889,6.915468,61.0,6.92446,False
6689,60.888889,5.96223,61.0,5.980216,False
6690,60.888889,3.624101,61.0,3.642086,False
6691,60.888889,2.43705,61.0,2.446043,False
6692,60.888889,1.007194,61.0,1.016187,False
6693,60.888889,-0.901786,61.0,-0.901786,False
6694,60.888889,-3.071429,61.0,-3.089286,False
6695,60.888889,-4.544643,61.0,-4.553571,False
6696,60.888889,-6.544643,61.0,-6.571429,False
6697,60.888889,-7.080357,61.0,-7.098214,False
6698,61.0,6.92446,61.111111,6.933453,False
6699,61.0,5.980216,61.111111,5.980216,False
6700,61.0,3.642086,61.111111,3.642086,False
6701,61.0,2.446043,61.111111,2.455036,False
6702,61.0,1.016187,61.111111,1.016187,False
6703,61.0,-0.901786,61.111111,-0.901786,False
6704,61.0,-3.089286,61.111111,-3.098214,False
6705,61.0,-4.553571,61.111111,-4.553571,False
6706,61.0,-6.571429,61.111111,-6.580357,False
6707,61.0,-7.098214,61.111111,-7.098214,False
6708,61.111111,6.933453,61.222222,6.942446,False
6709,61.111111,5.980216,61.222222,5.989209,False
6710,61.111111,3.642086,61.222222,3.651079,False
6711,61.111111,2.455036,61.222222,2.473022,False
6712,61.111111,1.016187,61.222222,1.02518,False
6713,61.111111,-0.901786,61.222222,-0.919643,False
6714,61.111111,-3.098214,61.222222,-3.098214,False
6715,61.111111,-4.553571,61.222222,-4.5625,False
6716,61.111111,-6.580357,61.222222,-6.598214,False
6717,61.111111,-7.098214,61.222222,-7.116071,False
6718,61.222222,6.942446,61.333333,6.960432,False
6719,61.222222,5.989209,61.333333,5.998201,False
6720,61.222222,3.651079,61.333333,3.651079,False
6721,61.222222,2.473022,61.333333,2.482014,False
6722,61.222222,1.02518,61.333333,1.034173,False
6723,61.222222,-0.919643,61.333333,-0.919643,False
6724,61.222222,-3.098214,61.333333,-3.098214,False
6725,61.222222,-4.5625,61.333333,-4.571429,False
6726,61.222222,-6.598214,61.333333,-6.616071,False
6727,61.222222,-7.116071,61.333333,-7.116071,False
6728,61.333333,6.960432,61.444444,6.960432,False
6729,61.333333,5.998201,61.444444,5.998201,False
6730,61.333333,3.651079,61.444444,3.651079,False
6731,61.333333,2.482014,61.444444,2.491007,False
6732,61.333333,1.034173,61.444444,1.043165,False
6733,61.333333,-0.919643,61.444444,-0.919643,False
6734,61.333333,-3.098214,61.444444,-3.107143,False
6735,61.333333,-4.571429,61.444444,-4.571429,False
6736,61.333333,-6.616071,61.444444,-6.625,False
6737,61.333333,-7.116071,61.444444,-7.133929,False
6738,61.444444,6.960432,61.555556,6.978417,False
6739,61.444444,5.998201,61.555556,6.016187,False
6740,61.444444,3.651079,61.555556,3.651079,False
6741,61.444444,2.491007,61.555556,2.508993,False
6742,61.444444,1.043165,61.555556,1.052158,False
6743,61.444444,-0.919643,61.555556,-0.919643,False
6744,61.444444,-3.107143,61.555556,-3.116071,False
6745,61.444444,-4.571429,61.555556,-4.589286,False
6746,61.444444,-6.625,61.555556,-6.633929,False
6747,61.444444,-7.133929,61.555556,-7.133929,False
6748,61.555556,6.978417,61.666667,6.978417,False
6749,61.555556,6.016187,61.666667,6.016187,False
6750,61.555556,3.651079,61.666667,3.651079,False
6751,61.555556,2.508993,61.666667,2.508993,False
6752,61.555556,1.052158,61.666667,1.079137,False
6753,61.555556,-0.919643,61.666667,-0.919643,False
6754,61.555556,-3.116071,61.666667,-3.116071,False
6755,61.555556,-4.589286,61.666667,-4.607143,False
6756,61.555556,-6.633929,61.666667,-6.651786,False
6757,61.555556,-7.133929,61.666667,-7.151786,False
6758,61.666667,6.978417,61.777778,6.98741,False
6759,61.666667,6.016187,61.777778,6.02518,False
6760,61.666667,3.651079,61.777778,3.660072,False
6761,61.666667,2.508993,61.777778,2.526978,False
6762,61.666667,1.079137,61.777778,1.088129,False
6763,61.666667,-0.919643,61.777778,-0.928571,False
6764,61.666667,-3.116071,61.777778,-3.133929,False
6765,61.666667,-4.607143,61.777778,-4.607143,False
6766,61.666667,-6.651786,61.777778,-6.651786,False
6767,61.666667,-7.151786,61.777778,-7.151786,False
6768,61.777778,6.98741,61.888889,7.005396,False
6769,61.777778,6.02518,61.888889,6.034173,False
6770,61.777778,3.660072,61.888889,3.660072,False
6771,61.777778,2.526978,61.888889,2.526978,False
6772,61.777778,1.088129,61.888889,1.097122,False
6773,61.777778,-0.928571,61.888889,-0.928571,False
6774,61.777778,-3.133929,61.888889,-3.133929,False
6775,61.777778,-4.607143,61.888889,-4.625,False
6776,61.777778,-6.651786,61.888889,-6.669643,False
6777,61.777778,-7.151786,61.888889,-7.160714,False
6778,61.888889,7.005396,62.0,7.014388,False
6779,61.888889,6.034173,62.0,6.034173,False
6780,61.888889,3.660072,62.0,3.669065,False
6781,61.888889,2.526978,62.0,2.544964,False
6782,61.888889,1.097122,62.0,1.106115,False
6783,61.888889,-0.928571,62.0,-0.928571,False
6784,61.888889,-3.133929,62.0,-3.133929,False
6785,61.888889,-4.625,62.0,-4.625,False
6786,61.888889,-6.669643,62.0,-6.678571,False
6787,61.888889,-7.160714,62.0,-7.169643,False
6788,62.0,7.014388,62.111111,7.032374,False
6789,62.0,6.034173,62.111111,6.034173,False
6790,62.0,3.669065,62.111111,3.678058,False
6791,62.0,2.544964,62.111111,2.544964,False
6792,62.0,1.106115,62.111111,1.124101,False
6793,62.0,-0.928571,62.111111,-0.946429,False
6794,62.0,-3.133929,62.111111,-3.151786,False
6795,62.0,-4.625,62.111111,-4.651786,False
6796,62.0,-6.678571,62.111111,-6.6875,False
6797,62.0,-7.169643,62.111111,-7.178571,False
6798,62.111111,7.032374,62.222222,7.041367,False
6799,62.111111,6.034173,62.222222,6.043165,False
6800,62.111111,3.678058,62.222222,3.68705,False
6801,62.111111,2.544964,62.222222,2.553957,False
6802,62.111111,1.124101,62.222222,1.124101,False
6803,62.111111,-0.946429,62.222222,-0.946429,False
6804,62.111111,-3.151786,62.222222,-3.160714,False
6805,62.111111,-4.651786,62.222222,-4.651786,False
6806,62.111111,-6.6875,62.222222,-6.705357,False
6807,62.111111,-7.178571,62.222222,-7.196429,False
6808,62.222222,7.041367,62.333333,7.068345,False
6809,62.222222,6.043165,62.333333,6.043165,False
6810,62.222222,3.68705,62.333333,3.705036,False
6811,62.222222,2.553957,62.333333,2.56295,False
6812,62.222222,1.124101,62.333333,1.124101,False
6813,62.222222,-0.946429,62.333333,-0.946429,False
6814,62.222222,-3.160714,62.333333,-3.160714,False
6815,62.222222,-4.651786,62.333333,-4.669643,False
6816,62.222222,-6.705357,62.333333,-6.714286,False
6817,62.222222,-7.196429,62.333333,-7.214286,False
6818,62.333333,7.068345,62.444444,7.095324,False
6819,62.333333,6.043165,62.444444,6.052158,False
6820,62.333333,3.705036,62.444444,3.723022,False
6821,62.333333,2.56295,62.444444,2.56295,False
6822,62.333333,1.124101,62.444444,1.133094,False
6823,62.333333,-0.946429,62.444444,-0.955357,False
6824,62.333333,-3.160714,62.444444,-3.169643,False
6825,62.333333,-4.669643,62.444444,-4.669643,False
6826,62.333333,-6.714286,62.444444,-6.732143,False
6827,62.333333,-7.214286,62.444444,-7.223214,False
6828,62.444444,7.095324,62.555556,7.113309,False
6829,62.444444,6.052158,62.555556,6.052158,False
6830,62.444444,3.723022,62.555556,3.741007,False
6831,62.444444,2.56295,62.555556,2.571942,False
6832,62.444444,1.133094,62.555556,1.133094,False
6833,62.444444,-0.955357,62.555556,-0.955357,False
6834,62.444444,-3.169643,62.555556,-3.178571,False
6835,62.444444,-4.669643,62.555556,-4.6875,False
6836,62.444444,-6.732143,62.555556,-6.732143,False
6837,62.444444,-7.223214,62.555556,-7.232143,False
6838,62.555556,7.113309,62.666667,7.149281,False
6839,62.555556,6.052158,62.666667,6.070144,False
6840,62.555556,3.741007,62.666667,3.758993,False
6841,62.555556,2.571942,62.666667,2.580935,False
6842,62.555556,1.133094,62.666667,1.133094,False
6843,62.555556,-0.955357,62.666667,-0.955357,False
6844,62.555556,-3.178571,62.666667,-3.1875,False
6845,62.555556,-4.6875,62.666667,-4.696429,False
6846,62.555556,-6.732143,62.666667,-6.741071,False
6847,62.555556,-7.232143,62.666667,-7.267857,False
6848,62.666667,7.149281,62.777778,7.167266,False
6849,62.666667,6.070144,62.777778,6.079137,False
6850,62.666667,3.758993,62.777778,3.785971,False
6851,62.666667,2.580935,62.777778,2.589928,False
6852,62.666667,1.133094,62.777778,1.142086,False
6853,62.666667,-0.955357,62.777778,-0.955357,False
6854,62.666667,-3.1875,62.777778,-3.1875,False
6855,62.666667,-4.696429,62.777778,-4.705357,False
6856,62.666667,-6.741071,62.777778,-6.75,False
6857,62.666667,-7.267857,62.777778,-7.285714,False
6858,62.777778,7.167266,62.888889,7.185252,False
6859,62.777778,6.079137,62.888889,6.088129,False
6860,62.777778,3.785971,62.888889,3.81295,False
6861,62.777778,2.589928,62.888889,2.598921,False
6862,62.777778,1.142086,62.888889,1.142086,False
6863,62.777778,-0.955357,62.888889,-0.973214,False
6864,62.777778,-3.1875,62.888889,-3.196429,False
6865,62.777778,-4.705357,62.888889,-4.723214,False
6866,62.777778,-6.75,62.888889,-6.758929,False
6867,62.777778,-7.285714,62.888889,-7.303571,False
6868,62.888889,7.185252,63.0,7.194245,False
6869,62.888889,6.088129,63.0,6.106115,False
6870,62.888889,3.81295,63.0,3.830935,False
6871,62.888889,2.598921,63.0,2.598921,False
6872,62.888889,1.142086,63.0,1.142086,False
6873,62.888889,-0.973214,63.0,-0.973214,False
6874,62.888889,-3.196429,63.0,-3.196429,False
6875,62.888889,-4.723214,63.0,-4.723214,False
6876,62.888889,-6.758929,63.0,-6.767857,False
6877,62.888889,-7.303571,63.0,-7.3125,False
6878,63.0,7.194245,63.111111,7.194245,False
6879,63.0,6.106115,63.111111,6.124101,False
6880,63.0,3.830935,63.111111,3.866906,False
6881,63.0,2.598921,63.111111,2.616906,False
6882,63.0,1.142086,63.111111,1.142086,False
6883,63.0,-0.973214,63.111111,-0.973214,False
6884,63.0,-3.196429,63.111111,-3.196429,False
6885,63.0,-4.723214,63.111111,-4.741071,False
6886,63.0,-6.767857,63.111111,-6.767857,False
6887,63.0,-7.3125,63.111111,-7.330357,False
6888,63.111111,7.194245,63.222222,7.194245,False
6889,63.111111,6.124101,63.222222,6.18705,False
6890,63.111111,3.866906,63.222222,3.884892,False
6891,63.111111,2.616906,63.222222,2.616906,False
6892,63.111111,1.142086,63.222222,1.142086,False
6893,63.111111,-0.973214,63.222222,-0.982143,False
6894,63.111111,-3.196429,63.222222,-3.205357,False
6895,63.111111,-4.741071,63.222222,-4.741071,False
6896,63.111111,-6.767857,63.222222,-6.767857,False
6897,63.111111,-7.330357,63.222222,-7.357143,False
6898,63.222222,7.194245,63.333333,7.185252,False
6899,63.222222,6.18705,63.333333,6.223022,False
6900,63.222222,3.884892,63.333333,3.902878,False
6901,63.222222,2.616906,63.333333,2.625899,False
6902,63.222222,1.142086,63.333333,1.142086,False
6903,63.222222,-0.982143,63.333333,-0.973214,False
6904,63.222222,-3.205357,63.333333,-3.214286,False
6905,63.222222,-4.741071,63.333333,-4.75,False
6906,63.222222,-6.767857,63.333333,-6.776786,False
6907,63.222222,-7.357143,63.333333,-7.375,False
6908,63.333333,7.185252,63.444444,7.167266,False
6909,63.333333,6.223022,63.444444,6.258993,False
6910,63.333333,3.902878,63.444444,3.902878,False
6911,63.333333,2.625899,63.444444,2.625899,False
6912,63.333333,1.142086,63.444444,1.142086,False
6913,63.333333,-0.973214,63.444444,-0.982143,False
6914,63.333333,-3.214286,63.444444,-3.214286,False
6915,63.333333,-4.75,63.444444,-4.758929,False
6916,63.333333,-6.776786,63.444444,-6.776786,False
6917,63.333333,-7.375,63.444444,-7.392857,False
6918,63.444444,7.167266,63.555556,7.167266,False
6919,63.444444,6.258993,63.555556,6.285971,False
6920,63.444444,3.902878,63.555556,3.920863,False
6921,63.444444,2.625899,63.555556,2.634892,False
6922,63.444444,1.142086,63.555556,1.142086,False
6923,63.444444,-0.982143,63.555556,-0.991071,False
6924,63.444444,-3.214286,63.555556,-3.223214,False
6925,63.444444,-4.758929,63.555556,-4.767857,False
6926,63.444444,-6.776786,63.555556,-6.776786,False
6927,63.444444,-7.392857,63.555556,-7.410714,False
6928,63.555556,7.167266,63.666667,7.158273,False
6929,63.555556,6.285971,63.666667,6.303957,False
6930,63.555556,3.920863,63.666667,3.920863,False
6931,63.555556,2.634892,63.666667,2.652878,False
6932,63.555556,1.142086,63.666667,1.142086,False
6933,63.555556,-0.991071,63.666667,-0.982143,False
6934,63.555556,-3.223214,63.666667,-3.223214,False
6935,63.555556,-4.767857,63.666667,-4.776786,False
6936,63.555556,-6.776786,63.666667,-6.776786,False
6937,63.555556,-7.410714,63.666667,-7.419643,False
6938,63.666667,7.158273,63.777778,7.149281,False
6939,63.666667,6.303957,63.777778,6.330935,False
6940,63.666667,3.920863,63.777778,3.929856,False
6941,63.666667,2.652878,63.777778,2.652878,False
6942,63.666667,1.142086,63.777778,1.142086,False
6943,63.666667,-0.982143,63.777778,-0.991071,False
6944,63.666667,-3.223214,63.777778,-3.232143,False
6945,63.666667,-4.776786,63.777778,-4.776786,False
6946,63.666667,-6.776786,63.777778,-6.794643,False
6947,63.666667,-7.419643,63.777778,-7.4375,False
6948,63.777778,7.149281,63.888889,7.140288,False
6949,63.777778,6.330935,63.888889,6.348921,False
6950,63.777778,3.929856,63.888889,3.938849,False
6951,63.777778,2.652878,63.888889,2.661871,False
6952,63.777778,1.142086,63.888889,1.142086,False
6953,63.777778,-0.991071,63.888889,-0.991071,False
6954,63.777778,-3.232143,63.888889,-3.241071,False
6955,63.777778,-4.776786,63.888889,-4.776786,False
6956,63.777778,-6.794643,63.888889,-6.803571,False
6957,63.777778,-7.4375,63.888889,-7.455357,False
6958,63.888889,7.140288,64.0,7.122302,False
6959,63.888889,6.348921,64.0,6.366906,False
6960,63.888889,3.938849,64.0,3.947842,False
6961,63.888889,2.661871,64.0,2.670863,False
6962,63.888889,1.142086,64.0,1.142086,False
6963,63.888889,-0.991071,64.0,-0.991071,False
6964,63.888889,-3.241071,64.0,-3.25,False
6965,63.888889,-4.776786,64.0,-4.785714,False
6966,63.888889,-6.803571,64.0,-6.803571,False
6967,63.888889,-7.455357,64.0,-7.482143,False
6968,64.0,7.122302,64.111111,7.122302,False
6969,64.0,6.366906,64.111111,6.366906,False
6970,64.0,3.947842,64.111111,3.947842,False
6971,64.0,2.670863,64.111111,2.670863,False
6972,64.0,1.142086,64.111111,1.142086,False
6973,64.0,-0.991071,64.111111,-0.973214,False
6974,64.0,-3.25,64.111111,-3.25,False
6975,64.0,-4.785714,64.111111,-4.794643,False
6976,64.0,-6.803571,64.111111,-6.8125,False
6977,64.0,-7.482143,64.111111,-7.482143,False
6978,64.111111,7.122302,64.222222,7.104317,False
6979,64.111111,6.366906,64.222222,6.375899,False
6980,64.111111,3.947842,64.222222,3.947842,False
6981,64.111111,2.670863,64.222222,2.688849,False
6982,64.111111,1.142086,64.222222,1.142086,False
6983,64.111111,-0.973214,64.222222,-0.973214,False
6984,64.111111,-3.25,64.222222,-3.258929,False
6985,64.111111,-4.794643,64.222222,-4.794643,False
6986,64.111111,-6.8125,64.222222,-6.821429,False
6987,64.111111,-7.482143,64.222222,-7.508929,False
6988,64.222222,7.104317,64.333333,7.095324,False
6989,64.222222,6.375899,64.333333,6.393885,False
6990,64.222222,3.947842,64.333333,3.956835,False
6991,64.222222,2.688849,64.333333,2.688849,False
6992,64.222222,1.142086,64.333333,1.142086,False
6993,64.222222,-0.973214,64.333333,-0.973214,False
6994,64.222222,-3.258929,64.333333,-3.258929,False
6995,64.222222,-4.794643,64.333333,-4.794643,False
6996,64.222222,-6.821429,64.333333,-6.830357,False
6997,64.222222,-7.508929,64.333333,-7.526786,False
6998,64.333333,7.095324,64.444444,7.086331,False
6999,64.333333,6.393885,64.444444,6.411871,False
7000,64.333333,3.956835,64.444444,3.956835,False
7001,64.333333,2.688849,64.444444,2.688849,False
7002,64.333333,1.142086,64.444444,1.151079,False
7003,64.333333,-0.973214,64.444444,-0.973214,False
7004,64.333333,-3.258929,64.444444,-3.267857,False
7005,64.333333,-4.794643,64.444444,-4.8125,False
7006,64.333333,-6.830357,64.444444,-6.839286,False
7007,64.333333,-7.526786,64.444444,-7.526786,False
7008,64.444444,7.086331,64.555556,7.068345,False
7009,64.444444,6.411871,64.555556,6.420863,False
7010,64.444444,3.956835,64.555556,3.956835,False
7011,64.444444,2.688849,64.555556,2.688849,False
7012,64.444444,1.151079,64.555556,1.160072,False
7013,64.444444,-0.973214,64.555556,-0.964286,False
7014,64.444444,-3.267857,64.555556,-3.267857,False
7015,64.444444,-4.8125,64.555556,-4.8125,False
7016,64.444444,-6.839286,64.555556,-6.839286,False
7017,64.444444,-7.526786,64.555556,-7.553571,False
7018,64.555556,7.068345,64.666667,7.068345,False
7019,64.555556,6.420863,64.666667,6.447842,False
7020,64.555556,3.956835,64.666667,3.956835,False
7021,64.555556,2.688849,64.666667,2.688849,False
7022,64.555556,1.160072,64.666667,1.160072,False
7023,64.555556,-0.964286,64.666667,-0.955357,False
7024,64.555556,-3.267857,64.666667,-3.267857,False
7025,64.555556,-4.8125,64.666667,-4.8125,False
7026,64.555556,-6.839286,64.666667,-6.848214,False
7027,64.555556,-7.553571,64.666667,-7.553571,False
7028,64.666667,7.068345,64.777778,7.068345,False
7029,64.666667,6.447842,64.777778,6.465827,False
7030,64.666667,3.956835,64.777778,3.956835,False
7031,64.666667,2.688849,64.777778,2.688849,False
7032,64.666667,1.160072,64.777778,1.160072,False
7033,64.666667,-0.955357,64.777778,-0.955357,False
7034,64.666667,-3.267857,64.777778,-3.276786,False
7035,64.666667,-4.8125,64.777778,-4.8125,False
7036,64.666667,-6.848214,64.777778,-6.866071,False
7037,64.666667,-7.553571,64.777778,-7.571429,False
7038,64.777778,7.068345,64.888889,7.059353,False
7039,64.777778,6.465827,64.888889,6.492806,False
7040,64.777778,3.956835,64.888889,3.956835,False
7041,64.777778,2.688849,64.888889,2.688849,False
7042,64.777778,1.160072,64.888889,1.178058,False
7043,64.777778,-0.955357,64.888889,-0.973214,False
7044,64.777778,-3.276786,64.888889,-3.285714,False
7045,64.777778,-4.8125,64.888889,-4.830357,False
7046,64.777778,-6.866071,64.888889,-6.875,False
7047,64.777778,-7.571429,64.888889,-7.598214,False
7048,64.888889,7.059353,65.0,7.059353,False
7049,64.888889,6.492806,65.0,6.510791,False
7050,64.888889,3.956835,65.0,3.956835,False
7051,64.888889,2.688849,65.0,2.670863,False
7052,64.888889,1.178058,65.0,1.160072,False
7053,64.888889,-0.973214,65.0,-0.973214,False
7054,64.888889,-3.285714,65.0,-3.294643,False
7055,64.888889,-4.830357,65.0,-4.830357,False
7056,64.888889,-6.875,65.0,-6.883929,False
7057,64.888889,-7.598214,65.0,-7.616071,False
7058,65.0,7.059353,65.111111,7.05036,False
7059,65.0,6.510791,65.111111,6.528777,False
7060,65.0,3.956835,65.111111,3.947842,False
7061,65.0,2.670863,65.111111,2.670863,False
7062,65.0,1.160072,65.111111,1.169065,False
7063,65.0,-0.973214,65.111111,-0.973214,False
7064,65.0,-3.294643,65.111111,-3.294643,False
7065,65.0,-4.830357,65.111111,-4.830357,False
7066,65.0,-6.883929,65.111111,-6.883929,False
7067,65.0,-7.616071,65.111111,-7.625,False
7068,65.111111,7.05036,65.222222,7.032374,False
7069,65.111111,6.528777,65.222222,6.528777,False
7070,65.111111,3.947842,65.222222,3.947842,False
7071,65.111111,2.670863,65.222222,2.670863,False
7072,65.111111,1.169065,65.222222,1.178058,False
7073,65.111111,-0.973214,65.222222,-0.973214,False
7074,65.111111,-3.294643,65.222222,-3.303571,False
7075,65.111111,-4.830357,65.222222,-4.830357,False
7076,65.111111,-6.883929,65.222222,-6.883929,False
7077,65.111111,-7.625,65.222222,-7.633929,False
7078,65.222222,7.032374,65.333333,7.032374,False
7079,65.222222,6.528777,65.333333,6.546763,False
7080,65.222222,3.947842,65.333333,3.947842,False
7081,65.222222,2.670863,65.333333,2.670863,False
7082,65.222222,1.178058,65.333333,1.178058,False
7083,65.222222,-0.973214,65.333333,-0.973214,False
7084,65.222222,-3.303571,65.333333,-3.303571,False
7085,65.222222,-4.830357,65.333333,-4.848214,False
7086,65.222222,-6.883929,65.333333,-6.892857,False
7087,65.222222,-7.633929,65.333333,-7.651786,False
7088,65.333333,7.032374,65.444444,7.05036,False
7089,65.333333,6.546763,65.444444,6.555755,False
7090,65.333333,3.947842,65.444444,3.947842,False
7091,65.333333,2.670863,65.444444,2.670863,False
7092,65.333333,1.178058,65.444444,1.196043,False
7093,65.333333,-0.973214,65.444444,-0.964286,False
7094,65.333333,-3.303571,65.444444,-3.3125,False
7095,65.333333,-4.848214,65.444444,-4.848214,False
7096,65.333333,-6.892857,65.444444,-6.892857,False
7097,65.333333,-7.651786,65.444444,-7.660714,False
7098,65.444444,7.05036,65.555556,7.05036,False
7099,65.444444,6.555755,65.555556,6.555755,False
7100,65.444444,3.947842,65.555556,3.947842,False
7101,65.444444,2.670863,65.555556,2.670863,False
7102,65.444444,1.196043,65.555556,1.196043,False
7103,65.444444,-0.964286,65.555556,-0.955357,False
7104,65.444444,-3.3125,65.555556,-3.3125,False
7105,65.444444,-4.848214,65.555556,-4.857143,False
7106,65.444444,-6.892857,65.555556,-6.901786,False
7107,65.444444,-7.660714,65.555556,-7.669643,False
7108,65.555556,7.05036,65.666667,7.05036,False
7109,65.555556,6.555755,65.666667,6.555755,False
7110,65.555556,3.947842,65.666667,3.938849,False
7111,65.555556,2.670863,65.666667,2.679856,False
7112,65.555556,1.196043,65.666667,1.205036,False
7113,65.555556,-0.955357,65.666667,-0.955357,False
7114,65.555556,-3.3125,65.666667,-3.3125,False
7115,65.555556,-4.857143,65.666667,-4.857143,False
7116,65.555556,-6.901786,65.666667,-6.901786,False
7117,65.555556,-7.669643,65.666667,-7.6875,False
7118,65.666667,7.05036,65.777778,7.05036,False
7119,65.666667,6.555755,65.777778,6.564748,False
7120,65.666667,3.938849,65.777778,3.938849,False
7121,65.666667,2.679856,65.777778,2.679856,False
7122,65.666667,1.205036,65.777778,1.214029,False
7123,65.666667,-0.955357,65.777778,-0.946429,False
7124,65.666667,-3.3125,65.777778,-3.3125,False
7125,65.666667,-4.857143,65.777778,-4.866071,False
7126,65.666667,-6.901786,65.777778,-6.901786,False
7127,65.666667,-7.6875,65.777778,-7.6875,False
7128,65.777778,7.05036,65.888889,7.059353,False
7129,65.777778,6.564748,65.888889,6.564748,False
7130,65.777778,3.938849,65.888889,3.929856,False
7131,65.777778,2.679856,65.888889,2.679856,False
7132,65.777778,1.214029,65.888889,1.214029,False
7133,65.777778,-0.946429,65.888889,-0.946429,False
7134,65.777778,-3.3125,65.888889,-3.321429,False
7135,65.777778,-4.866071,65.888889,-4.883929,False
7136,65.777778,-6.901786,65.888889,-6.901786,False
7137,65.777778,-7.6875,65.888889,-7.6875,False
7138,65.888889,7.059353,66.0,7.077338,False
7139,65.888889,6.564748,66.0,6.573741,False
7140,65.888889,3.929856,66.0,3.929856,False
7141,65.888889,2.679856,66.0,2.688849,False
7142,65.888889,1.214029,66.0,1.223022,False
7143,65.888889,-0.946429,66.0,-0.946429,False
7144,65.888889,-3.321429,66.0,-3.321429,False
7145,65.888889,-4.883929,66.0,-4.892857,False
7146,65.888889,-6.901786,66.0,-6.901786,False
7147,65.888889,-7.6875,66.0,-7.705357,False
7148,66.0,7.077338,66.111111,7.077338,False
7149,66.0,6.573741,66.111111,6.573741,False
7150,66.0,3.929856,66.111111,3.929856,False
7151,66.0,2.688849,66.111111,2.697842,False
7152,66.0,1.223022,66.111111,1.241007,False
7153,66.0,-0.946429,66.111111,-0.946429,False
7154,66.0,-3.321429,66.111111,-3.330357,False
7155,66.0,-4.892857,66.111111,-4.892857,False
7156,66.0,-6.901786,66.111111,-6.910714,False
7157,66.0,-7.705357,66.111111,-7.714286,False
7158,66.111111,7.077338,66.222222,7.086331,False
7159,66.111111,6.573741,66.222222,6.573741,False
7160,66.111111,3.929856,66.222222,3.929856,False
7161,66.111111,2.697842,66.222222,2.697842,False
7162,66.111111,1.241007,66.222222,1.241007,False
7163,66.111111,-0.946429,66.222222,-0.946429,False
7164,66.111111,-3.330357,66.222222,-3.330357,False
7165,66.111111,-4.892857,66.222222,-4.910714,False
7166,66.111111,-6.910714,66.222222,-6.910714,False
7167,66.111111,-7.714286,66.222222,-7.714286,False
7168,66.222222,7.086331,66.333333,7.095324,False
7169,66.222222,6.573741,66.333333,6.573741,False
7170,66.222222,3.929856,66.333333,3.920863,False
7171,66.222222,2.697842,66.333333,2.697842,False
7172,66.222222,1.241007,66.333333,1.241007,False
7173,66.222222,-0.946429,66.333333,-0.946429,False
7174,66.222222,-3.330357,66.333333,-3.330357,False
7175,66.222222,-4.910714,66.333333,-4.910714,False
7176,66.222222,-6.910714,66.333333,-6.910714,False
7177,66.222222,-7.714286,66.333333,-7.723214,False
7178,66.333333,7.095324,66.444444,7.104317,False
7179,66.333333,6.573741,66.444444,6.564748,False
7180,66.333333,3.920863,66.444444,3.911871,False
7181,66.333333,2.697842,66.444444,2.706835,False
7182,66.333333,1.241007,66.444444,1.25,False
7183,66.333333,-0.946429,66.444444,-0.946429,False
7184,66.333333,-3.330357,66.444444,-3.330357,False
7185,66.333333,-4.910714,66.444444,-4.919643,False
7186,66.333333,-6.910714,66.444444,-6.910714,False
7187,66.333333,-7.723214,66.444444,-7.723214,False
7188,66.444444,7.104317,66.555556,7.122302,False
7189,66.444444,6.564748,66.555556,6.555755,False
7190,66.444444,3.911871,66.555556,3.902878,False
7191,66.444444,2.706835,66.555556,2.715827,False
7192,66.444444,1.25,66.555556,1.25,False
7193,66.444444,-0.946429,66.555556,-0.946429,False
7194,66.444444,-3.330357,66.555556,-3.339286,False
7195,66.444444,-4.919643,66.555556,-4.928571,False
7196,66.444444,-6.910714,66.555556,-6.919643,False
7197,66.444444,-7.723214,66.555556,-7.723214,False
7198,66.555556,7.122302,66.666667,7.131295,False
7199,66.555556,6.555755,66.666667,6.555755,False
7200,66.555556,3.902878,66.666667,3.902878,False
7201,66.555556,2.715827,66.666667,2.72482,False
7202,66.555556,1.25,66.666667,1.258993,False
7203,66.555556,-0.946429,66.666667,-0.946429,False
7204,66.555556,-3.339286,66.666667,-3.339286,False
7205,66.555556,-4.928571,66.666667,-4.946429,False
7206,66.555556,-6.919643,66.666667,-6.919643,False
7207,66.555556,-7.723214,66.666667,-7.723214,False
7208,66.666667,7.131295,66.777778,7.140288,False
7209,66.666667,6.555755,66.777778,6.555755,False
7210,66.666667,3.902878,66.777778,3.893885,False
7211,66.666667,2.72482,66.777778,2.72482,False
7212,66.666667,1.258993,66.777778,1.267986,False
7213,66.666667,-0.946429,66.777778,-0.946429,False
7214,66.666667,-3.339286,66.777778,-3.348214,False
7215,66.666667,-4.946429,66.777778,-4.955357,False
7216,66.666667,-6.919643,66.777778,-6.919643,False
7217,66.666667,-7.723214,66.777778,-7.732143,False
7218,66.777778,7.140288,66.888889,7.158273,False
7219,66.777778,6.555755,66.888889,6.546763,False
7220,66.777778,3.893885,66.888889,3.893885,False
7221,66.777778,2.72482,66.888889,2.742806,False
7222,66.777778,1.267986,66.888889,1.267986,False
7223,66.777778,-0.946429,66.888889,-0.946429,False
7224,66.777778,-3.348214,66.888889,-3.348214,False
7225,66.777778,-4.955357,66.888889,-4.955357,False
7226,66.777778,-6.919643,66.888889,-6.919643,False
7227,66.777778,-7.732143,66.888889,-7.741071,False
7228,66.888889,7.158273,67.0,7.176259,False
7229,66.888889,6.546763,67.0,6.53777,False
7230,66.888889,3.893885,67.0,3.875899,False
7231,66.888889,2.742806,67.0,2.742806,False
7232,66.888889,1.267986,67.0,1.258993,False
7233,66.888889,-0.946429,67.0,-0.946429,False
7234,66.888889,-3.348214,67.0,-3.348214,False
7235,66.888889,-4.955357,67.0,-4.973214,False
7236,66.888889,-6.919643,67.0,-6.919643,False
7237,66.888889,-7.741071,67.0,-7.741071,False
7238,67.0,7.176259,67.111111,7.194245,False
7239,67.0,6.53777,67.111111,6.528777,False
7240,67.0,3.875899,67.111111,3.875899,False
7241,67.0,2.742806,67.111111,2.751799,False
7242,67.0,1.258993,67.111111,1.258993,False
7243,67.0,-0.946429,67.111111,-0.946429,False
7244,67.0,-3.348214,67.111111,-3.348214,False
7245,67.0,-4.973214,67.111111,-4.982143,False
7246,67.0,-6.919643,67.111111,-6.919643,False
7247,67.0,-7.741071,67.111111,-7.741071,False
7248,67.111111,7.194245,67.222222,7.203237,False
7249,67.111111,6.528777,67.222222,6.528777,False
7250,67.111111,3.875899,67.222222,3.875899,False
7251,67.111111,2.751799,67.222222,2.751799,False
7252,67.111111,1.258993,67.222222,1.258993,False
7253,67.111111,-0.946429,67.222222,-0.946429,False
7254,67.111111,-3.348214,67.222222,-3.348214,False
7255,67.111111,-4.982143,67.222222,-4.991071,False
7256,67.111111,-6.919643,67.222222,-6.919643,False
7257,67.111111,-7.741071,67.222222,-7.75,False
7258,67.222222,7.203237,67.333333,7.21223,False
7259,67.222222,6.528777,67.333333,6.519784,False
7260,67.222222,3.875899,67.333333,3.875899,False
7261,67.222222,2.751799,67.333333,2.760791,False
7262,67.222222,1.258993,67.333333,1.258993,False
7263,67.222222,-0.946429,67.333333,-0.946429,False
7264,67.222222,-3.348214,67.333333,-3.348214,False
7265,67.222222,-4.991071,67.333333,-5.0,False
7266,67.222222,-6.919643,67.333333,-6.919643,False
7267,67.222222,-7.75,67.333333,-7.758929,False
7268,67.333333,7.21223,67.444444,7.221223,False
7269,67.333333,6.519784,67.444444,6.510791,False
7270,67.333333,3.875899,67.444444,3.866906,False
7271,67.333333,2.760791,67.444444,2.769784,False
7272,67.333333,1.258993,67.444444,1.25,False
7273,67.333333,-0.946429,67.444444,-0.946429,False
7274,67.333333,-3.348214,67.444444,-3.348214,False
7275,67.333333,-5.0,67.444444,-5.0,False
7276,67.333333,-6.919643,67.444444,-6.910714,False
7277,67.333333,-7.758929,67.444444,-7.758929,False
7278,67.444444,7.221223,67.555556,7.230216,False
7279,67.444444,6.510791,67.555556,6.510791,False
7280,67.444444,3.866906,67.555556,3.866906,False
7281,67.444444,2.769784,67.555556,2.769784,False
7282,67.444444,1.25,67.555556,1.25,False
7283,67.444444,-0.946429,67.555556,-0.946429,False
7284,67.444444,-3.348214,67.555556,-3.357143,False
7285,67.444444,-5.0,67.555556,-5.008929,False
7286,67.444444,-6.910714,67.555556,-6.901786,False
7287,67.444444,-7.758929,67.555556,-7.767857,False
7288,67.555556,7.230216,67.666667,7.239209,False
7289,67.555556,6.510791,67.666667,6.510791,False
7290,67.555556,3.866906,67.666667,3.866906,False
7291,67.555556,2.769784,67.666667,2.778777,False
7292,67.555556,1.25,67.666667,1.25,False
7293,67.555556,-0.946429,67.666667,-0.946429,False
7294,67.555556,-3.357143,67.666667,-3.357143,False
7295,67.555556,-5.008929,67.666667,-5.017857,False
7296,67.555556,-6.901786,67.666667,-6.901786,False
7297,67.555556,-7.767857,67.666667,-7.776786,False
7298,67.666667,7.239209,67.777778,7.248201,False
7299,67.666667,6.510791,67.777778,6.501799,False
7300,67.666667,3.866906,67.777778,3.866906,False
7301,67.666667,2.778777,67.777778,2.778777,False
7302,67.666667,1.25,67.777778,1.25,False
7303,67.666667,-0.946429,67.777778,-0.946429,False
7304,67.666667,-3.357143,67.777778,-3.357143,False
7305,67.666667,-5.017857,67.777778,-5.026786,False
7306,67.666667,-6.901786,67.777778,-6.901786,False
7307,67.666667,-7.776786,67.777778,-7.785714,False
7308,67.777778,7.248201,67.888889,7.257194,False
7309,67.777778,6.501799,67.888889,6.510791,False
7310,67.777778,3.866906,67.888889,3.866906,False
7311,67.777778,2.778777,67.888889,2.778777,False
7312,67.777778,1.25,67.888889,1.241007,False
7313,67.777778,-0.946429,67.888889,-0.946429,False
7314,67.777778,-3.357143,67.888889,-3.366071,False
7315,67.777778,-5.026786,67.888889,-5.035714,False
7316,67.777778,-6.901786,67.888889,-6.901786,False
7317,67.777778,-7.785714,67.888889,-7.794643,False
7318,67.888889,7.257194,68.0,7.266187,False
7319,67.888889,6.510791,68.0,6.510791,False
7320,67.888889,3.866906,68.0,3.866906,False
7321,67.888889,2.778777,68.0,2.778777,False
7322,67.888889,1.241007,68.0,1.232014,False
7323,67.888889,-0.946429,68.0,-0.955357,False
7324,67.888889,-3.366071,68.0,-3.366071,False
7325,67.888889,-5.035714,68.0,-5.044643,False
7326,67.888889,-6.901786,68.0,-6.901786,False
7327,67.888889,-7.794643,68.0,-7.803571,False
7328,68.0,7.266187,68.111111,7.27518,False
7329,68.0,6.510791,68.111111,6.510791,False
7330,68.0,3.866906,68.111111,3.875899,False
7331,68.0,2.778777,68.111111,2.78777,False
7332,68.0,1.232014,68.111111,1.232014,False
7333,68.0,-0.955357,68.111111,-0.955357,False
7334,68.0,-3.366071,68.111111,-3.366071,False
7335,68.0,-5.044643,68.111111,-5.044643,False
7336,68.0,-6.901786,68.111111,-6.901786,False
7337,68.0,-7.803571,68.111111,-7.8125,False
7338,68.111111,7.27518,68.222222,7.293165,False
7339,68.111111,6.510791,68.222222,6.510791,False
7340,68.111111,3.875899,68.222222,3.875899,False
7341,68.111111,2.78777,68.222222,2.796763,False
7342,68.111111,1.232014,68.222222,1.232014,False
7343,68.111111,-0.955357,68.222222,-0.955357,False
7344,68.111111,-3.366071,68.222222,-3.375,False
7345,68.111111,-5.044643,68.222222,-5.053571,False
7346,68.111111,-6.901786,68.222222,-6.901786,False
7347,68.111111,-7.8125,68.222222,-7.830357,False
7348,68.222222,7.293165,68.333333,7.302158,False
7349,68.222222,6.510791,68.333333,6.519784,False
7350,68.222222,3.875899,68.333333,3.884892,False
7351,68.222222,2.796763,68.333333,2.796763,False
7352,68.222222,1.232014,68.333333,1.232014,False
7353,68.222222,-0.955357,68.333333,-0.955357,False
7354,68.222222,-3.375,68.333333,-3.375,False
7355,68.222222,-5.053571,68.333333,-5.053571,False
7356,68.222222,-6.901786,68.333333,-6.901786,False
7357,68.222222,-7.830357,68.333333,-7.848214,False
7358,68.333333,7.302158,68.444444,7.320144,False
7359,68.333333,6.519784,68.444444,6.528777,False
7360,68.333333,3.884892,68.444444,3.893885,False
7361,68.333333,2.796763,68.444444,2.796763,False
7362,68.333333,1.232014,68.444444,1.223022,False
7363,68.333333,-0.955357,68.444444,-0.955357,False
7364,68.333333,-3.375,68.444444,-3.383929,False
7365,68.333333,-5.053571,68.444444,-5.053571,False
7366,68.333333,-6.901786,68.444444,-6.901786,False
7367,68.333333,-7.848214,68.444444,-7.857143,False
7368,68.444444,7.320144,68.555556,7.329137,False
7369,68.444444,6.528777,68.555556,6.546763,False
7370,68.444444,3.893885,68.555556,3.911871,False
7371,68.444444,2.796763,68.555556,2.796763,False
7372,68.444444,1.223022,68.555556,1.223022,False
7373,68.444444,-0.955357,68.555556,-0.955357,False
7374,68.444444,-3.383929,68.555556,-3.383929,False
7375,68.444444,-5.053571,68.555556,-5.0625,False
7376,68.444444,-6.901786,68.555556,-6.910714,False
7377,68.444444,-7.857143,68.555556,-7.875,False
7378,68.555556,7.329137,68.666667,7.329137,False
7379,68.555556,6.546763,68.666667,6.546763,False
7380,68.555556,3.911871,68.666667,3.929856,False
7381,68.555556,2.796763,68.666667,2.78777,False
7382,68.555556,1.223022,68.666667,1.214029,False
7383,68.555556,-0.955357,68.666667,-0.955357,False
7384,68.555556,-3.383929,68.666667,-3.383929,False
7385,68.555556,-5.0625,68.666667,-5.071429,False
7386,68.555556,-6.910714,68.666667,-6.910714,False
7387,68.555556,-7.875,68.666667,-7.892857,False
7388,68.666667,7.329137,68.777778,7.338129,False
7389,68.666667,6.546763,68.777778,6.564748,False
7390,68.666667,3.929856,68.777778,3.938849,False
7391,68.666667,2.78777,68.777778,2.78777,False
7392,68.666667,1.214029,68.777778,1.214029,False
7393,68.666667,-0.955357,68.777778,-0.964286,False
7394,68.666667,-3.383929,68.777778,-3.392857,False
7395,68.666667,-5.071429,68.777778,-5.071429,False
7396,68.666667,-6.910714,68.777778,-6.919643,False
7397,68.666667,-7.892857,68.777778,-7.910714,False
7398,68.777778,7.338129,68.888889,7.347122,False
7399,68.777778,6.564748,68.888889,6.582734,False
7400,68.777778,3.938849,68.888889,3.956835,False
7401,68.777778,2.78777,68.888889,2.78777,False
7402,68.777778,1.214029,68.888889,1.214029,False
7403,68.777778,-0.964286,68.888889,-0.964286,False
7404,68.777778,-3.392857,68.888889,-3.392857,False
7405,68.777778,-5.071429,68.888889,-5.071429,False
7406,68.777778,-6.919643,68.888889,-6.919643,False
7407,68.777778,-7.910714,68.888889,-7.928571,False
7408,68.888889,7.347122,69.0,7.356115,False
7409,68.888889,6.582734,69.0,6.609712,False
7410,68.888889,3.956835,69.0,3.956835,False
7411,68.888889,2.78777,69.0,2.78777,False
7412,68.888889,1.214029,69.0,1.214029,False
7413,68.888889,-0.964286,69.0,-0.973214,False
7414,68.888889,-3.392857,69.0,-3.392857,False
7415,68.888889,-5.071429,69.0,-5.071429,False
7416,68.888889,-6.919643,69.0,-6.919643,False
7417,68.888889,-7.928571,69.0,-7.946429,False
7418,69.0,7.356115,69.111111,7.365108,False
7419,69.0,6.609712,69.111111,6.636691,False
7420,69.0,3.956835,69.111111,3.965827,False
7421,69.0,2.78777,69.111111,2.78777,False
7422,69.0,1.214029,69.111111,1.214029,False
7423,69.0,-0.973214,69.111111,-0.973214,False
7424,69.0,-3.392857,69.111111,-3.392857,False
7425,69.0,-5.071429,69.111111,-5.080357,False
7426,69.0,-6.919643,69.111111,-6.919643,False
7427,69.0,-7.946429,69.111111,-7.964286,False
7428,69.111111,7.365108,69.222222,7.365108,False
7429,69.111111,6.636691,69.222222,6.681655,False
7430,69.111111,3.965827,69.222222,3.965827,False
7431,69.111111,2.78777,69.222222,2.78777,False
7432,69.111111,1.214029,69.222222,1.205036,False
7433,69.111111,-0.973214,69.222222,-0.973214,False
7434,69.111111,-3.392857,69.222222,-3.392857,False
7435,69.111111,-5.080357,69.222222,-5.080357,False
7436,69.111111,-6.919643,69.222222,-6.928571,False
7437,69.111111,-7.964286,69.222222,-7.991071,False
7438,69.222222,7.365108,69.333333,7.383094,False
7439,69.222222,6.681655,69.333333,6.69964,False
7440,69.222222,3.965827,69.333333,3.965827,False
7441,69.222222,2.78777,69.333333,2.78777,False
7442,69.222222,1.205036,69.333333,1.214029,False
7443,69.222222,-0.973214,69.333333,-0.991071,False
7444,69.222222,-3.392857,69.333333,-3.410714,False
7445,69.222222,-5.080357,69.333333,-5.080357,False
7446,69.222222,-6.928571,69.333333,-6.9375,False
7447,69.222222,-7.991071,69.333333,-8.008929,False
7448,69.333333,7.383094,69.444444,7.383094,False
7449,69.333333,6.69964,69.444444,6.717626,False
7450,69.333333,3.965827,69.444444,3.965827,False
7451,69.333333,2.78777,69.444444,2.778777,False
7452,69.333333,1.214029,69.444444,1.205036,False
7453,69.333333,-0.991071,69.444444,-0.991071,False
7454,69.333333,-3.410714,69.444444,-3.410714,False
7455,69.333333,-5.080357,69.444444,-5.080357,False
7456,69.333333,-6.9375,69.444444,-6.946429,False
7457,69.333333,-8.008929,69.444444,-8.026786,False
7458,69.444444,7.383094,69.555556,7.383094,False
7459,69.444444,6.717626,69.555556,6.744604,False
7460,69.444444,3.965827,69.555556,3.965827,False
7461,69.444444,2.778777,69.555556,2.778777,False
7462,69.444444,1.205036,69.555556,1.205036,False
7463,69.444444,-0.991071,69.555556,-0.991071,False
7464,69.444444,-3.410714,69.555556,-3.410714,False
7465,69.444444,-5.080357,69.555556,-5.080357,False
7466,69.444444,-6.946429,69.555556,-6.955357,False
7467,69.444444,-8.026786,69.555556,-8.044643,False
7468,69.555556,7.383094,69.666667,7.392086,False
7469,69.555556,6.744604,69.666667,6.76259,False
7470,69.555556,3.965827,69.666667,3.965827,False
7471,69.555556,2.778777,69.666667,2.778777,False
7472,69.555556,1.205036,69.666667,1.205036,False
7473,69.555556,-0.991071,69.666667,-1.008929,False
7474,69.555556,-3.410714,69.666667,-3.401786,False
7475,69.555556,-5.080357,69.666667,-5.080357,False
7476,69.555556,-6.955357,69.666667,-6.955357,False
7477,69.555556,-8.044643,69.666667,-8.071429,False
7478,69.666667,7.392086,69.777778,7.410072,False
7479,69.666667,6.76259,69.777778,6.76259,False
7480,69.666667,3.965827,69.777778,3.965827,False
7481,69.666667,2.778777,69.777778,2.769784,False
7482,69.666667,1.205036,69.777778,1.205036,False
7483,69.666667,-1.008929,69.777778,-1.008929,False
7484,69.666667,-3.401786,69.777778,-3.401786,False
7485,69.666667,-5.080357,69.777778,-5.071429,False
7486,69.666667,-6.955357,69.777778,-6.973214,False
7487,69.666667,-8.071429,69.777778,-8.098214,False
7488,69.777778,7.410072,69.888889,7.419065,False
7489,69.777778,6.76259,69.888889,6.780576,False
7490,69.777778,3.965827,69.888889,3.965827,False
7491,69.777778,2.769784,69.888889,2.769784,False
7492,69.777778,1.205036,69.888889,1.196043,False
7493,69.777778,-1.008929,69.888889,-1.008929,False
7494,69.777778,-3.401786,69.888889,-3.401786,False
7495,69.777778,-5.071429,69.888889,-5.071429,False
7496,69.777778,-6.973214,69.888889,-6.991071,False
7497,69.777778,-8.098214,69.888889,-8.116071,False
7498,69.888889,7.419065,70.0,7.428058,False
7499,69.888889,6.780576,70.0,6.780576,False
7500,69.888889,3.965827,70.0,3.965827,False
7501,69.888889,2.769784,70.0,2.760791,False
7502,69.888889,1.196043,70.0,1.205036,False
7503,69.888889,-1.008929,70.0,-1.008929,False
7504,69.888889,-3.401786,70.0,-3.401786,False
7505,69.888889,-5.071429,70.0,-5.071429,False
7506,69.888889,-6.991071,70.0,-7.0,False
7507,69.888889,-8.116071,70.0,-8.133929,False
7508,70.0,7.428058,70.111111,7.446043,False
7509,70.0,6.780576,70.111111,6.780576,False
7510,70.0,3.965827,70.111111,3.956835,False
7511,70.0,2.760791,70.111111,2.760791,False
7512,70.0,1.205036,70.111111,1.205036,False
7513,70.0,-1.008929,70.111111,-1.017857,False
7514,70.0,-3.401786,70.111111,-3.401786,False
7515,70.0,-5.071429,70.111111,-5.071429,False
7516,70.0,-7.0,70.111111,-7.017857,False
7517,70.0,-8.133929,70.111111,-8.151786,False
7518,70.111111,7.446043,70.222222,7.464029,False
7519,70.111111,6.780576,70.222222,6.780576,False
7520,70.111111,3.956835,70.222222,3.947842,False
7521,70.111111,2.760791,70.222222,2.760791,False
7522,70.111111,1.205036,70.222222,1.205036,False
7523,70.111111,-1.017857,70.222222,-1.017857,False
7524,70.111111,-3.401786,70.222222,-3.401786,False
7525,70.111111,-5.071429,70.222222,-5.071429,False
7526,70.111111,-7.017857,70.222222,-7.026786,False
7527,70.111111,-8.151786,70.222222,-8.169643,False
7528,70.222222,7.464029,70.333333,7.491007,False
7529,70.222222,6.780576,70.333333,6.771583,False
7530,70.222222,3.947842,70.333333,3.938849,False
7531,70.222222,2.760791,70.333333,2.760791,False
7532,70.222222,1.205036,70.333333,1.205036,False
7533,70.222222,-1.017857,70.333333,-1.017857,False
7534,70.222222,-3.401786,70.333333,-3.401786,False
7535,70.222222,-5.071429,70.333333,-5.071429,False
7536,70.222222,-7.026786,70.333333,-7.035714,False
7537,70.222222,-8.169643,70.333333,-8.178571,False
7538,70.333333,7.491007,70.444444,7.517986,False
7539,70.333333,6.771583,70.444444,6.771583,False
7540,70.333333,3.938849,70.444444,3.938849,False
7541,70.333333,2.760791,70.444444,2.760791,False
7542,70.333333,1.205036,70.444444,1.214029,False
7543,70.333333,-1.017857,70.444444,-1.035714,False
7544,70.333333,-3.401786,70.444444,-3.392857,False
7545,70.333333,-5.071429,70.444444,-5.071429,False
7546,70.333333,-7.035714,70.444444,-7.044643,False
7547,70.333333,-8.178571,70.444444,-8.196429,False
7548,70.444444,7.517986,70.555556,7.526978,False
7549,70.444444,6.771583,70.555556,6.76259,False
7550,70.444444,3.938849,70.555556,3.929856,False
7551,70.444444,2.760791,70.555556,2.760791,False
7552,70.444444,1.214029,70.555556,1.214029,False
7553,70.444444,-1.035714,70.555556,-1.035714,False
7554,70.444444,-3.392857,70.555556,-3.392857,False
7555,70.444444,-5.071429,70.555556,-5.071429,False
7556,70.444444,-7.044643,70.555556,-7.044643,False
7557,70.444444,-8.196429,70.555556,-8.196429,False
7558,70.555556,7.526978,70.666667,7.544964,False
7559,70.555556,6.76259,70.666667,6.76259,False
7560,70.555556,3.929856,70.666667,3.920863,False
7561,70.555556,2.760791,70.666667,2.760791,False
7562,70.555556,1.214029,70.666667,1.214029,False
7563,70.555556,-1.035714,70.666667,-1.035714,False
7564,70.555556,-3.392857,70.666667,-3.383929,False
7565,70.555556,-5.071429,70.666667,-5.071429,False
7566,70.555556,-7.044643,70.666667,-7.053571,False
7567,70.555556,-8.196429,70.666667,-8.214286,False
7568,70.666667,7.544964,70.777778,7.553957,False
7569,70.666667,6.76259,70.777778,6.76259,False
7570,70.666667,3.920863,70.777778,3.911871,False
7571,70.666667,2.760791,70.777778,2.769784,False
7572,70.666667,1.214029,70.777778,1.214029,False
7573,70.666667,-1.035714,70.777778,-1.044643,False
7574,70.666667,-3.383929,70.777778,-3.383929,False
7575,70.666667,-5.071429,70.777778,-5.071429,False
7576,70.666667,-7.053571,70.777778,-7.053571,False
7577,70.666667,-8.214286,70.777778,-8.223214,False
7578,70.777778,7.553957,70.888889,7.56295,False
7579,70.777778,6.76259,70.888889,6.753597,False
7580,70.777778,3.911871,70.888889,3.911871,False
7581,70.777778,2.769784,70.888889,2.778777,False
7582,70.777778,1.214029,70.888889,1.214029,False
7583,70.777778,-1.044643,70.888889,-1.044643,False
7584,70.777778,-3.383929,70.888889,-3.383929,False
7585,70.777778,-5.071429,70.888889,-5.071429,False
7586,70.777778,-7.053571,70.888889,-7.0625,False
7587,70.777778,-8.223214,70.888889,-8.232143,False
7588,70.888889,7.56295,71.0,7.571942,False
7589,70.888889,6.753597,71.0,6.76259,False
7590,70.888889,3.911871,71.0,3.911871,False
7591,70.888889,2.778777,71.0,2.778777,False
7592,70.888889,1.214029,71.0,1.214029,False
7593,70.888889,-1.044643,71.0,-1.053571,False
7594,70.888889,-3.383929,71.0,-3.383929,False
7595,70.888889,-5.071429,71.0,-5.071429,False
7596,70.888889,-7.0625,71.0,-7.071429,False
7597,70.888889,-8.232143,71.0,-8.232143,False
7598,71.0,7.571942,71.111111,7.571942,False
7599,71.0,6.76259,71.111111,6.76259,False
7600,71.0,3.911871,71.111111,3.902878,False
7601,71.0,2.778777,71.111111,2.778777,False
7602,71.0,1.214029,71.111111,1.232014,False
7603,71.0,-1.053571,71.111111,-1.0625,False
7604,71.0,-3.383929,71.111111,-3.383929,False
7605,71.0,-5.071429,71.111111,-5.0625,False
7606,71.0,-7.071429,71.111111,-7.071429,False
7607,71.0,-8.232143,71.111111,-8.232143,False
7608,71.111111,7.571942,71.222222,7.571942,False
7609,71.111111,6.76259,71.222222,6.780576,False
7610,71.111111,3.902878,71.222222,3.902878,False
7611,71.111111,2.778777,71.222222,2.778777,False
7612,71.111111,1.232014,71.222222,1.232014,False
7613,71.111111,-1.0625,71.222222,-1.0625,False
7614,71.111111,-3.383929,71.222222,-3.383929,False
7615,71.111111,-5.0625,71.222222,-5.0625,False
7616,71.111111,-7.071429,71.222222,-7.071429,False
7617,71.111111,-8.232143,71.222222,-8.25,False
7618,71.222222,7.571942,71.333333,7.571942,False
7619,71.222222,6.780576,71.333333,6.798561,False
7620,71.222222,3.902878,71.333333,3.902878,False
7621,71.222222,2.778777,71.333333,2.78777,False
7622,71.222222,1.232014,71.333333,1.241007,False
7623,71.222222,-1.0625,71.333333,-1.0625,False
7624,71.222222,-3.383929,71.333333,-3.392857,False
7625,71.222222,-5.0625,71.333333,-5.071429,False
7626,71.222222,-7.071429,71.333333,-7.071429,False
7627,71.222222,-8.25,71.333333,-8.25,False
7628,71.333333,7.571942,71.444444,7.571942,False
7629,71.333333,6.798561,71.444444,6.834532,False
7630,71.333333,3.902878,71.444444,3.902878,False
7631,71.333333,2.78777,71.444444,2.796763,False
7632,71.333333,1.241007,71.444444,1.241007,False
7633,71.333333,-1.0625,71.444444,-1.080357,False
7634,71.333333,-3.392857,71.444444,-3.392857,False
7635,71.333333,-5.071429,71.444444,-5.071429,False
7636,71.333333,-7.071429,71.444444,-7.080357,False
7637,71.333333,-8.25,71.444444,-8.25,False
7638,71.444444,7.571942,71.555556,7.571942,False
7639,71.444444,6.834532,71.555556,6.861511,False
7640,71.444444,3.902878,71.555556,3.920863,False
7641,71.444444,2.796763,71.555556,2.796763,False
7642,71.444444,1.241007,71.555556,1.25,False
7643,71.444444,-1.080357,71.555556,-1.080357,False
7644,71.444444,-3.392857,71.555556,-3.392857,False
7645,71.444444,-5.071429,71.555556,-5.071429,False
7646,71.444444,-7.080357,71.555556,-7.080357,False
7647,71.444444,-8.25,71.555556,-8.258929,False
7648,71.555556,7.571942,71.666667,7.571942,False
7649,71.555556,6.861511,71.666667,6.879496,False
7650,71.555556,3.920863,71.666667,3.920863,False
7651,71.555556,2.796763,71.666667,2.796763,False
7652,71.555556,1.25,71.666667,1.25,False
7653,71.555556,-1.080357,71.666667,-1.089286,False
7654,71.555556,-3.392857,71.666667,-3.392857,False
7655,71.555556,-5.071429,71.666667,-5.071429,False
7656,71.555556,-7.080357,71.666667,-7.080357,False
7657,71.555556,-8.258929,71.666667,-8.258929,False
7658,71.666667,7.571942,71.777778,7.580935,False
7659,71.666667,6.879496,71.777778,6.906475,False
7660,71.666667,3.920863,71.777778,3.929856,False
7661,71.666667,2.796763,71.777778,2.78777,False
7662,71.666667,1.25,71.777778,1.25,False
7663,71.666667,-1.089286,71.777778,-1.089286,False
7664,71.666667,-3.392857,71.777778,-3.392857,False
7665,71.666667,-5.071429,71.777778,-5.080357,False
7666,71.666667,-7.080357,71.777778,-7.089286,False
7667,71.666667,-8.258929,71.777778,-8.258929,False
7668,71.777778,7.580935,71.888889,7.589928,False
7669,71.777778,6.906475,71.888889,6.92446,False
7670,71.777778,3.929856,71.888889,3.947842,False
7671,71.777778,2.78777,71.888889,2.796763,False
7672,71.777778,1.25,71.888889,1.258993,False
7673,71.777778,-1.089286,71.888889,-1.098214,False
7674,71.777778,-3.392857,71.888889,-3.392857,False
7675,71.777778,-5.080357,71.888889,-5.080357,False
7676,71.777778,-7.089286,71.888889,-7.089286,False
7677,71.777778,-8.258929,71.888889,-8.258929,False
7678,71.888889,7.589928,72.0,7.598921,False
7679,71.888889,6.92446,72.0,6.942446,False
7680,71.888889,3.947842,72.0,3.965827,False
7681,71.888889,2.796763,72.0,2.796763,False
7682,71.888889,1.258993,72.0,1.258993,False
7683,71.888889,-1.098214,72.0,-1.098214,False
7684,71.888889,-3.392857,72.0,-3.392857,False
7685,71.888889,-5.080357,72.0,-5.080357,False
7686,71.888889,-7.089286,72.0,-7.098214,False
7687,71.888889,-8.258929,72.0,-8.258929,False
7688,72.0,7.598921,72.111111,7.607914,False
7689,72.0,6.942446,72.111111,6.960432,False
7690,72.0,3.965827,72.111111,3.965827,False
7691,72.0,2.796763,72.111111,2.78777,False
7692,72.0,1.258993,72.111111,1.258993,False
7693,72.0,-1.098214,72.111111,-1.107143,False
7694,72.0,-3.392857,72.111111,-3.392857,False
7695,72.0,-5.080357,72.111111,-5.089286,False
7696,72.0,-7.098214,72.111111,-7.098214,False
7697,72.0,-8.258929,72.111111,-8.258929,False
7698,72.111111,7.607914,72.222222,7.616906,False
7699,72.111111,6.960432,72.222222,6.960432,False
7700,72.111111,3.965827,72.222222,3.983813,False
7701,72.111111,2.78777,72.222222,2.78777,False
7702,72.111111,1.258993,72.222222,1.258993,False
7703,72.111111,-1.107143,72.222222,-1.107143,False
7704,72.111111,-3.392857,72.222222,-3.410714,False
7705,72.111111,-5.089286,72.222222,-5.089286,False
7706,72.111111,-7.098214,72.222222,-7.080357,False
7707,72.111111,-8.258929,72.222222,-8.267857,False
7708,72.222222,7.616906,72.333333,7.643885,False
7709,72.222222,6.960432,72.333333,6.960432,False
7710,72.222222,3.983813,72.333333,3.983813,False
7711,72.222222,2.78777,72.333333,2.78777,False
7712,72.222222,1.258993,72.333333,1.258993,False
7713,72.222222,-1.107143,72.333333,-1.107143,False
7714,72.222222,-3.410714,72.333333,-3.410714,False
7715,72.222222,-5.089286,72.333333,-5.089286,False
7716,72.222222,-7.080357,72.333333,-7.080357,False
7717,72.222222,-8.267857,72.333333,-8.276786,False
7718,72.333333,7.643885,72.444444,7.652878,False
7719,72.333333,6.960432,72.444444,6.960432,False
7720,72.333333,3.983813,72.444444,4.001799,False
7721,72.333333,2.78777,72.444444,2.778777,False
7722,72.333333,1.258993,72.444444,1.258993,False
7723,72.333333,-1.107143,72.444444,-1.107143,False
7724,72.333333,-3.410714,72.444444,-3.401786,False
7725,72.333333,-5.089286,72.444444,-5.098214,False
7726,72.333333,-7.080357,72.444444,-7.080357,False
7727,72.333333,-8.276786,72.444444,-8.276786,False
7728,72.444444,7.652878,72.555556,7.679856,False
7729,72.444444,6.960432,72.555556,6.978417,False
7730,72.444444,4.001799,72.555556,4.001799,False
7731,72.444444,2.778777,72.555556,2.778777,False
7732,72.444444,1.258993,72.555556,1.258993,False
7733,72.444444,-1.107143,72.555556,-1.107143,False
7734,72.444444,-3.401786,72.555556,-3.401786,False
7735,72.444444,-5.098214,72.555556,-5.098214,False
7736,72.444444,-7.080357,72.555556,-7.071429,False
7737,72.444444,-8.276786,72.555556,-8.276786,False
7738,72.555556,7.679856,72.666667,7.697842,False
7739,72.555556,6.978417,72.666667,6.978417,False
7740,72.555556,4.001799,72.666667,4.001799,False
7741,72.555556,2.778777,72.666667,2.778777,False
7742,72.555556,1.258993,72.666667,1.267986,False
7743,72.555556,-1.107143,72.666667,-1.107143,False
7744,72.555556,-3.401786,72.666667,-3.392857,False
7745,72.555556,-5.098214,72.666667,-5.107143,False
7746,72.555556,-7.071429,72.666667,-7.0625,False
7747,72.555556,-8.276786,72.666667,-8.285714,False
7748,72.666667,7.697842,72.777778,7.706835,False
7749,72.666667,6.978417,72.777778,6.978417,False
7750,72.666667,4.001799,72.777778,4.001799,False
7751,72.666667,2.778777,72.777778,2.769784,False
7752,72.666667,1.267986,72.777778,1.267986,False
7753,72.666667,-1.107143,72.777778,-1.107143,False
7754,72.666667,-3.392857,72.777778,-3.392857,False
7755,72.666667,-5.107143,72.777778,-5.116071,False
7756,72.666667,-7.0625,72.777778,-7.0625,False
7757,72.666667,-8.285714,72.777778,-8.285714,False
7758,72.777778,7.706835,72.888889,7.72482,False
7759,72.777778,6.978417,72.888889,6.978417,False
7760,72.777778,4.001799,72.888889,4.001799,False
7761,72.777778,2.769784,72.888889,2.769784,False
7762,72.777778,1.267986,72.888889,1.267986,False
7763,72.777778,-1.107143,72.888889,-1.107143,False
7764,72.777778,-3.392857,72.888889,-3.392857,False
7765,72.777778,-5.116071,72.888889,-5.116071,False
7766,72.777778,-7.0625,72.888889,-7.053571,False
7767,72.777778,-8.285714,72.888889,-8.294643,False
7768,72.888889,7.72482,73.0,7.742806,False
7769,72.888889,6.978417,73.0,6.978417,False
7770,72.888889,4.001799,73.0,4.001799,False
7771,72.888889,2.769784,73.0,2.769784,False
7772,72.888889,1.267986,73.0,1.267986,False
7773,72.888889,-1.107143,73.0,-1.107143,False
7774,72.888889,-3.392857,73.0,-3.383929,False
7775,72.888889,-5.116071,73.0,-5.125,False
7776,72.888889,-7.053571,73.0,-7.053571,False
7777,72.888889,-8.294643,73.0,-8.294643,False
7778,73.0,7.742806,73.111111,7.769784,False
7779,73.0,6.978417,73.111111,6.98741,False
7780,73.0,4.001799,73.111111,4.001799,False
7781,73.0,2.769784,73.111111,2.769784,False
7782,73.0,1.267986,73.111111,1.267986,False
7783,73.0,-1.107143,73.111111,-1.098214,False
7784,73.0,-3.383929,73.111111,-3.383929,False
7785,73.0,-5.125,73.111111,-5.133929,False
7786,73.0,-7.053571,73.111111,-7.053571,False
7787,73.0,-8.294643,73.111111,-8.303571,False
7788,73.111111,7.769784,73.222222,7.778777,False
7789,73.111111,6.98741,73.222222,6.98741,False
7790,73.111111,4.001799,73.222222,4.001799,False
7791,73.111111,2.769784,73.222222,2.760791,False
7792,73.111111,1.267986,73.222222,1.267986,False
7793,73.111111,-1.098214,73.222222,-1.098214,False
7794,73.111111,-3.383929,73.222222,-3.383929,False
7795,73.111111,-5.133929,73.222222,-5.133929,False
7796,73.111111,-7.053571,73.222222,-7.053571,False
7797,73.111111,-8.303571,73.222222,-8.3125,False
7798,73.222222,7.778777,73.333333,7.78777,False
7799,73.222222,6.98741,73.333333,6.98741,False
7800,73.222222,4.001799,73.333333,4.001799,False
7801,73.222222,2.760791,73.333333,2.760791,False
7802,73.222222,1.267986,73.333333,1.267986,False
7803,73.222222,-1.098214,73.333333,-1.098214,False
7804,73.222222,-3.383929,73.333333,-3.383929,False
7805,73.222222,-5.133929,73.333333,-5.133929,False
7806,73.222222,-7.053571,73.333333,-7.053571,False
7807,73.222222,-8.3125,73.333333,-8.3125,False
7808,73.333333,7.78777,73.444444,7.796763,False
7809,73.333333,6.98741,73.444444,6.98741,False
7810,73.333333,4.001799,73.444444,3.983813,False
7811,73.333333,2.760791,73.444444,2.760791,False
7812,73.333333,1.267986,73.444444,1.267986,False
7813,73.333333,-1.098214,73.444444,-1.098214,False
7814,73.333333,-3.383929,73.444444,-3.383929,False
7815,73.333333,-5.133929,73.444444,-5.133929,False
7816,73.333333,-7.053571,73.444444,-7.044643,False
7817,73.333333,-8.3125,73.444444,-8.3125,False
7818,73.444444,7.796763,73.555556,7.805755,False
7819,73.444444,6.98741,73.555556,6.98741,False
7820,73.444444,3.983813,73.555556,3.983813,False
7821,73.444444,2.760791,73.555556,2.760791,False
7822,73.444444,1.267986,73.555556,1.267986,False
7823,73.444444,-1.098214,73.555556,-1.089286,False
7824,73.444444,-3.383929,73.555556,-3.383929,False
7825,73.444444,-5.133929,73.555556,-5.142857,False
7826,73.444444,-7.044643,73.555556,-7.044643,False
7827,73.444444,-8.3125,73.555556,-8.321429,False
7828,73.555556,7.805755,73.666667,7.823741,False
7829,73.555556,6.98741,73.666667,6.98741,False
7830,73.555556,3.983813,73.666667,3.97482,False
7831,73.555556,2.760791,73.666667,2.760791,False
7832,73.555556,1.267986,73.666667,1.267986,False
7833,73.555556,-1.089286,73.666667,-1.080357,False
7834,73.555556,-3.383929,73.666667,-3.383929,False
7835,73.555556,-5.142857,73.666667,-5.151786,False
7836,73.555556,-7.044643,73.666667,-7.044643,False
7837,73.555556,-8.321429,73.666667,-8.321429,False
7838,73.666667,7.823741,73.777778,7.832734,False
7839,73.666667,6.98741,73.777778,6.996403,False
7840,73.666667,3.97482,73.777778,3.965827,False
7841,73.666667,2.760791,73.777778,2.760791,False
7842,73.666667,1.267986,73.777778,1.267986,False
7843,73.666667,-1.080357,73.777778,-1.080357,False
7844,73.666667,-3.383929,73.777778,-3.383929,False
7845,73.666667,-5.151786,73.777778,-5.151786,False
7846,73.666667,-7.044643,73.777778,-7.044643,False
7847,73.666667,-8.321429,73.777778,-8.330357,False
7848,73.777778,7.832734,73.888889,7.850719,False
7849,73.777778,6.996403,73.888889,7.005396,False
7850,73.777778,3.965827,73.888889,3.965827,False
7851,73.777778,2.760791,73.888889,2.760791,False
7852,73.777778,1.267986,73.888889,1.267986,False
7853,73.777778,-1.080357,73.888889,-1.080357,False
7854,73.777778,-3.383929,73.888889,-3.383929,False
7855,73.777778,-5.151786,73.888889,-5.151786,False
7856,73.777778,-7.044643,73.888889,-7.044643,False
7857,73.777778,-8.330357,73.888889,-8.330357,False
7858,73.888889,7.850719,74.0,7.877698,False
7859,73.888889,7.005396,74.0,7.005396,False
7860,73.888889,3.965827,74.0,3.965827,False
7861,73.888889,2.760791,74.0,2.760791,False
7862,73.888889,1.267986,74.0,1.267986,False
7863,73.888889,-1.080357,74.0,-1.080357,False
7864,73.888889,-3.383929,74.0,-3.383929,False
7865,73.888889,-5.151786,74.0,-5.160714,False
7866,73.888889,-7.044643,74.0,-7.044643,False
7867,73.888889,-8.330357,74.0,-8.330357,False
7868,74.0,7.877698,74.111111,7.913669,False
7869,74.0,7.005396,74.111111,7.005396,False
7870,74.0,3.965827,74.111111,3.956835,False
7871,74.0,2.760791,74.111111,2.769784,False
7872,74.0,1.267986,74.111111,1.267986,False
7873,74.0,-1.080357,74.111111,-1.0625,False
7874,74.0,-3.383929,74.111111,-3.383929,False
7875,74.0,-5.160714,74.111111,-5.160714,False
7876,74.0,-7.044643,74.111111,-7.044643,False
7877,74.0,-8.330357,74.111111,-8.339286,False
7878,74.111111,7.913669,74.222222,7.931655,False
7879,74.111111,7.005396,74.222222,7.023381,False
7880,74.111111,3.956835,74.222222,3.956835,False
7881,74.111111,2.769784,74.222222,2.769784,False
7882,74.111111,1.267986,74.222222,1.267986,False
7883,74.111111,-1.0625,74.222222,-1.0625,False
7884,74.111111,-3.383929,74.222222,-3.392857,False
7885,74.111111,-5.160714,74.222222,-5.169643,False
7886,74.111111,-7.044643,74.222222,-7.044643,False
7887,74.111111,-8.339286,74.222222,-8.348214,False
7888,74.222222,7.931655,74.333333,7.94964,False
7889,74.222222,7.023381,74.333333,7.023381,False
7890,74.222222,3.956835,74.333333,3.956835,False
7891,74.222222,2.769784,74.333333,2.769784,False
7892,74.222222,1.267986,74.333333,1.267986,False
7893,74.222222,-1.0625,74.333333,-1.0625,False
7894,74.222222,-3.392857,74.333333,-3.383929,False
7895,74.222222,-5.169643,74.333333,-5.169643,False
7896,74.222222,-7.044643,74.333333,-7.044643,False
7897,74.222222,-8.348214,74.333333,-8.348214,False
7898,74.333333,7.94964,74.444444,7.967626,False
7899,74.333333,7.023381,74.444444,7.023381,False
7900,74.333333,3.956835,74.444444,3.956835,False
7901,74.333333,2.769784,74.444444,2.778777,False
7902,74.333333,1.267986,74.444444,1.267986,False
7903,74.333333,-1.0625,74.444444,-1.0625,False
7904,74.333333,-3.383929,74.444444,-3.392857,False
7905,74.333333,-5.169643,74.444444,-5.169643,False
7906,74.333333,-7.044643,74.444444,-7.044643,False
7907,74.333333,-8.348214,74.444444,-8.366071,False
7908,74.444444,7.967626,74.555556,7.985612,False
7909,74.444444,7.023381,74.555556,7.032374,False
7910,74.444444,3.956835,74.555556,3.947842,False
7911,74.444444,2.778777,74.555556,2.778777,False
7912,74.444444,1.267986,74.555556,1.267986,False
7913,74.444444,-1.0625,74.555556,-1.0625,False
7914,74.444444,-3.392857,74.555556,-3.392857,False
7915,74.444444,-5.169643,74.555556,-5.169643,False
7916,74.444444,-7.044643,74.555556,-7.044643,False
7917,74.444444,-8.366071,74.555556,-8.366071,False
7918,74.555556,7.985612,74.666667,8.01259,False
7919,74.555556,7.032374,74.666667,7.032374,False
7920,74.555556,3.947842,74.666667,3.947842,False
7921,74.555556,2.778777,74.666667,2.778777,False
7922,74.555556,1.267986,74.666667,1.267986,False
7923,74.555556,-1.0625,74.666667,-1.0625,False
7924,74.555556,-3.392857,74.666667,-3.392857,False
7925,74.555556,-5.169643,74.666667,-5.169643,False
7926,74.555556,-7.044643,74.666667,-7.044643,False
7927,74.555556,-8.366071,74.666667,-8.375,False
7928,74.666667,8.01259,74.777778,8.021583,False
7929,74.666667,7.032374,74.777778,7.032374,False
7930,74.666667,3.947842,74.777778,3.938849,False
7931,74.666667,2.778777,74.777778,2.778777,False
7932,74.666667,1.267986,74.777778,1.267986,False
7933,74.666667,-1.0625,74.777778,-1.0625,False
7934,74.666667,-3.392857,74.777778,-3.392857,False
7935,74.666667,-5.169643,74.777778,-5.169643,False
7936,74.666667,-7.044643,74.777778,-7.044643,False
7937,74.666667,-8.375,74.777778,-8.375,False
7938,74.777778,8.021583,74.888889,8.021583,False
7939,74.777778,7.032374,74.888889,7.023381,False
7940,74.777778,3.938849,74.888889,3.938849,False
7941,74.777778,2.778777,74.888889,2.78777,False
7942,74.777778,1.267986,74.888889,1.267986,False
7943,74.777778,-1.0625,74.888889,-1.0625,False
7944,74.777778,-3.392857,74.888889,-3.392857,False
7945,74.777778,-5.169643,74.888889,-5.178571,False
7946,74.777778,-7.044643,74.888889,-7.044643,False
7947,74.777778,-8.375,74.888889,-8.383929,False
7948,74.888889,8.021583,75.0,8.030576,False
7949,74.888889,7.023381,75.0,7.023381,False
7950,74.888889,3.938849,75.0,3.938849,False
7951,74.888889,2.78777,75.0,2.78777,False
7952,74.888889,1.267986,75.0,1.267986,False
7953,74.888889,-1.0625,75.0,-1.0625,False
7954,74.888889,-3.392857,75.0,-3.392857,False
7955,74.888889,-5.178571,75.0,-5.178571,False
7956,74.888889,-7.044643,75.0,-7.044643,False
7957,74.888889,-8.383929,75.0,-8.392857,False
7958,75.0,8.030576,75.111111,8.030576,False
7959,75.0,7.023381,75.111111,7.023381,False
7960,75.0,3.938849,75.111111,3.938849,False
7961,75.0,2.78777,75.111111,2.796763,False
7962,75.0,1.267986,75.111111,1.267986,False
7963,75.0,-1.0625,75.111111,-1.0625,False
7964,75.0,-3.392857,75.111111,-3.392857,False
7965,75.0,-5.178571,75.111111,-5.178571,False
7966,75.0,-7.044643,75.111111,-7.044643,False
7967,75.0,-8.392857,75.111111,-8.401786,False
7968,75.111111,8.030576,75.222222,8.021583,False
7969,75.111111,7.023381,75.222222,7.005396,False
7970,75.111111,3.938849,75.222222,3.929856,False
7971,75.111111,2.796763,75.222222,2.796763,False
7972,75.111111,1.267986,75.222222,1.267986,False
7973,75.111111,-1.0625,75.222222,-1.0625,False
7974,75.111111,-3.392857,75.222222,-3.392857,False
7975,75.111111,-5.178571,75.222222,-5.169643,False
7976,75.111111,-7.044643,75.222222,-7.035714,False
7977,75.111111,-8.401786,75.222222,-8.410714,False
7978,75.222222,8.021583,75.333333,8.021583,False
7979,75.222222,7.005396,75.333333,7.005396,False
7980,75.222222,3.929856,75.333333,3.929856,False
7981,75.222222,2.796763,75.333333,2.796763,False
7982,75.222222,1.267986,75.333333,1.267986,False
7983,75.222222,-1.0625,75.333333,-1.0625,False
7984,75.222222,-3.392857,75.333333,-3.392857,False
7985,75.222222,-5.169643,75.333333,-5.178571,False
7986,75.222222,-7.035714,75.333333,-7.044643,False
7987,75.222222,-8.410714,75.333333,-8.410714,False
7988,75.333333,8.021583,75.444444,8.021583,False
7989,75.333333,7.005396,75.444444,6.98741,False
7990,75.333333,3.929856,75.444444,3.929856,False
7991,75.333333,2.796763,75.444444,2.796763,False
7992,75.333333,1.267986,75.444444,1.267986,False
7993,75.333333,-1.0625,75.444444,-1.0625,False
7994,75.333333,-3.392857,75.444444,-3.392857,False
7995,75.333333,-5.178571,75.444444,-5.178571,False
7996,75.333333,-7.044643,75.444444,-7.044643,False
7997,75.333333,-8.410714,75.444444,-8.419643,False
7998,75.444444,8.021583,75.555556,8.01259,False
7999,75.444444,6.98741,75.555556,6.978417,False
8000,75.444444,3.929856,75.555556,3.929856,False
8001,75.444444,2.796763,75.555556,2.796763,False
8002,75.444444,1.267986,75.555556,1.267986,False
8003,75.444444,-1.0625,75.555556,-1.0625,False
8004,75.444444,-3.392857,75.555556,-3.392857,False
8005,75.444444,-5.178571,75.555556,-5.178571,False
8006,75.444444,-7.044643,75.555556,-7.044643,False
8007,75.444444,-8.419643,75.555556,-8.419643,False
8008,75.555556,8.01259,75.666667,8.003597,False
8009,75.555556,6.978417,75.666667,6.969424,False
8010,75.555556,3.929856,75.666667,3.920863,False
8011,75.555556,2.796763,75.666667,2.796763,False
8012,75.555556,1.267986,75.666667,1.25,False
8013,75.555556,-1.0625,75.666667,-1.0625,False
8014,75.555556,-3.392857,75.666667,-3.401786,False
8015,75.555556,-5.178571,75.666667,-5.178571,False
8016,75.555556,-7.044643,75.666667,-7.044643,False
8017,75.555556,-8.419643,75.666667,-8.4375,False
8018,75.666667,8.003597,75.777778,7.994604,False
8019,75.666667,6.969424,75.777778,6.960432,False
8020,75.666667,3.920863,75.777778,3.911871,False
8021,75.666667,2.796763,75.777778,2.796763,False
8022,75.666667,1.25,75.777778,1.25,False
8023,75.666667,-1.0625,75.777778,-1.071429,False
8024,75.666667,-3.401786,75.777778,-3.410714,False
8025,75.666667,-5.178571,75.777778,-5.169643,False
8026,75.666667,-7.044643,75.777778,-7.044643,False
8027,75.666667,-8.4375,75.777778,-8.4375,False
8028,75.777778,7.994604,75.888889,7.985612,False
8029,75.777778,6.960432,75.888889,6.960432,False
8030,75.777778,3.911871,75.888889,3.911871,False
8031,75.777778,2.796763,75.888889,2.796763,False
8032,75.777778,1.25,75.888889,1.25,False
8033,75.777778,-1.071429,75.888889,-1.0625,False
8034,75.777778,-3.410714,75.888889,-3.410714,False
8035,75.777778,-5.169643,75.888889,-5.169643,False
8036,75.777778,-7.044643,75.888889,-7.044643,False
8037,75.777778,-8.4375,75.888889,-8.4375,False
8038,75.888889,7.985612,76.0,7.967626,False
8039,75.888889,6.960432,76.0,6.960432,False
8040,75.888889,3.911871,76.0,3.911871,False
8041,75.888889,2.796763,76.0,2.796763,False
8042,75.888889,1.25,76.0,1.25,False
8043,75.888889,-1.0625,76.0,-1.0625,False
8044,75.888889,-3.410714,76.0,-3.410714,False
8045,75.888889,-5.169643,76.0,-5.169643,False
8046,75.888889,-7.044643,76.0,-7.044643,False
8047,75.888889,-8.4375,76.0,-8.455357,False
8048,76.0,7.967626,76.111111,7.967626,False
8049,76.0,6.960432,76.111111,6.969424,False
8050,76.0,3.911871,76.111111,3.911871,False
8051,76.0,2.796763,76.111111,2.78777,False
8052,76.0,1.25,76.111111,1.25,False
8053,76.0,-1.0625,76.111111,-1.0625,False
8054,76.0,-3.410714,76.111111,-3.410714,False
8055,76.0,-5.169643,76.111111,-5.169643,False
8056,76.0,-7.044643,76.111111,-7.044643,False
8057,76.0,-8.455357,76.111111,-8.455357,False
8058,76.111111,7.967626,76.222222,7.94964,False
8059,76.111111,6.969424,76.222222,6.969424,False
8060,76.111111,3.911871,76.222222,3.911871,False
8061,76.111111,2.78777,76.222222,2.778777,False
8062,76.111111,1.25,76.222222,1.25,False
8063,76.111111,-1.0625,76.222222,-1.0625,False
8064,76.111111,-3.410714,76.222222,-3.401786,False
8065,76.111111,-5.169643,76.222222,-5.160714,False
8066,76.111111,-7.044643,76.222222,-7.044643,False
8067,76.111111,-8.455357,76.222222,-8.455357,False
8068,76.222222,7.94964,76.333333,7.94964,False
8069,76.222222,6.969424,76.333333,6.978417,False
8070,76.222222,3.911871,76.333333,3.911871,False
8071,76.222222,2.778777,76.333333,2.778777,False
8072,76.222222,1.25,76.333333,1.25,False
8073,76.222222,-1.0625,76.333333,-1.053571,False
8074,76.222222,-3.401786,76.333333,-3.401786,False
8075,76.222222,-5.160714,76.333333,-5.160714,False
8076,76.222222,-7.044643,76.333333,-7.035714,False
8077,76.222222,-8.455357,76.333333,-8.455357,False
8078,76.333333,7.94964,76.444444,7.931655,False
8079,76.333333,6.978417,76.444444,6.978417,False
8080,76.333333,3.911871,76.444444,3.920863,False
8081,76.333333,2.778777,76.444444,2.778777,False
8082,76.333333,1.25,76.444444,1.25,False
8083,76.333333,-1.053571,76.444444,-1.044643,False
8084,76.333333,-3.401786,76.444444,-3.401786,False
8085,76.333333,-5.160714,76.444444,-5.160714,False
8086,76.333333,-7.035714,76.444444,-7.026786,False
8087,76.333333,-8.455357,76.444444,-8.455357,False
8088,76.444444,7.931655,76.555556,7.922662,False
8089,76.444444,6.978417,76.555556,6.98741,False
8090,76.444444,3.920863,76.555556,3.920863,False
8091,76.444444,2.778777,76.555556,2.778777,False
8092,76.444444,1.25,76.555556,1.267986,False
8093,76.444444,-1.044643,76.555556,-1.044643,False
8094,76.444444,-3.401786,76.555556,-3.401786,False
8095,76.444444,-5.160714,76.555556,-5.160714,False
8096,76.444444,-7.026786,76.555556,-7.008929,False
8097,76.444444,-8.455357,76.555556,-8.455357,False
8098,76.555556,7.922662,76.666667,7.913669,False
8099,76.555556,6.98741,76.666667,6.98741,False
8100,76.555556,3.920863,76.666667,3.929856,False
8101,76.555556,2.778777,76.666667,2.778777,False
8102,76.555556,1.267986,76.666667,1.267986,False
8103,76.555556,-1.044643,76.666667,-1.035714,False
8104,76.555556,-3.401786,76.666667,-3.401786,False
8105,76.555556,-5.160714,76.666667,-5.151786,False
8106,76.555556,-7.008929,76.666667,-6.991071,False
8107,76.555556,-8.455357,76.666667,-8.455357,False
8108,76.666667,7.913669,76.777778,7.913669,False
8109,76.666667,6.98741,76.777778,6.996403,False
8110,76.666667,3.929856,76.777778,3.929856,False
8111,76.666667,2.778777,76.777778,2.778777,False
8112,76.666667,1.267986,76.777778,1.276978,False
8113,76.666667,-1.035714,76.777778,-1.035714,False
8114,76.666667,-3.401786,76.777778,-3.401786,False
8115,76.666667,-5.151786,76.777778,-5.151786,False
8116,76.666667,-6.991071,76.777778,-6.955357,False
8117,76.666667,-8.455357,76.777778,-8.455357,False
8118,76.777778,7.913669,76.888889,7.913669,False
8119,76.777778,6.996403,76.888889,7.005396,False
8120,76.777778,3.929856,76.888889,3.938849,False
8121,76.777778,2.778777,76.888889,2.778777,False
8122,76.777778,1.276978,76.888889,1.294964,False
8123,76.777778,-1.035714,76.888889,-1.035714,False
8124,76.777778,-3.401786,76.888889,-3.401786,False
8125,76.777778,-5.151786,76.888889,-5.151786,False
8126,76.777778,-6.955357,76.888889,-6.919643,False
8127,76.777778,-8.455357,76.888889,-8.455357,False
8128,76.888889,7.913669,77.0,7.913669,False
8129,76.888889,7.005396,77.0,7.005396,False
8130,76.888889,3.938849,77.0,3.938849,False
8131,76.888889,2.778777,77.0,2.778777,False
8132,76.888889,1.294964,77.0,1.294964,False
8133,76.888889,-1.035714,77.0,-1.026786,False
8134,76.888889,-3.401786,77.0,-3.401786,False
8135,76.888889,-5.151786,77.0,-5.151786,False
8136,76.888889,-6.919643,77.0,-6.901786,False
8137,76.888889,-8.455357,77.0,-8.455357,False
8138,77.0,7.913669,77.111111,7.913669,False
8139,77.0,7.005396,77.111111,7.014388,False
8140,77.0,3.938849,77.111111,3.947842,False
8141,77.0,2.778777,77.111111,2.778777,False
8142,77.0,1.294964,77.111111,1.303957,False
8143,77.0,-1.026786,77.111111,-1.026786,False
8144,77.0,-3.401786,77.111111,-3.401786,False
8145,77.0,-5.151786,77.111111,-5.151786,False
8146,77.0,-6.901786,77.111111,-6.875,False
8147,77.0,-8.455357,77.111111,-8.455357,False
8148,77.111111,7.913669,77.222222,7.913669,False
8149,77.111111,7.014388,77.222222,7.023381,False
8150,77.111111,3.947842,77.222222,3.956835,False
8151,77.111111,2.778777,77.222222,2.778777,False
8152,77.111111,1.303957,77.222222,1.303957,False
8153,77.111111,-1.026786,77.222222,-1.026786,False
8154,77.111111,-3.401786,77.222222,-3.401786,False
8155,77.111111,-5.151786,77.222222,-5.151786,False
8156,77.111111,-6.875,77.222222,-6.848214,False
8157,77.111111,-8.455357,77.222222,-8.455357,False
8158,77.222222,7.913669,77.333333,7.904676,False
8159,77.222222,7.023381,77.333333,7.023381,False
8160,77.222222,3.956835,77.333333,3.965827,False
8161,77.222222,2.778777,77.333333,2.78777,False
8162,77.222222,1.303957,77.333333,1.294964,False
8163,77.222222,-1.026786,77.333333,-1.017857,False
8164,77.222222,-3.401786,77.333333,-3.401786,False
8165,77.222222,-5.151786,77.333333,-5.151786,False
8166,77.222222,-6.848214,77.333333,-6.839286,False
8167,77.222222,-8.455357,77.333333,-8.446429,False
8168,77.333333,7.904676,77.444444,7.904676,False
8169,77.333333,7.023381,77.444444,7.032374,False
8170,77.333333,3.965827,77.444444,3.97482,False
8171,77.333333,2.78777,77.444444,2.78777,False
8172,77.333333,1.294964,77.444444,1.294964,False
8173,77.333333,-1.017857,77.444444,-1.017857,False
8174,77.333333,-3.401786,77.444444,-3.401786,False
8175,77.333333,-5.151786,77.444444,-5.160714,False
8176,77.333333,-6.839286,77.444444,-6.821429,False
8177,77.333333,-8.446429,77.444444,-8.4375,False
8178,77.444444,7.904676,77.555556,7.913669,False
8179,77.444444,7.032374,77.555556,7.032374,False
8180,77.444444,3.97482,77.555556,3.97482,False
8181,77.444444,2.78777,77.555556,2.78777,False
8182,77.444444,1.294964,77.555556,1.285971,False
8183,77.444444,-1.017857,77.555556,-1.017857,False
8184,77.444444,-3.401786,77.555556,-3.392857,False
8185,77.444444,-5.160714,77.555556,-5.160714,False
8186,77.444444,-6.821429,77.555556,-6.8125,False
8187,77.444444,-8.4375,77.555556,-8.428571,False
8188,77.555556,7.913669,77.666667,7.913669,False
8189,77.555556,7.032374,77.666667,7.032374,False
8190,77.555556,3.97482,77.666667,3.983813,False
8191,77.555556,2.78777,77.666667,2.78777,False
8192,77.555556,1.285971,77.666667,1.285971,False
8193,77.555556,-1.017857,77.666667,-1.017857,False
8194,77.555556,-3.392857,77.666667,-3.392857,False
8195,77.555556,-5.160714,77.666667,-5.160714,False
8196,77.555556,-6.8125,77.666667,-6.803571,False
8197,77.555556,-8.428571,77.666667,-8.419643,False
8198,77.666667,7.913669,77.777778,7.913669,False
8199,77.666667,7.032374,77.777778,7.032374,False
8200,77.666667,3.983813,77.777778,4.001799,False
8201,77.666667,2.78777,77.777778,2.796763,False
8202,77.666667,1.285971,77.777778,1.285971,False
8203,77.666667,-1.017857,77.777778,-1.017857,False
8204,77.666667,-3.392857,77.777778,-3.392857,False
8205,77.666667,-5.160714,77.777778,-5.160714,False
8206,77.666667,-6.803571,77.777778,-6.803571,False
8207,77.666667,-8.419643,77.777778,-8.410714,False
8208,77.777778,7.913669,77.888889,7.931655,False
8209,77.777778,7.032374,77.888889,7.05036,False
8210,77.777778,4.001799,77.888889,4.010791,False
8211,77.777778,2.796763,77.888889,2.796763,False
8212,77.777778,1.285971,77.888889,1.285971,False
8213,77.777778,-1.017857,77.888889,-1.017857,False
8214,77.777778,-3.392857,77.888889,-3.392857,False
8215,77.777778,-5.160714,77.888889,-5.169643,False
8216,77.777778,-6.803571,77.888889,-6.8125,False
8217,77.777778,-8.410714,77.888889,-8.392857,False
8218,77.888889,7.931655,78.0,7.931655,False
8219,77.888889,7.05036,78.0,7.05036,False
8220,77.888889,4.010791,78.0,4.019784,False
8221,77.888889,2.796763,78.0,2.796763,False
8222,77.888889,1.285971,78.0,1.285971,False
8223,77.888889,-1.017857,78.0,-1.017857,False
8224,77.888889,-3.392857,78.0,-3.392857,False
8225,77.888889,-5.169643,78.0,-5.169643,False
8226,77.888889,-6.8125,78.0,-6.8125,False
8227,77.888889,-8.392857,78.0,-8.383929,False
8228,78.0,7.931655,78.111111,7.931655,False
8229,78.0,7.05036,78.111111,7.05036,False
8230,78.0,4.019784,78.111111,4.019784,False
8231,78.0,2.796763,78.111111,2.796763,False
8232,78.0,1.285971,78.111111,1.285971,False
8233,78.0,-3.392857,78.111111,-3.392857,False
8234,78.0,-5.169643,78.111111,-5.169643,False
8235,78.0,-6.8125,78.111111,-6.821429,False
8236,78.0,-8.383929,78.111111,-8.375,False
8237,78.111111,7.931655,78.222222,7.931655,False
8238,78.111111,7.05036,78.222222,7.059353,False
8239,78.111111,4.019784,78.222222,4.03777,False
8240,78.111111,2.796763,78.222222,2.796763,False
8241,78.111111,1.285971,78.222222,1.285971,False
8242,78.111111,-3.392857,78.222222,-3.392857,False
8243,78.111111,-5.169643,78.222222,-5.178571,False
8244,78.111111,-6.821429,78.222222,-6.821429,False
8245,78.111111,-8.375,78.222222,-8.366071,False
8246,78.222222,7.931655,78.333333,7.94964,False
8247,78.222222,7.059353,78.333333,7.059353,False
8248,78.222222,4.03777,78.333333,4.03777,False
8249,78.222222,2.796763,78.333333,2.796763,False
8250,78.222222,1.285971,78.333333,1.285971,False
8251,78.222222,-1.035714,78.333333,-1.035714,False
8252,78.222222,-3.392857,78.333333,-3.392857,False
8253,78.222222,-5.178571,78.333333,-5.1875,False
8254,78.222222,-6.821429,78.333333,-6.821429,False
8255,78.222222,-8.366071,78.333333,-8.348214,False
8256,78.333333,7.94964,78.444444,7.94964,False
8257,78.333333,7.059353,78.444444,7.068345,False
8258,78.333333,4.03777,78.444444,4.055755,False
8259,78.333333,2.796763,78.444444,2.796763,False
8260,78.333333,1.285971,78.444444,1.276978,False
8261,78.333333,-1.035714,78.444444,-1.035714,False
8262,78.333333,-3.392857,78.444444,-3.392857,False
8263,78.333333,-5.1875,78.444444,-5.1875,False
8264,78.333333,-6.821429,78.444444,-6.839286,False
8265,78.333333,-8.348214,78.444444,-8.348214,False
8266,78.444444,7.94964,78.555556,7.940647,False
8267,78.444444,7.068345,78.555556,7.077338,False
8268,78.444444,4.055755,78.555556,4.055755,False
8269,78.444444,2.796763,78.555556,2.796763,False
8270,78.444444,1.276978,78.555556,1.285971,False
8271,78.444444,-1.035714,78.555556,-1.035714,False
8272,78.444444,-3.392857,78.555556,-3.392857,False
8273,78.444444,-5.1875,78.555556,-5.196429,False
8274,78.444444,-6.839286,78.555556,-6.848214,False
8275,78.444444,-8.348214,78.555556,-8.348214,False
8276,78.555556,7.940647,78.666667,7.931655,False
8277,78.555556,7.077338,78.666667,7.077338,False
8278,78.555556,4.055755,78.666667,4.064748,False
8279,78.555556,2.796763,78.666667,2.796763,False
8280,78.555556,1.285971,78.666667,1.285971,False
8281,78.555556,-1.035714,78.666667,-1.035714,False
8282,78.555556,-3.392857,78.666667,-3.401786,False
8283,78.555556,-5.196429,78.666667,-5.205357,False
8284,78.555556,-6.848214,78.666667,-6.866071,False
8285,78.555556,-8.348214,78.666667,-8.330357,False
8286,78.666667,7.931655,78.777778,7.931655,False
8287,78.666667,7.077338,78.777778,7.077338,False
8288,78.666667,4.064748,78.777778,4.064748,False
8289,78.666667,2.796763,78.777778,2.796763,False
8290,78.666667,1.285971,78.777778,1.285971,False
8291,78.666667,-1.035714,78.777778,-1.035714,False
8292,78.666667,-3.401786,78.777778,-3.401786,False
8293,78.666667,-5.205357,78.777778,-5.205357,False
8294,78.666667,-6.866071,78.777778,-6.866071,False
8295,78.666667,-8.330357,78.777778,-8.330357,False
8296,78.777778,7.931655,78.888889,7.922662,False
8297,78.777778,7.077338,78.888889,7.077338,False
8298,78.777778,4.064748,78.888889,4.064748,False
8299,78.777778,2.796763,78.888889,2.796763,False
8300,78.777778,1.285971,78.888889,1.285971,False
8301,78.777778,-1.035714,78.888889,-1.044643,False
8302,78.777778,-3.401786,78.888889,-3.401786,False
8303,78.777778,-5.205357,78.888889,-5.223214,False
8304,78.777778,-6.866071,78.888889,-6.866071,False
8305,78.777778,-8.330357,78.888889,-8.330357,False
8306,78.888889,7.922662,79.0,7.913669,False
8307,78.888889,7.077338,79.0,7.077338,False
8308,78.888889,4.064748,79.0,4.073741,False
8309,78.888889,2.796763,79.0,2.805755,False
8310,78.888889,1.285971,79.0,1.285971,False
8311,78.888889,-1.044643,79.0,-1.044643,False
8312,78.888889,-3.401786,79.0,-3.410714,False
8313,78.888889,-5.223214,79.0,-5.223214,False
8314,78.888889,-6.866071,79.0,-6.866071,False
8315,78.888889,-8.330357,79.0,-8.330357,False
8316,79.0,7.913669,79.111111,7.895683,False
8317,79.0,7.077338,79.111111,7.077338,False
8318,79.0,4.073741,79.111111,4.073741,False
8319,79.0,2.805755,79.111111,2.805755,False
8320,79.0,1.285971,79.111111,1.294964,False
8321,79.0,-1.044643,79.111111,-1.044643,False
8322,79.0,-3.410714,79.111111,-3.410714,False
8323,79.0,-5.223214,79.111111,-5.232143,False
8324,79.0,-6.866071,79.111111,-6.866071,False
8325,79.0,-8.330357,79.111111,-8.330357,False
8326,79.111111,7.895683,79.222222,7.877698,False
8327,79.111111,7.077338,79.222222,7.077338,False
8328,79.111111,4.073741,79.222222,4.073741,False
8329,79.111111,2.805755,79.222222,2.805755,False
8330,79.111111,1.294964,79.222222,1.303957,False
8331,79.111111,-1.044643,79.222222,-1.044643,False
8332,79.111111,-3.410714,79.222222,-3.419643,False
8333,79.111111,-5.232143,79.222222,-5.241071,False
8334,79.111111,-6.866071,79.222222,-6.866071,False
8335,79.111111,-8.330357,79.222222,-8.339286,False
8336,79.222222,7.877698,79.333333,7.859712,False
8337,79.222222,7.077338,79.333333,7.077338,False
8338,79.222222,4.073741,79.333333,4.073741,False
8339,79.222222,2.805755,79.333333,2.805755,False
8340,79.222222,1.303957,79.333333,1.303957,False
8341,79.222222,-1.044643,79.333333,-1.044643,False
8342,79.222222,-3.419643,79.333333,-3.419643,False
8343,79.222222,-5.241071,79.333333,-5.241071,False
8344,79.222222,-6.866071,79.333333,-6.866071,False
8345,79.222222,-8.339286,79.333333,-8.348214,False
8346,79.333333,7.859712,79.444444,7.841727,False
8347,79.333333,7.077338,79.444444,7.077338,False
8348,79.333333,4.073741,79.444444,4.073741,False
8349,79.333333,2.805755,79.444444,2.805755,False
8350,79.333333,1.303957,79.444444,1.303957,False
8351,79.333333,-1.044643,79.444444,-1.044643,False
8352,79.333333,-3.419643,79.444444,-3.428571,False
8353,79.333333,-5.241071,79.444444,-5.258929,False
8354,79.333333,-6.866071,79.444444,-6.866071,False
8355,79.333333,-8.348214,79.444444,-8.357143,False
8356,79.444444,7.841727,79.555556,7.814748,False
8357,79.444444,7.077338,79.555556,7.077338,False
8358,79.444444,4.073741,79.555556,4.073741,False
8359,79.444444,2.805755,79.555556,2.814748,False
8360,79.444444,1.303957,79.555556,1.321942,False
8361,79.444444,-1.044643,79.555556,-1.044643,False
8362,79.444444,-3.428571,79.555556,-3.428571,False
8363,79.444444,-5.258929,79.555556,-5.258929,False
8364,79.444444,-6.866071,79.555556,-6.866071,False
8365,79.444444,-8.357143,79.555556,-8.366071,False
8366,79.555556,7.814748,79.666667,7.796763,False
8367,79.555556,7.077338,79.666667,7.077338,False
8368,79.555556,4.073741,79.666667,4.073741,False
8369,79.555556,2.814748,79.666667,2.814748,False
8370,79.555556,1.321942,79.666667,1.330935,False
8371,79.555556,-1.044643,79.666667,-1.044643,False
8372,79.555556,-3.428571,79.666667,-3.428571,False
8373,79.555556,-5.258929,79.666667,-5.258929,False
8374,79.555556,-6.866071,79.666667,-6.857143,False
8375,79.555556,-8.366071,79.666667,-8.375,False
8376,79.666667,7.796763,79.777778,7.778777,False
8377,79.666667,7.077338,79.777778,7.077338,False
8378,79.666667,4.073741,79.777778,4.073741,False
8379,79.666667,2.814748,79.777778,2.814748,False
8380,79.666667,1.330935,79.777778,1.330935,False
8381,79.666667,-1.044643,79.777778,-1.053571,False
8382,79.666667,-3.428571,79.777778,-3.4375,False
8383,79.666667,-5.258929,79.777778,-5.267857,False
8384,79.666667,-6.857143,79.777778,-6.848214,False
8385,79.666667,-8.375,79.777778,-8.383929,False
8386,79.777778,7.778777,79.888889,7.769784,False
8387,79.777778,7.077338,79.888889,7.077338,False
8388,79.777778,4.073741,79.888889,4.073741,False
8389,79.777778,2.814748,79.888889,2.814748,False
8390,79.777778,1.330935,79.888889,1.330935,False
8391,79.777778,-1.053571,79.888889,-1.044643,False
8392,79.777778,-3.4375,79.888889,-3.4375,False
8393,79.777778,-5.267857,79.888889,-5.276786,False
8394,79.777778,-6.848214,79.888889,-6.839286,False
8395,79.777778,-8.383929,79.888889,-8.383929,False
8396,79.888889,7.769784,80.0,7.769784,False
8397,79.888889,7.077338,80.0,7.077338,False
8398,79.888889,4.073741,80.0,4.073741,False
8399,79.888889,2.814748,80.0,2.814748,False
8400,79.888889,1.330935,80.0,1.330935,False
8401,79.888889,-1.044643,80.0,-1.044643,False
8402,79.888889,-3.4375,80.0,-3.4375,False
8403,79.888889,-5.276786,80.0,-5.276786,False
8404,79.888889,-6.839286,80.0,-6.839286,False
8405,79.888889,-8.383929,80.0,-8.392857,False
8406,80.0,7.769784,80.111111,7.751799,False
8407,80.0,7.077338,80.111111,7.077338,False
8408,80.0,4.073741,80.111111,4.073741,False
8409,80.0,2.814748,80.111111,2.814748,False
8410,80.0,1.330935,80.111111,1.330935,False
8411,80.0,-1.044643,80.111111,-1.053571,False
8412,80.0,-3.4375,80.111111,-3.446429,False
8413,80.0,-5.276786,80.111111,-5.285714,False
8414,80.0,-6.839286,80.111111,-6.830357,False
8415,80.0,-8.392857,80.111111,-8.401786,False
8416,80.111111,7.751799,80.222222,7.751799,False
8417,80.111111,7.077338,80.222222,7.077338,False
8418,80.111111,4.073741,80.222222,4.073741,False
8419,80.111111,2.814748,80.222222,2.823741,False
8420,80.111111,1.330935,80.222222,1.321942,False
8421,80.111111,-1.053571,80.222222,-1.044643,False
8422,80.111111,-3.446429,80.222222,-3.446429,False
8423,80.111111,-5.285714,80.222222,-5.285714,False
8424,80.111111,-6.830357,80.222222,-6.830357,False
8425,80.111111,-8.401786,80.222222,-8.419643,False
8426,80.222222,7.751799,80.333333,7.751799,False
8427,80.222222,7.077338,80.333333,7.077338,False
8428,80.222222,4.073741,80.333333,4.073741,False
8429,80.222222,2.823741,80.333333,2.823741,False
8430,80.222222,1.321942,80.333333,1.31295,False
8431,80.222222,-1.044643,80.333333,-1.044643,False
8432,80.222222,-3.446429,80.333333,-3.455357,False
8433,80.222222,-5.285714,80.333333,-5.285714,False
8434,80.222222,-6.830357,80.333333,-6.839286,False
8435,80.222222,-8.419643,80.333333,-8.419643,False
8436,80.333333,7.751799,80.444444,7.769784,False
8437,80.333333,7.077338,80.444444,7.077338,False
8438,80.333333,4.073741,80.444444,4.064748,False
8439,80.333333,2.823741,80.444444,2.823741,False
8440,80.333333,1.31295,80.444444,1.31295,False
8441,80.333333,-1.044643,80.444444,-1.044643,False
8442,80.333333,-3.455357,80.444444,-3.455357,False
8443,80.333333,-5.285714,80.444444,-5.285714,False
8444,80.333333,-6.839286,80.444444,-6.848214,False
8445,80.333333,-8.419643,80.444444,-8.419643,False
8446,80.444444,7.769784,80.555556,7.769784,False
8447,80.444444,7.077338,80.555556,7.077338,False
8448,80.444444,4.064748,80.555556,4.064748,False
8449,80.444444,2.823741,80.555556,2.823741,False
8450,80.444444,1.31295,80.555556,1.31295,False
8451,80.444444,-1.044643,80.555556,-1.035714,False
8452,80.444444,-3.455357,80.555556,-3.455357,False
8453,80.444444,-5.285714,80.555556,-5.285714,False
8454,80.444444,-6.848214,80.555556,-6.857143,False
8455,80.444444,-8.419643,80.555556,-8.428571,False
8456,80.555556,7.769784,80.666667,7.769784,False
8457,80.555556,7.077338,80.666667,7.077338,False
8458,80.555556,4.064748,80.666667,4.064748,False
8459,80.555556,2.823741,80.666667,2.823741,False
8460,80.555556,1.31295,80.666667,1.303957,False
8461,80.555556,-1.035714,80.666667,-1.035714,False
8462,80.555556,-3.455357,80.666667,-3.455357,False
8463,80.555556,-5.285714,80.666667,-5.285714,False
8464,80.555556,-6.857143,80.666667,-6.875,False
8465,80.555556,-8.428571,80.666667,-8.4375,False
8466,80.666667,7.769784,80.777778,7.769784,False
8467,80.666667,7.077338,80.777778,7.068345,False
8468,80.666667,4.064748,80.777778,4.055755,False
8469,80.666667,2.823741,80.777778,2.823741,False
8470,80.666667,1.303957,80.777778,1.303957,False
8471,80.666667,-1.035714,80.777778,-1.035714,False
8472,80.666667,-3.455357,80.777778,-3.464286,False
8473,80.666667,-5.285714,80.777778,-5.285714,False
8474,80.666667,-6.875,80.777778,-6.883929,False
8475,80.666667,-8.4375,80.777778,-8.4375,False
8476,80.777778,7.769784,80.888889,7.769784,False
8477,80.777778,7.068345,80.888889,7.068345,False
8478,80.777778,4.055755,80.888889,4.055755,False
8479,80.777778,2.823741,80.888889,2.823741,False
8480,80.777778,1.303957,80.888889,1.303957,False
8481,80.777778,-1.035714,80.888889,-1.026786,False
8482,80.777778,-3.464286,80.888889,-3.464286,False
8483,80.777778,-5.285714,80.888889,-5.285714,False
8484,80.777778,-6.883929,80.888889,-6.901786,False
8485,80.777778,-8.4375,80.888889,-8.4375,False
8486,80.888889,7.769784,81.0,7.769784,False
8487,80.888889,7.068345,81.0,7.05036,False
8488,80.888889,4.055755,81.0,4.055755,False
8489,80.888889,2.823741,81.0,2.832734,False
8490,80.888889,1.303957,81.0,1.31295,False
8491,80.888889,-1.026786,81.0,-1.017857,False
8492,80.888889,-3.464286,81.0,-3.464286,False
8493,80.888889,-5.285714,81.0,-5.285714,False
8494,80.888889,-6.901786,81.0,-6.910714,False
8495,80.888889,-8.4375,81.0,-8.446429,False
8496,81.0,7.769784,81.111111,7.751799,False
8497,81.0,7.05036,81.111111,7.041367,False
8498,81.0,4.055755,81.111111,4.046763,False
8499,81.0,2.832734,81.111111,2.823741,False
8500,81.0,1.31295,81.111111,1.31295,False
8501,81.0,-1.017857,81.111111,-1.017857,False
8502,81.0,-3.464286,81.111111,-3.464286,False
8503,81.0,-5.285714,81.111111,-5.285714,False
8504,81.0,-6.910714,81.111111,-6.928571,False
8505,81.0,-8.446429,81.111111,-8.455357,False
8506,81.111111,7.751799,81.222222,7.751799,False
8507,81.111111,7.041367,81.222222,7.023381,False
8508,81.111111,4.046763,81.222222,4.046763,False
8509,81.111111,2.823741,81.222222,2.832734,False
8510,81.111111,1.31295,81.222222,1.31295,False
8511,81.111111,-1.017857,81.222222,-1.017857,False
8512,81.111111,-3.464286,81.222222,-3.464286,False
8513,81.111111,-5.285714,81.222222,-5.285714,False
8514,81.111111,-6.928571,81.222222,-6.9375,False
8515,81.111111,-8.455357,81.222222,-8.446429,False
8516,81.222222,7.751799,81.333333,7.733813,False
8517,81.222222,7.023381,81.333333,7.014388,False
8518,81.222222,2.832734,81.333333,2.832734,False
8519,81.222222,1.31295,81.333333,1.31295,False
8520,81.222222,-1.017857,81.333333,-1.017857,False
8521,81.222222,-3.464286,81.333333,-3.455357,False
8522,81.222222,-5.285714,81.333333,-5.294643,False
8523,81.222222,-6.9375,81.333333,-6.955357,False
8524,81.222222,-8.446429,81.333333,-8.455357,False
8525,81.333333,7.733813,81.444444,7.733813,False
8526,81.333333,7.014388,81.444444,6.98741,False
8527,81.333333,2.832734,81.444444,2.832734,False
8528,81.333333,1.31295,81.444444,1.321942,False
8529,81.333333,-1.017857,81.444444,-1.017857,False
8530,81.333333,-3.455357,81.444444,-3.455357,False
8531,81.333333,-5.294643,81.444444,-5.294643,False
8532,81.333333,-6.955357,81.444444,-6.955357,False
8533,81.333333,-8.455357,81.444444,-8.455357,False
8534,81.444444,7.733813,81.555556,7.733813,False
8535,81.444444,6.98741,81.555556,6.951439,False
8536,81.444444,4.028777,81.555556,4.019784,False
8537,81.444444,2.832734,81.555556,2.832734,False
8538,81.444444,1.321942,81.555556,1.321942,False
8539,81.444444,-1.017857,81.555556,-1.017857,False
8540,81.444444,-3.455357,81.555556,-3.455357,False
8541,81.444444,-5.294643,81.555556,-5.294643,False
8542,81.444444,-6.955357,81.555556,-6.964286,False
8543,81.444444,-8.455357,81.555556,-8.455357,False
8544,81.555556,7.733813,81.666667,7.72482,False
8545,81.555556,6.951439,81.666667,6.933453,False
8546,81.555556,4.019784,81.666667,4.019784,False
8547,81.555556,2.832734,81.666667,2.832734,False
8548,81.555556,1.321942,81.666667,1.321942,False
8549,81.555556,-1.017857,81.666667,-1.017857,False
8550,81.555556,-3.455357,81.666667,-3.455357,False
8551,81.555556,-5.294643,81.666667,-5.294643,False
8552,81.555556,-6.964286,81.666667,-6.973214,False
8553,81.555556,-8.455357,81.666667,-8.455357,False
8554,81.666667,7.72482,81.777778,7.72482,False
8555,81.666667,6.933453,81.777778,6.906475,False
8556,81.666667,4.019784,81.777778,4.010791,False
8557,81.666667,2.832734,81.777778,2.841727,False
8558,81.666667,1.321942,81.777778,1.321942,False
8559,81.666667,-1.017857,81.777778,-1.017857,False
8560,81.666667,-3.455357,81.777778,-3.446429,False
8561,81.666667,-5.294643,81.777778,-5.294643,False
8562,81.666667,-6.973214,81.777778,-6.982143,False
8563,81.666667,-8.455357,81.777778,-8.455357,False
8564,81.777778,7.72482,81.888889,7.72482,False
8565,81.777778,6.906475,81.888889,6.888489,False
8566,81.777778,4.010791,81.888889,4.001799,False
8567,81.777778,2.841727,81.888889,2.841727,False
8568,81.777778,1.321942,81.888889,1.321942,False
8569,81.777778,-1.017857,81.888889,-1.017857,False
8570,81.777778,-3.446429,81.888889,-3.446429,False
8571,81.777778,-5.294643,81.888889,-5.294643,False
8572,81.777778,-6.982143,81.888889,-6.991071,False
8573,81.777778,-8.455357,81.888889,-8.455357,False
8574,81.888889,7.72482,82.0,7.72482,False
8575,81.888889,6.888489,82.0,6.888489,False
8576,81.888889,4.001799,82.0,4.001799,False
8577,81.888889,2.841727,82.0,2.850719,False
8578,81.888889,1.321942,82.0,1.330935,False
8579,81.888889,-1.017857,82.0,-1.017857,False
8580,81.888889,-3.446429,82.0,-3.4375,False
8581,81.888889,-5.294643,82.0,-5.294643,False
8582,81.888889,-6.991071,82.0,-6.991071,False
8583,81.888889,-8.455357,82.0,-8.455357,False
8584,82.0,7.72482,82.111111,7.72482,False
8585,82.0,6.888489,82.111111,6.870504,False
8586,82.0,4.001799,82.111111,3.983813,False
8587,82.0,2.850719,82.111111,2.850719,False
8588,82.0,1.330935,82.111111,1.330935,False
8589,82.0,-1.017857,82.111111,-1.017857,False
8590,82.0,-3.4375,82.111111,-3.4375,False
8591,82.0,-5.294643,82.111111,-5.3125,False
8592,82.0,-6.991071,82.111111,-6.991071,False
8593,82.0,-8.455357,82.111111,-8.455357,False
8594,82.111111,7.72482,82.222222,7.733813,False
8595,82.111111,6.870504,82.222222,6.870504,False
8596,82.111111,3.983813,82.222222,3.983813,False
8597,82.111111,2.850719,82.222222,2.850719,False
8598,82.111111,1.330935,82.222222,1.330935,False
8599,82.111111,-1.017857,82.222222,-1.017857,False
8600,82.111111,-3.4375,82.222222,-3.428571,False
8601,82.111111,-5.3125,82.222222,-5.3125,False
8602,82.111111,-6.991071,82.222222,-7.0,False
8603,82.111111,-8.455357,82.222222,-8.464286,False
8604,82.222222,7.733813,82.333333,7.742806,False
8605,82.222222,6.870504,82.333333,6.870504,False
8606,82.222222,3.983813,82.333333,3.983813,False
8607,82.222222,2.850719,82.333333,2.850719,False
8608,82.222222,1.330935,82.333333,1.339928,False
8609,82.222222,-1.017857,82.333333,-1.017857,False
8610,82.222222,-3.428571,82.333333,-3.428571,False
8611,82.222222,-5.3125,82.333333,-5.3125,False
8612,82.222222,-7.0,82.333333,-7.008929,False
8613,82.222222,-8.464286,82.333333,-8.473214,False
8614,82.333333,7.742806,82.444444,7.760791,False
8615,82.333333,6.870504,82.444444,6.870504,False
8616,82.333333,3.983813,82.444444,3.992806,False
8617,82.333333,2.850719,82.444444,2.859712,False
8618,82.333333,1.339928,82.444444,1.339928,False
8619,82.333333,-1.017857,82.444444,-1.026786,False
8620,82.333333,-3.428571,82.444444,-3.428571,False
8621,82.333333,-5.3125,82.444444,-5.321429,False
8622,82.333333,-7.008929,82.444444,-7.008929,False
8623,82.333333,-8.473214,82.444444,-8.473214,False
8624,82.444444,7.760791,82.555556,7.769784,False
8625,82.444444,6.870504,82.555556,6.870504,False
8626,82.444444,3.992806,82.555556,3.992806,False
8627,82.444444,2.859712,82.555556,2.859712,False
8628,82.444444,1.339928,82.555556,1.339928,False
8629,82.444444,-1.026786,82.555556,-1.026786,False
8630,82.444444,-3.428571,82.555556,-3.428571,False
8631,82.444444,-5.321429,82.555556,-5.330357,False
8632,82.444444,-7.008929,82.555556,-7.008929,False
8633,82.444444,-8.473214,82.555556,-8.473214,False
8634,82.555556,7.769784,82.666667,7.796763,False
8635,82.555556,6.870504,82.666667,6.861511,False
8636,82.555556,3.992806,82.666667,4.001799,False
8637,82.555556,2.859712,82.666667,2.868705,False
8638,82.555556,1.339928,82.666667,1.348921,False
8639,82.555556,-1.026786,82.666667,-1.035714,False
8640,82.555556,-3.428571,82.666667,-3.428571,False
8641,82.555556,-5.330357,82.666667,-5.330357,False
8642,82.555556,-7.008929,82.666667,-7.008929,False
8643,82.555556,-8.473214,82.666667,-8.491071,False
8644,82.666667,7.796763,82.777778,7.805755,False
8645,82.666667,6.861511,82.777778,6.861511,False
8646,82.666667,4.001799,82.777778,4.019784,False
8647,82.666667,2.868705,82.777778,2.868705,False
8648,82.666667,1.348921,82.777778,1.348921,False
8649,82.666667,-1.035714,82.777778,-1.035714,False
8650,82.666667,-3.428571,82.777778,-3.428571,False
8651,82.666667,-5.330357,82.777778,-5.330357,False
8652,82.666667,-7.008929,82.777778,-7.008929,False
8653,82.666667,-8.491071,82.777778,-8.491071,False
8654,82.777778,7.805755,82.888889,7.814748,False
8655,82.777778,6.861511,82.888889,6.861511,False
8656,82.777778,4.019784,82.888889,4.019784,False
8657,82.777778,2.868705,82.888889,2.877698,False
8658,82.777778,1.348921,82.888889,1.348921,False
8659,82.777778,-1.035714,82.888889,-1.044643,False
8660,82.777778,-3.428571,82.888889,-3.428571,False
8661,82.777778,-5.330357,82.888889,-5.348214,False
8662,82.777778,-7.008929,82.888889,-7.008929,False
8663,82.777778,-8.491071,82.888889,-8.5,False
8664,82.888889,7.814748,83.0,7.823741,False
8665,82.888889,6.861511,83.0,6.852518,False
8666,82.888889,4.019784,83.0,4.019784,False
8667,82.888889,2.877698,83.0,2.877698,False
8668,82.888889,1.348921,83.0,1.357914,False
8669,82.888889,-1.044643,83.0,-1.044643,False
8670,82.888889,-3.428571,83.0,-3.428571,False
8671,82.888889,-5.348214,83.0,-5.348214,False
8672,82.888889,-7.008929,83.0,-7.008929,False
8673,82.888889,-8.5,83.0,-8.508929,False
8674,83.0,7.823741,83.111111,7.832734,False
8675,83.0,6.852518,83.111111,6.843525,False
8676,83.0,4.019784,83.111111,4.028777,False
8677,83.0,2.877698,83.111111,2.877698,False
8678,83.0,1.357914,83.111111,1.357914,False
8679,83.0,-1.044643,83.111111,-1.053571,False
8680,83.0,-3.428571,83.111111,-3.4375,False
8681,83.0,-5.348214,83.111111,-5.348214,False
8682,83.0,-7.008929,83.111111,-7.008929,False
8683,83.0,-8.508929,83.111111,-8.508929,False
8684,83.111111,7.832734,83.222222,7.841727,False
8685,83.111111,6.843525,83.222222,6.843525,False
8686,83.111111,4.028777,83.222222,4.028777,False
8687,83.111111,2.877698,83.222222,2.877698,False
8688,83.111111,1.357914,83.222222,1.357914,False
8689,83.111111,-3.4375,83.222222,-3.4375,False
8690,83.111111,-5.348214,83.222222,-5.348214,False
8691,83.111111,-7.008929,83.222222,-7.008929,False
8692,83.111111,-8.508929,83.222222,-8.526786,False
8693,83.222222,7.841727,83.333333,7.850719,False
8694,83.222222,6.843525,83.333333,6.834532,False
8695,83.222222,4.028777,83.333333,4.028777,False
8696,83.222222,2.877698,83.333333,2.877698,False
8697,83.222222,1.357914,83.333333,1.357914,False
8698,83.222222,-3.4375,83.333333,-3.446429,False
8699,83.222222,-5.348214,83.333333,-5.357143,False
8700,83.222222,-7.008929,83.333333,-7.008929,False
8701,83.222222,-8.526786,83.333333,-8.535714,False
8702,83.333333,7.850719,83.444444,7.859712,False
8703,83.333333,6.834532,83.444444,6.82554,False
8704,83.333333,4.028777,83.444444,4.028777,False
8705,83.333333,2.877698,83.444444,2.877698,False
8706,83.333333,1.357914,83.444444,1.357914,False
8707,83.333333,-1.0625,83.444444,-1.071429,False
8708,83.333333,-3.446429,83.444444,-3.446429,False
8709,83.333333,-5.357143,83.444444,-5.357143,False
8710,83.333333,-7.008929,83.444444,-7.017857,False
8711,83.333333,-8.535714,83.444444,-8.553571,False
8712,83.444444,7.859712,83.555556,7.859712,False
8713,83.444444,6.82554,83.555556,6.82554,False
8714,83.444444,4.028777,83.555556,4.019784,False
8715,83.444444,2.877698,83.555556,2.868705,False
8716,83.444444,1.357914,83.555556,1.357914,False
8717,83.444444,-1.071429,83.555556,-1.071429,False
8718,83.444444,-3.446429,83.555556,-3.446429,False
8719,83.444444,-5.357143,83.555556,-5.366071,False
8720,83.444444,-7.017857,83.555556,-7.017857,False
8721,83.444444,-8.553571,83.555556,-8.553571,False
8722,83.555556,7.859712,83.666667,7.868705,False
8723,83.555556,6.82554,83.666667,6.816547,False
8724,83.555556,4.019784,83.666667,4.028777,False
8725,83.555556,2.868705,83.666667,2.868705,False
8726,83.555556,1.357914,83.666667,1.357914,False
8727,83.555556,-1.071429,83.666667,-1.080357,False
8728,83.555556,-3.446429,83.666667,-3.455357,False
8729,83.555556,-5.366071,83.666667,-5.366071,False
8730,83.555556,-7.017857,83.666667,-7.026786,False
8731,83.555556,-8.553571,83.666667,-8.5625,False
8732,83.666667,7.868705,83.777778,7.868705,False
8733,83.666667,6.816547,83.777778,6.807554,False
8734,83.666667,4.028777,83.777778,4.028777,False
8735,83.666667,2.868705,83.777778,2.868705,False
8736,83.666667,1.357914,83.777778,1.348921,False
8737,83.666667,-1.080357,83.777778,-1.080357,False
8738,83.666667,-3.455357,83.777778,-3.455357,False
8739,83.666667,-5.366071,83.777778,-5.375,False
8740,83.666667,-7.026786,83.777778,-7.044643,False
8741,83.666667,-8.5625,83.777778,-8.5625,False
8742,83.777778,7.868705,83.888889,7.868705,False
8743,83.777778,6.807554,83.888889,6.798561,False
8744,83.777778,4.028777,83.888889,4.028777,False
8745,83.777778,2.868705,83.888889,2.868705,False
8746,83.777778,1.348921,83.888889,1.348921,False
8747,83.777778,-1.080357,83.888889,-1.080357,False
8748,83.777778,-3.455357,83.888889,-3.455357,False
8749,83.777778,-5.375,83.888889,-5.383929,False
8750,83.777778,-7.044643,83.888889,-7.0625,False
8751,83.777778,-8.5625,83.888889,-8.580357,False
8752,83.888889,7.868705,84.0,7.868705,False
8753,83.888889,6.798561,84.0,6.798561,False
8754,83.888889,4.028777,84.0,4.028777,False
8755,83.888889,2.868705,84.0,2.868705,False
8756,83.888889,1.348921,84.0,1.339928,False
8757,83.888889,-1.080357,84.0,-1.080357,False
8758,83.888889,-3.455357,84.0,-3.455357,False
8759,83.888889,-5.383929,84.0,-5.383929,False
8760,83.888889,-7.0625,84.0,-7.071429,False
8761,83.888889,-8.580357,84.0,-8.580357,False
8762,84.0,7.868705,84.111111,7.868705,False
8763,84.0,6.798561,84.111111,6.780576,False
8764,84.0,4.028777,84.111111,4.028777,False
8765,84.0,2.868705,84.111111,2.868705,False
8766,84.0,1.339928,84.111111,1.339928,False
8767,84.0,-1.080357,84.111111,-1.080357,False
8768,84.0,-3.455357,84.111111,-3.455357,False
8769,84.0,-5.383929,84.111111,-5.383929,False
8770,84.0,-7.071429,84.111111,-7.089286,False
8771,84.0,-8.580357,84.111111,-8.580357,False
8772,84.111111,7.868705,84.222222,7.868705,False
8773,84.111111,6.780576,84.222222,6.780576,False
8774,84.111111,4.028777,84.222222,4.028777,False
8775,84.111111,2.868705,84.222222,2.868705,False
8776,84.111111,1.339928,84.222222,1.339928,False
8777,84.111111,-1.080357,84.222222,-1.080357,False
8778,84.111111,-3.455357,84.222222,-3.455357,False
8779,84.111111,-5.383929,84.222222,-5.392857,False
8780,84.111111,-7.089286,84.222222,-7.107143,False
8781,84.111111,-8.580357,84.222222,-8.580357,False
8782,84.222222,7.868705,84.333333,7.868705,False
8783,84.222222,6.780576,84.333333,6.780576,False
8784,84.222222,4.028777,84.333333,4.03777,False
8785,84.222222,2.868705,84.333333,2.868705,False
8786,84.222222,1.339928,84.333333,1.339928,False
8787,84.222222,-1.080357,84.333333,-1.080357,False
8788,84.222222,-3.455357,84.333333,-3.455357,False
8789,84.222222,-5.392857,84.333333,-5.401786,False
8790,84.222222,-7.107143,84.333333,-7.133929,False
8791,84.222222,-8.580357,84.333333,-8.571429,False
8792,84.333333,7.868705,84.444444,7.868705,False
8793,84.333333,6.780576,84.444444,6.780576,False
8794,84.333333,4.03777,84.444444,4.03777,False
8795,84.333333,2.868705,84.444444,2.868705,False
8796,84.333333,1.339928,84.444444,1.339928,False
8797,84.333333,-1.080357,84.444444,-1.071429,False
8798,84.333333,-3.455357,84.444444,-3.455357,False
8799,84.333333,-5.401786,84.444444,-5.401786,False
8800,84.333333,-7.133929,84.444444,-7.151786,False
8801,84.333333,-8.571429,84.444444,-8.571429,False
8802,84.444444,7.868705,84.555556,7.868705,False
8803,84.444444,6.780576,84.555556,6.780576,False
8804,84.444444,4.03777,84.555556,4.055755,False
8805,84.444444,2.868705,84.555556,2.868705,False
8806,84.444444,1.339928,84.555556,1.339928,False
8807,84.444444,-1.071429,84.555556,-1.0625,False
8808,84.444444,-3.455357,84.555556,-3.455357,False
8809,84.444444,-5.401786,84.555556,-5.410714,False
8810,84.444444,-7.151786,84.555556,-7.160714,False
8811,84.444444,-8.571429,84.555556,-8.5625,False
8812,84.555556,7.868705,84.666667,7.868705,False
8813,84.555556,6.780576,84.666667,6.780576,False
8814,84.555556,4.055755,84.666667,4.055755,False
8815,84.555556,2.868705,84.666667,2.868705,False
8816,84.555556,1.339928,84.666667,1.330935,False
8817,84.555556,-1.0625,84.666667,-1.0625,False
8818,84.555556,-3.455357,84.666667,-3.455357,False
8819,84.555556,-5.410714,84.666667,-5.410714,False
8820,84.555556,-7.160714,84.666667,-7.196429,False
8821,84.555556,-8.5625,84.666667,-8.553571,False
8822,84.666667,7.868705,84.777778,7.868705,False
8823,84.666667,6.780576,84.777778,6.780576,False
8824,84.666667,4.055755,84.777778,4.055755,False
8825,84.666667,2.868705,84.777778,2.868705,False
8826,84.666667,1.330935,84.777778,1.330935,False
8827,84.666667,-1.0625,84.777778,-1.044643,False
8828,84.666667,-3.455357,84.777778,-3.455357,False
8829,84.666667,-5.410714,84.777778,-5.419643,False
8830,84.666667,-7.196429,84.777778,-7.223214,False
8831,84.666667,-8.553571,84.777778,-8.535714,False
8832,84.777778,7.868705,84.888889,7.868705,False
8833,84.777778,6.780576,84.888889,6.789568,False
8834,84.777778,4.055755,84.888889,4.064748,False
8835,84.777778,2.868705,84.888889,2.868705,False
8836,84.777778,1.330935,84.888889,1.330935,False
8837,84.777778,-1.044643,84.888889,-1.044643,False
8838,84.777778,-3.455357,84.888889,-3.464286,False
8839,84.777778,-5.419643,84.888889,-5.419643,False
8840,84.777778,-7.223214,84.888889,-7.241071,False
8841,84.777778,-8.535714,84.888889,-8.508929,False
8842,84.888889,7.868705,85.0,7.868705,False
8843,84.888889,6.789568,85.0,6.798561,False
8844,84.888889,4.064748,85.0,4.073741,False
8845,84.888889,2.868705,85.0,2.868705,False
8846,84.888889,1.330935,85.0,1.330935,False
8847,84.888889,-1.044643,85.0,-1.035714,False
8848,84.888889,-3.464286,85.0,-3.464286,False
8849,84.888889,-5.419643,85.0,-5.428571,False
8850,84.888889,-7.241071,85.0,-7.267857,False
8851,84.888889,-8.508929,85.0,-8.508929,False
8852,85.0,7.868705,85.111111,7.868705,False
8853,85.0,6.798561,85.111111,6.798561,False
8854,85.0,4.073741,85.111111,4.073741,False
8855,85.0,2.868705,85.111111,2.877698,False
8856,85.0,1.330935,85.111111,1.321942,False
8857,85.0,-1.035714,85.111111,-1.026786,False
8858,85.0,-3.464286,85.111111,-3.464286,False
8859,85.0,-5.428571,85.111111,-5.446429,False
8860,85.0,-7.267857,85.111111,-7.303571,False
8861,85.0,-8.508929,85.111111,-8.491071,False
8862,85.111111,7.868705,85.222222,7.859712,False
8863,85.111111,6.798561,85.222222,6.807554,False
8864,85.111111,4.073741,85.222222,4.073741,False
8865,85.111111,2.877698,85.222222,2.868705,False
8866,85.111111,1.321942,85.222222,1.31295,False
8867,85.111111,-1.026786,85.222222,-1.026786,False
8868,85.111111,-3.464286,85.222222,-3.473214,False
8869,85.111111,-5.446429,85.222222,-5.455357,False
8870,85.111111,-7.303571,85.222222,-7.321429,False
8871,85.111111,-8.491071,85.222222,-8.473214,False
8872,85.222222,7.859712,85.333333,7.859712,False
8873,85.222222,6.807554,85.333333,6.816547,False
8874,85.222222,4.073741,85.333333,4.064748,False
8875,85.222222,2.868705,85.333333,2.868705,False
8876,85.222222,1.31295,85.333333,1.303957,False
8877,85.222222,-1.026786,85.333333,-1.026786,False
8878,85.222222,-3.473214,85.333333,-3.473214,False
8879,85.222222,-5.455357,85.333333,-5.473214,False
8880,85.222222,-7.321429,85.333333,-7.339286,False
8881,85.222222,-8.473214,85.333333,-8.455357,False
8882,85.333333,7.859712,85.444444,7.841727,False
8883,85.333333,6.816547,85.444444,6.816547,False
8884,85.333333,4.064748,85.444444,4.055755,False
8885,85.333333,2.868705,85.444444,2.868705,False
8886,85.333333,1.303957,85.444444,1.303957,False
8887,85.333333,-1.026786,85.444444,-1.017857,False
8888,85.333333,-3.473214,85.444444,-3.473214,False
8889,85.333333,-5.473214,85.444444,-5.473214,False
8890,85.333333,-7.339286,85.444444,-7.339286,False
8891,85.333333,-8.455357,85.444444,-8.446429,False
8892,85.444444,7.841727,85.555556,7.841727,False
8893,85.444444,6.816547,85.555556,6.82554,False
8894,85.444444,4.055755,85.555556,4.055755,False
8895,85.444444,2.868705,85.555556,2.868705,False
8896,85.444444,1.303957,85.555556,1.303957,False
8897,85.444444,-1.017857,85.555556,-1.017857,False
8898,85.444444,-3.473214,85.555556,-3.473214,False
8899,85.444444,-5.473214,85.555556,-5.482143,False
8900,85.444444,-7.339286,85.555556,-7.348214,False
8901,85.444444,-8.446429,85.555556,-8.4375,False
8902,85.555556,7.841727,85.666667,7.841727,False
8903,85.555556,6.82554,85.666667,6.82554,False
8904,85.555556,4.055755,85.666667,4.055755,False
8905,85.555556,2.868705,85.666667,2.868705,False
8906,85.555556,1.303957,85.666667,1.303957,False
8907,85.555556,-1.017857,85.666667,-1.017857,False
8908,85.555556,-3.473214,85.666667,-3.473214,False
8909,85.555556,-5.482143,85.666667,-5.491071,False
8910,85.555556,-7.348214,85.666667,-7.348214,False
8911,85.555556,-8.4375,85.666667,-8.428571,False
8912,85.666667,7.841727,85.777778,7.841727,False
8913,85.666667,6.82554,85.777778,6.843525,False
8914,85.666667,4.055755,85.777778,4.03777,False
8915,85.666667,2.868705,85.777778,2.868705,False
8916,85.666667,1.303957,85.777778,1.285971,False
8917,85.666667,-1.017857,85.777778,-1.017857,False
8918,85.666667,-3.473214,85.777778,-3.473214,False
8919,85.666667,-5.491071,85.777778,-5.5,False
8920,85.666667,-7.348214,85.777778,-7.348214,False
8921,85.666667,-8.428571,85.777778,-8.419643,False
8922,85.777778,7.841727,85.888889,7.841727,False
8923,85.777778,6.843525,85.888889,6.852518,False
8924,85.777778,4.03777,85.888889,4.03777,False
8925,85.777778,2.868705,85.888889,2.877698,False
8926,85.777778,1.285971,85.888889,1.285971,False
8927,85.777778,-1.017857,85.888889,-1.017857,False
8928,85.777778,-3.473214,85.888889,-3.482143,False
8929,85.777778,-5.5,85.888889,-5.517857,False
8930,85.777778,-7.348214,85.888889,-7.357143,False
8931,85.777778,-8.419643,85.888889,-8.419643,False
8932,85.888889,7.841727,86.0,7.841727,False
8933,85.888889,6.852518,86.0,6.870504,False
8934,85.888889,4.03777,86.0,4.03777,False
8935,85.888889,2.877698,86.0,2.877698,False
8936,85.888889,1.285971,86.0,1.285971,False
8937,85.888889,-1.017857,86.0,-1.017857,False
8938,85.888889,-3.482143,86.0,-3.473214,False
8939,85.888889,-5.517857,86.0,-5.526786,False
8940,85.888889,-7.357143,86.0,-7.357143,False
8941,85.888889,-8.419643,86.0,-8.419643,False
8942,86.0,7.841727,86.111111,7.841727,False
8943,86.0,6.870504,86.111111,6.879496,False
8944,86.0,4.03777,86.111111,4.03777,False
8945,86.0,2.877698,86.111111,2.877698,False
8946,86.0,1.285971,86.111111,1.285971,False
8947,86.0,-1.017857,86.111111,-1.017857,False
8948,86.0,-3.473214,86.111111,-3.473214,False
8949,86.0,-5.526786,86.111111,-5.526786,False
8950,86.0,-7.357143,86.111111,-7.357143,False
8951,86.0,-8.419643,86.111111,-8.419643,False
8952,86.111111,7.841727,86.222222,7.832734,False
8953,86.111111,6.879496,86.222222,6.906475,False
8954,86.111111,4.03777,86.222222,4.028777,False
8955,86.111111,2.877698,86.222222,2.877698,False
8956,86.111111,1.285971,86.222222,1.276978,False
8957,86.111111,-1.017857,86.222222,-1.017857,False
8958,86.111111,-3.473214,86.222222,-3.473214,False
8959,86.111111,-5.526786,86.222222,-5.535714,False
8960,86.111111,-7.357143,86.222222,-7.357143,False
8961,86.111111,-8.419643,86.222222,-8.410714,False
8962,86.222222,7.832734,86.333333,7.832734,False
8963,86.222222,6.906475,86.333333,6.92446,False
8964,86.222222,4.028777,86.333333,4.028777,False
8965,86.222222,2.877698,86.333333,2.886691,False
8966,86.222222,1.276978,86.333333,1.276978,False
8967,86.222222,-1.017857,86.333333,-1.017857,False
8968,86.222222,-3.473214,86.333333,-3.473214,False
8969,86.222222,-5.535714,86.333333,-5.544643,False
8970,86.222222,-7.357143,86.333333,-7.366071,False
8971,86.222222,-8.410714,86.333333,-8.410714,False
8972,86.333333,7.832734,86.444444,7.823741,False
8973,86.333333,6.92446,86.444444,6.942446,False
8974,86.333333,4.028777,86.444444,4.019784,False
8975,86.333333,2.886691,86.444444,2.877698,False
8976,86.333333,1.276978,86.444444,1.276978,False
8977,86.333333,-1.017857,86.444444,-1.017857,False
8978,86.333333,-3.473214,86.444444,-3.482143,False
8979,86.333333,-5.544643,86.444444,-5.5625,False
8980,86.333333,-7.366071,86.444444,-7.366071,False
8981,86.333333,-8.410714,86.444444,-8.419643,False
8982,86.444444,7.823741,86.555556,7.823741,False
8983,86.444444,6.942446,86.555556,6.960432,False
8984,86.444444,4.019784,86.555556,4.019784,False
8985,86.444444,2.877698,86.555556,2.877698,False
8986,86.444444,1.276978,86.555556,1.267986,False
8987,86.444444,-1.017857,86.555556,-1.017857,False
8988,86.444444,-3.482143,86.555556,-3.482143,False
8989,86.444444,-5.5625,86.555556,-5.571429,False
8990,86.444444,-7.366071,86.555556,-7.366071,False
8991,86.444444,-8.419643,86.555556,-8.419643,False
8992,86.555556,7.823741,86.666667,7.823741,False
8993,86.555556,6.960432,86.666667,6.969424,False
8994,86.555556,4.019784,86.666667,4.019784,False
8995,86.555556,2.877698,86.666667,2.877698,False
8996,86.555556,1.267986,86.666667,1.276978,False
8997,86.555556,-1.017857,86.666667,-1.017857,False
8998,86.555556,-3.482143,86.666667,-3.482143,False
8999,86.555556,-5.571429,86.666667,-5.571429,False
9000,86.555556,-7.366071,86.666667,-7.366071,False
9001,86.555556,-8.419643,86.666667,-8.419643,False
9002,86.666667,7.823741,86.777778,7.823741,False
9003,86.666667,6.969424,86.777778,6.978417,False
9004,86.666667,4.019784,86.777778,4.028777,False
9005,86.666667,2.877698,86.777778,2.877698,False
9006,86.666667,1.276978,86.777778,1.276978,False
9007,86.666667,-1.017857,86.777778,-1.017857,False
9008,86.666667,-3.482143,86.777778,-3.482143,False
9009,86.666667,-5.571429,86.777778,-5.580357,False
9010,86.666667,-7.366071,86.777778,-7.357143,False
9011,86.666667,-8.419643,86.777778,-8.419643,False
9012,86.777778,7.823741,86.888889,7.814748,False
9013,86.777778,6.978417,86.888889,6.978417,False
9014,86.777778,4.028777,86.888889,4.028777,False
9015,86.777778,2.877698,86.888889,2.877698,False
9016,86.777778,1.276978,86.888889,1.276978,False
9017,86.777778,-1.017857,86.888889,-1.026786,False
9018,86.777778,-3.482143,86.888889,-3.473214,False
9019,86.777778,-5.580357,86.888889,-5.589286,False
9020,86.777778,-7.357143,86.888889,-7.348214,False
9021,86.777778,-8.419643,86.888889,-8.428571,False
9022,86.888889,7.814748,87.0,7.814748,False
9023,86.888889,6.978417,87.0,6.98741,False
9024,86.888889,4.028777,87.0,4.028777,False
9025,86.888889,2.877698,87.0,2.886691,False
9026,86.888889,1.276978,87.0,1.276978,False
9027,86.888889,-1.026786,87.0,-1.035714,False
9028,86.888889,-3.473214,87.0,-3.473214,False
9029,86.888889,-5.589286,87.0,-5.589286,False
9030,86.888889,-7.348214,87.0,-7.339286,False
9031,86.888889,-8.428571,87.0,-8.428571,False
9032,87.0,7.814748,87.111111,7.814748,False
9033,87.0,6.98741,87.111111,6.98741,False
9034,87.0,4.028777,87.111111,4.028777,False
9035,87.0,2.886691,87.111111,2.886691,False
9036,87.0,1.276978,87.111111,1.276978,False
9037,87.0,-1.035714,87.111111,-1.035714,False
9038,87.0,-3.473214,87.111111,-3.482143,False
9039,87.0,-5.589286,87.111111,-5.589286,False
9040,87.0,-7.339286,87.111111,-7.321429,False
9041,87.0,-8.428571,87.111111,-8.446429,False
9042,87.111111,7.814748,87.222222,7.814748,False
9043,87.111111,6.98741,87.222222,6.98741,False
9044,87.111111,4.028777,87.222222,4.028777,False
9045,87.111111,2.886691,87.222222,2.877698,False
9046,87.111111,1.276978,87.222222,1.285971,False
9047,87.111111,-1.035714,87.222222,-1.044643,False
9048,87.111111,-3.482143,87.222222,-3.482143,False
9049,87.111111,-5.589286,87.222222,-5.589286,False
9050,87.111111,-7.321429,87.222222,-7.3125,False
9051,87.111111,-8.446429,87.222222,-8.446429,False
9052,87.222222,7.814748,87.333333,7.805755,False
9053,87.222222,6.98741,87.333333,6.978417,False
9054,87.222222,4.028777,87.333333,4.028777,False
9055,87.222222,2.877698,87.333333,2.886691,False
9056,87.222222,1.285971,87.333333,1.285971,False
9057,87.222222,-1.044643,87.333333,-1.044643,False
9058,87.222222,-3.482143,87.333333,-3.482143,False
9059,87.222222,-5.589286,87.333333,-5.589286,False
9060,87.222222,-7.3125,87.333333,-7.294643,False
9061,87.222222,-8.446429,87.333333,-8.446429,False
9062,87.333333,7.805755,87.444444,7.805755,False
9063,87.333333,6.978417,87.444444,6.978417,False
9064,87.333333,4.028777,87.444444,4.03777,False
9065,87.333333,2.886691,87.444444,2.886691,False
9066,87.333333,1.285971,87.444444,1.285971,False
9067,87.333333,-1.044643,87.444444,-1.044643,False
9068,87.333333,-3.482143,87.444444,-3.482143,False
9069,87.333333,-5.589286,87.444444,-5.571429,False
9070,87.333333,-7.294643,87.444444,-7.276786,False
9071,87.333333,-8.446429,87.444444,-8.464286,False
9072,87.444444,7.805755,87.555556,7.805755,False
9073,87.444444,6.978417,87.555556,6.978417,False
9074,87.444444,4.03777,87.555556,4.03777,False
9075,87.444444,2.886691,87.555556,2.886691,False
9076,87.444444,1.285971,87.555556,1.285971,False
9077,87.444444,-1.044643,87.555556,-1.053571,False
9078,87.444444,-3.482143,87.555556,-3.482143,False
9079,87.444444,-5.571429,87.555556,-5.571429,False
9080,87.444444,-7.276786,87.555556,-7.25,False
9081,87.444444,-8.464286,87.555556,-8.464286,False
9082,87.555556,7.805755,87.666667,7.805755,False
9083,87.555556,6.978417,87.666667,6.969424,False
9084,87.555556,4.03777,87.666667,4.03777,False
9085,87.555556,2.886691,87.666667,2.886691,False
9086,87.555556,1.285971,87.666667,1.285971,False
9087,87.555556,-1.053571,87.666667,-1.053571,False
9088,87.555556,-3.482143,87.666667,-3.491071,False
9089,87.555556,-5.571429,87.666667,-5.5625,False
9090,87.555556,-7.25,87.666667,-7.232143,False
9091,87.555556,-8.464286,87.666667,-8.473214,False
9092,87.666667,7.805755,87.777778,7.823741,False
9093,87.666667,6.969424,87.777778,6.960432,False
9094,87.666667,4.03777,87.777778,4.03777,False
9095,87.666667,2.886691,87.777778,2.886691,False
9096,87.666667,1.285971,87.777778,1.285971,False
9097,87.666667,-1.053571,87.777778,-1.0625,False
9098,87.666667,-3.491071,87.777778,-3.5,False
9099,87.666667,-5.5625,87.777778,-5.5625,False
9100,87.666667,-7.232143,87.777778,-7.214286,False
9101,87.666667,-8.473214,87.777778,-8.473214,False
9102,87.777778,7.823741,87.888889,7.823741,False
9103,87.777778,6.960432,87.888889,6.960432,False
9104,87.777778,4.03777,87.888889,4.046763,False
9105,87.777778,2.886691,87.888889,2.886691,False
9106,87.777778,1.285971,87.888889,1.285971,False
9107,87.777778,-1.0625,87.888889,-1.0625,False
9108,87.777778,-3.5,87.888889,-3.5,False
9109,87.777778,-5.5625,87.888889,-5.5625,False
9110,87.777778,-7.214286,87.888889,-7.214286,False
9111,87.777778,-8.473214,87.888889,-8.482143,False
9112,87.888889,7.823741,88.0,7.841727,False
9113,87.888889,6.960432,88.0,6.960432,False
9114,87.888889,4.046763,88.0,4.046763,False
9115,87.888889,2.886691,88.0,2.886691,False
9116,87.888889,1.285971,88.0,1.285971,False
9117,87.888889,-1.0625,88.0,-1.0625,False
9118,87.888889,-3.5,88.0,-3.508929,False
9119,87.888889,-5.5625,88.0,-5.5625,False
9120,87.888889,-7.214286,88.0,-7.205357,False
9121,87.888889,-8.482143,88.0,-8.491071,False
9122,88.0,7.841727,88.111111,7.859712,False
9123,88.0,6.960432,88.111111,6.960432,False
9124,88.0,4.046763,88.111111,4.046763,False
9125,88.0,2.886691,88.111111,2.886691,False
9126,88.0,1.285971,88.111111,1.285971,False
9127,88.0,-1.0625,88.111111,-1.0625,False
9128,88.0,-3.508929,88.111111,-3.517857,False
9129,88.0,-5.5625,88.111111,-5.5625,False
9130,88.0,-7.205357,88.111111,-7.205357,False
9131,88.0,-8.491071,88.111111,-8.491071,False
9132,88.111111,7.859712,88.222222,7.859712,False
9133,88.111111,6.960432,88.222222,6.960432,False
9134,88.111111,4.046763,88.222222,4.046763,False
9135,88.111111,2.886691,88.222222,2.886691,False
9136,88.111111,1.285971,88.222222,1.276978,False
9137,88.111111,-1.0625,88.222222,-1.0625,False
9138,88.111111,-3.517857,88.222222,-3.526786,False
9139,88.111111,-5.5625,88.222222,-5.5625,False
9140,88.111111,-7.205357,88.222222,-7.196429,False
9141,88.111111,-8.491071,88.222222,-8.508929,False
9142,88.222222,7.859712,88.333333,7.877698,False
9143,88.222222,6.960432,88.333333,6.960432,False
9144,88.222222,4.046763,88.333333,4.03777,False
9145,88.222222,2.886691,88.333333,2.886691,False
9146,88.222222,1.276978,88.333333,1.276978,False
9147,88.222222,-1.0625,88.333333,-1.0625,False
9148,88.222222,-3.526786,88.333333,-3.526786,False
9149,88.222222,-5.5625,88.333333,-5.5625,False
9150,88.222222,-7.196429,88.333333,-7.1875,False
9151,88.222222,-8.508929,88.333333,-8.508929,False
9152,88.333333,7.877698,88.444444,7.895683,False
9153,88.333333,6.960432,88.444444,6.960432,False
9154,88.333333,4.03777,88.444444,4.03777,False
9155,88.333333,2.886691,88.444444,2.886691,False
9156,88.333333,1.276978,88.444444,1.276978,False
9157,88.333333,-1.0625,88.444444,-1.0625,False
9158,88.333333,-3.526786,88.444444,-3.526786,False
9159,88.333333,-5.5625,88.444444,-5.5625,False
9160,88.333333,-7.1875,88.444444,-7.1875,False
9161,88.333333,-8.508929,88.444444,-8.508929,False
9162,88.444444,7.895683,88.555556,7.895683,False
9163,88.444444,6.960432,88.555556,6.969424,False
9164,88.444444,4.03777,88.555556,4.03777,False
9165,88.444444,2.886691,88.555556,2.886691,False
9166,88.444444,1.276978,88.555556,1.276978,False
9167,88.444444,-1.0625,88.555556,-1.0625,False
9168,88.444444,-3.526786,88.555556,-3.526786,False
9169,88.444444,-5.5625,88.555556,-5.5625,False
9170,88.444444,-7.1875,88.555556,-7.1875,False
9171,88.444444,-8.508929,88.555556,-8.517857,False
9172,88.555556,7.895683,88.666667,7.913669,False
9173,88.555556,6.969424,88.666667,6.978417,False
9174,88.555556,4.03777,88.666667,4.019784,False
9175,88.555556,2.886691,88.666667,2.895683,False
9176,88.555556,1.276978,88.666667,1.267986,False
9177,88.555556,-1.0625,88.666667,-1.0625,False
9178,88.555556,-3.526786,88.666667,-3.535714,False
9179,88.555556,-5.5625,88.666667,-5.5625,False
9180,88.555556,-7.1875,88.666667,-7.1875,False
9181,88.555556,-8.517857,88.666667,-8.535714,False
9182,88.666667,7.913669,88.777778,7.922662,False
9183,88.666667,6.978417,88.777778,6.978417,False
9184,88.666667,4.019784,88.777778,4.019784,False
9185,88.666667,2.895683,88.777778,2.895683,False
9186,88.666667,1.267986,88.777778,1.267986,False
9187,88.666667,-1.0625,88.777778,-1.0625,False
9188,88.666667,-3.535714,88.777778,-3.535714,False
9189,88.666667,-5.5625,88.777778,-5.571429,False
9190,88.666667,-7.1875,88.777778,-7.1875,False
9191,88.666667,-8.535714,88.777778,-8.553571,False
9192,88.777778,7.922662,88.888889,7.940647,False
9193,88.777778,6.978417,88.888889,6.978417,False
9194,88.777778,4.019784,88.888889,4.019784,False
9195,88.777778,2.895683,88.888889,2.895683,False
9196,88.777778,1.267986,88.888889,1.267986,False
9197,88.777778,-1.0625,88.888889,-1.071429,False
9198,88.777778,-3.535714,88.888889,-3.535714,False
9199,88.777778,-5.571429,88.888889,-5.571429,False
9200,88.777778,-7.1875,88.888889,-7.1875,False
9201,88.777778,-8.553571,88.888889,-8.5625,False
9202,88.888889,7.940647,89.0,7.94964,False
9203,88.888889,6.978417,89.0,6.98741,False
9204,88.888889,4.019784,89.0,4.019784,False
9205,88.888889,2.895683,89.0,2.904676,False
9206,88.888889,1.267986,89.0,1.267986,False
9207,88.888889,-1.071429,89.0,-1.0625,False
9208,88.888889,-3.535714,89.0,-3.535714,False
9209,88.888889,-5.571429,89.0,-5.580357,False
9210,88.888889,-7.1875,89.0,-7.1875,False
9211,88.888889,-8.5625,89.0,-8.571429,False
9212,89.0,7.94964,89.111111,7.958633,False
9213,89.0,6.98741,89.111111,6.98741,False
9214,89.0,4.019784,89.111111,4.019784,False
9215,89.0,2.904676,89.111111,2.904676,False
9216,89.0,1.267986,89.111111,1.25,False
9217,89.0,-1.0625,89.111111,-1.0625,False
9218,89.0,-3.535714,89.111111,-3.535714,False
9219,89.0,-5.580357,89.111111,-5.580357,False
9220,89.0,-7.1875,89.111111,-7.196429,False
9221,89.0,-8.571429,89.111111,-8.580357,False
9222,89.111111,7.958633,89.222222,7.976619,False
9223,89.111111,6.98741,89.222222,6.98741,False
9224,89.111111,4.019784,89.222222,4.010791,False
9225,89.111111,2.904676,89.222222,2.904676,False
9226,89.111111,1.25,89.222222,1.25,False
9227,89.111111,-1.0625,89.222222,-1.0625,False
9228,89.111111,-3.535714,89.222222,-3.535714,False
9229,89.111111,-5.580357,89.222222,-5.580357,False
9230,89.111111,-7.196429,89.222222,-7.205357,False
9231,89.111111,-8.580357,89.222222,-8.580357,False
9232,89.222222,7.976619,89.333333,7.985612,False
9233,89.222222,6.98741,89.333333,6.98741,False
9234,89.222222,4.010791,89.333333,4.010791,False
9235,89.222222,2.904676,89.333333,2.904676,False
9236,89.222222,1.25,89.333333,1.25,False
9237,89.222222,-1.0625,89.333333,-1.0625,False
9238,89.222222,-3.535714,89.333333,-3.535714,False
9239,89.222222,-5.580357,89.333333,-5.571429,False
9240,89.222222,-7.205357,89.333333,-7.205357,False
9241,89.222222,-8.580357,89.333333,-8.580357,False
9242,89.333333,7.985612,89.444444,7.994604,False
9243,89.333333,6.98741,89.444444,7.005396,False
9244,89.333333,4.010791,89.444444,4.010791,False
9245,89.333333,2.904676,89.444444,2.913669,False
9246,89.333333,1.25,89.444444,1.25,False
9247,89.333333,-1.0625,89.444444,-1.071429,False
9248,89.333333,-3.535714,89.444444,-3.535714,False
9249,89.333333,-5.571429,89.444444,-5.580357,False
9250,89.333333,-7.205357,89.444444,-7.205357,False
9251,89.333333,-8.580357,89.444444,-8.589286,False
9252,89.444444,7.994604,89.555556,8.003597,False
9253,89.444444,7.005396,89.555556,7.005396,False
9254,89.444444,4.010791,89.555556,4.010791,False
9255,89.444444,2.913669,89.555556,2.913669,False
9256,89.444444,1.25,89.555556,1.25,False
9257,89.444444,-1.071429,89.555556,-1.0625,False
9258,89.444444,-3.535714,89.555556,-3.535714,False
9259,89.444444,-5.580357,89.555556,-5.580357,False
9260,89.444444,-7.205357,89.555556,-7.205357,False
9261,89.444444,-8.589286,89.555556,-8.589286,False
9262,89.555556,8.003597,89.666667,8.003597,False
9263,89.555556,7.005396,89.666667,7.005396,False
9264,89.555556,4.010791,89.666667,4.010791,False
9265,89.555556,2.913669,89.666667,2.913669,False
9266,89.555556,1.25,89.666667,1.25,False
9267,89.555556,-1.0625,89.666667,-1.0625,False
9268,89.555556,-3.535714,89.666667,-3.526786,False
9269,89.555556,-5.580357,89.666667,-5.580357,False
9270,89.555556,-7.205357,89.666667,-7.214286,False
9271,89.555556,-8.589286,89.666667,-8.589286,False
9272,89.666667,8.003597,89.777778,8.021583,False
9273,89.666667,7.005396,89.777778,7.005396,False
9274,89.666667,4.010791,89.777778,4.010791,False
9275,89.666667,2.913669,89.777778,2.913669,False
9276,89.666667,1.25,89.777778,1.25,False
9277,89.666667,-1.0625,89.777778,-1.071429,False
9278,89.666667,-3.526786,89.777778,-3.526786,False
9279,89.666667,-5.580357,89.777778,-5.571429,False
9280,89.666667,-7.214286,89.777778,-7.214286,False
9281,89.666667,-8.589286,89.777778,-8.598214,False
9282,89.777778,8.021583,89.888889,8.021583,False
9283,89.777778,7.005396,89.888889,7.014388,False
9284,89.777778,4.010791,89.888889,4.010791,False
9285,89.777778,-1.071429,89.888889,-1.071429,False
9286,89.777778,-3.526786,89.888889,-3.526786,False
9287,89.777778,-5.571429,89.888889,-5.571429,False
9288,89.777778,-7.214286,89.888889,-7.214286,False
9289,89.777778,-8.598214,89.888889,-8.598214,False
9290,89.888889,8.021583,90.0,8.021583,False
9291,89.888889,4.010791,90.0,4.010791,False
9292,89.888889,-1.071429,90.0,-1.0625,False
9293,89.888889,-3.526786,90.0,-3.526786,False
9294,89.888889,-5.571429,90.0,-5.571429,False
9295,89.888889,-7.214286,90.0,-7.223214,False
9296,89.888889,-8.598214,90.0,-8.598214,False
9297,-0.765027,3.066547,0.555556,4.046763,True
9298,-0.765027,3.066547,0.555556,3.866906,True
9299,-0.765027,1.888489,0.555556,2.553957,True
9300,-0.765027,1.151079,0.555556,1.708633,True
9301,-0.765027,0.350719,0.555556,0.656475,True
9302,-0.765027,-0.348214,0.555556,-0.357143,True
9303,-0.765027,-1.508929,0.555556,-1.866071,True
9304,-0.765027,-1.821429,0.555556,-2.5,True
9305,-0.765027,-3.330357,0.555556,-4.357143,True
9306,-0.765027,-3.330357,0.555556,-4.919643,True
