occurrence_id,deck,deck_path,slide_number,hidden_slide,occurrence_ordinal,asset_kind,object_id,object_name,alt_title,alt_description,decorative,relationship_id,relationship_type,media_path,external,crop,image_format,mime_type,width_px,height_px,bytes,sha256,duplicate_group,duplicate_occurrences
DPN01. Decision Process:s1:o1,DPN01. Decision Process.pptx,"/Users/huz/Library/CloudStorage/OneDrive-SyddanskUniversitet/Teaching/Decision, Persuasion, and Negotiation/Notes/Slides 2026/DPN01. Decision Process.pptx",1,False,1,embedded-image,7,Picture 6,,,False,rId3,http://schemas.openxmlformats.org/officeDocument/2006/relationships/image,ppt/media/image1.png,False,,PNG,image/png,1672,941,1633957,65c29b88f625a702652efe844263a6e0f23e3604094c0ed76d6d53d302a28e8f,sha256:65c29b88f625a702,1
DPN01. Decision Process:s4:o1,DPN01. Decision Process.pptx,"/Users/huz/Library/CloudStorage/OneDrive-SyddanskUniversitet/Teaching/Decision, Persuasion, and Negotiation/Notes/Slides 2026/DPN01. Decision Process.pptx",4,False,1,embedded-image,19,Picture 4,,,False,rId3,http://schemas.openxmlformats.org/officeDocument/2006/relationships/image,ppt/media/image2.png,False,,PNG,image/png,742,742,12357,2fab781e388213fe79385d21a0576d138538663e44dfbb2c188f65486b097947,sha256:2fab781e388213fe,1
DPN01. Decision Process:s5:o1,DPN01. Decision Process.pptx,"/Users/huz/Library/CloudStorage/OneDrive-SyddanskUniversitet/Teaching/Decision, Persuasion, and Negotiation/Notes/Slides 2026/DPN01. Decision Process.pptx",5,False,1,embedded-image,6,Picture 5,,,False,rId3,http://schemas.openxmlformats.org/officeDocument/2006/relationships/image,ppt/media/image3.png,False,,PNG,image/png,1672,941,1494066,c725c06451a3779feead89b1b288c5eb7d72da77037fa4d2d8cb7e84a1c10868,sha256:c725c06451a3779f,1
DPN01. Decision Process:s8:o1,DPN01. Decision Process.pptx,"/Users/huz/Library/CloudStorage/OneDrive-SyddanskUniversitet/Teaching/Decision, Persuasion, and Negotiation/Notes/Slides 2026/DPN01. Decision Process.pptx",8,False,1,embedded-image,9,Picture 9,,,False,rId3,http://schemas.openxmlformats.org/officeDocument/2006/relationships/image,ppt/media/image4.png,False,,PNG,image/png,1266,802,815493,fac0673bd8cef39f50af3ed4eb2a138f5505d97cbc0b23d9f93b10b4bc9cda33,sha256:fac0673bd8cef39f,1
DPN01. Decision Process:s8:o2,DPN01. Decision Process.pptx,"/Users/huz/Library/CloudStorage/OneDrive-SyddanskUniversitet/Teaching/Decision, Persuasion, and Negotiation/Notes/Slides 2026/DPN01. Decision Process.pptx",8,False,2,embedded-image,10,Picture 2,,,False,rId4,http://schemas.openxmlformats.org/officeDocument/2006/relationships/image,ppt/media/image5.png,False,,PNG,image/png,371,371,131073,b8b387cb86c16e795b2ae62582ddc1d4622ff268c25e89da93c174e60ca8bb97,sha256:b8b387cb86c16e79,1
DPN01. Decision Process:s12:o1,DPN01. Decision Process.pptx,"/Users/huz/Library/CloudStorage/OneDrive-SyddanskUniversitet/Teaching/Decision, Persuasion, and Negotiation/Notes/Slides 2026/DPN01. Decision Process.pptx",12,False,1,embedded-image,18,Picture 9,,,False,rId3,http://schemas.openxmlformats.org/officeDocument/2006/relationships/image,ppt/media/image6.png,False,,PNG,image/png,450,684,626043,ee9387ee71a0f6bc3e53f86730f68e63e05adc167e237b56629f911de62d92ee,sha256:ee9387ee71a0f6bc,1
DPN01. Decision Process:s14:o1,DPN01. Decision Process.pptx,"/Users/huz/Library/CloudStorage/OneDrive-SyddanskUniversitet/Teaching/Decision, Persuasion, and Negotiation/Notes/Slides 2026/DPN01. Decision Process.pptx",14,False,1,embedded-image,9,slide.url=https://www.polleverywhere.com/multiple_choice_polls/WFGCQ09uLQXWn5PUx9E9q?display_state=instructions&activity_state=opened&state=opened&flow=Engagement&onscreen=persist,,,False,rId3,http://schemas.openxmlformats.org/officeDocument/2006/relationships/image,ppt/media/image7.png,False,,PNG,image/png,1600,900,88605,e3a3232eeebc9205fc5cd8cb359f69f65a45dc621c176124fbdecdfb6d21cc8e,sha256:e3a3232eeebc9205,1
DPN01. Decision Process:s14:o2,DPN01. Decision Process.pptx,"/Users/huz/Library/CloudStorage/OneDrive-SyddanskUniversitet/Teaching/Decision, Persuasion, and Negotiation/Notes/Slides 2026/DPN01. Decision Process.pptx",14,False,2,embedded-image,10,Picture 6,,,False,rId4,http://schemas.openxmlformats.org/officeDocument/2006/relationships/image,ppt/media/image8.png,False,,PNG,image/png,208,206,9686,7239d3b014bfd89ef306a8b0b2664582823e86a39f5410d201c281aa19e6277e,sha256:7239d3b014bfd89e,1
DPN01. Decision Process:s15:o1,DPN01. Decision Process.pptx,"/Users/huz/Library/CloudStorage/OneDrive-SyddanskUniversitet/Teaching/Decision, Persuasion, and Negotiation/Notes/Slides 2026/DPN01. Decision Process.pptx",15,False,1,embedded-image,6,Picture 5,,,False,rId3,http://schemas.openxmlformats.org/officeDocument/2006/relationships/image,ppt/media/image9.png,False,,PNG,image/png,1672,941,1389168,c584cfd715f47d99981552c3eb93584a572ecc0f6c89c8ec433b2ccd1f5dffa2,sha256:c584cfd715f47d99,1
DPN01. Decision Process:s19:o1,DPN01. Decision Process.pptx,"/Users/huz/Library/CloudStorage/OneDrive-SyddanskUniversitet/Teaching/Decision, Persuasion, and Negotiation/Notes/Slides 2026/DPN01. Decision Process.pptx",19,False,1,embedded-image,17417,Picture 1,,,False,rId3,http://schemas.openxmlformats.org/officeDocument/2006/relationships/image,ppt/media/image10.png,False,r=21313,PNG,image/png,1448,1086,1344511,969e083838339d18b34ace55e7277425dc271e7dbaf8aa8ec266456a43fe0278,sha256:969e083838339d18,2
DPN01. Decision Process:s19:o2,DPN01. Decision Process.pptx,"/Users/huz/Library/CloudStorage/OneDrive-SyddanskUniversitet/Teaching/Decision, Persuasion, and Negotiation/Notes/Slides 2026/DPN01. Decision Process.pptx",19,False,2,embedded-image,17418,Picture 3,,,False,rId3,http://schemas.openxmlformats.org/officeDocument/2006/relationships/image,ppt/media/image10.png,False,l=78631,PNG,image/png,1448,1086,1344511,969e083838339d18b34ace55e7277425dc271e7dbaf8aa8ec266456a43fe0278,sha256:969e083838339d18,2
DPN01. Decision Process:s20:o1,DPN01. Decision Process.pptx,"/Users/huz/Library/CloudStorage/OneDrive-SyddanskUniversitet/Teaching/Decision, Persuasion, and Negotiation/Notes/Slides 2026/DPN01. Decision Process.pptx",20,False,1,embedded-image,17417,Picture 3,,,False,rId3,http://schemas.openxmlformats.org/officeDocument/2006/relationships/image,ppt/media/image11.png,False,,PNG,image/png,333,898,207001,09e794feea16fe96ae61a0333a3e19dc317665f8ea0e5ed99cbab3308e90d353,sha256:09e794feea16fe96,1
DPN01. Decision Process:s20:o2,DPN01. Decision Process.pptx,"/Users/huz/Library/CloudStorage/OneDrive-SyddanskUniversitet/Teaching/Decision, Persuasion, and Negotiation/Notes/Slides 2026/DPN01. Decision Process.pptx",20,False,2,embedded-image,17419,Picture 7,,,False,rId4,http://schemas.openxmlformats.org/officeDocument/2006/relationships/image,ppt/media/image12.png,False,r=-2,PNG,image/png,639,898,109858,f0bc548355b408283839e9a0e4737f3e31cfc23e87a28e82bb33887646334350,sha256:f0bc548355b40828,1
DPN01. Decision Process:s21:o1,DPN01. Decision Process.pptx,"/Users/huz/Library/CloudStorage/OneDrive-SyddanskUniversitet/Teaching/Decision, Persuasion, and Negotiation/Notes/Slides 2026/DPN01. Decision Process.pptx",21,False,1,embedded-image,23559,Picture 10,,,False,rId3,http://schemas.openxmlformats.org/officeDocument/2006/relationships/image,ppt/media/image13.png,False,,PNG,image/png,350,302,63766,a60a2164ab290afad0903978369c755226a2fea57f5a5219989c48c79445a7ce,sha256:a60a2164ab290afa,1
DPN01. Decision Process:s21:o2,DPN01. Decision Process.pptx,"/Users/huz/Library/CloudStorage/OneDrive-SyddanskUniversitet/Teaching/Decision, Persuasion, and Negotiation/Notes/Slides 2026/DPN01. Decision Process.pptx",21,False,2,embedded-image,23563,Picture 5,,,False,rId4,http://schemas.openxmlformats.org/officeDocument/2006/relationships/image,ppt/media/image14.png,False,,PNG,image/png,331,302,74801,a5df6fd21f930f04e08c0e03c15452b8b4aa17274ee3390f36158d582ed66960,sha256:a5df6fd21f930f04,1
DPN01. Decision Process:s22:o1,DPN01. Decision Process.pptx,"/Users/huz/Library/CloudStorage/OneDrive-SyddanskUniversitet/Teaching/Decision, Persuasion, and Negotiation/Notes/Slides 2026/DPN01. Decision Process.pptx",22,False,1,embedded-image,13,Picture 7,,,False,rId3,http://schemas.openxmlformats.org/officeDocument/2006/relationships/image,ppt/media/image15.jpeg,False,,JPEG,image/jpeg,462,645,69279,90635d6853b743997e1be8498d40c7bcf1a7e993fa6c845586ab808290dac1e4,sha256:90635d6853b74399,2
DPN01. Decision Process:s22:o2,DPN01. Decision Process.pptx,"/Users/huz/Library/CloudStorage/OneDrive-SyddanskUniversitet/Teaching/Decision, Persuasion, and Negotiation/Notes/Slides 2026/DPN01. Decision Process.pptx",22,False,2,embedded-image,14,Picture 8,,,False,rId4,http://schemas.openxmlformats.org/officeDocument/2006/relationships/image,ppt/media/image16.jpeg,False,,JPEG,image/jpeg,480,645,72849,9568a063e2f83c863cf119eeab957e7b2daf61bae4d771259e00bbcfc75c2f00,sha256:9568a063e2f83c86,2
DPN01. Decision Process:s23:o1,DPN01. Decision Process.pptx,"/Users/huz/Library/CloudStorage/OneDrive-SyddanskUniversitet/Teaching/Decision, Persuasion, and Negotiation/Notes/Slides 2026/DPN01. Decision Process.pptx",23,False,1,embedded-image,23559,Picture 3,,,False,rId3,http://schemas.openxmlformats.org/officeDocument/2006/relationships/image,ppt/media/image17.png,False,,PNG,image/png,1202,582,98564,697da4bd18531bdb0230038f18feac58c9bffb2403ee5b53f114da4f9df0da7c,sha256:697da4bd18531bdb,1
DPN01. Decision Process:s23:o2,DPN01. Decision Process.pptx,"/Users/huz/Library/CloudStorage/OneDrive-SyddanskUniversitet/Teaching/Decision, Persuasion, and Negotiation/Notes/Slides 2026/DPN01. Decision Process.pptx",23,False,2,embedded-image,23560,Picture 5,,,False,rId4,http://schemas.openxmlformats.org/officeDocument/2006/relationships/image,ppt/media/image18.png,False,,PNG,image/png,1202,582,73281,bc47e7a3dd6a7d01ea4ecc28a59ed306721639ac7aac587ba5f80a16c30f8251,sha256:bc47e7a3dd6a7d01,1
DPN01. Decision Process:s24:o1,DPN01. Decision Process.pptx,"/Users/huz/Library/CloudStorage/OneDrive-SyddanskUniversitet/Teaching/Decision, Persuasion, and Negotiation/Notes/Slides 2026/DPN01. Decision Process.pptx",24,False,1,embedded-image,23561,Picture 2,,,False,rId3,http://schemas.openxmlformats.org/officeDocument/2006/relationships/image,ppt/media/image19.png,False,,PNG,image/png,624,412,38092,33c0fe734a614dbc2b0ac32fd99224de055e9d3e3aa8cbdc551da52c5f3c2f14,sha256:33c0fe734a614dbc,1
DPN01. Decision Process:s25:o1,DPN01. Decision Process.pptx,"/Users/huz/Library/CloudStorage/OneDrive-SyddanskUniversitet/Teaching/Decision, Persuasion, and Negotiation/Notes/Slides 2026/DPN01. Decision Process.pptx",25,False,1,embedded-image,10,Picture 4,,,False,rId3,http://schemas.openxmlformats.org/officeDocument/2006/relationships/image,ppt/media/image20.png,False,,PNG,image/png,640,462,280809,c1065373db12ea28a4d0b7f02ad61b41c7bc9f8c2bd8eb88cd7618405fa1c25b,sha256:c1065373db12ea28,2
DPN01. Decision Process:s25:o2,DPN01. Decision Process.pptx,"/Users/huz/Library/CloudStorage/OneDrive-SyddanskUniversitet/Teaching/Decision, Persuasion, and Negotiation/Notes/Slides 2026/DPN01. Decision Process.pptx",25,False,2,embedded-image,11,Picture 2,,,False,rId4,http://schemas.openxmlformats.org/officeDocument/2006/relationships/image,ppt/media/image21.jpeg,False,,JPEG,image/jpeg,584,364,31223,6e7efc6cbd6b75f08039528727b475a7b8ccbc1f7c33849bf571b5d1803be16d,sha256:6e7efc6cbd6b75f0,2
DPN01. Decision Process:s26:o1,DPN01. Decision Process.pptx,"/Users/huz/Library/CloudStorage/OneDrive-SyddanskUniversitet/Teaching/Decision, Persuasion, and Negotiation/Notes/Slides 2026/DPN01. Decision Process.pptx",26,False,1,embedded-image,27,Content Placeholder 5,,,False,rId3,http://schemas.openxmlformats.org/officeDocument/2006/relationships/image,ppt/media/image22.png,False,b=14626,PNG,image/png,622,631,172642,11ed8f4d9e4b3d75aa2ac881ebb4170f2533558365e4d17ec4cedb589e071b35,sha256:11ed8f4d9e4b3d75,1
DPN01. Decision Process:s26:o2,DPN01. Decision Process.pptx,"/Users/huz/Library/CloudStorage/OneDrive-SyddanskUniversitet/Teaching/Decision, Persuasion, and Negotiation/Notes/Slides 2026/DPN01. Decision Process.pptx",26,False,2,embedded-image,30,Picture 2,,,False,rId4,http://schemas.openxmlformats.org/officeDocument/2006/relationships/image,ppt/media/image23.jpeg,False,,JPEG,image/jpeg,452,678,43272,c10c497ab845c3b7e29e6a469ed29cc85cc04603366ab7ffc6ac46f590922486,sha256:c10c497ab845c3b7,2
DPN01. Decision Process:s26:o3,DPN01. Decision Process.pptx,"/Users/huz/Library/CloudStorage/OneDrive-SyddanskUniversitet/Teaching/Decision, Persuasion, and Negotiation/Notes/Slides 2026/DPN01. Decision Process.pptx",26,False,3,embedded-image,31,Picture 4,,,False,rId5,http://schemas.openxmlformats.org/officeDocument/2006/relationships/image,ppt/media/image24.jpeg,False,,JPEG,image/jpeg,356,483,73700,7681ebb9a492bc57b5a05ac800f966fff0535b0ab6ad802c5ca58ba9554aee91,sha256:7681ebb9a492bc57,2
DPN01. Decision Process:s26:o4,DPN01. Decision Process.pptx,"/Users/huz/Library/CloudStorage/OneDrive-SyddanskUniversitet/Teaching/Decision, Persuasion, and Negotiation/Notes/Slides 2026/DPN01. Decision Process.pptx",26,False,4,embedded-image,32,Picture 14,,,False,rId6,http://schemas.openxmlformats.org/officeDocument/2006/relationships/image,ppt/media/image25.png,False,,PNG,image/png,240,160,13891,aa8dd795681e6c4934396c1515bce28241e251ab06a2208625ced9db249057de,sha256:aa8dd795681e6c49,1
DPN01. Decision Process:s26:o5,DPN01. Decision Process.pptx,"/Users/huz/Library/CloudStorage/OneDrive-SyddanskUniversitet/Teaching/Decision, Persuasion, and Negotiation/Notes/Slides 2026/DPN01. Decision Process.pptx",26,False,5,embedded-image,33,Picture 18,,,False,rId7,http://schemas.openxmlformats.org/officeDocument/2006/relationships/image,ppt/media/image26.png,False,,PNG,image/png,528,556,439404,d961b43db2a8cf1acd8ebd04aebd6b5714717904b37fa55d041936f756c462ed,sha256:d961b43db2a8cf1a,2
DPN01. Decision Process:s29:o1,DPN01. Decision Process.pptx,"/Users/huz/Library/CloudStorage/OneDrive-SyddanskUniversitet/Teaching/Decision, Persuasion, and Negotiation/Notes/Slides 2026/DPN01. Decision Process.pptx",29,False,1,embedded-image,7,Picture 4,,,False,rId3,http://schemas.openxmlformats.org/officeDocument/2006/relationships/image,ppt/media/image27.png,False,t=12576,PNG,image/png,1672,941,1295500,1389b9870a360ca6c27db7f2e457f8bce629cbd947056e2f285505d0c2b40f16,sha256:1389b9870a360ca6,1
DPN01. Decision Process:s30:o1,DPN01. Decision Process.pptx,"/Users/huz/Library/CloudStorage/OneDrive-SyddanskUniversitet/Teaching/Decision, Persuasion, and Negotiation/Notes/Slides 2026/DPN01. Decision Process.pptx",30,False,1,embedded-image,6,Picture 5,,,False,rId3,http://schemas.openxmlformats.org/officeDocument/2006/relationships/image,ppt/media/image28.png,False,,PNG,image/png,1672,941,1578876,39048d61d9b2d264d758877126b7b60662d756f07af4201d432131c2e0e27a04,sha256:39048d61d9b2d264,1
DPN01. Decision Process:s31:o1,DPN01. Decision Process.pptx,"/Users/huz/Library/CloudStorage/OneDrive-SyddanskUniversitet/Teaching/Decision, Persuasion, and Negotiation/Notes/Slides 2026/DPN01. Decision Process.pptx",31,False,1,embedded-image,22,Picture 17,,,False,rId3,http://schemas.openxmlformats.org/officeDocument/2006/relationships/image,ppt/media/image29.png,False,,PNG,image/png,1536,1024,2013476,bf9534bbdd42502f2307db1e95991559d102fc9e23164455c0dc7ce3826c9579,sha256:bf9534bbdd42502f,1
DPN01. Decision Process:s33:o1,DPN01. Decision Process.pptx,"/Users/huz/Library/CloudStorage/OneDrive-SyddanskUniversitet/Teaching/Decision, Persuasion, and Negotiation/Notes/Slides 2026/DPN01. Decision Process.pptx",33,False,1,embedded-image,14,Content Placeholder 5,,,False,rId3,http://schemas.openxmlformats.org/officeDocument/2006/relationships/image,ppt/media/image30.png,False,,PNG,image/png,2218,956,221227,92ec00f5af86675380f02e1f5d821ab57f7bbe60fd3a47da1e7204a748da507e,sha256:92ec00f5af866753,1
DPN01. Decision Process:s36:o1,DPN01. Decision Process.pptx,"/Users/huz/Library/CloudStorage/OneDrive-SyddanskUniversitet/Teaching/Decision, Persuasion, and Negotiation/Notes/Slides 2026/DPN01. Decision Process.pptx",36,False,1,embedded-image,14,Content Placeholder 5,,,False,rId3,http://schemas.openxmlformats.org/officeDocument/2006/relationships/image,ppt/media/image31.gif,False,,GIF,image/gif,1435,764,114036,13029cdb4d17b05ff326b10c365a1f14f72a6379d9ea831caa53091bc7578356,sha256:13029cdb4d17b05f,2
DPN01. Decision Process:s36:o2,DPN01. Decision Process.pptx,"/Users/huz/Library/CloudStorage/OneDrive-SyddanskUniversitet/Teaching/Decision, Persuasion, and Negotiation/Notes/Slides 2026/DPN01. Decision Process.pptx",36,False,2,embedded-image,15,Content Placeholder 5,,,False,rId3,http://schemas.openxmlformats.org/officeDocument/2006/relationships/image,ppt/media/image31.gif,False,,GIF,image/gif,1435,764,114036,13029cdb4d17b05ff326b10c365a1f14f72a6379d9ea831caa53091bc7578356,sha256:13029cdb4d17b05f,2
DPN01. Decision Process:s40:o1,DPN01. Decision Process.pptx,"/Users/huz/Library/CloudStorage/OneDrive-SyddanskUniversitet/Teaching/Decision, Persuasion, and Negotiation/Notes/Slides 2026/DPN01. Decision Process.pptx",40,False,1,embedded-image,7,大卫的大脑科学 第4集 (1),,,False,rId3,http://schemas.openxmlformats.org/officeDocument/2006/relationships/image,ppt/media/image32.png,False,,PNG,image/png,1280,720,542793,0b1f45e03e2eee30e511ce770d9aa7abd1d6b533722b59d144bbdd166fa20ec0,sha256:0b1f45e03e2eee30,2
DPN01. Decision Process:s40:o2,DPN01. Decision Process.pptx,"/Users/huz/Library/CloudStorage/OneDrive-SyddanskUniversitet/Teaching/Decision, Persuasion, and Negotiation/Notes/Slides 2026/DPN01. Decision Process.pptx",40,False,2,embedded-image,8,大卫的大脑科学 第4集 (1),,,False,rId3,http://schemas.openxmlformats.org/officeDocument/2006/relationships/image,ppt/media/image32.png,False,,PNG,image/png,1280,720,542793,0b1f45e03e2eee30e511ce770d9aa7abd1d6b533722b59d144bbdd166fa20ec0,sha256:0b1f45e03e2eee30,2
DPN01. Decision Process:s41:o1,DPN01. Decision Process.pptx,"/Users/huz/Library/CloudStorage/OneDrive-SyddanskUniversitet/Teaching/Decision, Persuasion, and Negotiation/Notes/Slides 2026/DPN01. Decision Process.pptx",41,False,1,embedded-image,13,Content Placeholder 5,,,False,rId3,http://schemas.openxmlformats.org/officeDocument/2006/relationships/image,ppt/media/image33.png,False,,PNG,image/png,1026,756,127348,1d843b76161f3662f46527e1e7559eea50ae113a299889eccd66e7006d046dec,sha256:1d843b76161f3662,2
DPN01. Decision Process:s41:o2,DPN01. Decision Process.pptx,"/Users/huz/Library/CloudStorage/OneDrive-SyddanskUniversitet/Teaching/Decision, Persuasion, and Negotiation/Notes/Slides 2026/DPN01. Decision Process.pptx",41,False,2,embedded-image,14,Content Placeholder 5,,,False,rId3,http://schemas.openxmlformats.org/officeDocument/2006/relationships/image,ppt/media/image33.png,False,,PNG,image/png,1026,756,127348,1d843b76161f3662f46527e1e7559eea50ae113a299889eccd66e7006d046dec,sha256:1d843b76161f3662,2
DPN01. Decision Process:s42:o1,DPN01. Decision Process.pptx,"/Users/huz/Library/CloudStorage/OneDrive-SyddanskUniversitet/Teaching/Decision, Persuasion, and Negotiation/Notes/Slides 2026/DPN01. Decision Process.pptx",42,False,1,embedded-image,9,slide.url=https://www.polleverywhere.com/multiple_choice_polls/bvmJmXYXz57a5v8ygHyP7?display_state=instructions&activity_state=opened&state=opened&flow=Instructor&onscreen=persist,,,False,rId3,http://schemas.openxmlformats.org/officeDocument/2006/relationships/image,ppt/media/image34.png,False,,PNG,image/png,1600,900,90097,2358ed91cca05d8614e22fb8f71bff07d628cc74eba743c6407eb8f97cde0fb0,sha256:2358ed91cca05d86,1
DPN01. Decision Process:s42:o2,DPN01. Decision Process.pptx,"/Users/huz/Library/CloudStorage/OneDrive-SyddanskUniversitet/Teaching/Decision, Persuasion, and Negotiation/Notes/Slides 2026/DPN01. Decision Process.pptx",42,False,2,embedded-image,10,Picture 6,,,False,rId4,http://schemas.openxmlformats.org/officeDocument/2006/relationships/image,ppt/media/image35.png,False,,PNG,image/png,209,208,9686,87dc0cdd56f5950578997b319eb93442e5f9369b279e18ea6df97388848de82b,sha256:87dc0cdd56f59505,1
DPN01. Decision Process:s43:o1,DPN01. Decision Process.pptx,"/Users/huz/Library/CloudStorage/OneDrive-SyddanskUniversitet/Teaching/Decision, Persuasion, and Negotiation/Notes/Slides 2026/DPN01. Decision Process.pptx",43,False,1,embedded-image,6,Picture 5,,,False,rId3,http://schemas.openxmlformats.org/officeDocument/2006/relationships/image,ppt/media/image36.png,False,,PNG,image/png,1672,941,1748109,57b7e9e0b21981a371adb05717bab5879ba9a3f96a18b0825986a4e2e274bef0,sha256:57b7e9e0b21981a3,1
DPN01. Decision Process:s46:o1,DPN01. Decision Process.pptx,"/Users/huz/Library/CloudStorage/OneDrive-SyddanskUniversitet/Teaching/Decision, Persuasion, and Negotiation/Notes/Slides 2026/DPN01. Decision Process.pptx",46,False,1,embedded-image,43,Picture 29,,,False,rId3,http://schemas.openxmlformats.org/officeDocument/2006/relationships/image,ppt/media/image37.png,False,,PNG,image/png,480,480,135329,d5e05e36c23b2f48a3e609ecf945d13a5ffd0b698a8585045cf4376142aaa4c3,sha256:d5e05e36c23b2f48,1
DPN01. Decision Process:s50:o1,DPN01. Decision Process.pptx,"/Users/huz/Library/CloudStorage/OneDrive-SyddanskUniversitet/Teaching/Decision, Persuasion, and Negotiation/Notes/Slides 2026/DPN01. Decision Process.pptx",50,False,1,embedded-image,6,Picture 5,,,False,rId3,http://schemas.openxmlformats.org/officeDocument/2006/relationships/image,ppt/media/image38.png,False,,PNG,image/png,1672,941,1715958,db66a32798f350513e7e5bfa42b12b84f245e2cfd1f4f36b32c2542612adc3fe,sha256:db66a32798f35051,1
DPN01. Decision Process:s52:o1,DPN01. Decision Process.pptx,"/Users/huz/Library/CloudStorage/OneDrive-SyddanskUniversitet/Teaching/Decision, Persuasion, and Negotiation/Notes/Slides 2026/DPN01. Decision Process.pptx",52,False,1,embedded-image,16,Picture 9,,,False,rId3,http://schemas.openxmlformats.org/officeDocument/2006/relationships/image,ppt/media/image39.png,False,,PNG,image/png,982,982,70811,faebfd41ef7ace5415798c00d886b16318153aef306f712d18a80f3a0fb1f12a,sha256:faebfd41ef7ace54,1
DPN01. Decision Process:s54:o1,DPN01. Decision Process.pptx,"/Users/huz/Library/CloudStorage/OneDrive-SyddanskUniversitet/Teaching/Decision, Persuasion, and Negotiation/Notes/Slides 2026/DPN01. Decision Process.pptx",54,False,1,embedded-image,4,Image 0,,/mnt/data/a_wide_cinematic_digital_illustration_concept_a_batch_1.png,False,rId3,http://schemas.openxmlformats.org/officeDocument/2006/relationships/image,ppt/media/image40.jpeg,False,,JPEG,image/jpeg,1672,941,453153,dc3c42270e494a1955bf55718e078c33d2662bdb3fb20294ab42c423a6c913d9,sha256:dc3c42270e494a19,3
DPN01. Decision Process:s55:o1,DPN01. Decision Process.pptx,"/Users/huz/Library/CloudStorage/OneDrive-SyddanskUniversitet/Teaching/Decision, Persuasion, and Negotiation/Notes/Slides 2026/DPN01. Decision Process.pptx",55,False,1,embedded-image,10,Image 0,,,False,rId3,http://schemas.openxmlformats.org/officeDocument/2006/relationships/image,ppt/media/image41.jpeg,False,,JPEG,image/jpeg,1672,941,453153,67146575d2c8d0740eb30e15fca03fa6518fd2d0c310f3af86d07814e49e70fc,sha256:67146575d2c8d074,3
DPN01. Decision Process:s64:o1,DPN01. Decision Process.pptx,"/Users/huz/Library/CloudStorage/OneDrive-SyddanskUniversitet/Teaching/Decision, Persuasion, and Negotiation/Notes/Slides 2026/DPN01. Decision Process.pptx",64,True,1,embedded-image,8,Picture 4,,,False,rId3,http://schemas.openxmlformats.org/officeDocument/2006/relationships/image,ppt/media/image42.jpeg,False,,JPEG,image/jpeg,791,900,260656,26806cfad1024abca48fa29629d9c920966f8d45cc81c52bf89c4ed47b408d50,sha256:26806cfad1024abc,1
DPN01. Decision Process:s66:o1,DPN01. Decision Process.pptx,"/Users/huz/Library/CloudStorage/OneDrive-SyddanskUniversitet/Teaching/Decision, Persuasion, and Negotiation/Notes/Slides 2026/DPN01. Decision Process.pptx",66,True,1,embedded-image,27,Picture 2,,,False,rId3,http://schemas.openxmlformats.org/officeDocument/2006/relationships/image,ppt/media/image23.jpeg,False,,JPEG,image/jpeg,452,678,43272,c10c497ab845c3b7e29e6a469ed29cc85cc04603366ab7ffc6ac46f590922486,sha256:c10c497ab845c3b7,2
DPN01. Decision Process:s66:o2,DPN01. Decision Process.pptx,"/Users/huz/Library/CloudStorage/OneDrive-SyddanskUniversitet/Teaching/Decision, Persuasion, and Negotiation/Notes/Slides 2026/DPN01. Decision Process.pptx",66,True,2,embedded-image,28,Picture 4,,,False,rId4,http://schemas.openxmlformats.org/officeDocument/2006/relationships/image,ppt/media/image24.jpeg,False,,JPEG,image/jpeg,356,483,73700,7681ebb9a492bc57b5a05ac800f966fff0535b0ab6ad802c5ca58ba9554aee91,sha256:7681ebb9a492bc57,2
DPN01. Decision Process:s66:o3,DPN01. Decision Process.pptx,"/Users/huz/Library/CloudStorage/OneDrive-SyddanskUniversitet/Teaching/Decision, Persuasion, and Negotiation/Notes/Slides 2026/DPN01. Decision Process.pptx",66,True,3,embedded-image,29,Picture 18,,,False,rId5,http://schemas.openxmlformats.org/officeDocument/2006/relationships/image,ppt/media/image26.png,False,,PNG,image/png,528,556,439404,d961b43db2a8cf1acd8ebd04aebd6b5714717904b37fa55d041936f756c462ed,sha256:d961b43db2a8cf1a,2
DPN01. Decision Process:s74:o1,DPN01. Decision Process.pptx,"/Users/huz/Library/CloudStorage/OneDrive-SyddanskUniversitet/Teaching/Decision, Persuasion, and Negotiation/Notes/Slides 2026/DPN01. Decision Process.pptx",74,True,1,embedded-image,6,Picture 5,,,False,rId3,http://schemas.openxmlformats.org/officeDocument/2006/relationships/image,ppt/media/image43.png,False,,PNG,image/png,1672,941,1642903,0f5263eaba29d7393420fd78fe41f7ef91bd5db1b390eb75d3f715f87ff19868,sha256:0f5263eaba29d739,1
DPN01. Decision Process:s77:o1,DPN01. Decision Process.pptx,"/Users/huz/Library/CloudStorage/OneDrive-SyddanskUniversitet/Teaching/Decision, Persuasion, and Negotiation/Notes/Slides 2026/DPN01. Decision Process.pptx",77,True,1,embedded-image,17417,Picture 1,,,False,rId3,http://schemas.openxmlformats.org/officeDocument/2006/relationships/image,ppt/media/image44.png,False,,PNG,image/png,1186,515,126669,b757cc1bd4855c7f4fd6a1ae2a61b4dde1940df3e8052757d1661e67ad56eb79,sha256:b757cc1bd4855c7f,1
DPN01. Decision Process:s77:o2,DPN01. Decision Process.pptx,"/Users/huz/Library/CloudStorage/OneDrive-SyddanskUniversitet/Teaching/Decision, Persuasion, and Negotiation/Notes/Slides 2026/DPN01. Decision Process.pptx",77,True,2,embedded-image,17418,Picture 7,,,False,rId4,http://schemas.openxmlformats.org/officeDocument/2006/relationships/image,ppt/media/image45.png,False,,PNG,image/png,1384,234,30353,9b400116e829e850b0fa0ef5d77eb3e2d07f29bf6374f71dc31f5a92b95767dc,sha256:9b400116e829e850,1
DPN01. Decision Process:s80:o1,DPN01. Decision Process.pptx,"/Users/huz/Library/CloudStorage/OneDrive-SyddanskUniversitet/Teaching/Decision, Persuasion, and Negotiation/Notes/Slides 2026/DPN01. Decision Process.pptx",80,True,1,embedded-image,32,Image 0,,,False,rId3,http://schemas.openxmlformats.org/officeDocument/2006/relationships/image,ppt/media/image46.png,False,,PNG,image/png,1496,1270,917802,e869ad025a9a7fc40c101a72028cdb66e53088d3dd7a41e0c9e1f9aa268974f2,sha256:e869ad025a9a7fc4,2
DPN01. Decision Process:s81:o1,DPN01. Decision Process.pptx,"/Users/huz/Library/CloudStorage/OneDrive-SyddanskUniversitet/Teaching/Decision, Persuasion, and Negotiation/Notes/Slides 2026/DPN01. Decision Process.pptx",81,True,1,embedded-image,50,Image 0,,,False,rId3,http://schemas.openxmlformats.org/officeDocument/2006/relationships/image,ppt/media/image46.png,False,,PNG,image/png,1496,1270,917802,e869ad025a9a7fc40c101a72028cdb66e53088d3dd7a41e0c9e1f9aa268974f2,sha256:e869ad025a9a7fc4,2
DPN01. Decision Process:s83:o1,DPN01. Decision Process.pptx,"/Users/huz/Library/CloudStorage/OneDrive-SyddanskUniversitet/Teaching/Decision, Persuasion, and Negotiation/Notes/Slides 2026/DPN01. Decision Process.pptx",83,True,1,embedded-image,9,Picture 2,,,False,rId3,http://schemas.openxmlformats.org/officeDocument/2006/relationships/image,ppt/media/image47.jpeg,False,t=8296,JPEG,image/jpeg,1000,1375,975537,4580ea9bff72a2958754d8927d31afdf2dfa8fa5cf17ec330d6a25cfa1b86362,sha256:4580ea9bff72a295,1
DPN01. Decision Process:s84:o1,DPN01. Decision Process.pptx,"/Users/huz/Library/CloudStorage/OneDrive-SyddanskUniversitet/Teaching/Decision, Persuasion, and Negotiation/Notes/Slides 2026/DPN01. Decision Process.pptx",84,True,1,embedded-image,12,Picture 2,,,False,rId3,http://schemas.openxmlformats.org/officeDocument/2006/relationships/image,ppt/media/image48.jpeg,False,,JPEG,image/jpeg,311,729,142308,008fb98756a2cdca2852201fa1ef703bca47b3cd3b8c1059c6d1f93b413436ac,sha256:008fb98756a2cdca,1
DPN02. Attention_Prediction_Expectation:s1:o1,DPN02. Attention_Prediction_Expectation.pptx,"/Users/huz/Library/CloudStorage/OneDrive-SyddanskUniversitet/Teaching/Decision, Persuasion, and Negotiation/Notes/Slides 2026/DPN02. Attention_Prediction_Expectation.pptx",1,False,1,embedded-image,7,Picture 6,,d91837afee80b4a5a8b18d886b2c7a56a2787077_v3.png,False,rId3,http://schemas.openxmlformats.org/officeDocument/2006/relationships/image,ppt/media/image1.png,False,,PNG,image/png,1672,941,1644698,43ee252327f20fee89672d0f28c661d6db773d1cf4049bd6b69e1d1add96350f,sha256:43ee252327f20fee,1
DPN02. Attention_Prediction_Expectation:s5:o1,DPN02. Attention_Prediction_Expectation.pptx,"/Users/huz/Library/CloudStorage/OneDrive-SyddanskUniversitet/Teaching/Decision, Persuasion, and Negotiation/Notes/Slides 2026/DPN02. Attention_Prediction_Expectation.pptx",5,False,1,embedded-image,6,"Awareness Test - Odyssey Teams (720p, h264)",,,False,rId6,http://schemas.openxmlformats.org/officeDocument/2006/relationships/image,ppt/media/image2.png,False,,PNG,image/png,1280,720,28127,1dd54f4a12b620f5e961231a18a25415921ce9473642b3f39cdd6f1903937e30,sha256:1dd54f4a12b620f5,1
DPN02. Attention_Prediction_Expectation:s6:o1,DPN02. Attention_Prediction_Expectation.pptx,"/Users/huz/Library/CloudStorage/OneDrive-SyddanskUniversitet/Teaching/Decision, Persuasion, and Negotiation/Notes/Slides 2026/DPN02. Attention_Prediction_Expectation.pptx",6,False,1,embedded-image,6,Picture 5,,7a53570d73eff657fb044248040f2d0d8fa93d00_v3.png,False,rId3,http://schemas.openxmlformats.org/officeDocument/2006/relationships/image,ppt/media/image3.png,False,,PNG,image/png,1672,941,1311369,6983e35bfab3cadc50be893c413d2528b1b2ced8a4721ec771c9f74fb35ce22a,sha256:6983e35bfab3cadc,1
DPN02. Attention_Prediction_Expectation:s7:o1,DPN02. Attention_Prediction_Expectation.pptx,"/Users/huz/Library/CloudStorage/OneDrive-SyddanskUniversitet/Teaching/Decision, Persuasion, and Negotiation/Notes/Slides 2026/DPN02. Attention_Prediction_Expectation.pptx",7,False,1,embedded-image,8,Image 0,,/mnt/data/revised_assets/slide07_img04_9ce6a47f963f.jpg,False,rId3,http://schemas.openxmlformats.org/officeDocument/2006/relationships/image,ppt/media/image4.jpeg,False,,JPEG,image/jpeg,330,258,43710,2301d027246ed293a168835fea2cfe8f0018be1b8e16baffa1ae82a968808314,sha256:2301d027246ed293,1
DPN02. Attention_Prediction_Expectation:s8:o1,DPN02. Attention_Prediction_Expectation.pptx,"/Users/huz/Library/CloudStorage/OneDrive-SyddanskUniversitet/Teaching/Decision, Persuasion, and Negotiation/Notes/Slides 2026/DPN02. Attention_Prediction_Expectation.pptx",8,False,1,embedded-image,12,Picture 11,,,False,rId3,http://schemas.openxmlformats.org/officeDocument/2006/relationships/image,ppt/media/image5.png,False,,PNG,image/png,2006,948,745521,4d34efb8990d981b486b3163a8e9ae7e44bfe992208b37bfbdeead1ab73f892f,sha256:4d34efb8990d981b,1
DPN02. Attention_Prediction_Expectation:s10:o1,DPN02. Attention_Prediction_Expectation.pptx,"/Users/huz/Library/CloudStorage/OneDrive-SyddanskUniversitet/Teaching/Decision, Persuasion, and Negotiation/Notes/Slides 2026/DPN02. Attention_Prediction_Expectation.pptx",10,False,1,embedded-image,6,Image 0,,/mnt/data/a_realistic_cinematic_classroom_scene_photographe.png,False,rId3,http://schemas.openxmlformats.org/officeDocument/2006/relationships/image,ppt/media/image6.jpeg,False,,JPEG,image/jpeg,1262,941,255850,c5c1bc1ee07900ed505da63bca5d4bb95ae080e109ee67c57f17e94b426e2b47,sha256:c5c1bc1ee07900ed,1
DPN02. Attention_Prediction_Expectation:s13:o1,DPN02. Attention_Prediction_Expectation.pptx,"/Users/huz/Library/CloudStorage/OneDrive-SyddanskUniversitet/Teaching/Decision, Persuasion, and Negotiation/Notes/Slides 2026/DPN02. Attention_Prediction_Expectation.pptx",13,False,1,embedded-image,4,Image 0,,/mnt/data/revised_assets/slide17_img01_c0cebcc5e193.jpg,False,rId3,http://schemas.openxmlformats.org/officeDocument/2006/relationships/image,ppt/media/image7.jpeg,False,,JPEG,image/jpeg,1260,941,346526,f007b7f963aa0371018de26dce1fdcb2676dab95303898cbd1d0bf0f128a4760,sha256:f007b7f963aa0371,1
DPN02. Attention_Prediction_Expectation:s14:o1,DPN02. Attention_Prediction_Expectation.pptx,"/Users/huz/Library/CloudStorage/OneDrive-SyddanskUniversitet/Teaching/Decision, Persuasion, and Negotiation/Notes/Slides 2026/DPN02. Attention_Prediction_Expectation.pptx",14,False,1,embedded-image,27,Content Placeholder 5,,"A plane taking off from a runway

AI-generated content may be incorrect.",False,rId3,http://schemas.openxmlformats.org/officeDocument/2006/relationships/image,ppt/media/image8.jpeg,False,,JPEG,image/jpeg,414,314,35276,aab5d9ccd7fef4c1e7ac4ab6a92293707b0aece4ebe8442d7717344fcc6fbbc5,sha256:aab5d9ccd7fef4c1,1
DPN02. Attention_Prediction_Expectation:s15:o1,DPN02. Attention_Prediction_Expectation.pptx,"/Users/huz/Library/CloudStorage/OneDrive-SyddanskUniversitet/Teaching/Decision, Persuasion, and Negotiation/Notes/Slides 2026/DPN02. Attention_Prediction_Expectation.pptx",15,False,1,embedded-image,11,Content Placeholder 5,,"A close-up of a chest x-ray

AI-generated content may be incorrect.",False,rId3,http://schemas.openxmlformats.org/officeDocument/2006/relationships/image,ppt/media/image9.png,False,,PNG,image/png,439,328,82980,d630eb1faa534edb006e9550816c75a24d152d80bf6b85de97c08bb49643d1cc,sha256:d630eb1faa534edb,1
DPN02. Attention_Prediction_Expectation:s16:o1,DPN02. Attention_Prediction_Expectation.pptx,"/Users/huz/Library/CloudStorage/OneDrive-SyddanskUniversitet/Teaching/Decision, Persuasion, and Negotiation/Notes/Slides 2026/DPN02. Attention_Prediction_Expectation.pptx",16,False,1,embedded-image,5,Picture 4,,,False,rId3,http://schemas.openxmlformats.org/officeDocument/2006/relationships/image,ppt/media/image10.gif,False,,GIF,image/gif,480,360,3168551,633bc571422c08bbdea5f38bd8946570137d1dbb5235cbfe31b7c5eed400518c,sha256:633bc571422c08bb,1
DPN02. Attention_Prediction_Expectation:s16:o2,DPN02. Attention_Prediction_Expectation.pptx,"/Users/huz/Library/CloudStorage/OneDrive-SyddanskUniversitet/Teaching/Decision, Persuasion, and Negotiation/Notes/Slides 2026/DPN02. Attention_Prediction_Expectation.pptx",16,False,2,embedded-image,12,Picture 2,,,False,rId4,http://schemas.openxmlformats.org/officeDocument/2006/relationships/image,ppt/media/image11.gif,False,,GIF,image/gif,300,225,1324599,4f2816bcbb2bf86f2e0b317f2ac3a3a92b0cc5163a6e168d88c4d927ddfe7ec5,sha256:4f2816bcbb2bf86f,1
DPN02. Attention_Prediction_Expectation:s17:o1,DPN02. Attention_Prediction_Expectation.pptx,"/Users/huz/Library/CloudStorage/OneDrive-SyddanskUniversitet/Teaching/Decision, Persuasion, and Negotiation/Notes/Slides 2026/DPN02. Attention_Prediction_Expectation.pptx",17,False,1,embedded-image,2,"Derren Brown - Person Swap - 777Skeptic (480p, h264)",,,False,rId6,http://schemas.openxmlformats.org/officeDocument/2006/relationships/image,ppt/media/image12.png,False,,PNG,image/png,640,480,179669,babb0875d05c345edaee72c5f654a9f750296ad4161628cbc572309976e60790,sha256:babb0875d05c345e,1
DPN02. Attention_Prediction_Expectation:s19:o1,DPN02. Attention_Prediction_Expectation.pptx,"/Users/huz/Library/CloudStorage/OneDrive-SyddanskUniversitet/Teaching/Decision, Persuasion, and Negotiation/Notes/Slides 2026/DPN02. Attention_Prediction_Expectation.pptx",19,False,1,embedded-image,6,Image 0,,/mnt/data/revised_assets/slide19_img04_db3fbcce7b66.jpg,False,rId3,http://schemas.openxmlformats.org/officeDocument/2006/relationships/image,ppt/media/image13.jpg,False,,JPEG,image/jpeg,710,467,72072,784ea82754b40d939f4cb8fd9daaf7d7b82522d5a2ff84b1be24cb5ff30c22e4,sha256:784ea82754b40d93,1
DPN02. Attention_Prediction_Expectation:s20:o1,DPN02. Attention_Prediction_Expectation.pptx,"/Users/huz/Library/CloudStorage/OneDrive-SyddanskUniversitet/Teaching/Decision, Persuasion, and Negotiation/Notes/Slides 2026/DPN02. Attention_Prediction_Expectation.pptx",20,False,1,embedded-image,14,Content Placeholder 7,,"A person and person looking at each other

Description automatically generated with medium confidence",False,rId3,http://schemas.openxmlformats.org/officeDocument/2006/relationships/image,ppt/media/image14.png,False,,PNG,image/png,1416,726,1281645,b4473c4114ccc14e3b5158af508b719292c7525095b510861736100878ceaf1f,sha256:b4473c4114ccc14e,1
DPN02. Attention_Prediction_Expectation:s21:o1,DPN02. Attention_Prediction_Expectation.pptx,"/Users/huz/Library/CloudStorage/OneDrive-SyddanskUniversitet/Teaching/Decision, Persuasion, and Negotiation/Notes/Slides 2026/DPN02. Attention_Prediction_Expectation.pptx",21,False,1,embedded-image,6,Picture 5,,53da9263f3e11c3786b3dae73091c2988bb35244_v3.png,False,rId3,http://schemas.openxmlformats.org/officeDocument/2006/relationships/image,ppt/media/image15.png,False,,PNG,image/png,1672,941,1861196,463db70e6b0b47c879a3e3d6781f3521471a4558fdbe7600a948772aea89352b,sha256:463db70e6b0b47c8,1
DPN02. Attention_Prediction_Expectation:s22:o1,DPN02. Attention_Prediction_Expectation.pptx,"/Users/huz/Library/CloudStorage/OneDrive-SyddanskUniversitet/Teaching/Decision, Persuasion, and Negotiation/Notes/Slides 2026/DPN02. Attention_Prediction_Expectation.pptx",22,False,1,embedded-image,11,Picture 10,,,False,rId3,http://schemas.openxmlformats.org/officeDocument/2006/relationships/image,ppt/media/image16.png,False,,PNG,image/png,1672,941,1935628,cdb6c315c9e41625a9613b099a5452efd86a8963f075f551e2541aa2b2dcf393,sha256:cdb6c315c9e41625,1
DPN02. Attention_Prediction_Expectation:s22:o2,DPN02. Attention_Prediction_Expectation.pptx,"/Users/huz/Library/CloudStorage/OneDrive-SyddanskUniversitet/Teaching/Decision, Persuasion, and Negotiation/Notes/Slides 2026/DPN02. Attention_Prediction_Expectation.pptx",22,False,2,embedded-image,2,Picture 1,,,False,rId4,http://schemas.openxmlformats.org/officeDocument/2006/relationships/image,ppt/media/image17.png,False,,PNG,image/png,828,581,684521,dc0ab8469e44a70b02e6d7a5cbda8b41a6054fc06258e71def8de22bcddd3d15,sha256:dc0ab8469e44a70b,1
DPN02. Attention_Prediction_Expectation:s22:o3,DPN02. Attention_Prediction_Expectation.pptx,"/Users/huz/Library/CloudStorage/OneDrive-SyddanskUniversitet/Teaching/Decision, Persuasion, and Negotiation/Notes/Slides 2026/DPN02. Attention_Prediction_Expectation.pptx",22,False,3,embedded-image,4,Picture 3,,,False,rId5,http://schemas.openxmlformats.org/officeDocument/2006/relationships/image,ppt/media/image18.jpeg,False,r=3536,JPEG,image/jpeg,316,245,42821,490949c4344b6243e5ca8ba45029a81913a7ba0b6be9650676f93d289e529916,sha256:490949c4344b6243,1
DPN02. Attention_Prediction_Expectation:s22:o4,DPN02. Attention_Prediction_Expectation.pptx,"/Users/huz/Library/CloudStorage/OneDrive-SyddanskUniversitet/Teaching/Decision, Persuasion, and Negotiation/Notes/Slides 2026/DPN02. Attention_Prediction_Expectation.pptx",22,False,4,embedded-image,3,Picture 2,,,False,rId6,http://schemas.openxmlformats.org/officeDocument/2006/relationships/image,ppt/media/image19.png,False,,PNG,image/png,329,246,132975,631533afd0ef05b85371294d915c9fad6ccbd100151190565552e19cb5b1c00f,sha256:631533afd0ef05b8,1
DPN02. Attention_Prediction_Expectation:s23:o1,DPN02. Attention_Prediction_Expectation.pptx,"/Users/huz/Library/CloudStorage/OneDrive-SyddanskUniversitet/Teaching/Decision, Persuasion, and Negotiation/Notes/Slides 2026/DPN02. Attention_Prediction_Expectation.pptx",23,False,1,embedded-image,5,Picture 4,,,False,rId3,http://schemas.openxmlformats.org/officeDocument/2006/relationships/image,ppt/media/image20.png,False,,PNG,image/png,1723,1091,890863,0f0e198bd3670f73c77d66643d1d16b8dd6446e5bc566c40ce07446f535345be,sha256:0f0e198bd3670f73,1
DPN02. Attention_Prediction_Expectation:s26:o1,DPN02. Attention_Prediction_Expectation.pptx,"/Users/huz/Library/CloudStorage/OneDrive-SyddanskUniversitet/Teaching/Decision, Persuasion, and Negotiation/Notes/Slides 2026/DPN02. Attention_Prediction_Expectation.pptx",26,False,1,embedded-image,8,Picture 7,,,False,rId3,http://schemas.openxmlformats.org/officeDocument/2006/relationships/image,ppt/media/image21.jpeg,False,,JPEG,image/jpeg,1648,1107,531073,5ba4505b4df6b852dae001943c03287acdb586ebbabcaa5ca782ca9c6b7f2e2b,sha256:5ba4505b4df6b852,1
DPN02. Attention_Prediction_Expectation:s26:o2,DPN02. Attention_Prediction_Expectation.pptx,"/Users/huz/Library/CloudStorage/OneDrive-SyddanskUniversitet/Teaching/Decision, Persuasion, and Negotiation/Notes/Slides 2026/DPN02. Attention_Prediction_Expectation.pptx",26,False,2,embedded-image,6,Content Placeholder 5,,,False,rId4,http://schemas.openxmlformats.org/officeDocument/2006/relationships/image,ppt/media/image22.jpeg,False,,JPEG,image/jpeg,1928,1280,222972,e56b62a4450234e26ae7cbba34ad1c3ab9a110403f1733175e410c3be8aaf15e,sha256:e56b62a4450234e2,1
DPN02. Attention_Prediction_Expectation:s27:o1,DPN02. Attention_Prediction_Expectation.pptx,"/Users/huz/Library/CloudStorage/OneDrive-SyddanskUniversitet/Teaching/Decision, Persuasion, and Negotiation/Notes/Slides 2026/DPN02. Attention_Prediction_Expectation.pptx",27,False,1,embedded-image,3,Content Placeholder 5,,"A comparison of a person's face

AI-generated content may be incorrect.",False,rId3,http://schemas.openxmlformats.org/officeDocument/2006/relationships/image,ppt/media/image23.jpeg,False,,JPEG,image/jpeg,330,345,19527,3c7c785be004d0de7404af433fe1d8884062eff8cb6241d4cf5564b8c8cc0f6c,sha256:3c7c785be004d0de,1
DPN02. Attention_Prediction_Expectation:s27:o2,DPN02. Attention_Prediction_Expectation.pptx,"/Users/huz/Library/CloudStorage/OneDrive-SyddanskUniversitet/Teaching/Decision, Persuasion, and Negotiation/Notes/Slides 2026/DPN02. Attention_Prediction_Expectation.pptx",27,False,2,embedded-image,9,Content Placeholder 5,,"A comparison of a person's face

AI-generated content may be incorrect.",False,rId4,http://schemas.openxmlformats.org/officeDocument/2006/relationships/image,ppt/media/image24.jpeg,False,,JPEG,image/jpeg,330,345,17759,4746c83a7d152fa2f51c32719211bf08df226321dff446333eb45bfe2ac564d7,sha256:4746c83a7d152fa2,1
DPN02. Attention_Prediction_Expectation:s28:o1,DPN02. Attention_Prediction_Expectation.pptx,"/Users/huz/Library/CloudStorage/OneDrive-SyddanskUniversitet/Teaching/Decision, Persuasion, and Negotiation/Notes/Slides 2026/DPN02. Attention_Prediction_Expectation.pptx",28,False,1,embedded-image,8,Content Placeholder 5,,,False,rId3,http://schemas.openxmlformats.org/officeDocument/2006/relationships/image,ppt/media/image25.jpeg,False,,JPEG,image/jpeg,927,514,248026,58627da931fd9fe6ffe357e2b6765f6dfba31e449d0abb59f8b70de084b1ae7c,sha256:58627da931fd9fe6,2
DPN02. Attention_Prediction_Expectation:s28:o2,DPN02. Attention_Prediction_Expectation.pptx,"/Users/huz/Library/CloudStorage/OneDrive-SyddanskUniversitet/Teaching/Decision, Persuasion, and Negotiation/Notes/Slides 2026/DPN02. Attention_Prediction_Expectation.pptx",28,False,2,embedded-image,9,Content Placeholder 5,,,False,rId3,http://schemas.openxmlformats.org/officeDocument/2006/relationships/image,ppt/media/image25.jpeg,False,,JPEG,image/jpeg,927,514,248026,58627da931fd9fe6ffe357e2b6765f6dfba31e449d0abb59f8b70de084b1ae7c,sha256:58627da931fd9fe6,2
DPN02. Attention_Prediction_Expectation:s29:o1,DPN02. Attention_Prediction_Expectation.pptx,"/Users/huz/Library/CloudStorage/OneDrive-SyddanskUniversitet/Teaching/Decision, Persuasion, and Negotiation/Notes/Slides 2026/DPN02. Attention_Prediction_Expectation.pptx",29,False,1,embedded-image,21,Content Placeholder 5,,,False,rId3,http://schemas.openxmlformats.org/officeDocument/2006/relationships/image,ppt/media/image26.gif,False,l=19920;r=14160,GIF,image/gif,500,281,1106831,1391a03629563a35c073375ad0893ddc1ebd42e3996d10596134bd21661a56e4,sha256:1391a03629563a35,1
DPN02. Attention_Prediction_Expectation:s30:o1,DPN02. Attention_Prediction_Expectation.pptx,"/Users/huz/Library/CloudStorage/OneDrive-SyddanskUniversitet/Teaching/Decision, Persuasion, and Negotiation/Notes/Slides 2026/DPN02. Attention_Prediction_Expectation.pptx",30,False,1,embedded-image,2,Picture 1,,,False,rId3,http://schemas.openxmlformats.org/officeDocument/2006/relationships/image,ppt/media/image27.png,False,,PNG,image/png,522,1080,509862,4754a962ba5e5c1591958d22d074cf2006b81d8f9b12bc2013bfc72bf1e041f8,sha256:4754a962ba5e5c15,1
DPN02. Attention_Prediction_Expectation:s30:o2,DPN02. Attention_Prediction_Expectation.pptx,"/Users/huz/Library/CloudStorage/OneDrive-SyddanskUniversitet/Teaching/Decision, Persuasion, and Negotiation/Notes/Slides 2026/DPN02. Attention_Prediction_Expectation.pptx",30,False,2,embedded-image,5,Picture 4,,,False,rId4,http://schemas.openxmlformats.org/officeDocument/2006/relationships/image,ppt/media/image28.png,False,,PNG,image/png,234,245,89914,690b9b6024046de5b8e174079bcf82c3024f4c6059c82c002284424bfc1392fe,sha256:690b9b6024046de5,1
DPN02. Attention_Prediction_Expectation:s31:o1,DPN02. Attention_Prediction_Expectation.pptx,"/Users/huz/Library/CloudStorage/OneDrive-SyddanskUniversitet/Teaching/Decision, Persuasion, and Negotiation/Notes/Slides 2026/DPN02. Attention_Prediction_Expectation.pptx",31,False,1,embedded-image,5,Content Placeholder 5,,,False,rId3,http://schemas.openxmlformats.org/officeDocument/2006/relationships/image,ppt/media/image29.png,False,,PNG,image/png,712,163,160825,4911ed05c26315a3ab37c834d4a249513ddced68cef1b0b8c2a2cb82dc3a98ef,sha256:4911ed05c26315a3,1
DPN02. Attention_Prediction_Expectation:s32:o1,DPN02. Attention_Prediction_Expectation.pptx,"/Users/huz/Library/CloudStorage/OneDrive-SyddanskUniversitet/Teaching/Decision, Persuasion, and Negotiation/Notes/Slides 2026/DPN02. Attention_Prediction_Expectation.pptx",32,False,1,embedded-image,17,Picture 6,,undefined,False,rId3,http://schemas.openxmlformats.org/officeDocument/2006/relationships/image,ppt/media/image30.gif,False,,GIF,image/gif,540,420,42565,5c6d8fff1e4371f11b63fa6531731876a37bed991cad4d6f94e9d0aef9eda85e,sha256:5c6d8fff1e4371f1,1
DPN02. Attention_Prediction_Expectation:s32:o2,DPN02. Attention_Prediction_Expectation.pptx,"/Users/huz/Library/CloudStorage/OneDrive-SyddanskUniversitet/Teaching/Decision, Persuasion, and Negotiation/Notes/Slides 2026/DPN02. Attention_Prediction_Expectation.pptx",32,False,2,embedded-image,18,Picture 2,,undefined,False,rId4,http://schemas.openxmlformats.org/officeDocument/2006/relationships/image,ppt/media/image31.png,False,,PNG,image/png,1280,974,108093,2ede3447be97de886f324a4504ade1120e34ea0c7ecb6e6c3b01f62c1d68354f,sha256:2ede3447be97de88,1
DPN02. Attention_Prediction_Expectation:s32:o3,DPN02. Attention_Prediction_Expectation.pptx,"/Users/huz/Library/CloudStorage/OneDrive-SyddanskUniversitet/Teaching/Decision, Persuasion, and Negotiation/Notes/Slides 2026/DPN02. Attention_Prediction_Expectation.pptx",32,False,3,embedded-image,19,Picture 4,,undefined,False,rId5,http://schemas.openxmlformats.org/officeDocument/2006/relationships/image,ppt/media/image32.png,False,,PNG,image/png,1280,974,106184,b454a4b2b5415bf259f1653b6c5fe3a5b286fb05437d841375d2f8a940d016e3,sha256:b454a4b2b5415bf2,1
DPN02. Attention_Prediction_Expectation:s33:o1,DPN02. Attention_Prediction_Expectation.pptx,"/Users/huz/Library/CloudStorage/OneDrive-SyddanskUniversitet/Teaching/Decision, Persuasion, and Negotiation/Notes/Slides 2026/DPN02. Attention_Prediction_Expectation.pptx",33,False,1,embedded-image,6,Content Placeholder 5,,,False,rId3,http://schemas.openxmlformats.org/officeDocument/2006/relationships/image,ppt/media/image33.png,False,,PNG,image/png,431,276,83485,208d9c8993ca98933184af36941e743b8510f4ecad9ea75f67071719ff32d6ea,sha256:208d9c8993ca9893,1
DPN02. Attention_Prediction_Expectation:s33:o2,DPN02. Attention_Prediction_Expectation.pptx,"/Users/huz/Library/CloudStorage/OneDrive-SyddanskUniversitet/Teaching/Decision, Persuasion, and Negotiation/Notes/Slides 2026/DPN02. Attention_Prediction_Expectation.pptx",33,False,2,embedded-image,7,Content Placeholder 5,,,False,rId4,http://schemas.openxmlformats.org/officeDocument/2006/relationships/image,ppt/media/image34.png,False,,PNG,image/png,431,276,82400,95733c86694ddee2d7a9ad4146fefc5cf392f1a461c04143b3b676a56582db10,sha256:95733c86694ddee2,1
DPN02. Attention_Prediction_Expectation:s34:o1,DPN02. Attention_Prediction_Expectation.pptx,"/Users/huz/Library/CloudStorage/OneDrive-SyddanskUniversitet/Teaching/Decision, Persuasion, and Negotiation/Notes/Slides 2026/DPN02. Attention_Prediction_Expectation.pptx",34,False,1,embedded-image,2052,Picture 4,,Overwhelmed by the light - News - southcoasttoday.com - New ...,False,rId3,http://schemas.openxmlformats.org/officeDocument/2006/relationships/image,ppt/media/image35.jpeg,False,,JPEG,image/jpeg,249,202,7536,df4bb35e1c8bd6f6c431abdfd0d7602654278a482dbc3a36a4ace26e002e8ae1,sha256:df4bb35e1c8bd6f6,2
DPN02. Attention_Prediction_Expectation:s35:o1,DPN02. Attention_Prediction_Expectation.pptx,"/Users/huz/Library/CloudStorage/OneDrive-SyddanskUniversitet/Teaching/Decision, Persuasion, and Negotiation/Notes/Slides 2026/DPN02. Attention_Prediction_Expectation.pptx",35,False,1,embedded-image,10,Content Placeholder 5,,,False,rId3,http://schemas.openxmlformats.org/officeDocument/2006/relationships/image,ppt/media/image36.jpeg,False,,JPEG,image/jpeg,988,546,109980,42508688c64bb78aff0dd186c8ce885d7177daf8ac33dff950f977459f1d4585,sha256:42508688c64bb78a,1
DPN02. Attention_Prediction_Expectation:s36:o1,DPN02. Attention_Prediction_Expectation.pptx,"/Users/huz/Library/CloudStorage/OneDrive-SyddanskUniversitet/Teaching/Decision, Persuasion, and Negotiation/Notes/Slides 2026/DPN02. Attention_Prediction_Expectation.pptx",36,False,1,embedded-image,6,Image 0,,/mnt/data/a_surreal_conceptual_digital_illustration_paintin.png,False,rId3,http://schemas.openxmlformats.org/officeDocument/2006/relationships/image,ppt/media/image37.jpeg,False,,JPEG,image/jpeg,1262,941,334649,77b209688db7c334dfb2d2a85b0ffdfa60adc498295c32aea5ed17b276baf242,sha256:77b209688db7c334,1
DPN02. Attention_Prediction_Expectation:s39:o1,DPN02. Attention_Prediction_Expectation.pptx,"/Users/huz/Library/CloudStorage/OneDrive-SyddanskUniversitet/Teaching/Decision, Persuasion, and Negotiation/Notes/Slides 2026/DPN02. Attention_Prediction_Expectation.pptx",39,False,1,embedded-image,13,Picture 12,,,False,rId3,http://schemas.openxmlformats.org/officeDocument/2006/relationships/image,ppt/media/image38.jpeg,False,,JPEG,image/jpeg,402,1372,49530,d966538c47a6b355d87a23244d10b2afb45a0cc758ef4907ee4a7f556422724a,sha256:d966538c47a6b355,1
DPN02. Attention_Prediction_Expectation:s39:o2,DPN02. Attention_Prediction_Expectation.pptx,"/Users/huz/Library/CloudStorage/OneDrive-SyddanskUniversitet/Teaching/Decision, Persuasion, and Negotiation/Notes/Slides 2026/DPN02. Attention_Prediction_Expectation.pptx",39,False,2,embedded-image,14,Picture 13,,,False,rId4,http://schemas.openxmlformats.org/officeDocument/2006/relationships/image,ppt/media/image39.jpeg,False,,JPEG,image/jpeg,1018,412,41798,111d9ffd11021111d3867f87ca69864c6ed125b8b40d6640eb6780ed1c3d9fd7,sha256:111d9ffd11021111,1
DPN02. Attention_Prediction_Expectation:s39:o3,DPN02. Attention_Prediction_Expectation.pptx,"/Users/huz/Library/CloudStorage/OneDrive-SyddanskUniversitet/Teaching/Decision, Persuasion, and Negotiation/Notes/Slides 2026/DPN02. Attention_Prediction_Expectation.pptx",39,False,3,embedded-image,15,Picture 14,,,False,rId5,http://schemas.openxmlformats.org/officeDocument/2006/relationships/image,ppt/media/image40.jpeg,False,,JPEG,image/jpeg,355,413,19427,36e52a3f26b85fc0b9dcbb26d41d151ae51bc975cb01d70c354bc944abc4bbf5,sha256:36e52a3f26b85fc0,1
DPN02. Attention_Prediction_Expectation:s40:o1,DPN02. Attention_Prediction_Expectation.pptx,"/Users/huz/Library/CloudStorage/OneDrive-SyddanskUniversitet/Teaching/Decision, Persuasion, and Negotiation/Notes/Slides 2026/DPN02. Attention_Prediction_Expectation.pptx",40,False,1,embedded-image,9,Content Placeholder 5,,,False,rId3,http://schemas.openxmlformats.org/officeDocument/2006/relationships/image,ppt/media/image41.jpeg,False,,JPEG,image/jpeg,1296,775,497283,fcf27fdc87c9feff7a0aab49128f2ee0a6739e3b32cfc10209f28666c9a41dd6,sha256:fcf27fdc87c9feff,1
DPN02. Attention_Prediction_Expectation:s41:o1,DPN02. Attention_Prediction_Expectation.pptx,"/Users/huz/Library/CloudStorage/OneDrive-SyddanskUniversitet/Teaching/Decision, Persuasion, and Negotiation/Notes/Slides 2026/DPN02. Attention_Prediction_Expectation.pptx",41,False,1,embedded-image,6,Picture 5,,,False,rId3,http://schemas.openxmlformats.org/officeDocument/2006/relationships/image,ppt/media/image42.png,False,,PNG,image/png,1122,1402,1728753,f661e27a358a26ce7f0f70f1d13ea0ad858351a1eb0e7c00b02f35c5a5a4758d,sha256:f661e27a358a26ce,1
DPN02. Attention_Prediction_Expectation:s41:o2,DPN02. Attention_Prediction_Expectation.pptx,"/Users/huz/Library/CloudStorage/OneDrive-SyddanskUniversitet/Teaching/Decision, Persuasion, and Negotiation/Notes/Slides 2026/DPN02. Attention_Prediction_Expectation.pptx",41,False,2,embedded-image,8,Picture 7,,,False,rId4,http://schemas.openxmlformats.org/officeDocument/2006/relationships/image,ppt/media/image43.png,False,,PNG,image/png,1448,1086,1464296,6417b9c3eab1f91ea563c64b2af843ba164ba774febf322a4045f7adb891a85e,sha256:6417b9c3eab1f91e,1
DPN02. Attention_Prediction_Expectation:s41:o3,DPN02. Attention_Prediction_Expectation.pptx,"/Users/huz/Library/CloudStorage/OneDrive-SyddanskUniversitet/Teaching/Decision, Persuasion, and Negotiation/Notes/Slides 2026/DPN02. Attention_Prediction_Expectation.pptx",41,False,3,embedded-image,9,Picture 8,,,False,rId5,http://schemas.openxmlformats.org/officeDocument/2006/relationships/image,ppt/media/image44.png,False,,PNG,image/png,1358,1018,1187300,4477db1147e378969c03a69c7fb8e34ab6cd23a23129378eb9aa4930cbed8fbf,sha256:4477db1147e37896,1
DPN02. Attention_Prediction_Expectation:s42:o1,DPN02. Attention_Prediction_Expectation.pptx,"/Users/huz/Library/CloudStorage/OneDrive-SyddanskUniversitet/Teaching/Decision, Persuasion, and Negotiation/Notes/Slides 2026/DPN02. Attention_Prediction_Expectation.pptx",42,False,1,embedded-image,1026,Picture 2,,squirreloraligator_results,False,rId3,http://schemas.openxmlformats.org/officeDocument/2006/relationships/image,ppt/media/image45.png,False,,PNG,image/png,595,443,29304,ee6f43a9b86d3cd39d9ad1ab3af4ff7df84f63f1d9baf6a79e6f2c941ff8f64a,sha256:ee6f43a9b86d3cd3,1
DPN02. Attention_Prediction_Expectation:s43:o1,DPN02. Attention_Prediction_Expectation.pptx,"/Users/huz/Library/CloudStorage/OneDrive-SyddanskUniversitet/Teaching/Decision, Persuasion, and Negotiation/Notes/Slides 2026/DPN02. Attention_Prediction_Expectation.pptx",43,False,1,embedded-image,6,Picture 5,,2c70590979de70f6a8e7bb98c202e6f936c19350_v3.png,False,rId3,http://schemas.openxmlformats.org/officeDocument/2006/relationships/image,ppt/media/image46.png,False,,PNG,image/png,1672,941,1757232,e2b7d04049921eb7c3ce80bb555241f6f786e1babb88b8663992946a626f80de,sha256:e2b7d04049921eb7,1
DPN02. Attention_Prediction_Expectation:s45:o1,DPN02. Attention_Prediction_Expectation.pptx,"/Users/huz/Library/CloudStorage/OneDrive-SyddanskUniversitet/Teaching/Decision, Persuasion, and Negotiation/Notes/Slides 2026/DPN02. Attention_Prediction_Expectation.pptx",45,False,1,embedded-image,6,Image 0,,/mnt/data/a_realistic_indoor_medical_consultation_scene_in_a_batch_2.png,False,rId3,http://schemas.openxmlformats.org/officeDocument/2006/relationships/image,ppt/media/image47.jpeg,False,,JPEG,image/jpeg,1262,941,308127,30c65c97309dff6da9ee5c183ba20a4336246c5acf1cc2d19cab49f681c0ba20,sha256:30c65c97309dff6d,1
DPN02. Attention_Prediction_Expectation:s48:o1,DPN02. Attention_Prediction_Expectation.pptx,"/Users/huz/Library/CloudStorage/OneDrive-SyddanskUniversitet/Teaching/Decision, Persuasion, and Negotiation/Notes/Slides 2026/DPN02. Attention_Prediction_Expectation.pptx",48,False,1,embedded-image,7,Picture 6,,,False,rId3,http://schemas.openxmlformats.org/officeDocument/2006/relationships/image,ppt/media/image48.png,False,,PNG,image/png,1448,1086,2024205,8ab92a28dbcb93aa5a1cff6fd6dbf1f5b56ff8004d8d391da654166db80c808d,sha256:8ab92a28dbcb93aa,1
DPN02. Attention_Prediction_Expectation:s49:o1,DPN02. Attention_Prediction_Expectation.pptx,"/Users/huz/Library/CloudStorage/OneDrive-SyddanskUniversitet/Teaching/Decision, Persuasion, and Negotiation/Notes/Slides 2026/DPN02. Attention_Prediction_Expectation.pptx",49,False,1,embedded-image,9,Content Placeholder 5,,,False,rId3,http://schemas.openxmlformats.org/officeDocument/2006/relationships/image,ppt/media/image49.jpeg,False,,JPEG,image/jpeg,1340,838,82032,705dcc87529522efaf118c0fbe0249804f59140ae79875b7af7f29cd7253b2a0,sha256:705dcc87529522ef,1
DPN02. Attention_Prediction_Expectation:s50:o1,DPN02. Attention_Prediction_Expectation.pptx,"/Users/huz/Library/CloudStorage/OneDrive-SyddanskUniversitet/Teaching/Decision, Persuasion, and Negotiation/Notes/Slides 2026/DPN02. Attention_Prediction_Expectation.pptx",50,False,1,embedded-image,6,Image 0,,/mnt/data/a_cinematic_highly_detailed_conceptual_scene_a_m_batch_6.png,False,rId3,http://schemas.openxmlformats.org/officeDocument/2006/relationships/image,ppt/media/image50.jpeg,False,,JPEG,image/jpeg,1262,941,398856,e0ce5784bc8e112e35be824f480199d8e55d4bd4eee7f3d094412a760817b1ef,sha256:e0ce5784bc8e112e,1
DPN02. Attention_Prediction_Expectation:s52:o1,DPN02. Attention_Prediction_Expectation.pptx,"/Users/huz/Library/CloudStorage/OneDrive-SyddanskUniversitet/Teaching/Decision, Persuasion, and Negotiation/Notes/Slides 2026/DPN02. Attention_Prediction_Expectation.pptx",52,False,1,embedded-image,9,Content Placeholder 5,,,False,rId3,http://schemas.openxmlformats.org/officeDocument/2006/relationships/image,ppt/media/image51.jpeg,False,,JPEG,image/jpeg,1200,752,81162,b78e636d2cae9f0afb432164c0de861a1842f22f19728e4fd7b1c9248c633105,sha256:b78e636d2cae9f0a,1
DPN02. Attention_Prediction_Expectation:s53:o1,DPN02. Attention_Prediction_Expectation.pptx,"/Users/huz/Library/CloudStorage/OneDrive-SyddanskUniversitet/Teaching/Decision, Persuasion, and Negotiation/Notes/Slides 2026/DPN02. Attention_Prediction_Expectation.pptx",53,False,1,embedded-image,6,Image 0,,/mnt/data/a_wide_cinematic_sun_dappled_park_or_tree_lined_batch_5.png,False,rId3,http://schemas.openxmlformats.org/officeDocument/2006/relationships/image,ppt/media/image52.jpeg,False,,JPEG,image/jpeg,1262,941,420826,3bd103d43b747a334e5eeda4f32db541b03a2583edd16172593acb3ec22b2d88,sha256:3bd103d43b747a33,1
DPN02. Attention_Prediction_Expectation:s54:o1,DPN02. Attention_Prediction_Expectation.pptx,"/Users/huz/Library/CloudStorage/OneDrive-SyddanskUniversitet/Teaching/Decision, Persuasion, and Negotiation/Notes/Slides 2026/DPN02. Attention_Prediction_Expectation.pptx",54,False,1,embedded-image,9,Content Placeholder 5,,,False,rId3,http://schemas.openxmlformats.org/officeDocument/2006/relationships/image,ppt/media/image53.jpeg,False,,JPEG,image/jpeg,1320,1393,212696,36106f77df6c88007f6758c25c427e847cd0600a746f33956aaace7bbac4e797,sha256:36106f77df6c8800,1
DPN02. Attention_Prediction_Expectation:s55:o1,DPN02. Attention_Prediction_Expectation.pptx,"/Users/huz/Library/CloudStorage/OneDrive-SyddanskUniversitet/Teaching/Decision, Persuasion, and Negotiation/Notes/Slides 2026/DPN02. Attention_Prediction_Expectation.pptx",55,False,1,embedded-image,7,Picture 6,,,False,rId3,http://schemas.openxmlformats.org/officeDocument/2006/relationships/image,ppt/media/image54.jpeg,False,,JPEG,image/jpeg,896,688,149143,2af8d6a48b5d69f78042723177076808424787c8c1b09c2eec87919fedff3a9b,sha256:2af8d6a48b5d69f7,1
DPN02. Attention_Prediction_Expectation:s56:o1,DPN02. Attention_Prediction_Expectation.pptx,"/Users/huz/Library/CloudStorage/OneDrive-SyddanskUniversitet/Teaching/Decision, Persuasion, and Negotiation/Notes/Slides 2026/DPN02. Attention_Prediction_Expectation.pptx",56,False,1,embedded-image,5,Picture 4,,,False,rId3,http://schemas.openxmlformats.org/officeDocument/2006/relationships/image,ppt/media/image55.png,False,,PNG,image/png,1672,941,1721731,b74a815cdc93004c73e4c6b39750e8bc3ff32b2a38a10798a6438310c6f607d9,sha256:b74a815cdc93004c,1
DPN02. Attention_Prediction_Expectation:s57:o1,DPN02. Attention_Prediction_Expectation.pptx,"/Users/huz/Library/CloudStorage/OneDrive-SyddanskUniversitet/Teaching/Decision, Persuasion, and Negotiation/Notes/Slides 2026/DPN02. Attention_Prediction_Expectation.pptx",57,False,1,embedded-image,10,Picture 9,,,False,rId3,http://schemas.openxmlformats.org/officeDocument/2006/relationships/image,ppt/media/image56.tiff,False,,TIFF,image/tiff,550,800,1324358,c2b56531ed3329a913f19140f3a32ab31dc308e8ff1d49c76f54bcf214115167,sha256:c2b56531ed3329a9,1
DPN02. Attention_Prediction_Expectation:s58:o1,DPN02. Attention_Prediction_Expectation.pptx,"/Users/huz/Library/CloudStorage/OneDrive-SyddanskUniversitet/Teaching/Decision, Persuasion, and Negotiation/Notes/Slides 2026/DPN02. Attention_Prediction_Expectation.pptx",58,False,1,embedded-image,7,Picture 6,,"A screenshot of a cell phone

Description automatically generated",False,rId3,http://schemas.openxmlformats.org/officeDocument/2006/relationships/image,ppt/media/image57.png,False,,PNG,image/png,796,702,61458,bc90ee66a01bccc7c3adb2396e7c0beccb5faeda291efee6db731bf9fced82f4,sha256:bc90ee66a01bccc7,1
DPN02. Attention_Prediction_Expectation:s58:o2,DPN02. Attention_Prediction_Expectation.pptx,"/Users/huz/Library/CloudStorage/OneDrive-SyddanskUniversitet/Teaching/Decision, Persuasion, and Negotiation/Notes/Slides 2026/DPN02. Attention_Prediction_Expectation.pptx",58,False,2,embedded-image,6,Picture 5,,"A screenshot of a cell phone

Description automatically generated",False,rId4,http://schemas.openxmlformats.org/officeDocument/2006/relationships/image,ppt/media/image58.png,False,,PNG,image/png,199,72,6557,422b89e6ecd7d715f9b21216da5a15da20c4cafa3f82e82ac1e339cbe15fd56e,sha256:422b89e6ecd7d715,1
DPN02. Attention_Prediction_Expectation:s58:o3,DPN02. Attention_Prediction_Expectation.pptx,"/Users/huz/Library/CloudStorage/OneDrive-SyddanskUniversitet/Teaching/Decision, Persuasion, and Negotiation/Notes/Slides 2026/DPN02. Attention_Prediction_Expectation.pptx",58,False,3,embedded-image,9,Image 0,,/mnt/data/a_realistic_well_lit_modern_classroom_studio_scen_batch_3.png,False,rId5,http://schemas.openxmlformats.org/officeDocument/2006/relationships/image,ppt/media/image59.jpeg,False,,JPEG,image/jpeg,1262,941,378458,3158c24ec0568e7ba0574ffd38f5ab33b2139a4b804bca615df4d1b945bcaefb,sha256:3158c24ec0568e7b,1
DPN02. Attention_Prediction_Expectation:s59:o1,DPN02. Attention_Prediction_Expectation.pptx,"/Users/huz/Library/CloudStorage/OneDrive-SyddanskUniversitet/Teaching/Decision, Persuasion, and Negotiation/Notes/Slides 2026/DPN02. Attention_Prediction_Expectation.pptx",59,False,1,embedded-image,6,Image 0,,/mnt/data/a_cinematic_conceptual_business_strategy_scene_in.png,False,rId3,http://schemas.openxmlformats.org/officeDocument/2006/relationships/image,ppt/media/image60.jpeg,False,,JPEG,image/jpeg,1262,941,416806,3ceeced78de3ba08a8677c4ca54dd691bc459ebb3ca40139ff78fa345a3df276,sha256:3ceeced78de3ba08,1
DPN02. Attention_Prediction_Expectation:s60:o1,DPN02. Attention_Prediction_Expectation.pptx,"/Users/huz/Library/CloudStorage/OneDrive-SyddanskUniversitet/Teaching/Decision, Persuasion, and Negotiation/Notes/Slides 2026/DPN02. Attention_Prediction_Expectation.pptx",60,False,1,embedded-image,3,Picture 2,,Premium Red Wine – Bravo Farms,False,rId3,http://schemas.openxmlformats.org/officeDocument/2006/relationships/image,ppt/media/image61.jpeg,False,,JPEG,image/jpeg,447,447,10152,d420bdb1d1e4a58697805f283f3fc0de2418dc5139a7416ae298b57b50568815,sha256:d420bdb1d1e4a586,1
DPN02. Attention_Prediction_Expectation:s60:o2,DPN02. Attention_Prediction_Expectation.pptx,"/Users/huz/Library/CloudStorage/OneDrive-SyddanskUniversitet/Teaching/Decision, Persuasion, and Negotiation/Notes/Slides 2026/DPN02. Attention_Prediction_Expectation.pptx",60,False,2,embedded-image,4,Picture 3,,1 l Isarseidel glass stein – Original Hofbräuhaus Maßstein Munich,False,rId4,http://schemas.openxmlformats.org/officeDocument/2006/relationships/image,ppt/media/image62.jpeg,False,,JPEG,image/jpeg,357,560,21844,592142e2591586df2e565984dc131d7aabfcf95b1be771dacd29c4cb791674df,sha256:592142e2591586df,1
DPN02. Attention_Prediction_Expectation:s60:o3,DPN02. Attention_Prediction_Expectation.pptx,"/Users/huz/Library/CloudStorage/OneDrive-SyddanskUniversitet/Teaching/Decision, Persuasion, and Negotiation/Notes/Slides 2026/DPN02. Attention_Prediction_Expectation.pptx",60,False,3,embedded-image,14,Picture 13,,,False,rId5,http://schemas.openxmlformats.org/officeDocument/2006/relationships/image,ppt/media/image63.png,False,,PNG,image/png,300,315,68657,6b7dc228235eb907aa579f483178869433ed81620fed68fbb17dc98be4998ed7,sha256:6b7dc228235eb907,1
DPN02. Attention_Prediction_Expectation:s63:o1,DPN02. Attention_Prediction_Expectation.pptx,"/Users/huz/Library/CloudStorage/OneDrive-SyddanskUniversitet/Teaching/Decision, Persuasion, and Negotiation/Notes/Slides 2026/DPN02. Attention_Prediction_Expectation.pptx",63,False,1,embedded-image,4,Image 0,,/mnt/data/a_wide_cinematic_digital_illustration_concept_a_batch_1.png,False,rId3,http://schemas.openxmlformats.org/officeDocument/2006/relationships/image,ppt/media/image64.jpeg,False,,JPEG,image/jpeg,1672,941,453153,dc3c42270e494a1955bf55718e078c33d2662bdb3fb20294ab42c423a6c913d9,sha256:dc3c42270e494a19,3
DPN02. Attention_Prediction_Expectation:s64:o1,DPN02. Attention_Prediction_Expectation.pptx,"/Users/huz/Library/CloudStorage/OneDrive-SyddanskUniversitet/Teaching/Decision, Persuasion, and Negotiation/Notes/Slides 2026/DPN02. Attention_Prediction_Expectation.pptx",64,False,1,embedded-image,2,Image 0,,/mnt/data/revised_assets/slide02_img01_e782cb844384.jpg,False,rId3,http://schemas.openxmlformats.org/officeDocument/2006/relationships/image,ppt/media/image65.jpg,False,,JPEG,image/jpeg,1672,941,453153,67146575d2c8d0740eb30e15fca03fa6518fd2d0c310f3af86d07814e49e70fc,sha256:67146575d2c8d074,3
DPN02. Attention_Prediction_Expectation:s65:o1,DPN02. Attention_Prediction_Expectation.pptx,"/Users/huz/Library/CloudStorage/OneDrive-SyddanskUniversitet/Teaching/Decision, Persuasion, and Negotiation/Notes/Slides 2026/DPN02. Attention_Prediction_Expectation.pptx",65,False,1,embedded-image,33,Picture 32,,,False,rId3,http://schemas.openxmlformats.org/officeDocument/2006/relationships/image,ppt/media/image66.png,False,,PNG,image/png,140,145,20790,57b23264ebdc989ccf2b266d2695617cd013de948c1a279261c1c317c7e3119d,sha256:57b23264ebdc989c,2
DPN02. Attention_Prediction_Expectation:s65:o2,DPN02. Attention_Prediction_Expectation.pptx,"/Users/huz/Library/CloudStorage/OneDrive-SyddanskUniversitet/Teaching/Decision, Persuasion, and Negotiation/Notes/Slides 2026/DPN02. Attention_Prediction_Expectation.pptx",65,False,2,embedded-image,38,Picture 37,,,False,rId4,http://schemas.openxmlformats.org/officeDocument/2006/relationships/image,ppt/media/image67.png,False,,PNG,image/png,175,174,50539,75156168270209ecaa710a213eb8e315d8abee0e629ad8c3277eed1032477025,sha256:75156168270209ec,2
DPN02. Attention_Prediction_Expectation:s65:o3,DPN02. Attention_Prediction_Expectation.pptx,"/Users/huz/Library/CloudStorage/OneDrive-SyddanskUniversitet/Teaching/Decision, Persuasion, and Negotiation/Notes/Slides 2026/DPN02. Attention_Prediction_Expectation.pptx",65,False,3,embedded-image,39,Picture 38,,,False,rId5,http://schemas.openxmlformats.org/officeDocument/2006/relationships/image,ppt/media/image68.png,False,,PNG,image/png,156,127,16284,df50d5c286551033547200cb54e6df005d37abf75e8c6914c49877bc7259a73d,sha256:df50d5c286551033,2
DPN02. Attention_Prediction_Expectation:s65:o4,DPN02. Attention_Prediction_Expectation.pptx,"/Users/huz/Library/CloudStorage/OneDrive-SyddanskUniversitet/Teaching/Decision, Persuasion, and Negotiation/Notes/Slides 2026/DPN02. Attention_Prediction_Expectation.pptx",65,False,4,embedded-image,40,Picture 39,,,False,rId6,http://schemas.openxmlformats.org/officeDocument/2006/relationships/image,ppt/media/image69.png,False,,PNG,image/png,198,185,55539,bd6359afeb652b25b92078cf79277626564f41abeec44bed7101032e84b39c05,sha256:bd6359afeb652b25,2
DPN02. Attention_Prediction_Expectation:s65:o5,DPN02. Attention_Prediction_Expectation.pptx,"/Users/huz/Library/CloudStorage/OneDrive-SyddanskUniversitet/Teaching/Decision, Persuasion, and Negotiation/Notes/Slides 2026/DPN02. Attention_Prediction_Expectation.pptx",65,False,5,embedded-image,41,Picture 40,,,False,rId7,http://schemas.openxmlformats.org/officeDocument/2006/relationships/image,ppt/media/image70.png,False,,PNG,image/png,186,128,20446,05e35d42651fd2c0bc162042a40ed6cd05f85c846d1077b3c438779ae87e7322,sha256:05e35d42651fd2c0,2
DPN02. Attention_Prediction_Expectation:s65:o6,DPN02. Attention_Prediction_Expectation.pptx,"/Users/huz/Library/CloudStorage/OneDrive-SyddanskUniversitet/Teaching/Decision, Persuasion, and Negotiation/Notes/Slides 2026/DPN02. Attention_Prediction_Expectation.pptx",65,False,6,embedded-image,43,Picture 42,,,False,rId8,http://schemas.openxmlformats.org/officeDocument/2006/relationships/image,ppt/media/image71.png,False,,PNG,image/png,105,113,9239,7a198017f43c75b4ada1bfccb6a97172445d3fcc1e57cfdf5816cea125b13f1d,sha256:7a198017f43c75b4,2
DPN02. Attention_Prediction_Expectation:s65:o7,DPN02. Attention_Prediction_Expectation.pptx,"/Users/huz/Library/CloudStorage/OneDrive-SyddanskUniversitet/Teaching/Decision, Persuasion, and Negotiation/Notes/Slides 2026/DPN02. Attention_Prediction_Expectation.pptx",65,False,7,embedded-image,42,Picture 41,,,False,rId9,http://schemas.openxmlformats.org/officeDocument/2006/relationships/image,ppt/media/image72.png,False,,PNG,image/png,126,102,10915,0819e56a42f3f29a715e5484ed1881363dade2f31b930f9bae18f76d079138a2,sha256:0819e56a42f3f29a,2
DPN02. Attention_Prediction_Expectation:s65:o8,DPN02. Attention_Prediction_Expectation.pptx,"/Users/huz/Library/CloudStorage/OneDrive-SyddanskUniversitet/Teaching/Decision, Persuasion, and Negotiation/Notes/Slides 2026/DPN02. Attention_Prediction_Expectation.pptx",65,False,8,embedded-image,5,Picture 4,,,False,rId10,http://schemas.openxmlformats.org/officeDocument/2006/relationships/image,ppt/media/image73.png,False,,PNG,image/png,82,104,16994,69a01260b5730056289c1ceb71cba13818e2500bf82a8c4aae7dc442d19e11b4,sha256:69a01260b5730056,2
DPN02. Attention_Prediction_Expectation:s65:o9,DPN02. Attention_Prediction_Expectation.pptx,"/Users/huz/Library/CloudStorage/OneDrive-SyddanskUniversitet/Teaching/Decision, Persuasion, and Negotiation/Notes/Slides 2026/DPN02. Attention_Prediction_Expectation.pptx",65,False,9,embedded-image,110,Picture 109,,,False,rId11,http://schemas.openxmlformats.org/officeDocument/2006/relationships/image,ppt/media/image74.png,False,,PNG,image/png,75,74,13350,f0de0d32fd38330a2b81229afe321b659478bd6fbde300b190a05403b0825dce,sha256:f0de0d32fd38330a,2
DPN02. Attention_Prediction_Expectation:s65:o10,DPN02. Attention_Prediction_Expectation.pptx,"/Users/huz/Library/CloudStorage/OneDrive-SyddanskUniversitet/Teaching/Decision, Persuasion, and Negotiation/Notes/Slides 2026/DPN02. Attention_Prediction_Expectation.pptx",65,False,10,embedded-image,154,Picture 153,,,False,rId12,http://schemas.openxmlformats.org/officeDocument/2006/relationships/image,ppt/media/image75.png,False,,PNG,image/png,191,169,46374,cea9f298efd17ee63ad8343ef6d2765166e8250d93432dfbcce267c81c55a40e,sha256:cea9f298efd17ee6,2
DPN02. Attention_Prediction_Expectation:s66:o1,DPN02. Attention_Prediction_Expectation.pptx,"/Users/huz/Library/CloudStorage/OneDrive-SyddanskUniversitet/Teaching/Decision, Persuasion, and Negotiation/Notes/Slides 2026/DPN02. Attention_Prediction_Expectation.pptx",66,False,1,embedded-image,8,Picture 7,,Washed-out colour photograph of a lace dress,False,rId3,http://schemas.openxmlformats.org/officeDocument/2006/relationships/image,ppt/media/image76.jpeg,False,,JPEG,image/jpeg,250,380,23285,3cbaf2735d886dc80ec55c3fbecb051a13c5fd12b4d48bf5782fa2bf645e335f,sha256:3cbaf2735d886dc8,1
DPN02. Attention_Prediction_Expectation:s66:o2,DPN02. Attention_Prediction_Expectation.pptx,"/Users/huz/Library/CloudStorage/OneDrive-SyddanskUniversitet/Teaching/Decision, Persuasion, and Negotiation/Notes/Slides 2026/DPN02. Attention_Prediction_Expectation.pptx",66,False,2,embedded-image,9,Picture 8,,,False,rId4,http://schemas.openxmlformats.org/officeDocument/2006/relationships/image,ppt/media/image77.png,False,,PNG,image/png,250,188,22213,65ec766d42b62a7bec223fd1a03d7579e4a5a5b4e0caf9e2a83c3fb9d2b6be9f,sha256:65ec766d42b62a7b,1
DPN02. Attention_Prediction_Expectation:s67:o1,DPN02. Attention_Prediction_Expectation.pptx,"/Users/huz/Library/CloudStorage/OneDrive-SyddanskUniversitet/Teaching/Decision, Persuasion, and Negotiation/Notes/Slides 2026/DPN02. Attention_Prediction_Expectation.pptx",67,False,1,embedded-image,6,Picture 5,,d7fdb0fa91f673358afe4d2e52d5d63463fb592d_v3.png,False,rId3,http://schemas.openxmlformats.org/officeDocument/2006/relationships/image,ppt/media/image78.png,False,,PNG,image/png,1672,941,1785779,d4c0c3e9e220bbc7be4aaf30f0c168653ee517e6de8c6fe094e51ba3e2bb80c2,sha256:d4c0c3e9e220bbc7,2
DPN02. Attention_Prediction_Expectation:s68:o1,DPN02. Attention_Prediction_Expectation.pptx,"/Users/huz/Library/CloudStorage/OneDrive-SyddanskUniversitet/Teaching/Decision, Persuasion, and Negotiation/Notes/Slides 2026/DPN02. Attention_Prediction_Expectation.pptx",68,False,1,embedded-image,6,Image 0,,/mnt/data/a_high_detail_infographic_style_collage_sci_art_sc.png,False,rId3,http://schemas.openxmlformats.org/officeDocument/2006/relationships/image,ppt/media/image79.jpeg,False,,JPEG,image/jpeg,1262,941,431463,68d6b8fb6383febd59a5366511782d4efe95b5cb9b61223a84d47ec2e77cd0eb,sha256:68d6b8fb6383febd,1
DPN02. Attention_Prediction_Expectation:s69:o1,DPN02. Attention_Prediction_Expectation.pptx,"/Users/huz/Library/CloudStorage/OneDrive-SyddanskUniversitet/Teaching/Decision, Persuasion, and Negotiation/Notes/Slides 2026/DPN02. Attention_Prediction_Expectation.pptx",69,False,1,embedded-image,8,Picture 7,,,False,rId3,http://schemas.openxmlformats.org/officeDocument/2006/relationships/image,ppt/media/image80.png,False,,PNG,image/png,1363,970,2282282,e632cf2761af4bae33155856d113a03453936425a4d9e36a2d29915a2094880a,sha256:e632cf2761af4bae,1
DPN02. Attention_Prediction_Expectation:s70:o1,DPN02. Attention_Prediction_Expectation.pptx,"/Users/huz/Library/CloudStorage/OneDrive-SyddanskUniversitet/Teaching/Decision, Persuasion, and Negotiation/Notes/Slides 2026/DPN02. Attention_Prediction_Expectation.pptx",70,False,1,embedded-image,9,Content Placeholder 5,,,False,rId3,http://schemas.openxmlformats.org/officeDocument/2006/relationships/image,ppt/media/image81.png,False,,PNG,image/png,405,381,169411,2dfd9f6f364bdbfb9158bfd589ded49995e6f86b0fe199038fdd33bddd743b90,sha256:2dfd9f6f364bdbfb,1
DPN02. Attention_Prediction_Expectation:s70:o2,DPN02. Attention_Prediction_Expectation.pptx,"/Users/huz/Library/CloudStorage/OneDrive-SyddanskUniversitet/Teaching/Decision, Persuasion, and Negotiation/Notes/Slides 2026/DPN02. Attention_Prediction_Expectation.pptx",70,False,2,embedded-image,3,Content Placeholder 5,,,False,rId4,http://schemas.openxmlformats.org/officeDocument/2006/relationships/image,ppt/media/image82.png,False,,PNG,image/png,797,109,77708,1967ceec9894441449d9ac0f8534b9aad870d7b7fbb9439fed1e8e6735fb924a,sha256:1967ceec98944414,1
DPN02. Attention_Prediction_Expectation:s70:o3,DPN02. Attention_Prediction_Expectation.pptx,"/Users/huz/Library/CloudStorage/OneDrive-SyddanskUniversitet/Teaching/Decision, Persuasion, and Negotiation/Notes/Slides 2026/DPN02. Attention_Prediction_Expectation.pptx",70,False,3,embedded-image,5,Content Placeholder 5,,,False,rId5,http://schemas.openxmlformats.org/officeDocument/2006/relationships/image,ppt/media/image83.png,False,,PNG,image/png,386,381,187282,2180e0e7b5b6b76bcc4f3bfd468976ed0e71cb312852aeadd6201b595c32123a,sha256:2180e0e7b5b6b76b,1
DPN02. Attention_Prediction_Expectation:s72:o1,DPN02. Attention_Prediction_Expectation.pptx,"/Users/huz/Library/CloudStorage/OneDrive-SyddanskUniversitet/Teaching/Decision, Persuasion, and Negotiation/Notes/Slides 2026/DPN02. Attention_Prediction_Expectation.pptx",72,True,1,embedded-image,2,Image 0,,/mnt/data/a_high_detail_infographic_style_collage_sci_art_sc_batch_4.png,False,rId3,http://schemas.openxmlformats.org/officeDocument/2006/relationships/image,ppt/media/image84.jpeg,False,,JPEG,image/jpeg,1672,941,590258,bcbaaaaf337a73703a7452917c86d49103b1f7a653f82495445d8600307f1837,sha256:bcbaaaaf337a7370,1
DPN02. Attention_Prediction_Expectation:s72:o2,DPN02. Attention_Prediction_Expectation.pptx,"/Users/huz/Library/CloudStorage/OneDrive-SyddanskUniversitet/Teaching/Decision, Persuasion, and Negotiation/Notes/Slides 2026/DPN02. Attention_Prediction_Expectation.pptx",72,True,2,embedded-image,9,Picture 8,,,False,rId4,http://schemas.openxmlformats.org/officeDocument/2006/relationships/image,ppt/media/image85.png,False,,PNG,image/png,1672,941,2124955,fe4edb261dc69841d4688c996bad5d73964456125332b15f15cf209d9fe17e12,sha256:fe4edb261dc69841,1
DPN02. Attention_Prediction_Expectation:s72:o3,DPN02. Attention_Prediction_Expectation.pptx,"/Users/huz/Library/CloudStorage/OneDrive-SyddanskUniversitet/Teaching/Decision, Persuasion, and Negotiation/Notes/Slides 2026/DPN02. Attention_Prediction_Expectation.pptx",72,True,3,embedded-image,10,Picture 9,,,False,rId5,http://schemas.openxmlformats.org/officeDocument/2006/relationships/image,ppt/media/image86.png,False,,PNG,image/png,2138,884,2315107,eb35263dcc46ed8e996c7a419e00994189e092b60c634a9e111d4c0ecf65338e,sha256:eb35263dcc46ed8e,1
DPN02. Attention_Prediction_Expectation:s73:o1,DPN02. Attention_Prediction_Expectation.pptx,"/Users/huz/Library/CloudStorage/OneDrive-SyddanskUniversitet/Teaching/Decision, Persuasion, and Negotiation/Notes/Slides 2026/DPN02. Attention_Prediction_Expectation.pptx",73,True,1,embedded-image,2,Image 0,,/mnt/data/a_wide_high_detail_conceptual_sci_fi_infographic_batch_6.png,False,rId3,http://schemas.openxmlformats.org/officeDocument/2006/relationships/image,ppt/media/image87.jpeg,False,,JPEG,image/jpeg,1672,941,587252,7b1b9bdc5c850baf7a7fb809c3ba25f042672140b33f038386c3a877e798c29b,sha256:7b1b9bdc5c850baf,1
DPN02. Attention_Prediction_Expectation:s74:o1,DPN02. Attention_Prediction_Expectation.pptx,"/Users/huz/Library/CloudStorage/OneDrive-SyddanskUniversitet/Teaching/Decision, Persuasion, and Negotiation/Notes/Slides 2026/DPN02. Attention_Prediction_Expectation.pptx",74,True,1,embedded-image,6,Picture 5,,d7fdb0fa91f673358afe4d2e52d5d63463fb592d_v3.png,False,rId3,http://schemas.openxmlformats.org/officeDocument/2006/relationships/image,ppt/media/image78.png,False,,PNG,image/png,1672,941,1785779,d4c0c3e9e220bbc7be4aaf30f0c168653ee517e6de8c6fe094e51ba3e2bb80c2,sha256:d4c0c3e9e220bbc7,2
DPN02. Attention_Prediction_Expectation:s76:o1,DPN02. Attention_Prediction_Expectation.pptx,"/Users/huz/Library/CloudStorage/OneDrive-SyddanskUniversitet/Teaching/Decision, Persuasion, and Negotiation/Notes/Slides 2026/DPN02. Attention_Prediction_Expectation.pptx",76,True,1,embedded-image,6,Image 0,,/mnt/data/revised_assets/slide38_img04_e296b5efa0a7.jpg,False,rId3,http://schemas.openxmlformats.org/officeDocument/2006/relationships/image,ppt/media/image35.jpeg,False,,JPEG,image/jpeg,249,202,7536,df4bb35e1c8bd6f6c431abdfd0d7602654278a482dbc3a36a4ace26e002e8ae1,sha256:df4bb35e1c8bd6f6,2
DPN02. Attention_Prediction_Expectation:s77:o1,DPN02. Attention_Prediction_Expectation.pptx,"/Users/huz/Library/CloudStorage/OneDrive-SyddanskUniversitet/Teaching/Decision, Persuasion, and Negotiation/Notes/Slides 2026/DPN02. Attention_Prediction_Expectation.pptx",77,True,1,embedded-image,20,Image 0,,/mnt/data/revised_assets/slide40_img04_2da4bad0d7c0.png,False,rId3,http://schemas.openxmlformats.org/officeDocument/2006/relationships/image,ppt/media/image88.png,False,,PNG,image/png,268,285,47185,228286a348c18b67635ef38d5804b1177fbf87e12f67e66abc6fd1a46d8dc883,sha256:228286a348c18b67,1
DPN02. Attention_Prediction_Expectation:s79:o1,DPN02. Attention_Prediction_Expectation.pptx,"/Users/huz/Library/CloudStorage/OneDrive-SyddanskUniversitet/Teaching/Decision, Persuasion, and Negotiation/Notes/Slides 2026/DPN02. Attention_Prediction_Expectation.pptx",79,True,1,embedded-image,9,Content Placeholder 5,,,False,rId3,http://schemas.openxmlformats.org/officeDocument/2006/relationships/image,ppt/media/image89.png,False,,PNG,image/png,2320,670,487483,6603b24d5402d5309cf2bc89da773b7828f56ecb8db882cd85f8df7af007b825,sha256:6603b24d5402d530,1
DPN02. Attention_Prediction_Expectation:s86:o1,DPN02. Attention_Prediction_Expectation.pptx,"/Users/huz/Library/CloudStorage/OneDrive-SyddanskUniversitet/Teaching/Decision, Persuasion, and Negotiation/Notes/Slides 2026/DPN02. Attention_Prediction_Expectation.pptx",86,True,1,embedded-image,33,Picture 32,,,False,rId3,http://schemas.openxmlformats.org/officeDocument/2006/relationships/image,ppt/media/image66.png,False,,PNG,image/png,140,145,20790,57b23264ebdc989ccf2b266d2695617cd013de948c1a279261c1c317c7e3119d,sha256:57b23264ebdc989c,2
DPN02. Attention_Prediction_Expectation:s86:o2,DPN02. Attention_Prediction_Expectation.pptx,"/Users/huz/Library/CloudStorage/OneDrive-SyddanskUniversitet/Teaching/Decision, Persuasion, and Negotiation/Notes/Slides 2026/DPN02. Attention_Prediction_Expectation.pptx",86,True,2,embedded-image,38,Picture 37,,,False,rId4,http://schemas.openxmlformats.org/officeDocument/2006/relationships/image,ppt/media/image67.png,False,,PNG,image/png,175,174,50539,75156168270209ecaa710a213eb8e315d8abee0e629ad8c3277eed1032477025,sha256:75156168270209ec,2
DPN02. Attention_Prediction_Expectation:s86:o3,DPN02. Attention_Prediction_Expectation.pptx,"/Users/huz/Library/CloudStorage/OneDrive-SyddanskUniversitet/Teaching/Decision, Persuasion, and Negotiation/Notes/Slides 2026/DPN02. Attention_Prediction_Expectation.pptx",86,True,3,embedded-image,39,Picture 38,,,False,rId5,http://schemas.openxmlformats.org/officeDocument/2006/relationships/image,ppt/media/image68.png,False,,PNG,image/png,156,127,16284,df50d5c286551033547200cb54e6df005d37abf75e8c6914c49877bc7259a73d,sha256:df50d5c286551033,2
DPN02. Attention_Prediction_Expectation:s86:o4,DPN02. Attention_Prediction_Expectation.pptx,"/Users/huz/Library/CloudStorage/OneDrive-SyddanskUniversitet/Teaching/Decision, Persuasion, and Negotiation/Notes/Slides 2026/DPN02. Attention_Prediction_Expectation.pptx",86,True,4,embedded-image,40,Picture 39,,,False,rId6,http://schemas.openxmlformats.org/officeDocument/2006/relationships/image,ppt/media/image69.png,False,,PNG,image/png,198,185,55539,bd6359afeb652b25b92078cf79277626564f41abeec44bed7101032e84b39c05,sha256:bd6359afeb652b25,2
DPN02. Attention_Prediction_Expectation:s86:o5,DPN02. Attention_Prediction_Expectation.pptx,"/Users/huz/Library/CloudStorage/OneDrive-SyddanskUniversitet/Teaching/Decision, Persuasion, and Negotiation/Notes/Slides 2026/DPN02. Attention_Prediction_Expectation.pptx",86,True,5,embedded-image,41,Picture 40,,,False,rId7,http://schemas.openxmlformats.org/officeDocument/2006/relationships/image,ppt/media/image70.png,False,,PNG,image/png,186,128,20446,05e35d42651fd2c0bc162042a40ed6cd05f85c846d1077b3c438779ae87e7322,sha256:05e35d42651fd2c0,2
DPN02. Attention_Prediction_Expectation:s86:o6,DPN02. Attention_Prediction_Expectation.pptx,"/Users/huz/Library/CloudStorage/OneDrive-SyddanskUniversitet/Teaching/Decision, Persuasion, and Negotiation/Notes/Slides 2026/DPN02. Attention_Prediction_Expectation.pptx",86,True,6,embedded-image,43,Picture 42,,,False,rId8,http://schemas.openxmlformats.org/officeDocument/2006/relationships/image,ppt/media/image71.png,False,,PNG,image/png,105,113,9239,7a198017f43c75b4ada1bfccb6a97172445d3fcc1e57cfdf5816cea125b13f1d,sha256:7a198017f43c75b4,2
DPN02. Attention_Prediction_Expectation:s86:o7,DPN02. Attention_Prediction_Expectation.pptx,"/Users/huz/Library/CloudStorage/OneDrive-SyddanskUniversitet/Teaching/Decision, Persuasion, and Negotiation/Notes/Slides 2026/DPN02. Attention_Prediction_Expectation.pptx",86,True,7,embedded-image,5,Picture 4,,,False,rId9,http://schemas.openxmlformats.org/officeDocument/2006/relationships/image,ppt/media/image73.png,False,,PNG,image/png,82,104,16994,69a01260b5730056289c1ceb71cba13818e2500bf82a8c4aae7dc442d19e11b4,sha256:69a01260b5730056,2
DPN02. Attention_Prediction_Expectation:s86:o8,DPN02. Attention_Prediction_Expectation.pptx,"/Users/huz/Library/CloudStorage/OneDrive-SyddanskUniversitet/Teaching/Decision, Persuasion, and Negotiation/Notes/Slides 2026/DPN02. Attention_Prediction_Expectation.pptx",86,True,8,embedded-image,110,Picture 109,,,False,rId10,http://schemas.openxmlformats.org/officeDocument/2006/relationships/image,ppt/media/image74.png,False,,PNG,image/png,75,74,13350,f0de0d32fd38330a2b81229afe321b659478bd6fbde300b190a05403b0825dce,sha256:f0de0d32fd38330a,2
DPN02. Attention_Prediction_Expectation:s86:o9,DPN02. Attention_Prediction_Expectation.pptx,"/Users/huz/Library/CloudStorage/OneDrive-SyddanskUniversitet/Teaching/Decision, Persuasion, and Negotiation/Notes/Slides 2026/DPN02. Attention_Prediction_Expectation.pptx",86,True,9,embedded-image,154,Picture 153,,,False,rId11,http://schemas.openxmlformats.org/officeDocument/2006/relationships/image,ppt/media/image75.png,False,,PNG,image/png,191,169,46374,cea9f298efd17ee63ad8343ef6d2765166e8250d93432dfbcce267c81c55a40e,sha256:cea9f298efd17ee6,2
DPN02. Attention_Prediction_Expectation:s86:o10,DPN02. Attention_Prediction_Expectation.pptx,"/Users/huz/Library/CloudStorage/OneDrive-SyddanskUniversitet/Teaching/Decision, Persuasion, and Negotiation/Notes/Slides 2026/DPN02. Attention_Prediction_Expectation.pptx",86,True,10,embedded-image,42,Picture 41,,,False,rId12,http://schemas.openxmlformats.org/officeDocument/2006/relationships/image,ppt/media/image72.png,False,,PNG,image/png,126,102,10915,0819e56a42f3f29a715e5484ed1881363dade2f31b930f9bae18f76d079138a2,sha256:0819e56a42f3f29a,2
DPN03. Heuristics & Biases:s1:o1,DPN03. Heuristics & Biases.pptx,"/Users/huz/Library/CloudStorage/OneDrive-SyddanskUniversitet/Teaching/Decision, Persuasion, and Negotiation/Notes/Slides 2026/DPN03. Heuristics & Biases.pptx",1,False,1,embedded-image,7,Picture 6,,,False,rId3,http://schemas.openxmlformats.org/officeDocument/2006/relationships/image,ppt/media/image1.png,False,,PNG,image/png,1672,941,1653167,2c508a08475f9fb67716c39cf533ac75c5992ba37489c064822a1075eb798d44,sha256:2c508a08475f9fb6,2
DPN03. Heuristics & Biases:s2:o1,DPN03. Heuristics & Biases.pptx,"/Users/huz/Library/CloudStorage/OneDrive-SyddanskUniversitet/Teaching/Decision, Persuasion, and Negotiation/Notes/Slides 2026/DPN03. Heuristics & Biases.pptx",2,False,1,embedded-image,11,Picture 11,,,False,rId4,http://schemas.openxmlformats.org/officeDocument/2006/relationships/image,ppt/media/image2.png,False,,PNG,image/png,1802,996,1829806,d62ba6ab2de9fa6283ce19caa014592bf6b31a92ccf4db7f2217dbe8bd7077a0,sha256:d62ba6ab2de9fa62,1
DPN03. Heuristics & Biases:s5:o1,DPN03. Heuristics & Biases.pptx,"/Users/huz/Library/CloudStorage/OneDrive-SyddanskUniversitet/Teaching/Decision, Persuasion, and Negotiation/Notes/Slides 2026/DPN03. Heuristics & Biases.pptx",5,False,1,embedded-image,6,Picture 5,,,False,rId3,http://schemas.openxmlformats.org/officeDocument/2006/relationships/image,ppt/media/image3.png,False,,PNG,image/png,1672,941,1515908,c5f0cdb8eb39e3c069b250260ba51c845a0c3bda5df4604b1186f4c6d1d70516,sha256:c5f0cdb8eb39e3c0,1
DPN03. Heuristics & Biases:s6:o1,DPN03. Heuristics & Biases.pptx,"/Users/huz/Library/CloudStorage/OneDrive-SyddanskUniversitet/Teaching/Decision, Persuasion, and Negotiation/Notes/Slides 2026/DPN03. Heuristics & Biases.pptx",6,False,1,embedded-image,8,Picture 2,,,False,rId3,http://schemas.openxmlformats.org/officeDocument/2006/relationships/image,ppt/media/image4.jpeg,False,,JPEG,image/jpeg,612,333,25546,99d5d8b32247e86ea850b9c92257334acfdb6f2efaa6d212b80f16f0554dc5be,sha256:99d5d8b32247e86e,1
DPN03. Heuristics & Biases:s7:o1,DPN03. Heuristics & Biases.pptx,"/Users/huz/Library/CloudStorage/OneDrive-SyddanskUniversitet/Teaching/Decision, Persuasion, and Negotiation/Notes/Slides 2026/DPN03. Heuristics & Biases.pptx",7,False,1,embedded-image,8,Picture 2,,,False,rId3,http://schemas.openxmlformats.org/officeDocument/2006/relationships/image,ppt/media/image5.jpeg,False,,JPEG,image/jpeg,1002,1500,54579,82d21031fe4c3634a67007befe02fb2a0439ba38999d47cee56846c6a708423c,sha256:82d21031fe4c3634,1
DPN03. Heuristics & Biases:s8:o1,DPN03. Heuristics & Biases.pptx,"/Users/huz/Library/CloudStorage/OneDrive-SyddanskUniversitet/Teaching/Decision, Persuasion, and Negotiation/Notes/Slides 2026/DPN03. Heuristics & Biases.pptx",8,False,1,embedded-image,8,Picture 4,,,False,rId3,http://schemas.openxmlformats.org/officeDocument/2006/relationships/image,ppt/media/image6.png,False,,PNG,image/png,522,191,204654,524de60836f6ee95e1ad2c1b061c66c67b4b89820d35c18bfea68c6dc392f327,sha256:524de60836f6ee95,1
DPN03. Heuristics & Biases:s10:o1,DPN03. Heuristics & Biases.pptx,"/Users/huz/Library/CloudStorage/OneDrive-SyddanskUniversitet/Teaching/Decision, Persuasion, and Negotiation/Notes/Slides 2026/DPN03. Heuristics & Biases.pptx",10,False,1,embedded-image,7,Picture 4,,,False,rId3,http://schemas.openxmlformats.org/officeDocument/2006/relationships/image,ppt/media/image7.png,False,,PNG,image/png,1613,975,1743521,933e4034ca780cd67693c97138a7ff0c8436978f18d92726f7dd630d179652fd,sha256:933e4034ca780cd6,1
DPN03. Heuristics & Biases:s13:o1,DPN03. Heuristics & Biases.pptx,"/Users/huz/Library/CloudStorage/OneDrive-SyddanskUniversitet/Teaching/Decision, Persuasion, and Negotiation/Notes/Slides 2026/DPN03. Heuristics & Biases.pptx",13,False,1,embedded-image,14,48E83492-A3DC-41DF-BC7A-59F0BCE56E13_CEBCC136-2B77-4A53-867E-CE9C475E2D20.mp4,,,False,rId3,http://schemas.openxmlformats.org/officeDocument/2006/relationships/image,ppt/media/image8.png,False,,PNG,image/png,1080,1920,1573742,c69727ccabf867410ba15e73da1f606a428eacfb0c98820452c557d1cb31c9c7,sha256:c69727ccabf86741,2
DPN03. Heuristics & Biases:s13:o2,DPN03. Heuristics & Biases.pptx,"/Users/huz/Library/CloudStorage/OneDrive-SyddanskUniversitet/Teaching/Decision, Persuasion, and Negotiation/Notes/Slides 2026/DPN03. Heuristics & Biases.pptx",13,False,2,embedded-image,15,48E83492-A3DC-41DF-BC7A-59F0BCE56E13_CEBCC136-2B77-4A53-867E-CE9C475E2D20.mp4,,,False,rId3,http://schemas.openxmlformats.org/officeDocument/2006/relationships/image,ppt/media/image8.png,False,,PNG,image/png,1080,1920,1573742,c69727ccabf867410ba15e73da1f606a428eacfb0c98820452c557d1cb31c9c7,sha256:c69727ccabf86741,2
DPN03. Heuristics & Biases:s13:o3,DPN03. Heuristics & Biases.pptx,"/Users/huz/Library/CloudStorage/OneDrive-SyddanskUniversitet/Teaching/Decision, Persuasion, and Negotiation/Notes/Slides 2026/DPN03. Heuristics & Biases.pptx",13,False,3,embedded-image,17,Picture 10,,,False,rId4,http://schemas.openxmlformats.org/officeDocument/2006/relationships/image,ppt/media/image9.png,False,l=9436;t=-640;r=13692;b=8624,PNG,image/png,930,1692,1247869,f5badc7e32b43af845170d132d24923d9d0adf65aa64b9c0e4feb6077166fa83,sha256:f5badc7e32b43af8,1
DPN03. Heuristics & Biases:s14:o1,DPN03. Heuristics & Biases.pptx,"/Users/huz/Library/CloudStorage/OneDrive-SyddanskUniversitet/Teaching/Decision, Persuasion, and Negotiation/Notes/Slides 2026/DPN03. Heuristics & Biases.pptx",14,False,1,embedded-image,6,Picture 5,,,False,rId3,http://schemas.openxmlformats.org/officeDocument/2006/relationships/image,ppt/media/image10.png,False,,PNG,image/png,1672,941,1668308,b7bb50b38c92d8f3420853e354f8131d918e9e60be04e1cb2498d9f02b0e8489,sha256:b7bb50b38c92d8f3,1
DPN03. Heuristics & Biases:s19:o1,DPN03. Heuristics & Biases.pptx,"/Users/huz/Library/CloudStorage/OneDrive-SyddanskUniversitet/Teaching/Decision, Persuasion, and Negotiation/Notes/Slides 2026/DPN03. Heuristics & Biases.pptx",19,False,1,embedded-image,12,Picture 5,,,False,rId3,http://schemas.openxmlformats.org/officeDocument/2006/relationships/image,ppt/media/image11.png,False,,PNG,image/png,583,312,450350,7d5c0e3c66ce01b7b448588bceddc7b5a507c875941d5a95a0acab122c350459,sha256:7d5c0e3c66ce01b7,1
DPN03. Heuristics & Biases:s20:o1,DPN03. Heuristics & Biases.pptx,"/Users/huz/Library/CloudStorage/OneDrive-SyddanskUniversitet/Teaching/Decision, Persuasion, and Negotiation/Notes/Slides 2026/DPN03. Heuristics & Biases.pptx",20,False,1,embedded-image,12,Picture 10,,,False,rId3,http://schemas.openxmlformats.org/officeDocument/2006/relationships/image,ppt/media/image12.jpeg,False,,JPEG,image/jpeg,566,409,48960,5035c3b4174fc0c5f20087718c8b0fd165302d94e43c44fee7ef26d968b4ac9f,sha256:5035c3b4174fc0c5,1
DPN03. Heuristics & Biases:s20:o2,DPN03. Heuristics & Biases.pptx,"/Users/huz/Library/CloudStorage/OneDrive-SyddanskUniversitet/Teaching/Decision, Persuasion, and Negotiation/Notes/Slides 2026/DPN03. Heuristics & Biases.pptx",20,False,2,embedded-image,13,Picture 11,,,False,rId4,http://schemas.openxmlformats.org/officeDocument/2006/relationships/image,ppt/media/image13.jpeg,False,,JPEG,image/jpeg,566,560,63924,1d92ed581ddb9d69a756deb815e2ab193578fb6e350cf93eaf3a72e17ca87ad1,sha256:1d92ed581ddb9d69,1
DPN03. Heuristics & Biases:s22:o1,DPN03. Heuristics & Biases.pptx,"/Users/huz/Library/CloudStorage/OneDrive-SyddanskUniversitet/Teaching/Decision, Persuasion, and Negotiation/Notes/Slides 2026/DPN03. Heuristics & Biases.pptx",22,False,1,embedded-image,12,Content Placeholder 5,,,False,rId3,http://schemas.openxmlformats.org/officeDocument/2006/relationships/image,ppt/media/image14.jpeg,False,,JPEG,image/jpeg,1080,1525,121500,553ea0ab15e040b9626fd50b4961940e4bae3809fb6591b21aca6899c3de1e7f,sha256:553ea0ab15e040b9,1
DPN03. Heuristics & Biases:s25:o1,DPN03. Heuristics & Biases.pptx,"/Users/huz/Library/CloudStorage/OneDrive-SyddanskUniversitet/Teaching/Decision, Persuasion, and Negotiation/Notes/Slides 2026/DPN03. Heuristics & Biases.pptx",25,False,1,embedded-image,12,Picture 2,,,False,rId3,http://schemas.openxmlformats.org/officeDocument/2006/relationships/image,ppt/media/image15.jpeg,False,,JPEG,image/jpeg,500,203,25036,562790561f893ff0e19769c5f20fd716536831e13f38c168a134da97d3480f6a,sha256:562790561f893ff0,1
DPN03. Heuristics & Biases:s26:o1,DPN03. Heuristics & Biases.pptx,"/Users/huz/Library/CloudStorage/OneDrive-SyddanskUniversitet/Teaching/Decision, Persuasion, and Negotiation/Notes/Slides 2026/DPN03. Heuristics & Biases.pptx",26,False,1,embedded-image,14,Picture 10,,,False,rId3,http://schemas.openxmlformats.org/officeDocument/2006/relationships/image,ppt/media/image16.png,False,,PNG,image/png,1482,748,805142,7fc03969783e30743aa428119096918e4735ecd406208c6dbfc19866e1692aba,sha256:7fc03969783e3074,1
DPN03. Heuristics & Biases:s27:o1,DPN03. Heuristics & Biases.pptx,"/Users/huz/Library/CloudStorage/OneDrive-SyddanskUniversitet/Teaching/Decision, Persuasion, and Negotiation/Notes/Slides 2026/DPN03. Heuristics & Biases.pptx",27,False,1,embedded-image,6,Picture 5,,,False,rId3,http://schemas.openxmlformats.org/officeDocument/2006/relationships/image,ppt/media/image17.png,False,,PNG,image/png,1672,941,1869710,298a349bfa3da9b3534eb6ad28e141e282b7895afcd63a03961d4a94461c8341,sha256:298a349bfa3da9b3,1
DPN03. Heuristics & Biases:s30:o1,DPN03. Heuristics & Biases.pptx,"/Users/huz/Library/CloudStorage/OneDrive-SyddanskUniversitet/Teaching/Decision, Persuasion, and Negotiation/Notes/Slides 2026/DPN03. Heuristics & Biases.pptx",30,False,1,embedded-image,13,Picture 4,,,False,rId3,http://schemas.openxmlformats.org/officeDocument/2006/relationships/image,ppt/media/image18.png,False,,PNG,image/png,1200,675,991578,1e56507caf1e249726b6ea00759af55c74660747890f0486359fb569ada0348d,sha256:1e56507caf1e2497,1
DPN03. Heuristics & Biases:s32:o1,DPN03. Heuristics & Biases.pptx,"/Users/huz/Library/CloudStorage/OneDrive-SyddanskUniversitet/Teaching/Decision, Persuasion, and Negotiation/Notes/Slides 2026/DPN03. Heuristics & Biases.pptx",32,False,1,embedded-image,8,Picture 5,,,False,rId3,http://schemas.openxmlformats.org/officeDocument/2006/relationships/image,ppt/media/image19.png,False,l=33590;r=34355,PNG,image/png,1933,533,84150,185d526dd2d70798aa7e5adb234bd61dfdc49ee51a868543e14133d5a7afdf65,sha256:185d526dd2d70798,1
DPN03. Heuristics & Biases:s33:o1,DPN03. Heuristics & Biases.pptx,"/Users/huz/Library/CloudStorage/OneDrive-SyddanskUniversitet/Teaching/Decision, Persuasion, and Negotiation/Notes/Slides 2026/DPN03. Heuristics & Biases.pptx",33,False,1,embedded-image,11,Picture 7,,,False,rId3,http://schemas.openxmlformats.org/officeDocument/2006/relationships/image,ppt/media/image20.jpeg,False,,JPEG,image/jpeg,1188,823,143814,697926345a2c349c920b78e067801baed6f43386c081ab8a42617c8270ad9fd5,sha256:697926345a2c349c,1
DPN03. Heuristics & Biases:s35:o1,DPN03. Heuristics & Biases.pptx,"/Users/huz/Library/CloudStorage/OneDrive-SyddanskUniversitet/Teaching/Decision, Persuasion, and Negotiation/Notes/Slides 2026/DPN03. Heuristics & Biases.pptx",35,False,1,embedded-image,11,Picture 9,,,False,rId3,http://schemas.openxmlformats.org/officeDocument/2006/relationships/image,ppt/media/image21.png,False,,PNG,image/png,1672,941,2678528,3115deb5ecd82e44e9e18544bc2b1fafebfe0b93db0e2a4e468527866d498d9a,sha256:3115deb5ecd82e44,1
DPN03. Heuristics & Biases:s36:o1,DPN03. Heuristics & Biases.pptx,"/Users/huz/Library/CloudStorage/OneDrive-SyddanskUniversitet/Teaching/Decision, Persuasion, and Negotiation/Notes/Slides 2026/DPN03. Heuristics & Biases.pptx",36,False,1,embedded-image,11,Content Placeholder 5,,,False,rId3,http://schemas.openxmlformats.org/officeDocument/2006/relationships/image,ppt/media/image22.jpeg,False,t=11212,JPEG,image/jpeg,2117,1653,172777,1205f32311c6abce411e9a32d6e38708a57f33a5234ff23bfa3f1c133387cb63,sha256:1205f32311c6abce,1
DPN03. Heuristics & Biases:s37:o1,DPN03. Heuristics & Biases.pptx,"/Users/huz/Library/CloudStorage/OneDrive-SyddanskUniversitet/Teaching/Decision, Persuasion, and Negotiation/Notes/Slides 2026/DPN03. Heuristics & Biases.pptx",37,False,1,embedded-image,46,Image 0,,,False,rId3,http://schemas.openxmlformats.org/officeDocument/2006/relationships/image,ppt/media/image23.png,False,l=860;r=860,PNG,image/png,1672,941,2029690,2fc2c24181b93b6bdc234499013fb159efb518d00c32033070db7cc7ffc858b6,sha256:2fc2c24181b93b6b,1
DPN03. Heuristics & Biases:s40:o1,DPN03. Heuristics & Biases.pptx,"/Users/huz/Library/CloudStorage/OneDrive-SyddanskUniversitet/Teaching/Decision, Persuasion, and Negotiation/Notes/Slides 2026/DPN03. Heuristics & Biases.pptx",40,False,1,embedded-image,12,Picture 4,,,False,rId3,http://schemas.openxmlformats.org/officeDocument/2006/relationships/image,ppt/media/image24.png,False,,PNG,image/png,639,520,70973,193de9d07bf5f8ea666523e5800ab67e25414dfd25b2d27433664c57ad6341c4,sha256:193de9d07bf5f8ea,1
DPN03. Heuristics & Biases:s41:o1,DPN03. Heuristics & Biases.pptx,"/Users/huz/Library/CloudStorage/OneDrive-SyddanskUniversitet/Teaching/Decision, Persuasion, and Negotiation/Notes/Slides 2026/DPN03. Heuristics & Biases.pptx",41,False,1,embedded-image,8,Picture 11,,,False,rId3,http://schemas.openxmlformats.org/officeDocument/2006/relationships/image,ppt/media/image25.png,False,,PNG,image/png,1363,502,242666,ca5cdf191891021d11df60bb9612b03a7fc86609a4d19261f3c0b6c0d928c5e7,sha256:ca5cdf191891021d,1
DPN03. Heuristics & Biases:s42:o1,DPN03. Heuristics & Biases.pptx,"/Users/huz/Library/CloudStorage/OneDrive-SyddanskUniversitet/Teaching/Decision, Persuasion, and Negotiation/Notes/Slides 2026/DPN03. Heuristics & Biases.pptx",42,False,1,embedded-image,9,Picture 11,,,False,rId3,http://schemas.openxmlformats.org/officeDocument/2006/relationships/image,ppt/media/image26.png,False,,PNG,image/png,343,325,169992,6a2b7c44593fcfc3d7aa3cadb0b180d28c639423a1d64f238814c7b8156fc38f,sha256:6a2b7c44593fcfc3,1
DPN03. Heuristics & Biases:s42:o2,DPN03. Heuristics & Biases.pptx,"/Users/huz/Library/CloudStorage/OneDrive-SyddanskUniversitet/Teaching/Decision, Persuasion, and Negotiation/Notes/Slides 2026/DPN03. Heuristics & Biases.pptx",42,False,2,embedded-image,11,Picture 3,,,False,rId4,http://schemas.openxmlformats.org/officeDocument/2006/relationships/image,ppt/media/image27.png,False,r=49652,PNG,image/png,1653,561,79891,c93447fa439fe9be34371a2100ea5ec6f7594ec34947614ac61cde60da5bf6c2,sha256:c93447fa439fe9be,2
DPN03. Heuristics & Biases:s43:o1,DPN03. Heuristics & Biases.pptx,"/Users/huz/Library/CloudStorage/OneDrive-SyddanskUniversitet/Teaching/Decision, Persuasion, and Negotiation/Notes/Slides 2026/DPN03. Heuristics & Biases.pptx",43,False,1,embedded-image,9,Content Placeholder 9,,,False,rId3,http://schemas.openxmlformats.org/officeDocument/2006/relationships/image,ppt/media/image28.png,False,,PNG,image/png,334,319,156491,22c97fffdeafd9e39f9fb6c028bba944eb2678283e7cf1fbabe845131958250d,sha256:22c97fffdeafd9e3,1
DPN03. Heuristics & Biases:s43:o2,DPN03. Heuristics & Biases.pptx,"/Users/huz/Library/CloudStorage/OneDrive-SyddanskUniversitet/Teaching/Decision, Persuasion, and Negotiation/Notes/Slides 2026/DPN03. Heuristics & Biases.pptx",43,False,2,embedded-image,10,Picture 2,,,False,rId4,http://schemas.openxmlformats.org/officeDocument/2006/relationships/image,ppt/media/image29.png,False,,PNG,image/png,490,390,17030,3911799d9d627b7fc08337d060eb8cb0f68791a127d279035d90e4127b32f549,sha256:3911799d9d627b7f,1
DPN03. Heuristics & Biases:s43:o3,DPN03. Heuristics & Biases.pptx,"/Users/huz/Library/CloudStorage/OneDrive-SyddanskUniversitet/Teaching/Decision, Persuasion, and Negotiation/Notes/Slides 2026/DPN03. Heuristics & Biases.pptx",43,False,3,embedded-image,12,Picture 5,,,False,rId5,http://schemas.openxmlformats.org/officeDocument/2006/relationships/image,ppt/media/image27.png,False,l=50007,PNG,image/png,1653,561,79891,c93447fa439fe9be34371a2100ea5ec6f7594ec34947614ac61cde60da5bf6c2,sha256:c93447fa439fe9be,2
DPN03. Heuristics & Biases:s46:o1,DPN03. Heuristics & Biases.pptx,"/Users/huz/Library/CloudStorage/OneDrive-SyddanskUniversitet/Teaching/Decision, Persuasion, and Negotiation/Notes/Slides 2026/DPN03. Heuristics & Biases.pptx",46,False,1,embedded-image,12,Picture 3,,,False,rId3,http://schemas.openxmlformats.org/officeDocument/2006/relationships/image,ppt/media/image30.png,False,l=37122;t=22720;r=33675,PNG,image/png,1933,533,78474,2b01b439a5971da38cb90f560663c3fa79865437d999b683f3d8764b830c13a1,sha256:2b01b439a5971da3,2
DPN03. Heuristics & Biases:s47:o1,DPN03. Heuristics & Biases.pptx,"/Users/huz/Library/CloudStorage/OneDrive-SyddanskUniversitet/Teaching/Decision, Persuasion, and Negotiation/Notes/Slides 2026/DPN03. Heuristics & Biases.pptx",47,False,1,embedded-image,16,Picture 1,,,False,rId3,http://schemas.openxmlformats.org/officeDocument/2006/relationships/image,ppt/media/image31.png,False,t=13842;b=16062,PNG,image/png,1672,941,1545594,ceda72c877659a6737e8beba78678bfd9749f5fd3fc14cc388539af480636520,sha256:ceda72c877659a67,1
DPN03. Heuristics & Biases:s47:o2,DPN03. Heuristics & Biases.pptx,"/Users/huz/Library/CloudStorage/OneDrive-SyddanskUniversitet/Teaching/Decision, Persuasion, and Negotiation/Notes/Slides 2026/DPN03. Heuristics & Biases.pptx",47,False,2,embedded-image,17,Picture 2,,,False,rId4,http://schemas.openxmlformats.org/officeDocument/2006/relationships/image,ppt/media/image32.png,False,t=25219;b=26206,PNG,image/png,1672,941,1311275,4ed53679d73a671a3908a4f1af32354c23446bdc4fc282325545657988b623fc,sha256:4ed53679d73a671a,1
DPN03. Heuristics & Biases:s48:o1,DPN03. Heuristics & Biases.pptx,"/Users/huz/Library/CloudStorage/OneDrive-SyddanskUniversitet/Teaching/Decision, Persuasion, and Negotiation/Notes/Slides 2026/DPN03. Heuristics & Biases.pptx",48,False,1,embedded-image,6,Picture 9,,,False,rId3,http://schemas.openxmlformats.org/officeDocument/2006/relationships/image,ppt/media/image33.png,False,,PNG,image/png,1672,941,1579257,ebae7fd0c917cf24ef051c9415cb2118bb36d5d9bc30909d68f99780e16503e7,sha256:ebae7fd0c917cf24,1
DPN03. Heuristics & Biases:s49:o1,DPN03. Heuristics & Biases.pptx,"/Users/huz/Library/CloudStorage/OneDrive-SyddanskUniversitet/Teaching/Decision, Persuasion, and Negotiation/Notes/Slides 2026/DPN03. Heuristics & Biases.pptx",49,False,1,embedded-image,9,Picture 2,,,False,rId3,http://schemas.openxmlformats.org/officeDocument/2006/relationships/image,ppt/media/image34.jpeg,False,,JPEG,image/jpeg,613,326,44844,b0ed98fad86c3773afc6fe8268b3bd57f2fe3678c34662e9e73c3129933002fe,sha256:b0ed98fad86c3773,1
DPN03. Heuristics & Biases:s49:o2,DPN03. Heuristics & Biases.pptx,"/Users/huz/Library/CloudStorage/OneDrive-SyddanskUniversitet/Teaching/Decision, Persuasion, and Negotiation/Notes/Slides 2026/DPN03. Heuristics & Biases.pptx",49,False,2,embedded-image,12,Picture 7,,,False,rId4,http://schemas.openxmlformats.org/officeDocument/2006/relationships/image,ppt/media/image35.jpeg,False,,JPEG,image/jpeg,462,645,69279,90635d6853b743997e1be8498d40c7bcf1a7e993fa6c845586ab808290dac1e4,sha256:90635d6853b74399,2
DPN03. Heuristics & Biases:s49:o3,DPN03. Heuristics & Biases.pptx,"/Users/huz/Library/CloudStorage/OneDrive-SyddanskUniversitet/Teaching/Decision, Persuasion, and Negotiation/Notes/Slides 2026/DPN03. Heuristics & Biases.pptx",49,False,3,embedded-image,13,Picture 8,,,False,rId5,http://schemas.openxmlformats.org/officeDocument/2006/relationships/image,ppt/media/image36.jpeg,False,,JPEG,image/jpeg,480,645,72849,9568a063e2f83c863cf119eeab957e7b2daf61bae4d771259e00bbcfc75c2f00,sha256:9568a063e2f83c86,2
DPN03. Heuristics & Biases:s49:o4,DPN03. Heuristics & Biases.pptx,"/Users/huz/Library/CloudStorage/OneDrive-SyddanskUniversitet/Teaching/Decision, Persuasion, and Negotiation/Notes/Slides 2026/DPN03. Heuristics & Biases.pptx",49,False,4,embedded-image,14,Picture 4,,,False,rId6,http://schemas.openxmlformats.org/officeDocument/2006/relationships/image,ppt/media/image37.png,False,,PNG,image/png,1489,577,250945,86deda321283dd7b05a7cdab0b8c20a3c5dd3c041030e372967bf45a7bd103d1,sha256:86deda321283dd7b,1
DPN03. Heuristics & Biases:s51:o1,DPN03. Heuristics & Biases.pptx,"/Users/huz/Library/CloudStorage/OneDrive-SyddanskUniversitet/Teaching/Decision, Persuasion, and Negotiation/Notes/Slides 2026/DPN03. Heuristics & Biases.pptx",51,False,1,embedded-image,11,Picture 5,,,False,rId3,http://schemas.openxmlformats.org/officeDocument/2006/relationships/image,ppt/media/image30.png,False,r=65899,PNG,image/png,1933,533,78474,2b01b439a5971da38cb90f560663c3fa79865437d999b683f3d8764b830c13a1,sha256:2b01b439a5971da3,2
DPN03. Heuristics & Biases:s52:o1,DPN03. Heuristics & Biases.pptx,"/Users/huz/Library/CloudStorage/OneDrive-SyddanskUniversitet/Teaching/Decision, Persuasion, and Negotiation/Notes/Slides 2026/DPN03. Heuristics & Biases.pptx",52,False,1,embedded-image,13,Content Placeholder 5,,,False,rId3,http://schemas.openxmlformats.org/officeDocument/2006/relationships/image,ppt/media/image38.png,False,,PNG,image/png,740,334,69249,3f71da3f17a1410e27850addff8aab1557188e7df77d43bfd117a1682cc17509,sha256:3f71da3f17a1410e,1
DPN03. Heuristics & Biases:s52:o2,DPN03. Heuristics & Biases.pptx,"/Users/huz/Library/CloudStorage/OneDrive-SyddanskUniversitet/Teaching/Decision, Persuasion, and Negotiation/Notes/Slides 2026/DPN03. Heuristics & Biases.pptx",52,False,2,embedded-image,14,Content Placeholder 5,,,False,rId4,http://schemas.openxmlformats.org/officeDocument/2006/relationships/image,ppt/media/image39.png,False,,PNG,image/png,740,331,125150,4c9eaa6290be67825faab28bd37e5fa0b4e093633c11b61751dfc63937a2603d,sha256:4c9eaa6290be6782,1
DPN03. Heuristics & Biases:s53:o1,DPN03. Heuristics & Biases.pptx,"/Users/huz/Library/CloudStorage/OneDrive-SyddanskUniversitet/Teaching/Decision, Persuasion, and Negotiation/Notes/Slides 2026/DPN03. Heuristics & Biases.pptx",53,False,1,embedded-image,7,Content Placeholder 5,,,False,rId3,http://schemas.openxmlformats.org/officeDocument/2006/relationships/image,ppt/media/image40.png,False,,PNG,image/png,733,338,125587,d3a5f57e3cd71fba0ea998d2fd49ce5c2d2d76fa52f6d84a5116af5c1ac86552,sha256:d3a5f57e3cd71fba,1
DPN03. Heuristics & Biases:s53:o2,DPN03. Heuristics & Biases.pptx,"/Users/huz/Library/CloudStorage/OneDrive-SyddanskUniversitet/Teaching/Decision, Persuasion, and Negotiation/Notes/Slides 2026/DPN03. Heuristics & Biases.pptx",53,False,2,embedded-image,8,Content Placeholder 5,,,False,rId4,http://schemas.openxmlformats.org/officeDocument/2006/relationships/image,ppt/media/image41.png,False,,PNG,image/png,733,335,138467,a3616397a1faa367b3c2576d0fbd985c1e3796da15c14c95ceff8f62ec7e50f4,sha256:a3616397a1faa367,1
DPN03. Heuristics & Biases:s54:o1,DPN03. Heuristics & Biases.pptx,"/Users/huz/Library/CloudStorage/OneDrive-SyddanskUniversitet/Teaching/Decision, Persuasion, and Negotiation/Notes/Slides 2026/DPN03. Heuristics & Biases.pptx",54,False,1,embedded-image,8,Picture 4,,,False,rId3,http://schemas.openxmlformats.org/officeDocument/2006/relationships/image,ppt/media/image42.jpeg,False,,JPEG,image/jpeg,396,259,43241,4a29f9a9a111ef39fda1342d3d771207c55a712140106dc8bc2eafdedeb5e42a,sha256:4a29f9a9a111ef39,1
DPN03. Heuristics & Biases:s55:o1,DPN03. Heuristics & Biases.pptx,"/Users/huz/Library/CloudStorage/OneDrive-SyddanskUniversitet/Teaching/Decision, Persuasion, and Negotiation/Notes/Slides 2026/DPN03. Heuristics & Biases.pptx",55,False,1,embedded-image,12,Picture 2,,,False,rId3,http://schemas.openxmlformats.org/officeDocument/2006/relationships/image,ppt/media/image43.jpeg,False,,JPEG,image/jpeg,1140,655,155690,f67ef46d78fe6950d28bab072e5627eced61754a6176f95fd6b22f6a5417cf0b,sha256:f67ef46d78fe6950,1
DPN03. Heuristics & Biases:s55:o2,DPN03. Heuristics & Biases.pptx,"/Users/huz/Library/CloudStorage/OneDrive-SyddanskUniversitet/Teaching/Decision, Persuasion, and Negotiation/Notes/Slides 2026/DPN03. Heuristics & Biases.pptx",55,False,2,embedded-image,13,Picture 2,,,False,rId4,http://schemas.openxmlformats.org/officeDocument/2006/relationships/image,ppt/media/image44.jpeg,False,,JPEG,image/jpeg,414,252,25803,ebb0a7722f05029634e439c735cda74d3d9016f71151023d12b11350ae1f0257,sha256:ebb0a7722f050296,1
DPN03. Heuristics & Biases:s57:o1,DPN03. Heuristics & Biases.pptx,"/Users/huz/Library/CloudStorage/OneDrive-SyddanskUniversitet/Teaching/Decision, Persuasion, and Negotiation/Notes/Slides 2026/DPN03. Heuristics & Biases.pptx",57,False,1,embedded-image,8,Content Placeholder 5,,,False,rId3,http://schemas.openxmlformats.org/officeDocument/2006/relationships/image,ppt/media/image45.png,False,,PNG,image/png,886,153,17246,4ca8561a38b1f828420b31a1ca19db6c0f0199b76f0ec83db90ab2982a3fb399,sha256:4ca8561a38b1f828,1
DPN03. Heuristics & Biases:s58:o1,DPN03. Heuristics & Biases.pptx,"/Users/huz/Library/CloudStorage/OneDrive-SyddanskUniversitet/Teaching/Decision, Persuasion, and Negotiation/Notes/Slides 2026/DPN03. Heuristics & Biases.pptx",58,False,1,embedded-image,8,Picture 5,,,False,rId3,http://schemas.openxmlformats.org/officeDocument/2006/relationships/image,ppt/media/image46.png,False,r=66070,PNG,image/png,1933,533,92557,58c6b01afd5c9e3b3efca653ecd87add3895762b4cf519241bdc5ac56057bcf4,sha256:58c6b01afd5c9e3b,1
DPN03. Heuristics & Biases:s59:o1,DPN03. Heuristics & Biases.pptx,"/Users/huz/Library/CloudStorage/OneDrive-SyddanskUniversitet/Teaching/Decision, Persuasion, and Negotiation/Notes/Slides 2026/DPN03. Heuristics & Biases.pptx",59,False,1,embedded-image,10,Picture 4,,,False,rId3,http://schemas.openxmlformats.org/officeDocument/2006/relationships/image,ppt/media/image47.png,False,,PNG,image/png,659,433,400594,d952c57216c1273013c6705cf1f6f21da49077153dea55a39ea694b37d344cad,sha256:d952c57216c12730,1
DPN03. Heuristics & Biases:s61:o1,DPN03. Heuristics & Biases.pptx,"/Users/huz/Library/CloudStorage/OneDrive-SyddanskUniversitet/Teaching/Decision, Persuasion, and Negotiation/Notes/Slides 2026/DPN03. Heuristics & Biases.pptx",61,False,1,embedded-image,10,Picture 4,,,False,rId3,http://schemas.openxmlformats.org/officeDocument/2006/relationships/image,ppt/media/image48.png,False,,PNG,image/png,640,462,280809,c1065373db12ea28a4d0b7f02ad61b41c7bc9f8c2bd8eb88cd7618405fa1c25b,sha256:c1065373db12ea28,2
DPN03. Heuristics & Biases:s61:o2,DPN03. Heuristics & Biases.pptx,"/Users/huz/Library/CloudStorage/OneDrive-SyddanskUniversitet/Teaching/Decision, Persuasion, and Negotiation/Notes/Slides 2026/DPN03. Heuristics & Biases.pptx",61,False,2,embedded-image,11,Picture 2,,,False,rId4,http://schemas.openxmlformats.org/officeDocument/2006/relationships/image,ppt/media/image49.jpeg,False,,JPEG,image/jpeg,584,364,31223,6e7efc6cbd6b75f08039528727b475a7b8ccbc1f7c33849bf571b5d1803be16d,sha256:6e7efc6cbd6b75f0,2
DPN03. Heuristics & Biases:s62:o1,DPN03. Heuristics & Biases.pptx,"/Users/huz/Library/CloudStorage/OneDrive-SyddanskUniversitet/Teaching/Decision, Persuasion, and Negotiation/Notes/Slides 2026/DPN03. Heuristics & Biases.pptx",62,False,1,embedded-image,17,Picture 4,,,False,rId4,http://schemas.openxmlformats.org/officeDocument/2006/relationships/image,ppt/media/image50.jpeg,False,,JPEG,image/jpeg,1200,628,92017,4ee532c1954a67372c2637600aca0b8d622958b28a8dd300dcc05f7c1a20391e,sha256:4ee532c1954a6737,1
DPN03. Heuristics & Biases:s68:o1,DPN03. Heuristics & Biases.pptx,"/Users/huz/Library/CloudStorage/OneDrive-SyddanskUniversitet/Teaching/Decision, Persuasion, and Negotiation/Notes/Slides 2026/DPN03. Heuristics & Biases.pptx",68,False,1,embedded-image,18,Picture 8,,,False,rId3,http://schemas.openxmlformats.org/officeDocument/2006/relationships/image,ppt/media/image51.png,False,b=53411,PNG,image/png,1206,774,224635,1a3e27adb280b4cbde1e600a75ebadcce9a15ae8cd54242fafe00e6484a11b1f,sha256:1a3e27adb280b4cb,1
DPN03. Heuristics & Biases:s68:o2,DPN03. Heuristics & Biases.pptx,"/Users/huz/Library/CloudStorage/OneDrive-SyddanskUniversitet/Teaching/Decision, Persuasion, and Negotiation/Notes/Slides 2026/DPN03. Heuristics & Biases.pptx",68,False,2,embedded-image,19,Picture 13,,,False,rId4,http://schemas.openxmlformats.org/officeDocument/2006/relationships/image,ppt/media/image52.png,False,l=34271;r=32336,PNG,image/png,1933,533,134883,d05a39c48b605ccd4ac754d67875c91e0c44808260aa52445656042c2f0175c9,sha256:d05a39c48b605ccd,1
DPN03. Heuristics & Biases:s68:o3,DPN03. Heuristics & Biases.pptx,"/Users/huz/Library/CloudStorage/OneDrive-SyddanskUniversitet/Teaching/Decision, Persuasion, and Negotiation/Notes/Slides 2026/DPN03. Heuristics & Biases.pptx",68,False,3,embedded-image,20,Image 1,,,False,rId5,http://schemas.openxmlformats.org/officeDocument/2006/relationships/image,ppt/media/image53.png,False,,PNG,image/png,1641,488,269968,6a45a57b261cdc8d8f4954bee83520bc404a9cb53b9018526b083c8070df860a,sha256:6a45a57b261cdc8d,1
DPN04. Influence & Persuasion:s1:o1,DPN04. Influence & Persuasion.pptx,"/Users/huz/Library/CloudStorage/OneDrive-SyddanskUniversitet/Teaching/Decision, Persuasion, and Negotiation/Notes/Slides 2026/DPN04. Influence & Persuasion.pptx",1,False,1,embedded-image,3,Picture 2,,s001_p01.png,False,rId3,http://schemas.openxmlformats.org/officeDocument/2006/relationships/image,ppt/media/image1.png,False,l=110;r=110,PNG,image/png,1672,941,1843278,e6dedca6649905f9bfe8bb0c15275c0e34f75f8e3974efeaf41569777605e4e6,sha256:e6dedca6649905f9,1
DPN04. Influence & Persuasion:s4:o1,DPN04. Influence & Persuasion.pptx,"/Users/huz/Library/CloudStorage/OneDrive-SyddanskUniversitet/Teaching/Decision, Persuasion, and Negotiation/Notes/Slides 2026/DPN04. Influence & Persuasion.pptx",4,False,1,embedded-image,6,Picture 5,,0d905a6a810300cce63f393a909e291818fd3ccb_v3.png,False,rId3,http://schemas.openxmlformats.org/officeDocument/2006/relationships/image,ppt/media/image2.png,False,,PNG,image/png,1672,941,1883578,44937bcf0a4fbc39caf09fbb6b30bdef3a05a362023b71a90f680a9ec0ffe4cf,sha256:44937bcf0a4fbc39,1
DPN04. Influence & Persuasion:s6:o1,DPN04. Influence & Persuasion.pptx,"/Users/huz/Library/CloudStorage/OneDrive-SyddanskUniversitet/Teaching/Decision, Persuasion, and Negotiation/Notes/Slides 2026/DPN04. Influence & Persuasion.pptx",6,False,1,embedded-image,2,Chimps outperform humans at memory task,,Chimps outperform humans at memory task,False,rId5,http://schemas.openxmlformats.org/officeDocument/2006/relationships/image,ppt/media/image3.png,False,,PNG,image/png,300,240,108234,0a2d9a42c568be3eea0e9a95b9ba28ccfa8df6c04d945e60a4351bf32d69bfbc,sha256:0a2d9a42c568be3e,1
DPN04. Influence & Persuasion:s7:o1,DPN04. Influence & Persuasion.pptx,"/Users/huz/Library/CloudStorage/OneDrive-SyddanskUniversitet/Teaching/Decision, Persuasion, and Negotiation/Notes/Slides 2026/DPN04. Influence & Persuasion.pptx",7,False,1,embedded-image,7,Picture 6,,"Chart, bar chart

Description automatically generated",False,rId3,http://schemas.openxmlformats.org/officeDocument/2006/relationships/image,ppt/media/image4.jpg,False,,JPEG,image/jpeg,1200,704,88546,05304ce2462b4a8be13802788b4ee90566bfb13ff5f3caecf07797aaf460855d,sha256:05304ce2462b4a8b,1
DPN04. Influence & Persuasion:s8:o1,DPN04. Influence & Persuasion.pptx,"/Users/huz/Library/CloudStorage/OneDrive-SyddanskUniversitet/Teaching/Decision, Persuasion, and Negotiation/Notes/Slides 2026/DPN04. Influence & Persuasion.pptx",8,False,1,embedded-image,8,Content Placeholder 5,,,False,rId3,http://schemas.openxmlformats.org/officeDocument/2006/relationships/image,ppt/media/image5.gif,False,,GIF,image/gif,883,843,22360,ce296bef2245f1888760e1a8c41e366778b2e0c4940cda7692e4924e5b5405a8,sha256:ce296bef2245f188,1
DPN04. Influence & Persuasion:s8:o2,DPN04. Influence & Persuasion.pptx,"/Users/huz/Library/CloudStorage/OneDrive-SyddanskUniversitet/Teaching/Decision, Persuasion, and Negotiation/Notes/Slides 2026/DPN04. Influence & Persuasion.pptx",8,False,2,embedded-image,9,Picture 8,,,False,rId4,http://schemas.openxmlformats.org/officeDocument/2006/relationships/image,ppt/media/image6.jpg,False,,JPEG,image/jpeg,1124,1047,213179,40b08d0a0a93b0e2da4fa2fab70fbfcd382ba85c86f3874e4f817d96e1835d92,sha256:40b08d0a0a93b0e2,1
DPN04. Influence & Persuasion:s9:o1,DPN04. Influence & Persuasion.pptx,"/Users/huz/Library/CloudStorage/OneDrive-SyddanskUniversitet/Teaching/Decision, Persuasion, and Negotiation/Notes/Slides 2026/DPN04. Influence & Persuasion.pptx",9,False,1,embedded-image,7,Content Placeholder 5,,"A person and a child walking on a cobblestone street

AI-generated content may be incorrect.",False,rId3,http://schemas.openxmlformats.org/officeDocument/2006/relationships/image,ppt/media/image7.jpeg,False,,JPEG,image/jpeg,995,1484,410961,31c371df5dc480d2eecf90f781493abb7fca68b1d1492c533659ff57211af0ae,sha256:31c371df5dc480d2,1
DPN04. Influence & Persuasion:s9:o2,DPN04. Influence & Persuasion.pptx,"/Users/huz/Library/CloudStorage/OneDrive-SyddanskUniversitet/Teaching/Decision, Persuasion, and Negotiation/Notes/Slides 2026/DPN04. Influence & Persuasion.pptx",9,False,2,embedded-image,8,Picture 7,,"A person and a child walking

AI-generated content may be incorrect.",False,rId4,http://schemas.openxmlformats.org/officeDocument/2006/relationships/image,ppt/media/image8.jpeg,False,,JPEG,image/jpeg,937,1586,339072,6785b6ad7654142d33eb7065246ee445673ba923423c5bc3c0f4ba956e58cd0c,sha256:6785b6ad7654142d,1
DPN04. Influence & Persuasion:s9:o3,DPN04. Influence & Persuasion.pptx,"/Users/huz/Library/CloudStorage/OneDrive-SyddanskUniversitet/Teaching/Decision, Persuasion, and Negotiation/Notes/Slides 2026/DPN04. Influence & Persuasion.pptx",9,False,3,embedded-image,4,Picture 3,,,False,rId5,http://schemas.openxmlformats.org/officeDocument/2006/relationships/image,ppt/media/image9.jpeg,False,,JPEG,image/jpeg,522,850,162364,d5c0e9c17e24c9d4f95505620560d5ae573c2c6a1e3194f95e15e2c0644d26a4,sha256:d5c0e9c17e24c9d4,1
DPN04. Influence & Persuasion:s10:o1,DPN04. Influence & Persuasion.pptx,"/Users/huz/Library/CloudStorage/OneDrive-SyddanskUniversitet/Teaching/Decision, Persuasion, and Negotiation/Notes/Slides 2026/DPN04. Influence & Persuasion.pptx",10,False,1,embedded-image,9,Content Placeholder 5,,,False,rId3,http://schemas.openxmlformats.org/officeDocument/2006/relationships/image,ppt/media/image10.png,False,,PNG,image/png,272,238,66153,5ffb9c65553cbf7a4f2bb5fb170ab00f051f7f9d0e1db355c84a3feeb4c3d3d0,sha256:5ffb9c65553cbf7a,1
DPN04. Influence & Persuasion:s11:o1,DPN04. Influence & Persuasion.pptx,"/Users/huz/Library/CloudStorage/OneDrive-SyddanskUniversitet/Teaching/Decision, Persuasion, and Negotiation/Notes/Slides 2026/DPN04. Influence & Persuasion.pptx",11,False,1,embedded-image,9,Content Placeholder 5,,,False,rId3,http://schemas.openxmlformats.org/officeDocument/2006/relationships/image,ppt/media/image11.png,False,,PNG,image/png,1384,864,112970,91f9d0d6256e40c0d116bd7a0edb203bb480807b18ab6380d30b8be5a9849896,sha256:91f9d0d6256e40c0,1
DPN04. Influence & Persuasion:s13:o1,DPN04. Influence & Persuasion.pptx,"/Users/huz/Library/CloudStorage/OneDrive-SyddanskUniversitet/Teaching/Decision, Persuasion, and Negotiation/Notes/Slides 2026/DPN04. Influence & Persuasion.pptx",13,False,1,embedded-image,6,Picture 5,,651c13fd0b182d7560770000c3c629b1a6eafcf2_v3.png,False,rId3,http://schemas.openxmlformats.org/officeDocument/2006/relationships/image,ppt/media/image12.png,False,,PNG,image/png,1672,941,1616723,1d6ec2856dc680a2af43c5adbdbc385c2c0a86f82ace40ab168c1a7e5854f399,sha256:1d6ec2856dc680a2,1
DPN04. Influence & Persuasion:s15:o1,DPN04. Influence & Persuasion.pptx,"/Users/huz/Library/CloudStorage/OneDrive-SyddanskUniversitet/Teaching/Decision, Persuasion, and Negotiation/Notes/Slides 2026/DPN04. Influence & Persuasion.pptx",15,False,1,embedded-image,6,Content Placeholder 5,,,False,rId3,http://schemas.openxmlformats.org/officeDocument/2006/relationships/image,ppt/media/image13.png,False,,PNG,image/png,733,672,272960,5e19d5030124ec8044f1a270d7f584e52664c2b917b025ebbd73113021c4a413,sha256:5e19d5030124ec80,1
DPN04. Influence & Persuasion:s16:o1,DPN04. Influence & Persuasion.pptx,"/Users/huz/Library/CloudStorage/OneDrive-SyddanskUniversitet/Teaching/Decision, Persuasion, and Negotiation/Notes/Slides 2026/DPN04. Influence & Persuasion.pptx",16,False,1,embedded-image,4,Picture 3,,,False,rId3,http://schemas.openxmlformats.org/officeDocument/2006/relationships/image,ppt/media/image14.png,False,,PNG,image/png,671,378,238832,fa7113a12ea8e7eed39ee5781ccc115c41c0e0245b09af738ab2fb7ee8ebcae7,sha256:fa7113a12ea8e7ee,1
DPN04. Influence & Persuasion:s17:o1,DPN04. Influence & Persuasion.pptx,"/Users/huz/Library/CloudStorage/OneDrive-SyddanskUniversitet/Teaching/Decision, Persuasion, and Negotiation/Notes/Slides 2026/DPN04. Influence & Persuasion.pptx",17,False,1,embedded-image,2050,Picture 2,,This is nft for me. The Emperor's New Clothes,False,rId3,http://schemas.openxmlformats.org/officeDocument/2006/relationships/image,ppt/media/image15.jpeg,False,,JPEG,image/jpeg,700,506,146208,18d7275ac3e1bea6e429c75085ed7599aff54077ebd113060647384ab0e70c22,sha256:18d7275ac3e1bea6,1
DPN04. Influence & Persuasion:s18:o1,DPN04. Influence & Persuasion.pptx,"/Users/huz/Library/CloudStorage/OneDrive-SyddanskUniversitet/Teaching/Decision, Persuasion, and Negotiation/Notes/Slides 2026/DPN04. Influence & Persuasion.pptx",18,False,1,embedded-image,1026,Picture 2,,Asch conformity experiments - Wikipedia,False,rId3,http://schemas.openxmlformats.org/officeDocument/2006/relationships/image,ppt/media/image16.png,False,,PNG,image/png,270,221,1880,003ee12582fc2ca66821ad984fbe5017937eb3d359c4947a6e1193c1cfd1f98d,sha256:003ee12582fc2ca6,1
DPN04. Influence & Persuasion:s18:o2,DPN04. Influence & Persuasion.pptx,"/Users/huz/Library/CloudStorage/OneDrive-SyddanskUniversitet/Teaching/Decision, Persuasion, and Negotiation/Notes/Slides 2026/DPN04. Influence & Persuasion.pptx",18,False,2,embedded-image,8,Picture 7,,,False,rId4,http://schemas.openxmlformats.org/officeDocument/2006/relationships/image,ppt/media/image17.png,False,,PNG,image/png,1910,518,251600,9a6bd14d025c8dd5e22602f5379c4d0c0e2925dd6722397c565f56349f8be4d3,sha256:9a6bd14d025c8dd5,1
DPN04. Influence & Persuasion:s19:o1,DPN04. Influence & Persuasion.pptx,"/Users/huz/Library/CloudStorage/OneDrive-SyddanskUniversitet/Teaching/Decision, Persuasion, and Negotiation/Notes/Slides 2026/DPN04. Influence & Persuasion.pptx",19,False,1,embedded-image,16,Picture 15,,,False,rId3,http://schemas.openxmlformats.org/officeDocument/2006/relationships/image,ppt/media/image18.png,False,,PNG,image/png,964,728,176920,30dc38c2e95182c56b73654c6f8bca22df08e26360a9c703dc7108485c5980ca,sha256:30dc38c2e95182c5,1
DPN04. Influence & Persuasion:s20:o1,DPN04. Influence & Persuasion.pptx,"/Users/huz/Library/CloudStorage/OneDrive-SyddanskUniversitet/Teaching/Decision, Persuasion, and Negotiation/Notes/Slides 2026/DPN04. Influence & Persuasion.pptx",20,False,1,embedded-image,9,Content Placeholder 5,,,False,rId3,http://schemas.openxmlformats.org/officeDocument/2006/relationships/image,ppt/media/image19.gif,False,,GIF,image/gif,1076,742,24588,60cab50dde3f3abc8b703965a851ec8735ff30234eb1cbbfdb0c6fedb115e640,sha256:60cab50dde3f3abc,1
DPN04. Influence & Persuasion:s22:o1,DPN04. Influence & Persuasion.pptx,"/Users/huz/Library/CloudStorage/OneDrive-SyddanskUniversitet/Teaching/Decision, Persuasion, and Negotiation/Notes/Slides 2026/DPN04. Influence & Persuasion.pptx",22,False,1,embedded-image,11,Picture 10,,,False,rId3,http://schemas.openxmlformats.org/officeDocument/2006/relationships/image,ppt/media/image20.png,False,,PNG,image/png,600,450,519059,9415ad1a1c5692f9e055c7c858ae4a019642acb3625c99c4191a12ac7b62f46c,sha256:9415ad1a1c5692f9,1
DPN04. Influence & Persuasion:s22:o2,DPN04. Influence & Persuasion.pptx,"/Users/huz/Library/CloudStorage/OneDrive-SyddanskUniversitet/Teaching/Decision, Persuasion, and Negotiation/Notes/Slides 2026/DPN04. Influence & Persuasion.pptx",22,False,2,embedded-image,14,Picture 13,,,False,rId4,http://schemas.openxmlformats.org/officeDocument/2006/relationships/image,ppt/media/image21.jpeg,False,,JPEG,image/jpeg,975,720,181712,3acd11beccb7bbcbfa03a2c425723ed4e93fd82524dff6ea4f4cf8a36aad01f8,sha256:3acd11beccb7bbcb,1
DPN04. Influence & Persuasion:s23:o1,DPN04. Influence & Persuasion.pptx,"/Users/huz/Library/CloudStorage/OneDrive-SyddanskUniversitet/Teaching/Decision, Persuasion, and Negotiation/Notes/Slides 2026/DPN04. Influence & Persuasion.pptx",23,False,1,embedded-image,7,Content Placeholder 5,,,False,rId3,http://schemas.openxmlformats.org/officeDocument/2006/relationships/image,ppt/media/image22.jpeg,False,,JPEG,image/jpeg,919,1225,466122,1dc0ca4f8bf90e27d72ba7f010c157e4076d6080cb735be5e3c0bb4e1a75090f,sha256:1dc0ca4f8bf90e27,1
DPN04. Influence & Persuasion:s23:o2,DPN04. Influence & Persuasion.pptx,"/Users/huz/Library/CloudStorage/OneDrive-SyddanskUniversitet/Teaching/Decision, Persuasion, and Negotiation/Notes/Slides 2026/DPN04. Influence & Persuasion.pptx",23,False,2,embedded-image,9,Picture 8,,,False,rId4,http://schemas.openxmlformats.org/officeDocument/2006/relationships/image,ppt/media/image23.jpeg,False,,JPEG,image/jpeg,1225,706,329208,67177dbb6bc3c57f8d28261535f252ec1cf31e8d86742127b66683cfbd354b94,sha256:67177dbb6bc3c57f,1
DPN04. Influence & Persuasion:s23:o3,DPN04. Influence & Persuasion.pptx,"/Users/huz/Library/CloudStorage/OneDrive-SyddanskUniversitet/Teaching/Decision, Persuasion, and Negotiation/Notes/Slides 2026/DPN04. Influence & Persuasion.pptx",23,False,3,embedded-image,10,Picture 9,,,False,rId5,http://schemas.openxmlformats.org/officeDocument/2006/relationships/image,ppt/media/image24.jpeg,False,,JPEG,image/jpeg,596,1226,288508,f5ae836ee7d20346c9afd1bbde84b89258b597d2b134342592909f2434150a7f,sha256:f5ae836ee7d20346,1
DPN04. Influence & Persuasion:s23:o4,DPN04. Influence & Persuasion.pptx,"/Users/huz/Library/CloudStorage/OneDrive-SyddanskUniversitet/Teaching/Decision, Persuasion, and Negotiation/Notes/Slides 2026/DPN04. Influence & Persuasion.pptx",23,False,4,embedded-image,17,Picture 16,,,False,rId6,http://schemas.openxmlformats.org/officeDocument/2006/relationships/image,ppt/media/image25.jpeg,False,,JPEG,image/jpeg,1225,919,511867,c7b9858bc62c48dbc49bba1da159bca3e0136a43d6afd5b8ec361031c2e3c3a4,sha256:c7b9858bc62c48db,1
DPN04. Influence & Persuasion:s24:o1,DPN04. Influence & Persuasion.pptx,"/Users/huz/Library/CloudStorage/OneDrive-SyddanskUniversitet/Teaching/Decision, Persuasion, and Negotiation/Notes/Slides 2026/DPN04. Influence & Persuasion.pptx",24,False,1,embedded-image,8,Picture 7,,s027_p01.jpg,False,rId3,http://schemas.openxmlformats.org/officeDocument/2006/relationships/image,ppt/media/image26.jpeg,False,,JPEG,image/jpeg,976,823,501107,30e809926646e06bcb52c08f3bb6d55380131b8dc236014d3f26cbc4fa039736,sha256:30e809926646e06b,1
DPN04. Influence & Persuasion:s25:o1,DPN04. Influence & Persuasion.pptx,"/Users/huz/Library/CloudStorage/OneDrive-SyddanskUniversitet/Teaching/Decision, Persuasion, and Negotiation/Notes/Slides 2026/DPN04. Influence & Persuasion.pptx",25,False,1,embedded-image,1026,Picture 2,,How Not To Fight Vaccine Hesitancy: Lessons from Brain Science (and Nancy  Reagan) | by Steve Genco | Better Marketing,False,rId3,http://schemas.openxmlformats.org/officeDocument/2006/relationships/image,ppt/media/image27.jpeg,False,,JPEG,image/jpeg,1400,787,302264,e0ccee0a2843e2c420cabb835bca3d5d65bddd4c29db5c878ef6b04896276a02,sha256:e0ccee0a2843e2c4,1
DPN04. Influence & Persuasion:s26:o1,DPN04. Influence & Persuasion.pptx,"/Users/huz/Library/CloudStorage/OneDrive-SyddanskUniversitet/Teaching/Decision, Persuasion, and Negotiation/Notes/Slides 2026/DPN04. Influence & Persuasion.pptx",26,False,1,embedded-image,10,Picture 9,,066ce45a0854de3adc2f22ad336bd77cef659785_v3.png,False,rId3,http://schemas.openxmlformats.org/officeDocument/2006/relationships/image,ppt/media/image28.png,False,,PNG,image/png,1672,941,1804968,d94b56e58e6f793b144cf3dcc2a83cb362f11d948e6221dfdba74a81ef7b931d,sha256:d94b56e58e6f793b,2
DPN04. Influence & Persuasion:s27:o1,DPN04. Influence & Persuasion.pptx,"/Users/huz/Library/CloudStorage/OneDrive-SyddanskUniversitet/Teaching/Decision, Persuasion, and Negotiation/Notes/Slides 2026/DPN04. Influence & Persuasion.pptx",27,False,1,embedded-image,6,Picture 5,,3ccab0f503e9398b602bf61b469eb325977217a9_v3.png,False,rId3,http://schemas.openxmlformats.org/officeDocument/2006/relationships/image,ppt/media/image29.png,False,,PNG,image/png,1672,941,1877970,bbb6108f327291e93dda3b7b6eb9a76c4f1be4269591bcbc812d41cb07df7f6d,sha256:bbb6108f327291e9,1
DPN04. Influence & Persuasion:s30:o1,DPN04. Influence & Persuasion.pptx,"/Users/huz/Library/CloudStorage/OneDrive-SyddanskUniversitet/Teaching/Decision, Persuasion, and Negotiation/Notes/Slides 2026/DPN04. Influence & Persuasion.pptx",30,False,1,embedded-image,5,Picture 4,,,False,rId3,http://schemas.openxmlformats.org/officeDocument/2006/relationships/image,ppt/media/image30.png,False,,PNG,image/png,755,387,150653,5f385de3845140fd658d3ab87d4d4536bf7b1bdd51f6c132ce3016de227ba6c6,sha256:5f385de3845140fd,1
DPN04. Influence & Persuasion:s31:o1,DPN04. Influence & Persuasion.pptx,"/Users/huz/Library/CloudStorage/OneDrive-SyddanskUniversitet/Teaching/Decision, Persuasion, and Negotiation/Notes/Slides 2026/DPN04. Influence & Persuasion.pptx",31,False,1,embedded-image,2,Picture 1,,,False,rId3,http://schemas.openxmlformats.org/officeDocument/2006/relationships/image,ppt/media/image31.png,False,,PNG,image/png,744,380,146654,0da09e0c3b3377561da3e52040b710b729d459967d09373d4b9b143fa1098cfc,sha256:0da09e0c3b337756,1
DPN04. Influence & Persuasion:s31:o2,DPN04. Influence & Persuasion.pptx,"/Users/huz/Library/CloudStorage/OneDrive-SyddanskUniversitet/Teaching/Decision, Persuasion, and Negotiation/Notes/Slides 2026/DPN04. Influence & Persuasion.pptx",31,False,2,embedded-image,12,Picture 11,,,False,rId4,http://schemas.openxmlformats.org/officeDocument/2006/relationships/image,ppt/media/image32.png,False,,PNG,image/png,693,380,139441,a5f39fa2e752048d5286141485de2a7e33165f42da7fa9fa480ef2032a72eb2d,sha256:a5f39fa2e752048d,1
DPN04. Influence & Persuasion:s31:o3,DPN04. Influence & Persuasion.pptx,"/Users/huz/Library/CloudStorage/OneDrive-SyddanskUniversitet/Teaching/Decision, Persuasion, and Negotiation/Notes/Slides 2026/DPN04. Influence & Persuasion.pptx",31,False,3,embedded-image,13,Picture 12,,,False,rId5,http://schemas.openxmlformats.org/officeDocument/2006/relationships/image,ppt/media/image33.png,False,,PNG,image/png,705,380,143889,a6f1eeb78b98b2001e2cc4dfc931cb713357bf43f5f04208ca7a043b7f47c3ac,sha256:a6f1eeb78b98b200,1
DPN04. Influence & Persuasion:s31:o4,DPN04. Influence & Persuasion.pptx,"/Users/huz/Library/CloudStorage/OneDrive-SyddanskUniversitet/Teaching/Decision, Persuasion, and Negotiation/Notes/Slides 2026/DPN04. Influence & Persuasion.pptx",31,False,4,embedded-image,3,Picture 2,,,False,rId6,http://schemas.openxmlformats.org/officeDocument/2006/relationships/image,ppt/media/image34.png,False,,PNG,image/png,1196,891,63123,ff09cee3f8ae6887807ec1e66138adb64b29e041846261adf20ae74fc1a777e5,sha256:ff09cee3f8ae6887,1
DPN04. Influence & Persuasion:s31:o5,DPN04. Influence & Persuasion.pptx,"/Users/huz/Library/CloudStorage/OneDrive-SyddanskUniversitet/Teaching/Decision, Persuasion, and Negotiation/Notes/Slides 2026/DPN04. Influence & Persuasion.pptx",31,False,5,embedded-image,8,Picture 7,,,False,rId7,http://schemas.openxmlformats.org/officeDocument/2006/relationships/image,ppt/media/image35.png,False,,PNG,image/png,1140,803,47647,57e35b70ebb4ac851aa729cd3cd988168a07bc5bfd197843034633fb4b99a2c6,sha256:57e35b70ebb4ac85,1
DPN04. Influence & Persuasion:s31:o6,DPN04. Influence & Persuasion.pptx,"/Users/huz/Library/CloudStorage/OneDrive-SyddanskUniversitet/Teaching/Decision, Persuasion, and Negotiation/Notes/Slides 2026/DPN04. Influence & Persuasion.pptx",31,False,6,embedded-image,11,Picture 10,,,False,rId8,http://schemas.openxmlformats.org/officeDocument/2006/relationships/image,ppt/media/image36.png,False,,PNG,image/png,1311,870,54325,f4d34310ba3a40f35a845ca5f8e4dee67fee98bd4761871da622470c58c6ed0f,sha256:f4d34310ba3a40f3,1
DPN04. Influence & Persuasion:s36:o1,DPN04. Influence & Persuasion.pptx,"/Users/huz/Library/CloudStorage/OneDrive-SyddanskUniversitet/Teaching/Decision, Persuasion, and Negotiation/Notes/Slides 2026/DPN04. Influence & Persuasion.pptx",36,False,1,embedded-image,6,Picture 5,,"Diagram

Description automatically generated",False,rId3,http://schemas.openxmlformats.org/officeDocument/2006/relationships/image,ppt/media/image37.png,False,,PNG,image/png,593,469,63496,5797beebead6ba1fdda59422be0072dd24ced45968293d8cdbca9ccab6177c37,sha256:5797beebead6ba1f,1
DPN04. Influence & Persuasion:s37:o1,DPN04. Influence & Persuasion.pptx,"/Users/huz/Library/CloudStorage/OneDrive-SyddanskUniversitet/Teaching/Decision, Persuasion, and Negotiation/Notes/Slides 2026/DPN04. Influence & Persuasion.pptx",37,False,1,embedded-image,5,Picture 4,,,False,rId3,http://schemas.openxmlformats.org/officeDocument/2006/relationships/image,ppt/media/image38.tiff,False,,TIFF,image/tiff,274,184,154614,abbcab864c2d8b791be617e3f9f384262386e5e29ba6604f92665a65489a672a,sha256:abbcab864c2d8b79,1
DPN04. Influence & Persuasion:s39:o1,DPN04. Influence & Persuasion.pptx,"/Users/huz/Library/CloudStorage/OneDrive-SyddanskUniversitet/Teaching/Decision, Persuasion, and Negotiation/Notes/Slides 2026/DPN04. Influence & Persuasion.pptx",39,False,1,embedded-image,1026,Picture 2,,"CRMS Students Complete Lesson on Dr. Martin Luther King, Jr.; Craft Their  Own “I Have a Dream Too” Speeches",False,rId3,http://schemas.openxmlformats.org/officeDocument/2006/relationships/image,ppt/media/image39.jpeg,False,,JPEG,image/jpeg,446,539,63254,12b46f17d4f8b0b212afad876ea77ae8871d968eb3d9c85c5701689538e28dda,sha256:12b46f17d4f8b0b2,1
DPN04. Influence & Persuasion:s43:o1,DPN04. Influence & Persuasion.pptx,"/Users/huz/Library/CloudStorage/OneDrive-SyddanskUniversitet/Teaching/Decision, Persuasion, and Negotiation/Notes/Slides 2026/DPN04. Influence & Persuasion.pptx",43,False,1,embedded-image,12,Content Placeholder 5,,"Chart, bar chart

Description automatically generated",False,rId3,http://schemas.openxmlformats.org/officeDocument/2006/relationships/image,ppt/media/image40.png,False,,PNG,image/png,437,1116,53887,a936dc010d87dcd8f197a630904b092cfab3d52d51b54066c1dd1e285bb4e0ba,sha256:a936dc010d87dcd8,1
DPN04. Influence & Persuasion:s43:o2,DPN04. Influence & Persuasion.pptx,"/Users/huz/Library/CloudStorage/OneDrive-SyddanskUniversitet/Teaching/Decision, Persuasion, and Negotiation/Notes/Slides 2026/DPN04. Influence & Persuasion.pptx",43,False,2,embedded-image,6,Content Placeholder 5,,"Chart, bar chart

Description automatically generated",False,rId4,http://schemas.openxmlformats.org/officeDocument/2006/relationships/image,ppt/media/image41.png,False,,PNG,image/png,1261,1116,94214,95b978caf7a3d29c1bfdf3739b49e364ad5ea885fa4916b7107811b3de6dbe04,sha256:95b978caf7a3d29c,1
DPN04. Influence & Persuasion:s46:o1,DPN04. Influence & Persuasion.pptx,"/Users/huz/Library/CloudStorage/OneDrive-SyddanskUniversitet/Teaching/Decision, Persuasion, and Negotiation/Notes/Slides 2026/DPN04. Influence & Persuasion.pptx",46,False,1,embedded-image,8,Picture 7,,,False,rId3,http://schemas.openxmlformats.org/officeDocument/2006/relationships/image,ppt/media/image42.png,False,,PNG,image/png,982,982,71312,80566d5254336572e7d6a25e57c29210a70ee706a290b20b0b2340214649f693,sha256:80566d5254336572,1
DPN04. Influence & Persuasion:s58:o1,DPN04. Influence & Persuasion.pptx,"/Users/huz/Library/CloudStorage/OneDrive-SyddanskUniversitet/Teaching/Decision, Persuasion, and Negotiation/Notes/Slides 2026/DPN04. Influence & Persuasion.pptx",58,False,1,embedded-image,9,Picture 8,,,False,rId3,http://schemas.openxmlformats.org/officeDocument/2006/relationships/image,ppt/media/image43.jpg,False,,JPEG,image/jpeg,4067,687,126775,afdb0f1cb2ea491bc3bc6ad169d5d07dec0352a248a075c4db32d101d9934aec,sha256:afdb0f1cb2ea491b,1
DPN04. Influence & Persuasion:s59:o1,DPN04. Influence & Persuasion.pptx,"/Users/huz/Library/CloudStorage/OneDrive-SyddanskUniversitet/Teaching/Decision, Persuasion, and Negotiation/Notes/Slides 2026/DPN04. Influence & Persuasion.pptx",59,False,1,embedded-image,5,Picture 4,,"Logo, company name

Description automatically generated",False,rId3,http://schemas.openxmlformats.org/officeDocument/2006/relationships/image,ppt/media/image44.png,False,,PNG,image/png,535,562,527834,dabef1e0aa9b63de3b9c6147d3de308325d90ba633846c9824645dd2dbf63cb4,sha256:dabef1e0aa9b63de,1
DPN04. Influence & Persuasion:s59:o2,DPN04. Influence & Persuasion.pptx,"/Users/huz/Library/CloudStorage/OneDrive-SyddanskUniversitet/Teaching/Decision, Persuasion, and Negotiation/Notes/Slides 2026/DPN04. Influence & Persuasion.pptx",59,False,2,embedded-image,7,Picture 6,,"A picture containing diagram

Description automatically generated",False,rId4,http://schemas.openxmlformats.org/officeDocument/2006/relationships/image,ppt/media/image45.png,False,,PNG,image/png,547,775,534856,d1e41cc23949ba34bc4b8a635e0c3755b3ea0b8dc5c1e1fec13ba504519c4b8d,sha256:d1e41cc23949ba34,1
DPN04. Influence & Persuasion:s59:o3,DPN04. Influence & Persuasion.pptx,"/Users/huz/Library/CloudStorage/OneDrive-SyddanskUniversitet/Teaching/Decision, Persuasion, and Negotiation/Notes/Slides 2026/DPN04. Influence & Persuasion.pptx",59,False,3,embedded-image,9,Picture 8,,"A person sitting at a table

Description automatically generated with low confidence",False,rId5,http://schemas.openxmlformats.org/officeDocument/2006/relationships/image,ppt/media/image46.png,False,,PNG,image/png,1436,867,1195790,3956a8323b47f0d1083245f87ddb87ca26d7b7f252580db3e7de2e43e1e07128,sha256:3956a8323b47f0d1,1
DPN04. Influence & Persuasion:s61:o1,DPN04. Influence & Persuasion.pptx,"/Users/huz/Library/CloudStorage/OneDrive-SyddanskUniversitet/Teaching/Decision, Persuasion, and Negotiation/Notes/Slides 2026/DPN04. Influence & Persuasion.pptx",61,False,1,embedded-image,6,Picture 5,,f0f563f250c50dcc37faa27ca7c02a11fb823063_v3.png,False,rId3,http://schemas.openxmlformats.org/officeDocument/2006/relationships/image,ppt/media/image47.png,False,,PNG,image/png,1672,941,2135281,26839733689c9716a27c26b93c140a83c36781c1b809712edcd8adc4e61bf21e,sha256:26839733689c9716,1
DPN04. Influence & Persuasion:s66:o1,DPN04. Influence & Persuasion.pptx,"/Users/huz/Library/CloudStorage/OneDrive-SyddanskUniversitet/Teaching/Decision, Persuasion, and Negotiation/Notes/Slides 2026/DPN04. Influence & Persuasion.pptx",66,False,1,embedded-image,7,Picture 6,,,False,rId4,http://schemas.openxmlformats.org/officeDocument/2006/relationships/image,ppt/media/image48.tiff,False,,TIFF,image/tiff,630,343,651700,4dda37861a2c716c62e3539b284dee18617c6bdb8018313920c7fd24ccdf9495,sha256:4dda37861a2c716c,1
DPN04. Influence & Persuasion:s68:o1,DPN04. Influence & Persuasion.pptx,"/Users/huz/Library/CloudStorage/OneDrive-SyddanskUniversitet/Teaching/Decision, Persuasion, and Negotiation/Notes/Slides 2026/DPN04. Influence & Persuasion.pptx",68,False,1,embedded-image,10,Picture 9,,The Living Room Candidate - Commercials - 2004 - Windsurfing,False,rId4,http://schemas.openxmlformats.org/officeDocument/2006/relationships/image,ppt/media/image49.jpg,False,,JPEG,image/jpeg,640,480,181490,0e7b66a982b13c0b0430a69e767a00abe23dff0f0670042ef126e8109c80d844,sha256:0e7b66a982b13c0b,1
DPN04. Influence & Persuasion:s70:o1,DPN04. Influence & Persuasion.pptx,"/Users/huz/Library/CloudStorage/OneDrive-SyddanskUniversitet/Teaching/Decision, Persuasion, and Negotiation/Notes/Slides 2026/DPN04. Influence & Persuasion.pptx",70,False,1,embedded-image,2,Picture 1,,,False,rId3,http://schemas.openxmlformats.org/officeDocument/2006/relationships/image,ppt/media/image50.jpeg,False,,JPEG,image/jpeg,188,250,20523,00c5e863f299eeae50c2b249f09b0fffc0421782dcd04f81aafc97bbfd9b4201,sha256:00c5e863f299eeae,1
DPN04. Influence & Persuasion:s73:o1,DPN04. Influence & Persuasion.pptx,"/Users/huz/Library/CloudStorage/OneDrive-SyddanskUniversitet/Teaching/Decision, Persuasion, and Negotiation/Notes/Slides 2026/DPN04. Influence & Persuasion.pptx",73,False,1,embedded-image,9,Picture 8,,"A close up of text on a white background

Description automatically generated",False,rId3,http://schemas.openxmlformats.org/officeDocument/2006/relationships/image,ppt/media/image51.jpeg,False,,JPEG,image/jpeg,551,547,98192,60bdd5a2559d4fc1c1b2006e4f38d4296953402e1012e9c6097bc20d999ff29c,sha256:60bdd5a2559d4fc1,1
DPN04. Influence & Persuasion:s75:o1,DPN04. Influence & Persuasion.pptx,"/Users/huz/Library/CloudStorage/OneDrive-SyddanskUniversitet/Teaching/Decision, Persuasion, and Negotiation/Notes/Slides 2026/DPN04. Influence & Persuasion.pptx",75,False,1,embedded-image,5,Picture 4,,,False,rId3,http://schemas.openxmlformats.org/officeDocument/2006/relationships/image,ppt/media/image52.tiff,False,,TIFF,image/tiff,470,298,424482,defbda8b48e8d3e39b768aef0379e20b02a7644df65b3a2ea82065a4e1269eb8,sha256:defbda8b48e8d3e3,1
DPN04. Influence & Persuasion:s77:o1,DPN04. Influence & Persuasion.pptx,"/Users/huz/Library/CloudStorage/OneDrive-SyddanskUniversitet/Teaching/Decision, Persuasion, and Negotiation/Notes/Slides 2026/DPN04. Influence & Persuasion.pptx",77,False,1,embedded-image,16,Picture 15,,,False,rId3,http://schemas.openxmlformats.org/officeDocument/2006/relationships/image,ppt/media/image53.png,False,,PNG,image/png,621,717,526412,bd6007929e4c360cca17cf086cf41c5c8f47affb096b81746199353d0734ee9e,sha256:bd6007929e4c360c,1
DPN04. Influence & Persuasion:s77:o2,DPN04. Influence & Persuasion.pptx,"/Users/huz/Library/CloudStorage/OneDrive-SyddanskUniversitet/Teaching/Decision, Persuasion, and Negotiation/Notes/Slides 2026/DPN04. Influence & Persuasion.pptx",77,False,2,embedded-image,24,Picture 23,,,False,rId4,http://schemas.openxmlformats.org/officeDocument/2006/relationships/image,ppt/media/image54.png,False,l=9378;t=3308;b=14238,PNG,image/png,3000,3000,163088,812effc55495c3fad12a88ff7dc84237d0bb8c0a66d74dc6243f04b19ae9db67,sha256:812effc55495c3fa,1
DPN04. Influence & Persuasion:s78:o1,DPN04. Influence & Persuasion.pptx,"/Users/huz/Library/CloudStorage/OneDrive-SyddanskUniversitet/Teaching/Decision, Persuasion, and Negotiation/Notes/Slides 2026/DPN04. Influence & Persuasion.pptx",78,False,1,embedded-image,8,Picture 7,,,False,rId3,http://schemas.openxmlformats.org/officeDocument/2006/relationships/image,ppt/media/image55.png,False,r=57110,PNG,image/png,560,411,243279,f53b72a98ef7865f661ba66bbf06868e4cc482d59f3320d0124118584eb3027a,sha256:f53b72a98ef7865f,2
DPN04. Influence & Persuasion:s78:o2,DPN04. Influence & Persuasion.pptx,"/Users/huz/Library/CloudStorage/OneDrive-SyddanskUniversitet/Teaching/Decision, Persuasion, and Negotiation/Notes/Slides 2026/DPN04. Influence & Persuasion.pptx",78,False,2,embedded-image,9,Picture 8,,,False,rId3,http://schemas.openxmlformats.org/officeDocument/2006/relationships/image,ppt/media/image55.png,False,l=54420,PNG,image/png,560,411,243279,f53b72a98ef7865f661ba66bbf06868e4cc482d59f3320d0124118584eb3027a,sha256:f53b72a98ef7865f,2
DPN04. Influence & Persuasion:s78:o3,DPN04. Influence & Persuasion.pptx,"/Users/huz/Library/CloudStorage/OneDrive-SyddanskUniversitet/Teaching/Decision, Persuasion, and Negotiation/Notes/Slides 2026/DPN04. Influence & Persuasion.pptx",78,False,3,embedded-image,19,Picture 18,,,False,rId4,http://schemas.openxmlformats.org/officeDocument/2006/relationships/image,ppt/media/image56.jpeg,False,,JPEG,image/jpeg,556,452,64732,c9883b8b493276a364d39b06fb3730951a820fe5a02da40912aad0f9cf2fb6be,sha256:c9883b8b493276a3,1
DPN04. Influence & Persuasion:s79:o1,DPN04. Influence & Persuasion.pptx,"/Users/huz/Library/CloudStorage/OneDrive-SyddanskUniversitet/Teaching/Decision, Persuasion, and Negotiation/Notes/Slides 2026/DPN04. Influence & Persuasion.pptx",79,False,1,embedded-image,20,Picture 19,,,False,rId3,http://schemas.openxmlformats.org/officeDocument/2006/relationships/image,ppt/media/image57.jpeg,False,,JPEG,image/jpeg,700,228,19437,17e16e0bfad6ac1f03cad4a24f1ca5c9cabc83ad4df777b7bc68f5af360e8468,sha256:17e16e0bfad6ac1f,1
DPN04. Influence & Persuasion:s81:o1,DPN04. Influence & Persuasion.pptx,"/Users/huz/Library/CloudStorage/OneDrive-SyddanskUniversitet/Teaching/Decision, Persuasion, and Negotiation/Notes/Slides 2026/DPN04. Influence & Persuasion.pptx",81,False,1,embedded-image,5,Content Placeholder 7,,"A picture containing text, person, person, outdoor

Description automatically generated",False,rId4,http://schemas.openxmlformats.org/officeDocument/2006/relationships/image,ppt/media/image58.png,False,,PNG,image/png,1380,782,1170105,7b8cb803a5e3ea0cac5a30d2b6d630cf6fab650e3601931bc4a737ac5f4c56b9,sha256:7b8cb803a5e3ea0c,1
DPN04. Influence & Persuasion:s82:o1,DPN04. Influence & Persuasion.pptx,"/Users/huz/Library/CloudStorage/OneDrive-SyddanskUniversitet/Teaching/Decision, Persuasion, and Negotiation/Notes/Slides 2026/DPN04. Influence & Persuasion.pptx",82,False,1,embedded-image,9,Content Placeholder 8,,"A person wearing glasses

Description automatically generated",False,rId3,http://schemas.openxmlformats.org/officeDocument/2006/relationships/image,ppt/media/image59.png,False,,PNG,image/png,1082,723,722292,d5cc7e9e946cd4767e997f6966437b281e96cd3cee2e70c27e3faaee14bf5e09,sha256:d5cc7e9e946cd476,1
DPN04. Influence & Persuasion:s82:o2,DPN04. Influence & Persuasion.pptx,"/Users/huz/Library/CloudStorage/OneDrive-SyddanskUniversitet/Teaching/Decision, Persuasion, and Negotiation/Notes/Slides 2026/DPN04. Influence & Persuasion.pptx",82,False,2,embedded-image,1026,Picture 2,,Borgen: Sæson 2 (episode 11-20) (4-disc) (DVD) - Laserdisken.dk - salg af  DVD og Blu-ray film.,False,rId5,http://schemas.openxmlformats.org/officeDocument/2006/relationships/image,ppt/media/image60.jpeg,False,,JPEG,image/jpeg,285,341,47214,1b1446950561095eb629ce21d3548ee6b9e9f01a7702f9be6284983a12f03a49,sha256:1b1446950561095e,1
DPN04. Influence & Persuasion:s102:o1,DPN04. Influence & Persuasion.pptx,"/Users/huz/Library/CloudStorage/OneDrive-SyddanskUniversitet/Teaching/Decision, Persuasion, and Negotiation/Notes/Slides 2026/DPN04. Influence & Persuasion.pptx",102,True,1,embedded-image,2050,Picture 2,,,False,rId3,http://schemas.openxmlformats.org/officeDocument/2006/relationships/image,ppt/media/image61.jpg,False,,JPEG,image/jpeg,1600,823,541783,6d4984e27677e2973b876fc0a7acdd73e233f26f5b9265ce85c8e6a03b264df4,sha256:6d4984e27677e297,1
DPN04. Influence & Persuasion:s104:o1,DPN04. Influence & Persuasion.pptx,"/Users/huz/Library/CloudStorage/OneDrive-SyddanskUniversitet/Teaching/Decision, Persuasion, and Negotiation/Notes/Slides 2026/DPN04. Influence & Persuasion.pptx",104,True,1,embedded-image,5,Picture 4,,,False,rId3,http://schemas.openxmlformats.org/officeDocument/2006/relationships/image,ppt/media/image62.png,False,l=4153;t=1991;r=4177;b=7315,PNG,image/png,1000,1294,290506,3c6cbd7eb3152981d9d9dcf9b041e6b105949be2c865168de958db175d9653ea,sha256:3c6cbd7eb3152981,1
DPN04. Influence & Persuasion:s107:o1,DPN04. Influence & Persuasion.pptx,"/Users/huz/Library/CloudStorage/OneDrive-SyddanskUniversitet/Teaching/Decision, Persuasion, and Negotiation/Notes/Slides 2026/DPN04. Influence & Persuasion.pptx",107,True,1,embedded-image,6,Picture 5,,066ce45a0854de3adc2f22ad336bd77cef659785_v3.png,False,rId3,http://schemas.openxmlformats.org/officeDocument/2006/relationships/image,ppt/media/image28.png,False,,PNG,image/png,1672,941,1804968,d94b56e58e6f793b144cf3dcc2a83cb362f11d948e6221dfdba74a81ef7b931d,sha256:d94b56e58e6f793b,2
DPN04. Influence & Persuasion:s108:o1,DPN04. Influence & Persuasion.pptx,"/Users/huz/Library/CloudStorage/OneDrive-SyddanskUniversitet/Teaching/Decision, Persuasion, and Negotiation/Notes/Slides 2026/DPN04. Influence & Persuasion.pptx",108,True,1,embedded-image,9,Content Placeholder 5,,,False,rId3,http://schemas.openxmlformats.org/officeDocument/2006/relationships/image,ppt/media/image63.png,False,,PNG,image/png,422,366,25151,98492cebb15badfdf6a7f26eed76b2cba49b7e9541766d8652de260511e97bf3,sha256:98492cebb15badfd,1
DPN04. Influence & Persuasion:s109:o1,DPN04. Influence & Persuasion.pptx,"/Users/huz/Library/CloudStorage/OneDrive-SyddanskUniversitet/Teaching/Decision, Persuasion, and Negotiation/Notes/Slides 2026/DPN04. Influence & Persuasion.pptx",109,True,1,embedded-image,13,Content Placeholder 13,,,False,rId3,http://schemas.openxmlformats.org/officeDocument/2006/relationships/image,ppt/media/image64.png,False,,PNG,image/png,1514,1134,946454,6ae7301fd0b5dd0f467ea3cfed4e908ea0fffa33bd1398ecd51df67d3ba6978e,sha256:6ae7301fd0b5dd0f,1
DPN04. Influence & Persuasion:s109:o2,DPN04. Influence & Persuasion.pptx,"/Users/huz/Library/CloudStorage/OneDrive-SyddanskUniversitet/Teaching/Decision, Persuasion, and Negotiation/Notes/Slides 2026/DPN04. Influence & Persuasion.pptx",109,True,2,embedded-image,14,Content Placeholder 6,,,False,rId4,http://schemas.openxmlformats.org/officeDocument/2006/relationships/image,ppt/media/image65.png,False,,PNG,image/png,810,1118,400613,e9605b4720bdec253dc73c39252d50af691eb5a3c1f9adc630cfe60a2bd79ed1,sha256:e9605b4720bdec25,1
DPN04. Influence & Persuasion:s113:o1,DPN04. Influence & Persuasion.pptx,"/Users/huz/Library/CloudStorage/OneDrive-SyddanskUniversitet/Teaching/Decision, Persuasion, and Negotiation/Notes/Slides 2026/DPN04. Influence & Persuasion.pptx",113,True,1,embedded-image,7,Picture 6,,s048_p01.png,False,rId3,http://schemas.openxmlformats.org/officeDocument/2006/relationships/image,ppt/media/image66.png,False,,PNG,image/png,1648,278,296649,733949abbe502f266473c06518fb88dd0846dd967ab634cd6798d5caf1109c04,sha256:733949abbe502f26,3
DPN04. Influence & Persuasion:s114:o1,DPN04. Influence & Persuasion.pptx,"/Users/huz/Library/CloudStorage/OneDrive-SyddanskUniversitet/Teaching/Decision, Persuasion, and Negotiation/Notes/Slides 2026/DPN04. Influence & Persuasion.pptx",114,True,1,embedded-image,7,Image 0,,/mnt/data/familiar_designs_revised_figure.png,False,rId3,http://schemas.openxmlformats.org/officeDocument/2006/relationships/image,ppt/media/image67.png,False,,PNG,image/png,1800,560,278416,6241f3082e409d727c3d04908581e6d34d0c9b971bb22ea3df9d92c3798cd250,sha256:6241f3082e409d72,1
DPN04. Influence & Persuasion:s115:o1,DPN04. Influence & Persuasion.pptx,"/Users/huz/Library/CloudStorage/OneDrive-SyddanskUniversitet/Teaching/Decision, Persuasion, and Negotiation/Notes/Slides 2026/DPN04. Influence & Persuasion.pptx",115,True,1,embedded-image,6,Image 0,,/mnt/data/image(272).png,False,rId3,http://schemas.openxmlformats.org/officeDocument/2006/relationships/image,ppt/media/image66.png,False,,PNG,image/png,1648,278,296649,733949abbe502f266473c06518fb88dd0846dd967ab634cd6798d5caf1109c04,sha256:733949abbe502f26,3
DPN04. Influence & Persuasion:s120:o1,DPN04. Influence & Persuasion.pptx,"/Users/huz/Library/CloudStorage/OneDrive-SyddanskUniversitet/Teaching/Decision, Persuasion, and Negotiation/Notes/Slides 2026/DPN04. Influence & Persuasion.pptx",120,True,1,embedded-image,14,Image 0,,/mnt/data/a_clean_vector_illustration_style_infographic_scen.png,False,rId3,http://schemas.openxmlformats.org/officeDocument/2006/relationships/image,ppt/media/image68.png,False,,PNG,image/png,1670,697,1017724,59f676da4f01399c25e219a0ed803223f70cc1b50c1ec919685b90b171b48574,sha256:59f676da4f01399c,1
DPN04. Influence & Persuasion:s121:o1,DPN04. Influence & Persuasion.pptx,"/Users/huz/Library/CloudStorage/OneDrive-SyddanskUniversitet/Teaching/Decision, Persuasion, and Negotiation/Notes/Slides 2026/DPN04. Influence & Persuasion.pptx",121,True,1,embedded-image,5,Image 0,,/mnt/data/image(272).png,False,rId3,http://schemas.openxmlformats.org/officeDocument/2006/relationships/image,ppt/media/image66.png,False,,PNG,image/png,1648,278,296649,733949abbe502f266473c06518fb88dd0846dd967ab634cd6798d5caf1109c04,sha256:733949abbe502f26,3
DPN05. Distributive Negotiation:s1:o1,DPN05. Distributive Negotiation.pptx,"/Users/huz/Library/CloudStorage/OneDrive-SyddanskUniversitet/Teaching/Decision, Persuasion, and Negotiation/Notes/Slides 2026/DPN05. Distributive Negotiation.pptx",1,False,1,embedded-image,10,Picture 7,,,False,rId3,http://schemas.openxmlformats.org/officeDocument/2006/relationships/image,ppt/media/image1.png,False,,PNG,image/png,1672,941,1377589,cc58acf184b40fdcab6f7fbf6b46436e90bf9ed9297759ebb727290c26451066,sha256:cc58acf184b40fdc,1
DPN05. Distributive Negotiation:s2:o1,DPN05. Distributive Negotiation.pptx,"/Users/huz/Library/CloudStorage/OneDrive-SyddanskUniversitet/Teaching/Decision, Persuasion, and Negotiation/Notes/Slides 2026/DPN05. Distributive Negotiation.pptx",2,False,1,embedded-image,16,Picture 4,,,False,rId3,http://schemas.openxmlformats.org/officeDocument/2006/relationships/image,ppt/media/image2.gif,False,t=5911,GIF,image/gif,300,350,8177,dd8f1435ccaa61d5dcf2c34fed19ea456f29af81f915bb590a821b43e0865fcf,sha256:dd8f1435ccaa61d5,1
DPN05. Distributive Negotiation:s3:o1,DPN05. Distributive Negotiation.pptx,"/Users/huz/Library/CloudStorage/OneDrive-SyddanskUniversitet/Teaching/Decision, Persuasion, and Negotiation/Notes/Slides 2026/DPN05. Distributive Negotiation.pptx",3,False,1,embedded-image,23,Picture 1,,,False,rId3,http://schemas.openxmlformats.org/officeDocument/2006/relationships/image,ppt/media/image3.png,False,,PNG,image/png,1672,941,1279522,cf43aeea34b44f17b4093820cacbb06d9bee5f35e4bcc2381bc84ba0b0847068,sha256:cf43aeea34b44f17,1
DPN05. Distributive Negotiation:s6:o1,DPN05. Distributive Negotiation.pptx,"/Users/huz/Library/CloudStorage/OneDrive-SyddanskUniversitet/Teaching/Decision, Persuasion, and Negotiation/Notes/Slides 2026/DPN05. Distributive Negotiation.pptx",6,False,1,embedded-image,9,Picture 4,,,False,rId3,http://schemas.openxmlformats.org/officeDocument/2006/relationships/image,ppt/media/image4.tiff,False,,TIFF,image/tiff,389,246,387058,21aa0d03b086fbfa7662c40c78a467e96154f2bd3e46192044c0e644a42a37b6,sha256:21aa0d03b086fbfa,1
DPN05. Distributive Negotiation:s10:o1,DPN05. Distributive Negotiation.pptx,"/Users/huz/Library/CloudStorage/OneDrive-SyddanskUniversitet/Teaching/Decision, Persuasion, and Negotiation/Notes/Slides 2026/DPN05. Distributive Negotiation.pptx",10,False,1,embedded-image,16,Picture 4,,,False,rId3,http://schemas.openxmlformats.org/officeDocument/2006/relationships/image,ppt/media/image5.png,False,,PNG,image/png,534,532,85267,54929354a6e64e6724e52a0d6ee3eae89767b6737086567538c33d391db29598,sha256:54929354a6e64e67,1
DPN05. Distributive Negotiation:s10:o2,DPN05. Distributive Negotiation.pptx,"/Users/huz/Library/CloudStorage/OneDrive-SyddanskUniversitet/Teaching/Decision, Persuasion, and Negotiation/Notes/Slides 2026/DPN05. Distributive Negotiation.pptx",10,False,2,embedded-image,17,Picture 5,,,False,rId4,http://schemas.openxmlformats.org/officeDocument/2006/relationships/image,ppt/media/image6.png,False,,PNG,image/png,520,532,81319,2f359f91c66a916e9d420508e62b9b2a910b8d7995dbc2074b5017bd1fe5da05,sha256:2f359f91c66a916e,1
DPN05. Distributive Negotiation:s11:o1,DPN05. Distributive Negotiation.pptx,"/Users/huz/Library/CloudStorage/OneDrive-SyddanskUniversitet/Teaching/Decision, Persuasion, and Negotiation/Notes/Slides 2026/DPN05. Distributive Negotiation.pptx",11,False,1,embedded-image,17,Picture 4,,,False,rId3,http://schemas.openxmlformats.org/officeDocument/2006/relationships/image,ppt/media/image7.png,False,,PNG,image/png,524,522,68749,450e3763610a106fdaad3ff6a97c93d1f389fd9870e0626362e1bd956cb56c07,sha256:450e3763610a106f,1
DPN05. Distributive Negotiation:s15:o1,DPN05. Distributive Negotiation.pptx,"/Users/huz/Library/CloudStorage/OneDrive-SyddanskUniversitet/Teaching/Decision, Persuasion, and Negotiation/Notes/Slides 2026/DPN05. Distributive Negotiation.pptx",15,False,1,embedded-image,13,Picture 5,,,False,rId3,http://schemas.openxmlformats.org/officeDocument/2006/relationships/image,ppt/media/image8.jpeg,False,,JPEG,image/jpeg,480,360,18717,67589019bfadbe9334ce4ea83a47f9423d79cc6f5d9a0e758b538ef53ec97275,sha256:67589019bfadbe93,1
DPN05. Distributive Negotiation:s16:o1,DPN05. Distributive Negotiation.pptx,"/Users/huz/Library/CloudStorage/OneDrive-SyddanskUniversitet/Teaching/Decision, Persuasion, and Negotiation/Notes/Slides 2026/DPN05. Distributive Negotiation.pptx",16,False,1,embedded-image,17,Picture 7,,,False,rId3,http://schemas.openxmlformats.org/officeDocument/2006/relationships/image,ppt/media/image9.jpeg,False,,JPEG,image/jpeg,300,227,10650,6dd948b4ebff1c87eab6b7b30f17c89ae7ef85e4bc7cfc43a401a0e8fd4231b4,sha256:6dd948b4ebff1c87,1
DPN05. Distributive Negotiation:s17:o1,DPN05. Distributive Negotiation.pptx,"/Users/huz/Library/CloudStorage/OneDrive-SyddanskUniversitet/Teaching/Decision, Persuasion, and Negotiation/Notes/Slides 2026/DPN05. Distributive Negotiation.pptx",17,False,1,embedded-image,19,Content Placeholder 6,,,False,rId4,http://schemas.openxmlformats.org/officeDocument/2006/relationships/image,ppt/media/image10.png,False,,PNG,image/png,1166,641,406269,f253ecd8e8f8baf164ed7f9306d1cbbe022f080877215086239dd4ce179edde5,sha256:f253ecd8e8f8baf1,1
DPN05. Distributive Negotiation:s18:o1,DPN05. Distributive Negotiation.pptx,"/Users/huz/Library/CloudStorage/OneDrive-SyddanskUniversitet/Teaching/Decision, Persuasion, and Negotiation/Notes/Slides 2026/DPN05. Distributive Negotiation.pptx",18,False,1,embedded-image,15,Content Placeholder 5,,,False,rId3,http://schemas.openxmlformats.org/officeDocument/2006/relationships/image,ppt/media/image11.png,False,,PNG,image/png,1970,1244,1698412,517b9722a8e1d63d8ad14abf3a719879fea8d247dd7b65505e299732dcefb508,sha256:517b9722a8e1d63d,2
DPN05. Distributive Negotiation:s18:o2,DPN05. Distributive Negotiation.pptx,"/Users/huz/Library/CloudStorage/OneDrive-SyddanskUniversitet/Teaching/Decision, Persuasion, and Negotiation/Notes/Slides 2026/DPN05. Distributive Negotiation.pptx",18,False,2,embedded-image,17,Content Placeholder 5,,,False,rId3,http://schemas.openxmlformats.org/officeDocument/2006/relationships/image,ppt/media/image11.png,False,,PNG,image/png,1970,1244,1698412,517b9722a8e1d63d8ad14abf3a719879fea8d247dd7b65505e299732dcefb508,sha256:517b9722a8e1d63d,2
DPN05. Distributive Negotiation:s20:o1,DPN05. Distributive Negotiation.pptx,"/Users/huz/Library/CloudStorage/OneDrive-SyddanskUniversitet/Teaching/Decision, Persuasion, and Negotiation/Notes/Slides 2026/DPN05. Distributive Negotiation.pptx",20,False,1,embedded-image,21,Picture 2,,,False,rId4,http://schemas.openxmlformats.org/officeDocument/2006/relationships/image,ppt/media/image12.jpeg,False,,JPEG,image/jpeg,258,285,31330,a04e9a3216a9892e86daaafa0aeabca577866495f4d7870e11548d48df81f8ed,sha256:a04e9a3216a9892e,1
DPN05. Distributive Negotiation:s20:o2,DPN05. Distributive Negotiation.pptx,"/Users/huz/Library/CloudStorage/OneDrive-SyddanskUniversitet/Teaching/Decision, Persuasion, and Negotiation/Notes/Slides 2026/DPN05. Distributive Negotiation.pptx",20,False,2,embedded-image,22,Picture 2,,,False,rId5,http://schemas.openxmlformats.org/officeDocument/2006/relationships/image,ppt/media/image13.jpeg,False,,JPEG,image/jpeg,606,671,116693,3505e49b720bb25f00aa4426c237b719451cb6142134e03d61706c1d9fc9ce2e,sha256:3505e49b720bb25f,1
DPN05. Distributive Negotiation:s21:o1,DPN05. Distributive Negotiation.pptx,"/Users/huz/Library/CloudStorage/OneDrive-SyddanskUniversitet/Teaching/Decision, Persuasion, and Negotiation/Notes/Slides 2026/DPN05. Distributive Negotiation.pptx",21,False,1,embedded-image,12,Picture 12,,,False,rId3,http://schemas.openxmlformats.org/officeDocument/2006/relationships/image,ppt/media/image14.tiff,False,,TIFF,image/tiff,613,750,1382736,15b541931256728495a7d3675022fbd0be5d1dd9c0878dfd86d463f07c7f5223,sha256:15b5419312567284,1
DPN05. Distributive Negotiation:s22:o1,DPN05. Distributive Negotiation.pptx,"/Users/huz/Library/CloudStorage/OneDrive-SyddanskUniversitet/Teaching/Decision, Persuasion, and Negotiation/Notes/Slides 2026/DPN05. Distributive Negotiation.pptx",22,False,1,embedded-image,14,Picture 3,,,False,rId3,http://schemas.openxmlformats.org/officeDocument/2006/relationships/image,ppt/media/image15.tiff,False,,TIFF,image/tiff,208,200,170742,b4aa525444c0cb24cc53cbe8b15f4c96820831ae30568fe41fb2bc5e8eeaab1a,sha256:b4aa525444c0cb24,1
DPN05. Distributive Negotiation:s24:o1,DPN05. Distributive Negotiation.pptx,"/Users/huz/Library/CloudStorage/OneDrive-SyddanskUniversitet/Teaching/Decision, Persuasion, and Negotiation/Notes/Slides 2026/DPN05. Distributive Negotiation.pptx",24,False,1,embedded-image,17,Content Placeholder 5,,,False,rId3,http://schemas.openxmlformats.org/officeDocument/2006/relationships/image,ppt/media/image16.png,False,,PNG,image/png,1120,758,180539,6ce35afc1b959606dd70eda9d111e07a641f46340354a6ac1ded7061024eea47,sha256:6ce35afc1b959606,1
DPN05. Distributive Negotiation:s26:o1,DPN05. Distributive Negotiation.pptx,"/Users/huz/Library/CloudStorage/OneDrive-SyddanskUniversitet/Teaching/Decision, Persuasion, and Negotiation/Notes/Slides 2026/DPN05. Distributive Negotiation.pptx",26,False,1,embedded-image,22,Picture 1,,,False,rId3,http://schemas.openxmlformats.org/officeDocument/2006/relationships/image,ppt/media/image17.png,False,,PNG,image/png,1672,941,1129213,e890a9a9f16bdeceb28a4804de2fe357b60cf574c241d8e633b930cf6f25ae89,sha256:e890a9a9f16bdece,1
DPN05. Distributive Negotiation:s27:o1,DPN05. Distributive Negotiation.pptx,"/Users/huz/Library/CloudStorage/OneDrive-SyddanskUniversitet/Teaching/Decision, Persuasion, and Negotiation/Notes/Slides 2026/DPN05. Distributive Negotiation.pptx",27,False,1,embedded-image,17,Picture 8,,,False,rId3,http://schemas.openxmlformats.org/officeDocument/2006/relationships/image,ppt/media/image18.tiff,False,,TIFF,image/tiff,382,270,416850,42d57f57f0fc595146eb899a0d8d45de1fefe727715be6cb3f22f8d132c9a136,sha256:42d57f57f0fc5951,1
DPN05. Distributive Negotiation:s28:o1,DPN05. Distributive Negotiation.pptx,"/Users/huz/Library/CloudStorage/OneDrive-SyddanskUniversitet/Teaching/Decision, Persuasion, and Negotiation/Notes/Slides 2026/DPN05. Distributive Negotiation.pptx",28,False,1,embedded-image,14,Picture 2,,,False,rId3,http://schemas.openxmlformats.org/officeDocument/2006/relationships/image,ppt/media/image19.jpeg,False,,JPEG,image/jpeg,377,364,50579,a3e6539c433b0ec7309f82e4abc0929ca425911b0a47a21a2b9e3754754dad27,sha256:a3e6539c433b0ec7,1
DPN05. Distributive Negotiation:s33:o1,DPN05. Distributive Negotiation.pptx,"/Users/huz/Library/CloudStorage/OneDrive-SyddanskUniversitet/Teaching/Decision, Persuasion, and Negotiation/Notes/Slides 2026/DPN05. Distributive Negotiation.pptx",33,False,1,embedded-image,22,Picture 5,,,False,rId3,http://schemas.openxmlformats.org/officeDocument/2006/relationships/image,ppt/media/image20.png,False,,PNG,image/png,1672,941,1149620,70e963c2638274b82d7e2aa2ca4ea8a6ca07337a93d5c731dc9551e30fb2f29d,sha256:70e963c2638274b8,1
DPN05. Distributive Negotiation:s35:o1,DPN05. Distributive Negotiation.pptx,"/Users/huz/Library/CloudStorage/OneDrive-SyddanskUniversitet/Teaching/Decision, Persuasion, and Negotiation/Notes/Slides 2026/DPN05. Distributive Negotiation.pptx",35,False,1,embedded-image,32,Picture 4,,,False,rId3,http://schemas.openxmlformats.org/officeDocument/2006/relationships/image,ppt/media/image21.tiff,False,,TIFF,image/tiff,800,570,1372330,5648a59babf43cc64cf42bf7a6f26dd12d380564a6a5fb2ed4c71c560b0e5033,sha256:5648a59babf43cc6,1
DPN05. Distributive Negotiation:s36:o1,DPN05. Distributive Negotiation.pptx,"/Users/huz/Library/CloudStorage/OneDrive-SyddanskUniversitet/Teaching/Decision, Persuasion, and Negotiation/Notes/Slides 2026/DPN05. Distributive Negotiation.pptx",36,False,1,embedded-image,10,slide.url=https://www.polleverywhere.com/multiple_choice_polls/t5049XTWFeXYzwsHh4bWD?state=opened&flow=Default&onscreen=persist,,,False,rId3,http://schemas.openxmlformats.org/officeDocument/2006/relationships/image,ppt/media/image22.png,False,,PNG,image/png,1600,900,44944,5bdba042d0197f8bd7c13ff195f17c66de97b66a5c60f2db807ddbc041af14ab,sha256:5bdba042d0197f8b,1
DPN05. Distributive Negotiation:s36:o2,DPN05. Distributive Negotiation.pptx,"/Users/huz/Library/CloudStorage/OneDrive-SyddanskUniversitet/Teaching/Decision, Persuasion, and Negotiation/Notes/Slides 2026/DPN05. Distributive Negotiation.pptx",36,False,2,embedded-image,11,Picture 9,,,False,rId4,http://schemas.openxmlformats.org/officeDocument/2006/relationships/image,ppt/media/image23.png,False,,PNG,image/png,1078,211,26970,6d9f601160e989b4bda79c93b45508142a3c3891ee705b5356a8af9738224644,sha256:6d9f601160e989b4,1
DPN05. Distributive Negotiation:s39:o1,DPN05. Distributive Negotiation.pptx,"/Users/huz/Library/CloudStorage/OneDrive-SyddanskUniversitet/Teaching/Decision, Persuasion, and Negotiation/Notes/Slides 2026/DPN05. Distributive Negotiation.pptx",39,False,1,embedded-image,16,Picture 5,,,False,rId3,http://schemas.openxmlformats.org/officeDocument/2006/relationships/image,ppt/media/image24.png,False,,PNG,image/png,1562,806,140347,f5908d6205ec40a80494048d3f2dc126d662b5d912d0b5833b57aeec6b10e2aa,sha256:f5908d6205ec40a8,1
DPN05. Distributive Negotiation:s40:o1,DPN05. Distributive Negotiation.pptx,"/Users/huz/Library/CloudStorage/OneDrive-SyddanskUniversitet/Teaching/Decision, Persuasion, and Negotiation/Notes/Slides 2026/DPN05. Distributive Negotiation.pptx",40,False,1,embedded-image,16,Picture 39,,,False,rId3,http://schemas.openxmlformats.org/officeDocument/2006/relationships/image,ppt/media/image25.png,False,,PNG,image/png,1480,674,95475,b9362e49f5c1dea630e369bbee974ec932c1692df5ea0388f2cde037fec6ee64,sha256:b9362e49f5c1dea6,1
DPN05. Distributive Negotiation:s41:o1,DPN05. Distributive Negotiation.pptx,"/Users/huz/Library/CloudStorage/OneDrive-SyddanskUniversitet/Teaching/Decision, Persuasion, and Negotiation/Notes/Slides 2026/DPN05. Distributive Negotiation.pptx",41,False,1,embedded-image,13,Picture 8,,,False,rId3,http://schemas.openxmlformats.org/officeDocument/2006/relationships/image,ppt/media/image26.png,False,,PNG,image/png,1522,822,140609,b5894b29f6c2ad4412a424a609f7eb7e056db68968fd800f14ebbd51ceb20ef4,sha256:b5894b29f6c2ad44,1
DPN05. Distributive Negotiation:s45:o1,DPN05. Distributive Negotiation.pptx,"/Users/huz/Library/CloudStorage/OneDrive-SyddanskUniversitet/Teaching/Decision, Persuasion, and Negotiation/Notes/Slides 2026/DPN05. Distributive Negotiation.pptx",45,False,1,embedded-image,10,Content Placeholder 3,,,False,rId3,http://schemas.openxmlformats.org/officeDocument/2006/relationships/image,ppt/media/image27.jpeg,False,,JPEG,image/jpeg,695,372,99407,6b92fefbad2d393d9c3430750a428451dacb4a0a4a4ed12a4ea91f8f2950c5a8,sha256:6b92fefbad2d393d,1
DPN05. Distributive Negotiation:s50:o1,DPN05. Distributive Negotiation.pptx,"/Users/huz/Library/CloudStorage/OneDrive-SyddanskUniversitet/Teaching/Decision, Persuasion, and Negotiation/Notes/Slides 2026/DPN05. Distributive Negotiation.pptx",50,False,1,embedded-image,20,Picture 5,,,False,rId3,http://schemas.openxmlformats.org/officeDocument/2006/relationships/image,ppt/media/image28.png,False,,PNG,image/png,1482,1076,398477,d74fbf0362656fdd989fcde5c8147a13fda61fb8a4d16f5c5f32b71f5fbdcc35,sha256:d74fbf0362656fdd,1
DPN05. Distributive Negotiation:s53:o1,DPN05. Distributive Negotiation.pptx,"/Users/huz/Library/CloudStorage/OneDrive-SyddanskUniversitet/Teaching/Decision, Persuasion, and Negotiation/Notes/Slides 2026/DPN05. Distributive Negotiation.pptx",53,False,1,embedded-image,7,Picture 3,,,False,rId3,http://schemas.openxmlformats.org/officeDocument/2006/relationships/image,ppt/media/image29.png,False,,PNG,image/png,804,611,217344,cfc906928d5a6b5e86d84abcc39ff94618748ca90d28ceaaf890fda0de2a72f6,sha256:cfc906928d5a6b5e,1
DPN05. Distributive Negotiation:s55:o1,DPN05. Distributive Negotiation.pptx,"/Users/huz/Library/CloudStorage/OneDrive-SyddanskUniversitet/Teaching/Decision, Persuasion, and Negotiation/Notes/Slides 2026/DPN05. Distributive Negotiation.pptx",55,False,1,embedded-image,13,Picture 2,,,False,rId3,http://schemas.openxmlformats.org/officeDocument/2006/relationships/image,ppt/media/image30.jpeg,False,,JPEG,image/jpeg,600,801,58567,ebeb23ae5be2b1183a0ec692dda960948cbae0ca629a9f077bbd989997d1a763,sha256:ebeb23ae5be2b118,1
DPN05. Distributive Negotiation:s57:o1,DPN05. Distributive Negotiation.pptx,"/Users/huz/Library/CloudStorage/OneDrive-SyddanskUniversitet/Teaching/Decision, Persuasion, and Negotiation/Notes/Slides 2026/DPN05. Distributive Negotiation.pptx",57,False,1,embedded-image,11,Picture 2,,,False,rId3,http://schemas.openxmlformats.org/officeDocument/2006/relationships/image,ppt/media/image31.jpeg,False,,JPEG,image/jpeg,1280,720,101662,e83e103e682e1397cabb8d8eeb3c91213c54c670c8ba5ae11a34f1b3f7caf9db,sha256:e83e103e682e1397,1
DPN05. Distributive Negotiation:s58:o1,DPN05. Distributive Negotiation.pptx,"/Users/huz/Library/CloudStorage/OneDrive-SyddanskUniversitet/Teaching/Decision, Persuasion, and Negotiation/Notes/Slides 2026/DPN05. Distributive Negotiation.pptx",58,False,1,embedded-image,4,index,,,False,rId3,http://schemas.openxmlformats.org/officeDocument/2006/relationships/image,ppt/media/image32.png,False,,PNG,image/png,640,360,300434,27ca8521e39dea704eeb149e4f6fd54413fe1b1e61a73b94cb8e0b15f3757c26,sha256:27ca8521e39dea70,1
DPN05. Distributive Negotiation:s65:o1,DPN05. Distributive Negotiation.pptx,"/Users/huz/Library/CloudStorage/OneDrive-SyddanskUniversitet/Teaching/Decision, Persuasion, and Negotiation/Notes/Slides 2026/DPN05. Distributive Negotiation.pptx",65,False,1,embedded-image,12,Picture 4,,,False,rId3,http://schemas.openxmlformats.org/officeDocument/2006/relationships/image,ppt/media/image33.tiff,False,,TIFF,image/tiff,304,514,472190,5c510a0cb5252a0914e3093f2ca4132f8173f4b11ca300692ec4e07938469abd,sha256:5c510a0cb5252a09,1
DPN06. Integrative Negotiation:s1:o1,DPN06. Integrative Negotiation.pptx,"/Users/huz/Library/CloudStorage/OneDrive-SyddanskUniversitet/Teaching/Decision, Persuasion, and Negotiation/Notes/Slides 2026/DPN06. Integrative Negotiation.pptx",1,False,1,embedded-image,12,Picture 6,,,False,rId3,http://schemas.openxmlformats.org/officeDocument/2006/relationships/image,ppt/media/image1.png,False,,PNG,image/png,1672,941,1675967,c5a5f2299e256a3982fad4d88b515263f7de9e8200bfb5c781e15c8b8a717858,sha256:c5a5f2299e256a39,1
DPN06. Integrative Negotiation:s5:o1,DPN06. Integrative Negotiation.pptx,"/Users/huz/Library/CloudStorage/OneDrive-SyddanskUniversitet/Teaching/Decision, Persuasion, and Negotiation/Notes/Slides 2026/DPN06. Integrative Negotiation.pptx",5,False,1,embedded-image,13,Picture 6,,,False,rId3,http://schemas.openxmlformats.org/officeDocument/2006/relationships/image,ppt/media/image2.png,False,,PNG,image/png,1672,941,1384913,bd488f9286aa8f156acc3602f9cdfc01f5cc33eff30003ffde713af8d926cdc3,sha256:bd488f9286aa8f15,1
DPN06. Integrative Negotiation:s7:o1,DPN06. Integrative Negotiation.pptx,"/Users/huz/Library/CloudStorage/OneDrive-SyddanskUniversitet/Teaching/Decision, Persuasion, and Negotiation/Notes/Slides 2026/DPN06. Integrative Negotiation.pptx",7,False,1,embedded-image,12,Picture 1,,,False,rId3,http://schemas.openxmlformats.org/officeDocument/2006/relationships/image,ppt/media/image3.png,False,,PNG,image/png,612,496,197485,9649e3f917e858dbfe247133b0f2cdecc4a8140d868e5835beb816634562b145,sha256:9649e3f917e858db,1
DPN06. Integrative Negotiation:s8:o1,DPN06. Integrative Negotiation.pptx,"/Users/huz/Library/CloudStorage/OneDrive-SyddanskUniversitet/Teaching/Decision, Persuasion, and Negotiation/Notes/Slides 2026/DPN06. Integrative Negotiation.pptx",8,False,1,embedded-image,13,Picture 5,,,False,rId3,http://schemas.openxmlformats.org/officeDocument/2006/relationships/image,ppt/media/image4.png,False,,PNG,image/png,800,1200,122062,084d7f445167642465b64960c9eebc64a110d119a3a194b719c39742ddb865bd,sha256:084d7f4451676424,1
DPN06. Integrative Negotiation:s9:o1,DPN06. Integrative Negotiation.pptx,"/Users/huz/Library/CloudStorage/OneDrive-SyddanskUniversitet/Teaching/Decision, Persuasion, and Negotiation/Notes/Slides 2026/DPN06. Integrative Negotiation.pptx",9,False,1,embedded-image,22,Picture 2,,,False,rId3,http://schemas.openxmlformats.org/officeDocument/2006/relationships/image,ppt/media/image5.png,False,l=1608;t=7358;r=2214;b=20831,PNG,image/png,1536,1024,425604,d2cfe33aa5e898437dc839915b459d2523470d0d85a8c4625da5239ab6a15818,sha256:d2cfe33aa5e89843,1
DPN06. Integrative Negotiation:s10:o1,DPN06. Integrative Negotiation.pptx,"/Users/huz/Library/CloudStorage/OneDrive-SyddanskUniversitet/Teaching/Decision, Persuasion, and Negotiation/Notes/Slides 2026/DPN06. Integrative Negotiation.pptx",10,False,1,embedded-image,14,Picture 17,,,False,rId3,http://schemas.openxmlformats.org/officeDocument/2006/relationships/image,ppt/media/image6.png,False,,PNG,image/png,1319,1192,1029814,b2bf1575f092cd41b64473deee6833b229abe0e80a3f62e6bd73cd4785668605,sha256:b2bf1575f092cd41,1
DPN06. Integrative Negotiation:s12:o1,DPN06. Integrative Negotiation.pptx,"/Users/huz/Library/CloudStorage/OneDrive-SyddanskUniversitet/Teaching/Decision, Persuasion, and Negotiation/Notes/Slides 2026/DPN06. Integrative Negotiation.pptx",12,False,1,embedded-image,16,Picture 5,,,False,rId3,http://schemas.openxmlformats.org/officeDocument/2006/relationships/image,ppt/media/image7.png,False,,PNG,image/png,1268,830,181396,53a4b3667fc893a5781465c3fbc04c62680e46096cd4d58fdb2d7a14121ff8fa,sha256:53a4b3667fc893a5,1
DPN06. Integrative Negotiation:s23:o1,DPN06. Integrative Negotiation.pptx,"/Users/huz/Library/CloudStorage/OneDrive-SyddanskUniversitet/Teaching/Decision, Persuasion, and Negotiation/Notes/Slides 2026/DPN06. Integrative Negotiation.pptx",23,False,1,embedded-image,7,Picture 3,,,False,rId3,http://schemas.openxmlformats.org/officeDocument/2006/relationships/image,ppt/media/image8.jpeg,False,,JPEG,image/jpeg,778,393,103489,31b7889a99b0535e34b1b1d8c3adab966d137615fb6a9292a83f335560a814c9,sha256:31b7889a99b0535e,1
DPN06. Integrative Negotiation:s26:o1,DPN06. Integrative Negotiation.pptx,"/Users/huz/Library/CloudStorage/OneDrive-SyddanskUniversitet/Teaching/Decision, Persuasion, and Negotiation/Notes/Slides 2026/DPN06. Integrative Negotiation.pptx",26,False,1,embedded-image,13,Picture 6,,,False,rId3,http://schemas.openxmlformats.org/officeDocument/2006/relationships/image,ppt/media/image9.png,False,,PNG,image/png,1672,941,1508761,b47e78f332a8b165fa5220f0ad475bc7d0695a5cf9fd82755e2e420a2daaf831,sha256:b47e78f332a8b165,1
DPN06. Integrative Negotiation:s30:o1,DPN06. Integrative Negotiation.pptx,"/Users/huz/Library/CloudStorage/OneDrive-SyddanskUniversitet/Teaching/Decision, Persuasion, and Negotiation/Notes/Slides 2026/DPN06. Integrative Negotiation.pptx",30,False,1,embedded-image,13,Picture 6,,,False,rId3,http://schemas.openxmlformats.org/officeDocument/2006/relationships/image,ppt/media/image10.png,False,,PNG,image/png,1672,941,1558163,c461bc9a2a22a8606a595928e40961b3c075daac6cbc0a70b8221ff8ac060bc9,sha256:c461bc9a2a22a860,1
DPN06. Integrative Negotiation:s31:o1,DPN06. Integrative Negotiation.pptx,"/Users/huz/Library/CloudStorage/OneDrive-SyddanskUniversitet/Teaching/Decision, Persuasion, and Negotiation/Notes/Slides 2026/DPN06. Integrative Negotiation.pptx",31,False,1,embedded-image,18,Picture 2,,,False,rId3,http://schemas.openxmlformats.org/officeDocument/2006/relationships/image,ppt/media/image11.jpeg,False,,JPEG,image/jpeg,320,400,32397,7164c7596208bc01d5cce660b7ff7146f5aa96a8cd57c8760e15b3f122b2ffcf,sha256:7164c7596208bc01,1
DPN06. Integrative Negotiation:s31:o2,DPN06. Integrative Negotiation.pptx,"/Users/huz/Library/CloudStorage/OneDrive-SyddanskUniversitet/Teaching/Decision, Persuasion, and Negotiation/Notes/Slides 2026/DPN06. Integrative Negotiation.pptx",31,False,2,embedded-image,19,Picture 6,,,False,rId4,http://schemas.openxmlformats.org/officeDocument/2006/relationships/image,ppt/media/image12.jpeg,False,,JPEG,image/jpeg,590,475,117030,2d9c4a1e594e8791e9a07ce05ed58c55ff0403f7d126f4024aa4b0fdfc93de2c,sha256:2d9c4a1e594e8791,1
DPN06. Integrative Negotiation:s32:o1,DPN06. Integrative Negotiation.pptx,"/Users/huz/Library/CloudStorage/OneDrive-SyddanskUniversitet/Teaching/Decision, Persuasion, and Negotiation/Notes/Slides 2026/DPN06. Integrative Negotiation.pptx",32,False,1,embedded-image,17,Picture 7,,,False,rId3,http://schemas.openxmlformats.org/officeDocument/2006/relationships/image,ppt/media/image13.png,False,,PNG,image/png,721,1080,600378,1b26accc9528c4d5bdbb43af2745fcacf72b0ae6567bae50e58fcd3d6802d88b,sha256:1b26accc9528c4d5,1
DPN06. Integrative Negotiation:s32:o2,DPN06. Integrative Negotiation.pptx,"/Users/huz/Library/CloudStorage/OneDrive-SyddanskUniversitet/Teaching/Decision, Persuasion, and Negotiation/Notes/Slides 2026/DPN06. Integrative Negotiation.pptx",32,False,2,embedded-image,18,Picture 9,,,False,rId4,http://schemas.openxmlformats.org/officeDocument/2006/relationships/image,ppt/media/image14.png,False,,PNG,image/png,721,1080,550099,e5ba4fe9c9443e4514d38b033db4970108d2f9776aa3a02148d073a330c8a116,sha256:e5ba4fe9c9443e45,1
DPN06. Integrative Negotiation:s32:o3,DPN06. Integrative Negotiation.pptx,"/Users/huz/Library/CloudStorage/OneDrive-SyddanskUniversitet/Teaching/Decision, Persuasion, and Negotiation/Notes/Slides 2026/DPN06. Integrative Negotiation.pptx",32,False,3,embedded-image,19,Picture 11,,,False,rId5,http://schemas.openxmlformats.org/officeDocument/2006/relationships/image,ppt/media/image15.png,False,,PNG,image/png,724,1078,621688,f3f0464aec5cc22ee6839b71a43c9e786c4b8d3aeca381a826ee85a1c36a8a1d,sha256:f3f0464aec5cc22e,1
DPN06. Integrative Negotiation:s33:o1,DPN06. Integrative Negotiation.pptx,"/Users/huz/Library/CloudStorage/OneDrive-SyddanskUniversitet/Teaching/Decision, Persuasion, and Negotiation/Notes/Slides 2026/DPN06. Integrative Negotiation.pptx",33,False,1,embedded-image,2,lie detection,,lie detection,False,rId5,http://schemas.openxmlformats.org/officeDocument/2006/relationships/image,ppt/media/image16.png,False,,PNG,image/png,1280,720,680760,6b72deddab22e2f0c068dfd0b3c25bba7535ad57914e4885c22ea18849aad60a,sha256:6b72deddab22e2f0,1
DPN06. Integrative Negotiation:s34:o1,DPN06. Integrative Negotiation.pptx,"/Users/huz/Library/CloudStorage/OneDrive-SyddanskUniversitet/Teaching/Decision, Persuasion, and Negotiation/Notes/Slides 2026/DPN06. Integrative Negotiation.pptx",34,False,1,embedded-image,4,slide.url=https://www.polleverywhere.com/multiple_choice_polls/FN7sSIjMgaHOi69CdQ9kE,,,False,rId3,http://schemas.openxmlformats.org/officeDocument/2006/relationships/image,ppt/media/image17.png,False,,PNG,image/png,1600,900,442677,4f0e86bf169a04484a6d8afc723b37c2d455d39f2bb4950410a56aa6d27f52e0,sha256:4f0e86bf169a0448,1
DPN06. Integrative Negotiation:s34:o2,DPN06. Integrative Negotiation.pptx,"/Users/huz/Library/CloudStorage/OneDrive-SyddanskUniversitet/Teaching/Decision, Persuasion, and Negotiation/Notes/Slides 2026/DPN06. Integrative Negotiation.pptx",34,False,2,embedded-image,7,Picture 6,,,False,rId4,http://schemas.openxmlformats.org/officeDocument/2006/relationships/image,ppt/media/image18.png,False,,PNG,image/png,406,402,20031,822587e1c4d2edc43ea36a57887cbe8c15d1e4c98f02e40d57c0032a0bd79619,sha256:822587e1c4d2edc4,1
DPN06. Integrative Negotiation:s35:o1,DPN06. Integrative Negotiation.pptx,"/Users/huz/Library/CloudStorage/OneDrive-SyddanskUniversitet/Teaching/Decision, Persuasion, and Negotiation/Notes/Slides 2026/DPN06. Integrative Negotiation.pptx",35,False,1,embedded-image,11,Picture 5,,,False,rId3,http://schemas.openxmlformats.org/officeDocument/2006/relationships/image,ppt/media/image19.png,False,,PNG,image/png,732,390,60339,f5f03c8772aa5e570d0339c82143599c05c6f8bf64bdf57fc43257f732db08fb,sha256:f5f03c8772aa5e57,1
DPN06. Integrative Negotiation:s39:o1,DPN06. Integrative Negotiation.pptx,"/Users/huz/Library/CloudStorage/OneDrive-SyddanskUniversitet/Teaching/Decision, Persuasion, and Negotiation/Notes/Slides 2026/DPN06. Integrative Negotiation.pptx",39,False,1,embedded-image,2,Image 0,,/mnt/data/revised_assets/slide02_img01_e782cb844384.jpg,False,rId3,http://schemas.openxmlformats.org/officeDocument/2006/relationships/image,ppt/media/image20.jpg,False,,JPEG,image/jpeg,1672,941,453153,67146575d2c8d0740eb30e15fca03fa6518fd2d0c310f3af86d07814e49e70fc,sha256:67146575d2c8d074,3
DPN06. Integrative Negotiation:s40:o1,DPN06. Integrative Negotiation.pptx,"/Users/huz/Library/CloudStorage/OneDrive-SyddanskUniversitet/Teaching/Decision, Persuasion, and Negotiation/Notes/Slides 2026/DPN06. Integrative Negotiation.pptx",40,False,1,embedded-image,13,Picture 6,,,False,rId3,http://schemas.openxmlformats.org/officeDocument/2006/relationships/image,ppt/media/image21.png,False,,PNG,image/png,1672,941,1841802,4e8862727618885b949ee4c4b4efe504faf10eca61c2631ab1ba474bae181d32,sha256:4e8862727618885b,1
DPN06. Integrative Negotiation:s41:o1,DPN06. Integrative Negotiation.pptx,"/Users/huz/Library/CloudStorage/OneDrive-SyddanskUniversitet/Teaching/Decision, Persuasion, and Negotiation/Notes/Slides 2026/DPN06. Integrative Negotiation.pptx",41,False,1,embedded-image,14,Content Placeholder 5,,,False,rId3,http://schemas.openxmlformats.org/officeDocument/2006/relationships/image,ppt/media/image22.gif,False,,GIF,image/gif,709,1190,79072,65107a014171e8b74488d43f7e517da6c0e9afc729bf6e0f578e8d1ab3c411e7,sha256:65107a014171e8b7,1
DPN06. Integrative Negotiation:s42:o1,DPN06. Integrative Negotiation.pptx,"/Users/huz/Library/CloudStorage/OneDrive-SyddanskUniversitet/Teaching/Decision, Persuasion, and Negotiation/Notes/Slides 2026/DPN06. Integrative Negotiation.pptx",42,False,1,embedded-image,18,Picture 4,,,False,rId3,http://schemas.openxmlformats.org/officeDocument/2006/relationships/image,ppt/media/image23.jpeg,False,,JPEG,image/jpeg,709,709,35339,35ea5ee515f0728d193b7475c035673f9dc709892d3c1829b4fd4cc5d2852095,sha256:35ea5ee515f0728d,1
DPN06. Integrative Negotiation:s42:o2,DPN06. Integrative Negotiation.pptx,"/Users/huz/Library/CloudStorage/OneDrive-SyddanskUniversitet/Teaching/Decision, Persuasion, and Negotiation/Notes/Slides 2026/DPN06. Integrative Negotiation.pptx",42,False,2,embedded-image,21,Picture 8,,,False,rId4,http://schemas.openxmlformats.org/officeDocument/2006/relationships/image,ppt/media/image24.jpeg,False,,JPEG,image/jpeg,612,612,42472,491582280684a480bdf389671eac0acaa5c06e214528b60bbd1d40d47de4f0db,sha256:491582280684a480,1
DPN06. Integrative Negotiation:s42:o3,DPN06. Integrative Negotiation.pptx,"/Users/huz/Library/CloudStorage/OneDrive-SyddanskUniversitet/Teaching/Decision, Persuasion, and Negotiation/Notes/Slides 2026/DPN06. Integrative Negotiation.pptx",42,False,3,embedded-image,22,Picture 6,,,False,rId5,http://schemas.openxmlformats.org/officeDocument/2006/relationships/image,ppt/media/image25.jpeg,False,,JPEG,image/jpeg,213,258,20058,4a3bb28d4969363e48112f8308861a2f2fd23f7c64c35a66910a0dac4d747de0,sha256:4a3bb28d4969363e,1
DPN06. Integrative Negotiation:s43:o1,DPN06. Integrative Negotiation.pptx,"/Users/huz/Library/CloudStorage/OneDrive-SyddanskUniversitet/Teaching/Decision, Persuasion, and Negotiation/Notes/Slides 2026/DPN06. Integrative Negotiation.pptx",43,False,1,embedded-image,14,Content Placeholder 2,,,False,rId3,http://schemas.openxmlformats.org/officeDocument/2006/relationships/image,ppt/media/image26.jpeg,False,,JPEG,image/jpeg,819,632,68988,baaa5d58233b51863b204083b2f974a226d496ea056b44fffc0a306afb6f1863,sha256:baaa5d58233b5186,1
DPN06. Integrative Negotiation:s44:o1,DPN06. Integrative Negotiation.pptx,"/Users/huz/Library/CloudStorage/OneDrive-SyddanskUniversitet/Teaching/Decision, Persuasion, and Negotiation/Notes/Slides 2026/DPN06. Integrative Negotiation.pptx",44,False,1,embedded-image,16,Content Placeholder 2,,,False,rId3,http://schemas.openxmlformats.org/officeDocument/2006/relationships/image,ppt/media/image27.jpeg,False,,JPEG,image/jpeg,831,674,89324,7e489e45cb57acd5bd38518a802a1b932ac50a28d4dc090dbf331fb04e84e50f,sha256:7e489e45cb57acd5,1
DPN06. Integrative Negotiation:s46:o1,DPN06. Integrative Negotiation.pptx,"/Users/huz/Library/CloudStorage/OneDrive-SyddanskUniversitet/Teaching/Decision, Persuasion, and Negotiation/Notes/Slides 2026/DPN06. Integrative Negotiation.pptx",46,False,1,embedded-image,14,Picture 8,,,False,rId3,http://schemas.openxmlformats.org/officeDocument/2006/relationships/image,ppt/media/image28.png,False,,PNG,image/png,250,250,14905,113349b1f4ce3e54620cf4f52d46257d28c8dd472e3922d365d4f2e1733a1edb,sha256:113349b1f4ce3e54,1
DPN06. Integrative Negotiation:s47:o1,DPN06. Integrative Negotiation.pptx,"/Users/huz/Library/CloudStorage/OneDrive-SyddanskUniversitet/Teaching/Decision, Persuasion, and Negotiation/Notes/Slides 2026/DPN06. Integrative Negotiation.pptx",47,False,1,embedded-image,16,Picture 2,,,False,rId3,http://schemas.openxmlformats.org/officeDocument/2006/relationships/image,ppt/media/image29.jpeg,False,,JPEG,image/jpeg,346,421,57563,e5c0b4a3c7e9e4d3f1f6c6c2cade1b359410bddd52149934802db87aadf1c007,sha256:e5c0b4a3c7e9e4d3,1
DPN06. Integrative Negotiation:s48:o1,DPN06. Integrative Negotiation.pptx,"/Users/huz/Library/CloudStorage/OneDrive-SyddanskUniversitet/Teaching/Decision, Persuasion, and Negotiation/Notes/Slides 2026/DPN06. Integrative Negotiation.pptx",48,False,1,embedded-image,13,Content Placeholder 4,,,False,rId3,http://schemas.openxmlformats.org/officeDocument/2006/relationships/image,ppt/media/image30.png,False,,PNG,image/png,1174,826,75665,c272c38a3654721042998a23f09ff2485fee22b4f89469ad28a9868fb834e425,sha256:c272c38a36547210,1
DPN06. Integrative Negotiation:s48:o2,DPN06. Integrative Negotiation.pptx,"/Users/huz/Library/CloudStorage/OneDrive-SyddanskUniversitet/Teaching/Decision, Persuasion, and Negotiation/Notes/Slides 2026/DPN06. Integrative Negotiation.pptx",48,False,2,embedded-image,15,Picture 10,,,False,rId4,http://schemas.openxmlformats.org/officeDocument/2006/relationships/image,ppt/media/image31.png,False,,PNG,image/png,1118,726,153079,ea8588eaf9940a6e10d6b0e9459e8de8e9dcfb62bb35a7c40dd6c2754f95ee68,sha256:ea8588eaf9940a6e,1
DPN06. Integrative Negotiation:s50:o1,DPN06. Integrative Negotiation.pptx,"/Users/huz/Library/CloudStorage/OneDrive-SyddanskUniversitet/Teaching/Decision, Persuasion, and Negotiation/Notes/Slides 2026/DPN06. Integrative Negotiation.pptx",50,False,1,embedded-image,20,Content Placeholder 5,,,False,rId3,http://schemas.openxmlformats.org/officeDocument/2006/relationships/image,ppt/media/image32.png,False,,PNG,image/png,1526,1020,328314,189bcd11ee90549b0e713ebac8a964dd3fe70ddf6ec77f5e880813d6e776e879,sha256:189bcd11ee90549b,1
DPN06. Integrative Negotiation:s50:o2,DPN06. Integrative Negotiation.pptx,"/Users/huz/Library/CloudStorage/OneDrive-SyddanskUniversitet/Teaching/Decision, Persuasion, and Negotiation/Notes/Slides 2026/DPN06. Integrative Negotiation.pptx",50,False,2,embedded-image,19,Content Placeholder 5,,,False,rId4,http://schemas.openxmlformats.org/officeDocument/2006/relationships/image,ppt/media/image33.jpeg,False,,JPEG,image/jpeg,1005,745,111376,4134be40e878570a04e570c1acbffb5cb5aaf837a73b903e351cc0d3516daddb,sha256:4134be40e878570a,1
DPN06. Integrative Negotiation:s51:o1,DPN06. Integrative Negotiation.pptx,"/Users/huz/Library/CloudStorage/OneDrive-SyddanskUniversitet/Teaching/Decision, Persuasion, and Negotiation/Notes/Slides 2026/DPN06. Integrative Negotiation.pptx",51,False,1,embedded-image,12,Picture 2,,,False,rId3,http://schemas.openxmlformats.org/officeDocument/2006/relationships/image,ppt/media/image34.jpeg,False,,JPEG,image/jpeg,960,640,233030,43c4c9f3ad674ddeb1937552942996fac39fbde6392c61af8bfe3a0a3b9bce2b,sha256:43c4c9f3ad674dde,1
DPN06. Integrative Negotiation:s52:o1,DPN06. Integrative Negotiation.pptx,"/Users/huz/Library/CloudStorage/OneDrive-SyddanskUniversitet/Teaching/Decision, Persuasion, and Negotiation/Notes/Slides 2026/DPN06. Integrative Negotiation.pptx",52,False,1,embedded-image,16,Picture 2,,,False,rId3,http://schemas.openxmlformats.org/officeDocument/2006/relationships/image,ppt/media/image35.jpeg,False,b=-585,JPEG,image/jpeg,3645,1624,2232391,90144d233e19ff8696859083eb525f8ef5a9d65438d02b3c4bd6fabac9fcbee0,sha256:90144d233e19ff86,1
DPN06. Integrative Negotiation:s53:o1,DPN06. Integrative Negotiation.pptx,"/Users/huz/Library/CloudStorage/OneDrive-SyddanskUniversitet/Teaching/Decision, Persuasion, and Negotiation/Notes/Slides 2026/DPN06. Integrative Negotiation.pptx",53,False,1,embedded-image,11,Picture 5,,,False,rId3,http://schemas.openxmlformats.org/officeDocument/2006/relationships/image,ppt/media/image36.png,False,,PNG,image/png,1418,1144,454549,f1f7aa850ac31100b259626617ef7848de4237b2d34e5065d0b7becccee161af,sha256:f1f7aa850ac31100,1
DPN06. Integrative Negotiation:s53:o2,DPN06. Integrative Negotiation.pptx,"/Users/huz/Library/CloudStorage/OneDrive-SyddanskUniversitet/Teaching/Decision, Persuasion, and Negotiation/Notes/Slides 2026/DPN06. Integrative Negotiation.pptx",53,False,2,embedded-image,12,Picture 10,,,False,rId4,http://schemas.openxmlformats.org/officeDocument/2006/relationships/image,ppt/media/image37.png,False,,PNG,image/png,1200,1150,1222203,59aa22f4d82da4e0a7edbd8cb3b9544de41753ba917a85e7935d50b1e37d6a29,sha256:59aa22f4d82da4e0,1
DPN06. Integrative Negotiation:s54:o1,DPN06. Integrative Negotiation.pptx,"/Users/huz/Library/CloudStorage/OneDrive-SyddanskUniversitet/Teaching/Decision, Persuasion, and Negotiation/Notes/Slides 2026/DPN06. Integrative Negotiation.pptx",54,False,1,embedded-image,17,Picture 6,,,False,rId3,http://schemas.openxmlformats.org/officeDocument/2006/relationships/image,ppt/media/image38.png,False,,PNG,image/png,978,1300,264995,5d1ab24ab63e1946d3a7285f667dfde4b70841de7004eb31d9b9c010865fe9fc,sha256:5d1ab24ab63e1946,1
DPN06. Integrative Negotiation:s55:o1,DPN06. Integrative Negotiation.pptx,"/Users/huz/Library/CloudStorage/OneDrive-SyddanskUniversitet/Teaching/Decision, Persuasion, and Negotiation/Notes/Slides 2026/DPN06. Integrative Negotiation.pptx",55,False,1,embedded-image,13,Picture 2,,,False,rId3,http://schemas.openxmlformats.org/officeDocument/2006/relationships/image,ppt/media/image39.jpeg,False,t=9754;b=13504,JPEG,image/jpeg,317,159,6846,1713a97d57db52216398bd3b5a79795c3c7f59d69eb813162bd4b43215a1f4f9,sha256:1713a97d57db5221,1
DPN06. Integrative Negotiation:s56:o1,DPN06. Integrative Negotiation.pptx,"/Users/huz/Library/CloudStorage/OneDrive-SyddanskUniversitet/Teaching/Decision, Persuasion, and Negotiation/Notes/Slides 2026/DPN06. Integrative Negotiation.pptx",56,False,1,embedded-image,17,Picture 5,,,False,rId3,http://schemas.openxmlformats.org/officeDocument/2006/relationships/image,ppt/media/image40.png,False,l=6615;t=1;b=-2969,PNG,image/png,161,95,14891,3f5a9036a4808b045ae3cc77c959da5626d4ec69f03830f4c1825674ef5485fd,sha256:3f5a9036a4808b04,1
DPN06. Integrative Negotiation:s56:o2,DPN06. Integrative Negotiation.pptx,"/Users/huz/Library/CloudStorage/OneDrive-SyddanskUniversitet/Teaching/Decision, Persuasion, and Negotiation/Notes/Slides 2026/DPN06. Integrative Negotiation.pptx",56,False,2,embedded-image,18,Picture 6,,,False,rId4,http://schemas.openxmlformats.org/officeDocument/2006/relationships/image,ppt/media/image41.png,False,,PNG,image/png,151,130,18421,568886b3a5be8d2f0a3c1a243974e70abdbdd2701567969bdf535331a7f7859d,sha256:568886b3a5be8d2f,1
DPN06. Integrative Negotiation:s59:o1,DPN06. Integrative Negotiation.pptx,"/Users/huz/Library/CloudStorage/OneDrive-SyddanskUniversitet/Teaching/Decision, Persuasion, and Negotiation/Notes/Slides 2026/DPN06. Integrative Negotiation.pptx",59,False,1,embedded-image,10,Content Placeholder 5,,,False,rId3,http://schemas.openxmlformats.org/officeDocument/2006/relationships/image,ppt/media/image42.png,False,,PNG,image/png,705,529,60842,d60b19a25ff405faf8ee9d2145d543f7893a0dae036704565352e99d51622a12,sha256:d60b19a25ff405fa,1
DPN06. Integrative Negotiation:s68:o1,DPN06. Integrative Negotiation.pptx,"/Users/huz/Library/CloudStorage/OneDrive-SyddanskUniversitet/Teaching/Decision, Persuasion, and Negotiation/Notes/Slides 2026/DPN06. Integrative Negotiation.pptx",68,True,1,embedded-image,11,Picture 2,,,False,rId3,http://schemas.openxmlformats.org/officeDocument/2006/relationships/image,ppt/media/image43.jpeg,False,,JPEG,image/jpeg,754,507,33696,5ab2d455165698ab80b4e362c3dc7d2db5ac11bc193ee2e46d6fa85dd725099f,sha256:5ab2d455165698ab,1
DPN06. Integrative Negotiation:s70:o1,DPN06. Integrative Negotiation.pptx,"/Users/huz/Library/CloudStorage/OneDrive-SyddanskUniversitet/Teaching/Decision, Persuasion, and Negotiation/Notes/Slides 2026/DPN06. Integrative Negotiation.pptx",70,True,1,embedded-image,10,Picture 2,,,False,rId3,http://schemas.openxmlformats.org/officeDocument/2006/relationships/image,ppt/media/image44.jpeg,False,,JPEG,image/jpeg,2083,1624,134337,18215c4fb330e9426f01a4697599cf32f1d37d82800e02798f8b74bf3779e14f,sha256:18215c4fb330e942,1
DPN06. Integrative Negotiation:s76:o1,DPN06. Integrative Negotiation.pptx,"/Users/huz/Library/CloudStorage/OneDrive-SyddanskUniversitet/Teaching/Decision, Persuasion, and Negotiation/Notes/Slides 2026/DPN06. Integrative Negotiation.pptx",76,True,1,embedded-image,15,Content Placeholder 5,,,False,rId3,http://schemas.openxmlformats.org/officeDocument/2006/relationships/image,ppt/media/image45.png,False,,PNG,image/png,1466,629,670168,a2bee7a8663471daf5751427a16601965d9d385e110f97ee53eb74b228594e2b,sha256:a2bee7a8663471da,1
DPN06. Integrative Negotiation:s76:o2,DPN06. Integrative Negotiation.pptx,"/Users/huz/Library/CloudStorage/OneDrive-SyddanskUniversitet/Teaching/Decision, Persuasion, and Negotiation/Notes/Slides 2026/DPN06. Integrative Negotiation.pptx",76,True,2,embedded-image,17,Content Placeholder 5,,,False,rId5,http://schemas.openxmlformats.org/officeDocument/2006/relationships/image,ppt/media/image46.png,False,l=1076;r=1217,PNG,image/png,1500,629,671816,735e41f8f14e62c02e998a5c0b297b21a8b2f77afe8ff70412f6c08cbaa2a00b,sha256:735e41f8f14e62c0,1
DPN07. Communication & Connection:s1:o1,DPN07. Communication & Connection.pptx,"/Users/huz/Library/CloudStorage/OneDrive-SyddanskUniversitet/Teaching/Decision, Persuasion, and Negotiation/Notes/Slides 2026/DPN07. Communication & Connection.pptx",1,False,1,embedded-image,7,Picture 9,,,False,rId3,http://schemas.openxmlformats.org/officeDocument/2006/relationships/image,ppt/media/image1.png,False,,PNG,image/png,1536,1024,2860430,f7274546335daad8249c0a7bc63badc09b7dde9f93809a7b84b46d07f2537ba1,sha256:f7274546335daad8,1
DPN07. Communication & Connection:s6:o1,DPN07. Communication & Connection.pptx,"/Users/huz/Library/CloudStorage/OneDrive-SyddanskUniversitet/Teaching/Decision, Persuasion, and Negotiation/Notes/Slides 2026/DPN07. Communication & Connection.pptx",6,False,1,embedded-image,8,Picture 4,,,False,rId3,http://schemas.openxmlformats.org/officeDocument/2006/relationships/image,ppt/media/image2.png,False,,PNG,image/png,1448,1086,1890031,72161c9c763547869582f79b7ed4b70f43bbb057d8063eaa0c8af653701ff03a,sha256:72161c9c76354786,1
DPN07. Communication & Connection:s11:o1,DPN07. Communication & Connection.pptx,"/Users/huz/Library/CloudStorage/OneDrive-SyddanskUniversitet/Teaching/Decision, Persuasion, and Negotiation/Notes/Slides 2026/DPN07. Communication & Connection.pptx",11,False,1,embedded-image,11,Picture 5,,,False,rId3,http://schemas.openxmlformats.org/officeDocument/2006/relationships/image,ppt/media/image3.png,False,,PNG,image/png,1536,1024,2524636,17c14ea0ddf9e6fe104847080211fd4cd466bcbcfcce584574c6dd2cc555ea34,sha256:17c14ea0ddf9e6fe,1
DPN07. Communication & Connection:s17:o1,DPN07. Communication & Connection.pptx,"/Users/huz/Library/CloudStorage/OneDrive-SyddanskUniversitet/Teaching/Decision, Persuasion, and Negotiation/Notes/Slides 2026/DPN07. Communication & Connection.pptx",17,False,1,embedded-image,14,Picture 5,,,False,rId3,http://schemas.openxmlformats.org/officeDocument/2006/relationships/image,ppt/media/image4.jpeg,False,,JPEG,image/jpeg,1231,819,160002,616934952fa05bd2e4e31de987d7890a045e45852d94d39942bb406603756d3b,sha256:616934952fa05bd2,1
DPN07. Communication & Connection:s23:o1,DPN07. Communication & Connection.pptx,"/Users/huz/Library/CloudStorage/OneDrive-SyddanskUniversitet/Teaching/Decision, Persuasion, and Negotiation/Notes/Slides 2026/DPN07. Communication & Connection.pptx",23,False,1,embedded-image,12,Image 0,,,False,rId3,http://schemas.openxmlformats.org/officeDocument/2006/relationships/image,ppt/media/image5.jpeg,False,,JPEG,image/jpeg,2603,1278,245914,32dd98819c5c97aad2657aafd72dfad9367d9546ce6357d5ff2d798715841050,sha256:32dd98819c5c97aa,1
DPN07. Communication & Connection:s28:o1,DPN07. Communication & Connection.pptx,"/Users/huz/Library/CloudStorage/OneDrive-SyddanskUniversitet/Teaching/Decision, Persuasion, and Negotiation/Notes/Slides 2026/DPN07. Communication & Connection.pptx",28,False,1,embedded-image,8,Picture 4,,,False,rId3,http://schemas.openxmlformats.org/officeDocument/2006/relationships/image,ppt/media/image6.png,False,,PNG,image/png,1448,1086,1937806,59df12e355706b193df9710ef759eb60e76569d303143719306e19656cd61cdd,sha256:59df12e355706b19,1
DPN07. Communication & Connection:s29:o1,DPN07. Communication & Connection.pptx,"/Users/huz/Library/CloudStorage/OneDrive-SyddanskUniversitet/Teaching/Decision, Persuasion, and Negotiation/Notes/Slides 2026/DPN07. Communication & Connection.pptx",29,False,1,embedded-image,10,Image 0,,,False,rId3,http://schemas.openxmlformats.org/officeDocument/2006/relationships/image,ppt/media/image7.png,False,,PNG,image/png,1767,1432,398711,5ed1be8b8bf48a838602ed2eedf7ab9fa1bc08869e6144d5d3c96b8b7534276b,sha256:5ed1be8b8bf48a83,1
DPN07. Communication & Connection:s29:o2,DPN07. Communication & Connection.pptx,"/Users/huz/Library/CloudStorage/OneDrive-SyddanskUniversitet/Teaching/Decision, Persuasion, and Negotiation/Notes/Slides 2026/DPN07. Communication & Connection.pptx",29,False,2,embedded-image,11,Image 0,,,False,rId4,http://schemas.openxmlformats.org/officeDocument/2006/relationships/image,ppt/media/image8.png,False,,PNG,image/png,1883,1857,489599,88a016b9e8a562fcc91ccbee6abbdb9a1177fecf02e94193f45e35ca4fb2a21a,sha256:88a016b9e8a562fc,1
DPN07. Communication & Connection:s30:o1,DPN07. Communication & Connection.pptx,"/Users/huz/Library/CloudStorage/OneDrive-SyddanskUniversitet/Teaching/Decision, Persuasion, and Negotiation/Notes/Slides 2026/DPN07. Communication & Connection.pptx",30,False,1,embedded-image,12,Picture 9,,,False,rId4,http://schemas.openxmlformats.org/officeDocument/2006/relationships/image,ppt/media/image9.png,False,,PNG,image/png,1894,1034,1071170,650bf5ac8bd3744b83cd7b2cb84c64940cb4608b6f145b0050ae344fc403d3d9,sha256:650bf5ac8bd3744b,1
DPN07. Communication & Connection:s35:o1,DPN07. Communication & Connection.pptx,"/Users/huz/Library/CloudStorage/OneDrive-SyddanskUniversitet/Teaching/Decision, Persuasion, and Negotiation/Notes/Slides 2026/DPN07. Communication & Connection.pptx",35,False,1,embedded-image,14,Picture 5,,,False,rId3,http://schemas.openxmlformats.org/officeDocument/2006/relationships/image,ppt/media/image10.jpeg,False,,JPEG,image/jpeg,843,749,66921,8bbb709917f23c74adc337bfe6ad09ad8dbedd97a9ba92a230cbfb2ca0dae2cb,sha256:8bbb709917f23c74,1
DPN07. Communication & Connection:s35:o2,DPN07. Communication & Connection.pptx,"/Users/huz/Library/CloudStorage/OneDrive-SyddanskUniversitet/Teaching/Decision, Persuasion, and Negotiation/Notes/Slides 2026/DPN07. Communication & Connection.pptx",35,False,2,embedded-image,15,Picture 7,,,False,rId4,http://schemas.openxmlformats.org/officeDocument/2006/relationships/image,ppt/media/image11.jpeg,False,,JPEG,image/jpeg,1235,650,114572,249d721b7001f49bcff61473930d018169304cae1cdfa84a85f1e800299f7153,sha256:249d721b7001f49b,1
DPN07. Communication & Connection:s35:o3,DPN07. Communication & Connection.pptx,"/Users/huz/Library/CloudStorage/OneDrive-SyddanskUniversitet/Teaching/Decision, Persuasion, and Negotiation/Notes/Slides 2026/DPN07. Communication & Connection.pptx",35,False,3,embedded-image,17,Picture 10,,,False,rId5,http://schemas.openxmlformats.org/officeDocument/2006/relationships/image,ppt/media/image12.jpeg,False,,JPEG,image/jpeg,389,322,22473,67a05ea287afa006ee6a9d4fdcef522fe96ac28bb092358e513cd91a62b2144d,sha256:67a05ea287afa006,1
DPN07. Communication & Connection:s47:o1,DPN07. Communication & Connection.pptx,"/Users/huz/Library/CloudStorage/OneDrive-SyddanskUniversitet/Teaching/Decision, Persuasion, and Negotiation/Notes/Slides 2026/DPN07. Communication & Connection.pptx",47,False,1,embedded-image,17,Image 0,,,False,rId3,http://schemas.openxmlformats.org/officeDocument/2006/relationships/image,ppt/media/image13.png,False,,PNG,image/png,1900,1020,185140,36f26e7479b9efa5290cb37849067dfe80f28cec4bae38c65d202f3038c06b88,sha256:36f26e7479b9efa5,1
DPN07. Communication & Connection:s53:o1,DPN07. Communication & Connection.pptx,"/Users/huz/Library/CloudStorage/OneDrive-SyddanskUniversitet/Teaching/Decision, Persuasion, and Negotiation/Notes/Slides 2026/DPN07. Communication & Connection.pptx",53,False,1,embedded-image,13,Image 0,,,False,rId3,http://schemas.openxmlformats.org/officeDocument/2006/relationships/image,ppt/media/image14.jpeg,False,,JPEG,image/jpeg,2638,1327,247983,7f6dcec47ab39739ed7c1bb433bb5d7558fa47da781e4558e8e1ef0cce3dd4d4,sha256:7f6dcec47ab39739,1
DPN07. Communication & Connection:s54:o1,DPN07. Communication & Connection.pptx,"/Users/huz/Library/CloudStorage/OneDrive-SyddanskUniversitet/Teaching/Decision, Persuasion, and Negotiation/Notes/Slides 2026/DPN07. Communication & Connection.pptx",54,False,1,embedded-image,20,Image 0,,,False,rId3,http://schemas.openxmlformats.org/officeDocument/2006/relationships/image,ppt/media/image15.jpeg,False,,JPEG,image/jpeg,2234,1547,176828,1289ea52d72f00ce47ae2e35b6e31cbacacc612134842d9b2593e8979a03a057,sha256:1289ea52d72f00ce,1
DPN07. Communication & Connection:s58:o1,DPN07. Communication & Connection.pptx,"/Users/huz/Library/CloudStorage/OneDrive-SyddanskUniversitet/Teaching/Decision, Persuasion, and Negotiation/Notes/Slides 2026/DPN07. Communication & Connection.pptx",58,False,1,embedded-image,19,Picture 4,,,False,rId3,http://schemas.openxmlformats.org/officeDocument/2006/relationships/image,ppt/media/image16.png,False,,PNG,image/png,1672,941,1522753,4cce4756beeb9131f51eb26dccdfec7fc5c875bb2b87a799aa465617868711ab,sha256:4cce4756beeb9131,1
DPN07. Communication & Connection:s59:o1,DPN07. Communication & Connection.pptx,"/Users/huz/Library/CloudStorage/OneDrive-SyddanskUniversitet/Teaching/Decision, Persuasion, and Negotiation/Notes/Slides 2026/DPN07. Communication & Connection.pptx",59,False,1,embedded-image,15,Image 0,,,False,rId3,http://schemas.openxmlformats.org/officeDocument/2006/relationships/image,ppt/media/image17.jpeg,False,,JPEG,image/jpeg,2272,1520,274511,7f5e48ebf5b4c766052a39437b0588987d283f06cde19910c1ec16526f18de37,sha256:7f5e48ebf5b4c766,1
DPN07. Communication & Connection:s64:o1,DPN07. Communication & Connection.pptx,"/Users/huz/Library/CloudStorage/OneDrive-SyddanskUniversitet/Teaching/Decision, Persuasion, and Negotiation/Notes/Slides 2026/DPN07. Communication & Connection.pptx",64,False,1,embedded-image,14,Picture 6,,,False,rId3,http://schemas.openxmlformats.org/officeDocument/2006/relationships/image,ppt/media/image18.png,False,,PNG,image/png,1448,1086,1884505,cf7c1f0849e553ff71a217c74e8e4e2655e64d682eb977ee890111a346d52e77,sha256:cf7c1f0849e553ff,1
DPN07. Communication & Connection:s66:o1,DPN07. Communication & Connection.pptx,"/Users/huz/Library/CloudStorage/OneDrive-SyddanskUniversitet/Teaching/Decision, Persuasion, and Negotiation/Notes/Slides 2026/DPN07. Communication & Connection.pptx",66,False,1,embedded-image,13,Image 0,,,False,rId3,http://schemas.openxmlformats.org/officeDocument/2006/relationships/image,ppt/media/image19.jpeg,False,,JPEG,image/jpeg,2218,1209,172393,731aa0d82c7a39b704d73b7611219ab97a4a2e27d6a2761e2fb32f8ecf16b69f,sha256:731aa0d82c7a39b7,1
DPN07. Communication & Connection:s75:o1,DPN07. Communication & Connection.pptx,"/Users/huz/Library/CloudStorage/OneDrive-SyddanskUniversitet/Teaching/Decision, Persuasion, and Negotiation/Notes/Slides 2026/DPN07. Communication & Connection.pptx",75,False,1,embedded-image,7,Image 0,,,False,rId3,http://schemas.openxmlformats.org/officeDocument/2006/relationships/image,ppt/media/image20.jpeg,False,,JPEG,image/jpeg,1672,941,453153,dc3c42270e494a1955bf55718e078c33d2662bdb3fb20294ab42c423a6c913d9,sha256:dc3c42270e494a19,3
DPN07. Communication & Connection:s81:o1,DPN07. Communication & Connection.pptx,"/Users/huz/Library/CloudStorage/OneDrive-SyddanskUniversitet/Teaching/Decision, Persuasion, and Negotiation/Notes/Slides 2026/DPN07. Communication & Connection.pptx",81,True,1,embedded-image,8,Picture 4,,,False,rId3,http://schemas.openxmlformats.org/officeDocument/2006/relationships/image,ppt/media/image21.png,False,,PNG,image/png,1448,1086,1623546,4583eef22c76fe7cc4bc157754e03adfe082286f6d0a911937f3188807221aa3,sha256:4583eef22c76fe7c,1
DPN07. Communication & Connection:s82:o1,DPN07. Communication & Connection.pptx,"/Users/huz/Library/CloudStorage/OneDrive-SyddanskUniversitet/Teaching/Decision, Persuasion, and Negotiation/Notes/Slides 2026/DPN07. Communication & Connection.pptx",82,True,1,embedded-image,18,Image 0,,,False,rId3,http://schemas.openxmlformats.org/officeDocument/2006/relationships/image,ppt/media/image22.jpeg,False,,JPEG,image/jpeg,2471,1417,229162,85179ae13d317d7776a5f4bae9ead1bb9a691a7bdf26b4e5989a3669074bba43,sha256:85179ae13d317d77,1
DPN08. Habits and Behavior Design:s1:o1,DPN08. Habits and Behavior Design.pptx,"/Users/huz/Library/CloudStorage/OneDrive-SyddanskUniversitet/Teaching/Decision, Persuasion, and Negotiation/Notes/Slides 2026/DPN08. Habits and Behavior Design.pptx",1,False,1,embedded-image,10,Image 0,,,False,rId3,http://schemas.openxmlformats.org/officeDocument/2006/relationships/image,ppt/media/image1.png,False,t=25;b=25,PNG,image/png,1672,941,1653167,2c508a08475f9fb67716c39cf533ac75c5992ba37489c064822a1075eb798d44,sha256:2c508a08475f9fb6,2
DPN08. Habits and Behavior Design:s4:o1,DPN08. Habits and Behavior Design.pptx,"/Users/huz/Library/CloudStorage/OneDrive-SyddanskUniversitet/Teaching/Decision, Persuasion, and Negotiation/Notes/Slides 2026/DPN08. Habits and Behavior Design.pptx",4,False,1,embedded-image,10,Image 0,,,False,rId3,http://schemas.openxmlformats.org/officeDocument/2006/relationships/image,ppt/media/image2.png,False,t=25;b=25,PNG,image/png,1672,941,2182040,d36043dee7f8d1ad534479e6d8ba95e0d4ed2afb5101fa4b6e9843b9c48f2812,sha256:d36043dee7f8d1ad,1
DPN08. Habits and Behavior Design:s15:o1,DPN08. Habits and Behavior Design.pptx,"/Users/huz/Library/CloudStorage/OneDrive-SyddanskUniversitet/Teaching/Decision, Persuasion, and Negotiation/Notes/Slides 2026/DPN08. Habits and Behavior Design.pptx",15,False,1,embedded-image,10,Image 0,,,False,rId3,http://schemas.openxmlformats.org/officeDocument/2006/relationships/image,ppt/media/image3.png,False,t=25;b=25,PNG,image/png,1672,941,1874719,7157e764b9736c339b12d4e2151970310905d19e90ea53f4f4d9ab4ebc06c4c1,sha256:7157e764b9736c33,1
DPN08. Habits and Behavior Design:s18:o1,DPN08. Habits and Behavior Design.pptx,"/Users/huz/Library/CloudStorage/OneDrive-SyddanskUniversitet/Teaching/Decision, Persuasion, and Negotiation/Notes/Slides 2026/DPN08. Habits and Behavior Design.pptx",18,False,1,embedded-image,18,Image 0,,,False,rId3,http://schemas.openxmlformats.org/officeDocument/2006/relationships/image,ppt/media/image4.png,False,,PNG,image/png,1086,1448,824590,e6c65852bab1cb7441a2d0c781795d76aea08c9962db0ab157d3b848a09b5489,sha256:e6c65852bab1cb74,1
DPN08. Habits and Behavior Design:s21:o1,DPN08. Habits and Behavior Design.pptx,"/Users/huz/Library/CloudStorage/OneDrive-SyddanskUniversitet/Teaching/Decision, Persuasion, and Negotiation/Notes/Slides 2026/DPN08. Habits and Behavior Design.pptx",21,False,1,embedded-image,17,Image 0,,,False,rId3,http://schemas.openxmlformats.org/officeDocument/2006/relationships/image,ppt/media/image5.png,False,,PNG,image/png,1448,1086,1081121,97e5d60563d861c96b5798ac8bc331204150098fab3435f6eba5ecacb2798990,sha256:97e5d60563d861c9,1
DPN08. Habits and Behavior Design:s24:o1,DPN08. Habits and Behavior Design.pptx,"/Users/huz/Library/CloudStorage/OneDrive-SyddanskUniversitet/Teaching/Decision, Persuasion, and Negotiation/Notes/Slides 2026/DPN08. Habits and Behavior Design.pptx",24,False,1,embedded-image,10,Image 0,,,False,rId3,http://schemas.openxmlformats.org/officeDocument/2006/relationships/image,ppt/media/image6.png,False,t=25;b=25,PNG,image/png,1672,941,2304020,dbfb755a4397125118c26dc6de1b188866be9a99d33305a40b31b2f93c3cd592,sha256:dbfb755a43971251,1
DPN08. Habits and Behavior Design:s29:o1,DPN08. Habits and Behavior Design.pptx,"/Users/huz/Library/CloudStorage/OneDrive-SyddanskUniversitet/Teaching/Decision, Persuasion, and Negotiation/Notes/Slides 2026/DPN08. Habits and Behavior Design.pptx",29,False,1,native-chart,13,Chart,,,False,,,,False,,,,,,,,,0
DPN08. Habits and Behavior Design:s32:o1,DPN08. Habits and Behavior Design.pptx,"/Users/huz/Library/CloudStorage/OneDrive-SyddanskUniversitet/Teaching/Decision, Persuasion, and Negotiation/Notes/Slides 2026/DPN08. Habits and Behavior Design.pptx",32,False,1,embedded-image,10,Image 0,,,False,rId3,http://schemas.openxmlformats.org/officeDocument/2006/relationships/image,ppt/media/image7.png,False,t=25;b=25,PNG,image/png,1672,941,1559181,55d8c75fdd5f48e724634ae55aaf1ab71e8a5e406d4959fa94445c683ac15c9d,sha256:55d8c75fdd5f48e7,1
