Concept,Initial home,Reviewed home,Status,Editorial note,Reviewed book file,Initial matched section,First lexical source,Slide/page
Normative decision science,01,01,body passage located,"Located in the chapter body; the lexical hit is a navigation aid, not an independent adequacy or source-validity score.",chapters/01-how-decisions-should-be-made-and-how-they-actually-are.qmd,Practice Lab,BE-Aalborg/BE2026/BE01. Intro to Behavioral Economics.pptx,9
Descriptive decision science,01,01,body passage located,"Located in the chapter body; the lexical hit is a navigation aid, not an independent adequacy or source-validity score.",chapters/01-how-decisions-should-be-made-and-how-they-actually-are.qmd,Practice Lab,BE-Aalborg/BE2026/BE01. Intro to Behavioral Economics.pptx,9
Prescriptive decision science,01,01,body passage located,"Located in the chapter body; the lexical hit is a navigation aid, not an independent adequacy or source-validity score.",chapters/01-how-decisions-should-be-made-and-how-they-actually-are.qmd,Practice Lab,BE-Aalborg/BE2026/BE01. Intro to Behavioral Economics.pptx,9
Rationality,01,01,body passage located,"Located in the chapter body; the lexical hit is a navigation aid, not an independent adequacy or source-validity score.",chapters/01-how-decisions-should-be-made-and-how-they-actually-are.qmd,Three questions of decision science,BE-Aalborg/BE2026/BE01. Intro to Behavioral Economics.pptx,8
Dominance,01,25,placement or scope resolved,The opening Prisoner's Dilemma works through strict dominance; Golden Balls distinguishes weak dominance. Chapter 11 also develops dominated decoys.,chapters/25-cooperation-and-social-preferences-self-interest-is-not-the-only-payoff.qmd,Opening / chapter overview,BE-Aalborg/BE2026/BE07&08. Behavioral Game Theory.pptx,2
Description invariance,01,01,body passage located,"Located in the chapter body; the lexical hit is a navigation aid, not an independent adequacy or source-validity score.",chapters/01-how-decisions-should-be-made-and-how-they-actually-are.qmd,Representation and comparison {#representation-and-comparison},BE-Aalborg/Readings/02 - Research Design and Replication/Choosing the Right Research Question in Behavioral Economics.docx,
Process versus outcome,01,01,body passage located,"Located in the chapter body; the lexical hit is a navigation aid, not an independent adequacy or source-validity score.",chapters/01-how-decisions-should-be-made-and-how-they-actually-are.qmd,"The hiring decision, mapped once",BE-Aalborg/BE2026/BE01. Intro to Behavioral Economics.pptx,16
Opportunity cost,02,02,body passage located,"Located in the chapter body; the lexical hit is a navigation aid, not an independent adequacy or source-validity score.",chapters/02-building-a-better-decision-alternatives-opportunity-cost-information-and-robustness.qmd,Generate alternatives deliberately,BE-Aalborg/BE2026/BE02. Decision-Making Process.pptx,12
Alternatives,02,02,body passage located,"Located in the chapter body; the lexical hit is a navigation aid, not an independent adequacy or source-validity score.",chapters/02-building-a-better-decision-alternatives-opportunity-cost-information-and-robustness.qmd,Make values and trade-offs inspectable,BE-Aalborg/BE2026/BE01. Intro to Behavioral Economics.pptx,9
Constraints,02,02,body passage located,"Located in the chapter body; the lexical hit is a navigation aid, not an independent adequacy or source-validity score.",chapters/02-building-a-better-decision-alternatives-opportunity-cost-information-and-robustness.qmd,Learning goals,BE-Aalborg/BE2026/BE01. Intro to Behavioral Economics.pptx,8
Value of information,02,02,body passage located,"Located in the chapter body; the lexical hit is a navigation aid, not an independent adequacy or source-validity score.",chapters/02-building-a-better-decision-alternatives-opportunity-cost-information-and-robustness.qmd,Gather information only when it can change action,BE-Aalborg/01 - Foundations and Neuroscience/Anatomy of Decision 1.docx,
Sensitivity analysis,02,02,body passage located,"Located in the chapter body; the lexical hit is a navigation aid, not an independent adequacy or source-validity score.",chapters/02-building-a-better-decision-alternatives-opportunity-cost-information-and-robustness.qmd,Stress-test the recommendation,BE-Aalborg/BE2026/BE02. Decision-Making Process.pptx,29
Robustness,02,02,body passage located,"Located in the chapter body; the lexical hit is a navigation aid, not an independent adequacy or source-validity score.",chapters/02-building-a-better-decision-alternatives-opportunity-cost-information-and-robustness.qmd,Learning goals,BE-Aalborg/BE2026/BE07&08. Behavioral Game Theory.pptx,34
Bounded rationality,02,02,body passage located,"Located in the chapter body; the lexical hit is a navigation aid, not an independent adequacy or source-validity score.",chapters/02-building-a-better-decision-alternatives-opportunity-cost-information-and-robustness.qmd,Use proportionate analysis,BE-Aalborg/BE2026/BE07. Strategic Interdependence.pptx,55
Selective attention,03,03,body passage located,"Located in the chapter body; the lexical hit is a navigation aid, not an independent adequacy or source-validity score.",chapters/03-attention-what-becomes-evidence.qmd,Attention architecture: the organization chooses what can be seen,BE-Aalborg/BE2026/BE01. Intro to Behavioral Economics.pptx,29
Inattentional blindness,03,03,body passage located,"Located in the chapter body; the lexical hit is a navigation aid, not an independent adequacy or source-validity score.",chapters/03-attention-what-becomes-evidence.qmd,Learning goals,BE-Aalborg/BE2026/BE04. Two Systems of Thinking.pptx,12
Change blindness,03,03,body passage located,"Located in the chapter body; the lexical hit is a navigation aid, not an independent adequacy or source-validity score.",chapters/03-attention-what-becomes-evidence.qmd,Change blindness,BE-Aalborg/BE2026/BE04. Two Systems of Thinking.pptx,3
Top-down attention,03,03,body passage located,"Located in the chapter body; the lexical hit is a navigation aid, not an independent adequacy or source-validity score.",chapters/03-attention-what-becomes-evidence.qmd,Top-down goals and bottom-up capture,BE-Aalborg/BE2026/BE03. Prediction and Expectation.pptx,8
Bottom-up attention,03,03,body passage located,"Located in the chapter body; the lexical hit is a navigation aid, not an independent adequacy or source-validity score.",chapters/03-attention-what-becomes-evidence.qmd,Top-down goals and bottom-up capture,BE-Aalborg/BE2026/BE03. Prediction and Expectation.pptx,8
Divided attention,03,03,body passage located,"Located in the chapter body; the lexical hit is a navigation aid, not an independent adequacy or source-validity score.",chapters/03-attention-what-becomes-evidence.qmd,Watch and test: directed attention in a story,BE-Aalborg/BE2026/BE09. Behavioral Finance.pptx,21
Working memory,03,03,body passage located,"Located in the chapter body; the lexical hit is a navigation aid, not an independent adequacy or source-validity score.",chapters/03-attention-what-becomes-evidence.qmd,Attention under divided demand,BE-Aalborg/BE2026/BE04. Two Systems of Thinking.pptx,9
Task switching,03,03,body passage located,"Located in the chapter body; the lexical hit is a navigation aid, not an independent adequacy or source-validity score.",chapters/03-attention-what-becomes-evidence.qmd,Attention under divided demand,BE-Aalborg/BE2026/BE04. Two Systems of Thinking.pptx,9
Attention economy,03,03,body passage located,"Located in the chapter body; the lexical hit is a navigation aid, not an independent adequacy or source-validity score.",chapters/03-attention-what-becomes-evidence.qmd,When the environment is designed to keep you looking {#designed-attention},,
Default mode network,03,03,body passage located,"Located in the chapter body; the lexical hit is a navigation aid, not an independent adequacy or source-validity score.",chapters/03-attention-what-becomes-evidence.qmd,Research Lens: attention depends on cooperating networks,DPN-Aalborg/DPN01. Decision Process.pptx,69
Central executive network,03,03,body passage located,"Located in the chapter body; the lexical hit is a navigation aid, not an independent adequacy or source-validity score.",chapters/03-attention-what-becomes-evidence.qmd,Research Lens: attention depends on cooperating networks,DPN-Aalborg/DPN03. Heuristics & Biases.pptx,8
Salience network,03,03,body passage located,"Located in the chapter body; the lexical hit is a navigation aid, not an independent adequacy or source-validity score.",chapters/03-attention-what-becomes-evidence.qmd,Research Lens: attention depends on cooperating networks,BE-Aalborg/01 - Foundations and Neuroscience/02. Anatomy of Decision-Making.pptx,38
Perception as inference,04,04,body passage located,"Located in the chapter body; the lexical hit is a navigation aid, not an independent adequacy or source-validity score.",chapters/04-the-predictive-mind-perception-is-inference.qmd,"Prediction, error, and precision",BE-Aalborg/BE2026/BE03. Prediction and Expectation.pptx,3
Predictive processing,04,04,body passage located,"Located in the chapter body; the lexical hit is a navigation aid, not an independent adequacy or source-validity score.",chapters/04-the-predictive-mind-perception-is-inference.qmd,"Prediction, error, and precision",BE-Aalborg/BE2026/BE03. Prediction and Expectation.pptx,3
Prediction error,04,04,body passage located,"Located in the chapter body; the lexical hit is a navigation aid, not an independent adequacy or source-validity score.",chapters/04-the-predictive-mind-perception-is-inference.qmd,A hollow face that seems to look back {#hollow-face-illusion},BE-Aalborg/BE2026/BE03. Prediction and Expectation.pptx,47
Precision weighting,04,04,body passage located,"Located in the chapter body; the lexical hit is a navigation aid, not an independent adequacy or source-validity score.",chapters/04-the-predictive-mind-perception-is-inference.qmd,Research Lens: from predictive processing to active inference {#research-lens-from-predictive-processing-to-active-inference-title},BE-Aalborg/BE2026/BE03. Prediction and Expectation.pptx,2
Prior expectations,04,04,body passage located,"Located in the chapter body; the lexical hit is a navigation aid, not an independent adequacy or source-validity score.",chapters/04-the-predictive-mind-perception-is-inference.qmd,Learning goals,BE-Aalborg/BE2026/BE02. Decision-Making Process.pptx,10
Active inference,04,04,body passage located,"Located in the chapter body; the lexical hit is a navigation aid, not an independent adequacy or source-validity score.",chapters/04-the-predictive-mind-perception-is-inference.qmd,"Prediction, error, and precision",BE-Aalborg/BE2026/BE03. Prediction and Expectation.pptx,9
Ambiguous perception,04,04,body passage located,"Located in the chapter body; the lexical hit is a navigation aid, not an independent adequacy or source-validity score.",chapters/04-the-predictive-mind-perception-is-inference.qmd,Research Lens: an analogy with generative AI,BE-Aalborg/BE2026/BE02. Decision-Making Process.pptx,49
Generative AI,04,04,body passage located,"Located in the chapter body; the lexical hit is a navigation aid, not an independent adequacy or source-validity score.",chapters/04-the-predictive-mind-perception-is-inference.qmd,Calibration test,DPN-Aalborg/00. ARTS_model_of_influence_predictive_processing_4h_lecture_deck  -  Repaired.pptx,85
Forecast construction,05,05,body passage located,"Located in the chapter body; the lexical hit is a navigation aid, not an independent adequacy or source-validity score.",chapters/05-expectations-when-predictions-become-causes.qmd,Build the forecast before telling its story,BE-Aalborg/BE2026/BE02. Decision-Making Process.pptx,9
Self-fulfilling prophecy,05,05,body passage located,"Located in the chapter body; the lexical hit is a navigation aid, not an independent adequacy or source-validity score.",chapters/05-expectations-when-predictions-become-causes.qmd,Diagnose the direction of the loop,BE-Aalborg/BE2026/BE03. Prediction and Expectation.pptx,24
Self-defeating prediction,05,05,body passage located,"Located in the chapter body; the lexical hit is a navigation aid, not an independent adequacy or source-validity score.",chapters/05-expectations-when-predictions-become-causes.qmd,Diagnose the direction of the loop,DPN-Aalborg/DPN02. Attention_Prediction_Expectation.pptx,89
Placebo,05,05,body passage located,"Located in the chapter body; the lexical hit is a navigation aid, not an independent adequacy or source-validity score.",chapters/05-expectations-when-predictions-become-causes.qmd,Expectation in the body,BE-Aalborg/BE2026/BE02. Decision-Making Process.pptx,27
Nocebo,05,05,body passage located,"Located in the chapter body; the lexical hit is a navigation aid, not an independent adequacy or source-validity score.",chapters/05-expectations-when-predictions-become-causes.qmd,Expectation in the body,BE-Aalborg/BE2026/BE03. Prediction and Expectation.pptx,26
Pygmalion effect,05,05,body passage located,"Located in the chapter body; the lexical hit is a navigation aid, not an independent adequacy or source-validity score.",chapters/05-expectations-when-predictions-become-causes.qmd,Research note: learning that an action can help,BE-Aalborg/BE2026/BE03. Prediction and Expectation.pptx,32
Growth mindset,05,05,body passage located,"Located in the chapter body; the lexical hit is a navigation aid, not an independent adequacy or source-validity score.",chapters/05-expectations-when-predictions-become-causes.qmd,Ability beliefs and performance,BE-Aalborg/BE2026/BE03. Prediction and Expectation.pptx,27
Learned helplessness,05,05,body passage located,"Located in the chapter body; the lexical hit is a navigation aid, not an independent adequacy or source-validity score.",chapters/05-expectations-when-predictions-become-causes.qmd,Research note: learning that an action can help,BE-Aalborg/BE2026/BE03. Prediction and Expectation.pptx,27
Stereotype threat,05,05,body passage located,"Located in the chapter body; the lexical hit is a navigation aid, not an independent adequacy or source-validity score.",chapters/05-expectations-when-predictions-become-causes.qmd,Research Lens: identity changes what difficulty means,BE-Aalborg/08 - Research Methods/17. Conduct Research in Behavioral Economics.pptx,63
Valuation,06,06,body passage located,"Located in the chapter body; the lexical hit is a navigation aid, not an independent adequacy or source-validity score.",chapters/06-valuation-how-options-become-worth-choosing.qmd,"Automatic evaluation is a first pass, not the decision",BE-Aalborg/BE2026/BE01. Intro to Behavioral Economics.pptx,25
Automatic evaluation,06,06,body passage located,"Located in the chapter body; the lexical hit is a navigation aid, not an independent adequacy or source-validity score.",chapters/06-valuation-how-options-become-worth-choosing.qmd,"Automatic evaluation is a first pass, not the decision",DPN-Aalborg/DPN01. Decision Process.pptx,80
Common currency,06,06,body passage located,"Located in the chapter body; the lexical hit is a navigation aid, not an independent adequacy or source-validity score.",chapters/06-valuation-how-options-become-worth-choosing.qmd,"Research Lens: value is distributed, not a single center",BE-Aalborg/01 - Foundations and Neuroscience/Anatomy of Decision 1.docx,
Somatic marker,06,06,body passage located,"Located in the chapter body; the lexical hit is a navigation aid, not an independent adequacy or source-validity score.",chapters/06-valuation-how-options-become-worth-choosing.qmd,Emotion tells the mind what matters,BE-Aalborg/BE02. Decision Making Process.pdf,39
Iowa Gambling Task,06,06,body passage located,"Located in the chapter body; the lexical hit is a navigation aid, not an independent adequacy or source-validity score.",chapters/06-valuation-how-options-become-worth-choosing.qmd,Emotion tells the mind what matters,BE-Aalborg/BE02. Decision Making Process.pdf,39
Interoception,06,06,body passage located,"Located in the chapter body; the lexical hit is a navigation aid, not an independent adequacy or source-validity score.",chapters/06-valuation-how-options-become-worth-choosing.qmd,Emotion tells the mind what matters,BE-Aalborg/01 - Foundations and Neuroscience/02. Anatomy of Decision-Making.pptx,85
Allostasis,06,06,body passage located,"Located in the chapter body; the lexical hit is a navigation aid, not an independent adequacy or source-validity score.",chapters/06-valuation-how-options-become-worth-choosing.qmd,Research Lens: interoception and the body's changing needs,BE-Aalborg/01 - Foundations and Neuroscience/Anatomy of Decision 1.docx,
Hot-cold empathy gap,06,06,body passage located,"Located in the chapter body; the lexical hit is a navigation aid, not an independent adequacy or source-validity score.",chapters/06-valuation-how-options-become-worth-choosing.qmd,Research note: are needs a hierarchy? {#research-note-are-needs-a-hierarchy-title},"BE-Aalborg/06 - Time, Money and Finance/16. Intertemporal Decision-Making.pptx",76
Visceral influences,06,06,body passage located,"Located in the chapter body; the lexical hit is a navigation aid, not an independent adequacy or source-validity score.",chapters/06-valuation-how-options-become-worth-choosing.qmd,Research Lens: interoception and the body's changing needs,BE-Aalborg/Readings/Instructor Notes/Replication Crisis References.docx,
Self-related value,06,06,body passage located,"Located in the chapter body; the lexical hit is a navigation aid, not an independent adequacy or source-validity score.",chapters/06-valuation-how-options-become-worth-choosing.qmd,"Research Lens: value is distributed, not a single center",BE-Aalborg/BE2026/BE01. Intro to Behavioral Economics.pptx,9
Social value,06,06,body passage located,"Located in the chapter body; the lexical hit is a navigation aid, not an independent adequacy or source-validity score.",chapters/06-valuation-how-options-become-worth-choosing.qmd,Practice Lab,BE-Aalborg/BE2026/BE01. Intro to Behavioral Economics.pptx,17
Limits of introspection,07,07,body passage located,"Located in the chapter body; the lexical hit is a navigation aid, not an independent adequacy or source-validity score.",chapters/07-the-narrator-after-choice-why-reasons-are-not-always-causes.qmd,Reasons are not the same as causes,BE-Aalborg/BE2026/BE02. Decision-Making Process.pptx,35
Choice blindness,07,07,body passage located,"Located in the chapter body; the lexical hit is a navigation aid, not an independent adequacy or source-validity score.",chapters/07-the-narrator-after-choice-why-reasons-are-not-always-causes.qmd,Opening / chapter overview,BE-Aalborg/BE2026/BE02. Decision-Making Process.pptx,35
Confabulation,07,07,body passage located,"Located in the chapter body; the lexical hit is a navigation aid, not an independent adequacy or source-validity score.",chapters/07-the-narrator-after-choice-why-reasons-are-not-always-causes.qmd,Choice blindness and the confidence of explanation,"BE-Aalborg/02 - Attention, Heuristics and Biases/03. Two systems of thinking.pptx",32
Cognitive dissonance,07,07,body passage located,"Located in the chapter body; the lexical hit is a navigation aid, not an independent adequacy or source-validity score.",chapters/07-the-narrator-after-choice-why-reasons-are-not-always-causes.qmd,The interpreter and confabulation,"BE-Aalborg/Readings/01 - AI, Prediction and Complexity/__From Perception to Choice_ Understanding the Dimensions of Decision Making__.docx",
Self-perception,07,07,body passage located,"Located in the chapter body; the lexical hit is a navigation aid, not an independent adequacy or source-validity score.",chapters/07-the-narrator-after-choice-why-reasons-are-not-always-causes.qmd,When behavior becomes evidence about the self,BE-Aalborg/BE2026/BE03. Prediction and Expectation.pptx,51
Post-choice rationalization,07,07,body passage located,"Located in the chapter body; the lexical hit is a navigation aid, not an independent adequacy or source-validity score.",chapters/07-the-narrator-after-choice-why-reasons-are-not-always-causes.qmd,The rationalization detector,BE-Aalborg/BE2026/BE02. Decision-Making Process.pptx,2
Hindsight bias,07,07,body passage located,"Located in the chapter body; the lexical hit is a navigation aid, not an independent adequacy or source-validity score.",chapters/07-the-narrator-after-choice-why-reasons-are-not-always-causes.qmd,The rationalization detector,BE-Aalborg/BE2026/BE02. Decision-Making Process.pptx,2
Outcome bias,07,07,body passage located,"Located in the chapter body; the lexical hit is a navigation aid, not an independent adequacy or source-validity score.",chapters/07-the-narrator-after-choice-why-reasons-are-not-always-causes.qmd,The rationalization detector,BE-Aalborg/BE2026/BE02. Decision-Making Process.pptx,2
Organizational sensemaking,07,07,body passage located,"Located in the chapter body; the lexical hit is a navigation aid, not an independent adequacy or source-validity score.",chapters/07-the-narrator-after-choice-why-reasons-are-not-always-causes.qmd,Organizations have narrators too,DPN-Aalborg/additional topics/2026/DPN Comprehensive Synthesis Deck.pptx,3
Dual-process theories,08,08,body passage located,"Located in the chapter body; the lexical hit is a navigation aid, not an independent adequacy or source-validity score.",chapters/08-fast-and-frugal-thinking.qmd,Fast thinking is not primitive thinking,BE-Aalborg/BE2026/BE04. Two Systems of Thinking.pptx,22
Intuition,08,08,body passage located,"Located in the chapter body; the lexical hit is a navigation aid, not an independent adequacy or source-validity score.",chapters/08-fast-and-frugal-thinking.qmd,Practice Lab,BE-Aalborg/BE2026/BE04. Two Systems of Thinking.pptx,32
Deliberation,08,08,body passage located,"Located in the chapter body; the lexical hit is a navigation aid, not an independent adequacy or source-validity score.",chapters/08-fast-and-frugal-thinking.qmd,Core Idea,BE-Aalborg/BE2026/BE01. Intro to Behavioral Economics.pptx,24
System 1,08,08,body passage located,"Located in the chapter body; the lexical hit is a navigation aid, not an independent adequacy or source-validity score.",chapters/08-fast-and-frugal-thinking.qmd,Fast thinking is not primitive thinking,BE-Aalborg/BE2026/BE04. Two Systems of Thinking.pptx,3
System 2,08,08,body passage located,"Located in the chapter body; the lexical hit is a navigation aid, not an independent adequacy or source-validity score.",chapters/08-fast-and-frugal-thinking.qmd,Fast thinking is not primitive thinking,BE-Aalborg/BE2026/BE04. Two Systems of Thinking.pptx,3
Attribute substitution,08,08,body passage located,"Located in the chapter body; the lexical hit is a navigation aid, not an independent adequacy or source-validity score.",chapters/08-fast-and-frugal-thinking.qmd,From a quick answer to a heuristic,"BE-Aalborg/02 - Attention, Heuristics and Biases/04. Heuristics.pptx",10
Recognition heuristic,08,08,body passage located,"Located in the chapter body; the lexical hit is a navigation aid, not an independent adequacy or source-validity score.",chapters/08-fast-and-frugal-thinking.qmd,"Research Lens: an adaptive toolbox, not one shortcut",,
Take-the-best,08,08,body passage located,"Located in the chapter body; the lexical hit is a navigation aid, not an independent adequacy or source-validity score.",chapters/08-fast-and-frugal-thinking.qmd,"Research Lens: an adaptive toolbox, not one shortcut",,
Satisficing,08,08,body passage located,"Located in the chapter body; the lexical hit is a navigation aid, not an independent adequacy or source-validity score.",chapters/08-fast-and-frugal-thinking.qmd,Fast thinking is not primitive thinking,DPN-Aalborg/DPN01. Decision Process.pptx,28
Ecological rationality,08,08,body passage located,"Located in the chapter body; the lexical hit is a navigation aid, not an independent adequacy or source-validity score.",chapters/08-fast-and-frugal-thinking.qmd,From a quick answer to a heuristic,DPN-Aalborg/additional topics/2026/DPN Comprehensive Synthesis Deck.pptx,8
Recognition-primed decision making,08,08,body passage located,"Located in the chapter body; the lexical hit is a navigation aid, not an independent adequacy or source-validity score.",chapters/08-fast-and-frugal-thinking.qmd,Fast thinking is not primitive thinking,,
Availability heuristic,09,09,body passage located,"Located in the chapter body; the lexical hit is a navigation aid, not an independent adequacy or source-validity score.",chapters/09-what-feels-likely-availability-affect-and-resemblance.qmd,"One risk, three shortcuts",BE-Aalborg/BE2026/BE05. Heuristics & Biases.pptx,2
Affect heuristic,09,09,body passage located,"Located in the chapter body; the lexical hit is a navigation aid, not an independent adequacy or source-validity score.",chapters/09-what-feels-likely-availability-affect-and-resemblance.qmd,When value substitutes for evidence: affect answers first,BE-Aalborg/BE2026/BE05. Heuristics & Biases.pptx,7
Representativeness,09,09,body passage located,"Located in the chapter body; the lexical hit is a navigation aid, not an independent adequacy or source-validity score.",chapters/09-what-feels-likely-availability-affect-and-resemblance.qmd,When category fit substitutes for probability: resemblance,DPN-Aalborg/DPN03. Heuristics & Biases.pptx,3
Dilution effect,09,09,body passage located,"Located in the chapter body; the lexical hit is a navigation aid, not an independent adequacy or source-validity score.",chapters/09-what-feels-likely-availability-affect-and-resemblance.qmd,When irrelevant detail dilutes useful evidence {#dilution-effect},"BE-Aalborg/04 - Risk, Probability and Prospect Theory/08. Probability Judgment.pptx",14
Integral affect,09,06,placement or scope resolved,The valuation chapter distinguishes integral emotion from incidental spillover; Chapter 9 applies affect to probability judgments.,chapters/06-valuation-how-options-become-worth-choosing.qmd,Opening / chapter overview,DPN-Aalborg/DPN01. Decision Process.pptx,79
Incidental affect,09,09,body passage located,"Located in the chapter body; the lexical hit is a navigation aid, not an independent adequacy or source-validity score.",chapters/09-what-feels-likely-availability-affect-and-resemblance.qmd,When value substitutes for evidence: affect answers first,BE-Aalborg/BE2026/BE02. Decision-Making Process.pptx,37
Misattribution of arousal,09,06,placement or scope resolved,The valuation chapter develops the Dutton-Aron study and the limits of the arousal inference.,chapters/06-valuation-how-options-become-worth-choosing.qmd,Opening / chapter overview,BE-Aalborg/BE2026/BE03. Prediction and Expectation.pptx,49
Affect and risk perception,09,09,body passage located,"Located in the chapter body; the lexical hit is a navigation aid, not an independent adequacy or source-validity score.",chapters/09-what-feels-likely-availability-affect-and-resemblance.qmd,When correlated cues look like independent evidence,BE-Aalborg/BE2026/BE01. Intro to Behavioral Economics.pptx,2
Confirmation bias,10,10,body passage located,"Located in the chapter body; the lexical hit is a navigation aid, not an independent adequacy or source-validity score.",chapters/10-beliefs-that-defend-themselves.qmd,Confirmation and myside bias,BE-Aalborg/BE2026/BE05. Heuristics & Biases.pptx,2
Myside bias,10,10,body passage located,"Located in the chapter body; the lexical hit is a navigation aid, not an independent adequacy or source-validity score.",chapters/10-beliefs-that-defend-themselves.qmd,Confirmation and myside bias,,
Biased assimilation,10,10,body passage located,"Located in the chapter body; the lexical hit is a navigation aid, not an independent adequacy or source-validity score.",chapters/10-beliefs-that-defend-themselves.qmd,Confirmation and myside bias,BE-Aalborg/BE05. Heuristics and Biases.pdf,41
Motivated reasoning,10,10,body passage located,"Located in the chapter body; the lexical hit is a navigation aid, not an independent adequacy or source-validity score.",chapters/10-beliefs-that-defend-themselves.qmd,Confirmation and myside bias,BE-Aalborg/BE02. Decision Making Process.pdf,41
Self-serving attribution,10,10,body passage located,"Located in the chapter body; the lexical hit is a navigation aid, not an independent adequacy or source-validity score.",chapters/10-beliefs-that-defend-themselves.qmd,"Protect the test, not the belief",BE-Aalborg/BE2026/BE02. Decision-Making Process.pptx,34
Fundamental attribution error,10,10,body passage located,"Located in the chapter body; the lexical hit is a navigation aid, not an independent adequacy or source-validity score.",chapters/10-beliefs-that-defend-themselves.qmd,"Attribution: behavior is visible, situations are not",DPN-Aalborg/03. Social Influence.pdf,2
Bias blind spot,10,10,body passage located,"Located in the chapter body; the lexical hit is a navigation aid, not an independent adequacy or source-validity score.",chapters/10-beliefs-that-defend-themselves.qmd,When both sides feel objective,"BE-Aalborg/02 - Attention, Heuristics and Biases/05. Biases.pptx",44
Barnum effect,10,10,body passage located,"Located in the chapter body; the lexical hit is a navigation aid, not an independent adequacy or source-validity score.",chapters/10-beliefs-that-defend-themselves.qmd,Confirmation and myside bias,BE-Aalborg/BE2026/BE05. Heuristics & Biases.pptx,16
Positive illusions,10,10,body passage located,"Located in the chapter body; the lexical hit is a navigation aid, not an independent adequacy or source-validity score.",chapters/10-beliefs-that-defend-themselves.qmd,Optional research note: can a flattering belief help?,,
Unrealistic optimism,10,10,body passage located,"Located in the chapter body; the lexical hit is a navigation aid, not an independent adequacy or source-validity score.",chapters/10-beliefs-that-defend-themselves.qmd,Optional research note: can a flattering belief help?,BE-Aalborg/01 - Foundations and Neuroscience/The Predictive Brain in Behavioral Economics.docx,
Anchoring,11,11,body passage located,"Located in the chapter body; the lexical hit is a navigation aid, not an independent adequacy or source-validity score.",chapters/11-when-context-rewrites-comparison.qmd,The first number enters first,BE-Aalborg/BE2026/BE05. Heuristics & Biases.pptx,2
Insufficient adjustment,11,11,body passage located,"Located in the chapter body; the lexical hit is a navigation aid, not an independent adequacy or source-validity score.",chapters/11-when-context-rewrites-comparison.qmd,The first number enters first,BE-Aalborg/BE2026/BE05. Heuristics & Biases.pptx,24
Selective accessibility,11,11,body passage located,"Located in the chapter body; the lexical hit is a navigation aid, not an independent adequacy or source-validity score.",chapters/11-when-context-rewrites-comparison.qmd,The first number enters first,BE-Aalborg/DPN2026/DPN03. Heuristics & Biases.pdf,76
Halo effect,11,11,body passage located,"Located in the chapter body; the lexical hit is a navigation aid, not an independent adequacy or source-validity score.",chapters/11-when-context-rewrites-comparison.qmd,Halo and horn effects,BE-Aalborg/BE2026/BE04. Two Systems of Thinking.pptx,32
Horn effect,11,11,body passage located,"Located in the chapter body; the lexical hit is a navigation aid, not an independent adequacy or source-validity score.",chapters/11-when-context-rewrites-comparison.qmd,The first number enters first,BE-Aalborg/BE2026/BE05. Heuristics & Biases.pptx,29
Decoy effect,11,11,body passage located,"Located in the chapter body; the lexical hit is a navigation aid, not an independent adequacy or source-validity score.",chapters/11-when-context-rewrites-comparison.qmd,The decoy changes the comparison,DPN-Aalborg/DPN01. Decision Process.pptx,27
Attraction effect,11,11,body passage located,"Located in the chapter body; the lexical hit is a navigation aid, not an independent adequacy or source-validity score.",chapters/11-when-context-rewrites-comparison.qmd,The decoy changes the comparison,,
Contrast effect,11,11,body passage located,"Located in the chapter body; the lexical hit is a navigation aid, not an independent adequacy or source-validity score.",chapters/11-when-context-rewrites-comparison.qmd,Together or separately: what becomes easy to evaluate? {#evaluation-modes},BE-Aalborg/BE2026/BE03. Prediction and Expectation.pptx,44
Compromise effect,11,11,body passage located,"Located in the chapter body; the lexical hit is a navigation aid, not an independent adequacy or source-validity score.",chapters/11-when-context-rewrites-comparison.qmd,The decoy changes the comparison,DPN-Aalborg/DPN06. Integrative Negotiation.pptx,6
Joint evaluation,11,11,body passage located,"Located in the chapter body; the lexical hit is a navigation aid, not an independent adequacy or source-validity score.",chapters/11-when-context-rewrites-comparison.qmd,Together or separately: what becomes easy to evaluate? {#evaluation-modes},"BE-Aalborg/04 - Risk, Probability and Prospect Theory/08. Probability Judgment.pptx",13
Separate evaluation,11,11,body passage located,"Located in the chapter body; the lexical hit is a navigation aid, not an independent adequacy or source-validity score.",chapters/11-when-context-rewrites-comparison.qmd,Together or separately: what becomes easy to evaluate? {#evaluation-modes},"BE-Aalborg/04 - Risk, Probability and Prospect Theory/08. Probability Judgment.pptx",13
Evaluability,11,11,body passage located,"Located in the chapter body; the lexical hit is a navigation aid, not an independent adequacy or source-validity score.",chapters/11-when-context-rewrites-comparison.qmd,Together or separately: what becomes easy to evaluate? {#evaluation-modes},BE-Aalborg/09 - Additional Topics/Existing Additional Topics/Behavioral Decision Theory additional.pptx,66
Preference reversal,11,11,body passage located,"Located in the chapter body; the lexical hit is a navigation aid, not an independent adequacy or source-validity score.",chapters/11-when-context-rewrites-comparison.qmd,Together or separately: what becomes easy to evaluate? {#evaluation-modes},"BE-Aalborg/06 - Time, Money and Finance/16. Intertemporal Decision-Making.pptx",61
Prominence hypothesis,11,11,body passage located,"Located in the chapter body; the lexical hit is a navigation aid, not an independent adequacy or source-validity score.",chapters/11-when-context-rewrites-comparison.qmd,Preference reversal: choosing is not the same task as pricing {#preference-reversal-and-prominence},"BE-Aalborg/02 - Attention, Heuristics and Biases/05. Biases.pptx",115
Framing,12,12,body passage located,"Located in the chapter body; the lexical hit is a navigation aid, not an independent adequacy or source-validity score.",chapters/12-framing-when-the-same-facts-become-different-decisions.qmd,"Equivalent facts, different meanings",BE-Aalborg/BE2026/BE01. Intro to Behavioral Economics.pptx,33
Risky-choice framing,12,12,body passage located,"Located in the chapter body; the lexical hit is a navigation aid, not an independent adequacy or source-validity score.",chapters/12-framing-when-the-same-facts-become-different-decisions.qmd,"Equivalent facts, different meanings",,
Attribute framing,12,12,body passage located,"Located in the chapter body; the lexical hit is a navigation aid, not an independent adequacy or source-validity score.",chapters/12-framing-when-the-same-facts-become-different-decisions.qmd,"Equivalent facts, different meanings",,
Goal framing,12,12,body passage located,"Located in the chapter body; the lexical hit is a navigation aid, not an independent adequacy or source-validity score.",chapters/12-framing-when-the-same-facts-become-different-decisions.qmd,"Equivalent facts, different meanings",,
Gain versus loss frame,12,12,body passage located,"Located in the chapter body; the lexical hit is a navigation aid, not an independent adequacy or source-validity score.",chapters/12-framing-when-the-same-facts-become-different-decisions.qmd,"Equivalent facts, different meanings",BE-Aalborg/BE2026/BE02. Decision-Making Process.pptx,28
Misinformation effect,12,12,body passage located,"Located in the chapter body; the lexical hit is a navigation aid, not an independent adequacy or source-validity score.",chapters/12-framing-when-the-same-facts-become-different-decisions.qmd,Framing memory and causality,BE-Aalborg/08 - Research Methods/18. Formulate Research Questions.pptx,52
False memory,12,12,body passage located,"Located in the chapter body; the lexical hit is a navigation aid, not an independent adequacy or source-validity score.",chapters/12-framing-when-the-same-facts-become-different-decisions.qmd,Framing memory and causality,BE-Aalborg/BE2026/BE02. Decision-Making Process.pptx,2
Communicative framing,12,12,placement or scope resolved,"Covered in questions that contain an answer and framing in management, negotiation, and policy; the label is broader than a distinct missing mechanism.",chapters/12-framing-when-the-same-facts-become-different-decisions.qmd,Opening / chapter overview,DPN-Aalborg/07. Communication and Connection.pptx,5
Priming,13,13,body passage located,"Located in the chapter body; the lexical hit is a navigation aid, not an independent adequacy or source-validity score.",chapters/13-accessibility-familiarity-and-ease.qmd,Accessible concepts interpret ambiguity,BE-Aalborg/BE2026/BE05. Heuristics & Biases.pptx,2
Semantic priming,13,13,body passage located,"Located in the chapter body; the lexical hit is a navigation aid, not an independent adequacy or source-validity score.",chapters/13-accessibility-familiarity-and-ease.qmd,Accessibility: memory prepares an answer,BE-Aalborg/BE2026/BE05. Heuristics & Biases.pptx,39
Conceptual priming,13,13,body passage located,"Located in the chapter body; the lexical hit is a navigation aid, not an independent adequacy or source-validity score.",chapters/13-accessibility-familiarity-and-ease.qmd,Practice Lab,BE-Aalborg/BE2026/BE01. Intro to Behavioral Economics.pptx,14
Affective priming,13,13,body passage located,"Located in the chapter body; the lexical hit is a navigation aid, not an independent adequacy or source-validity score.",chapters/13-accessibility-familiarity-and-ease.qmd,Accessible concepts interpret ambiguity,BE-Aalborg/BE2026/BE05. Heuristics & Biases.pptx,39
Context-dependent memory,13,13,body passage located,"Located in the chapter body; the lexical hit is a navigation aid, not an independent adequacy or source-validity score.",chapters/13-accessibility-familiarity-and-ease.qmd,Accessibility: memory prepares an answer,BE-Aalborg/01 - Foundations and Neuroscience/Neuroeconomics.pptx,54
Encoding specificity,13,13,body passage located,"Located in the chapter body; the lexical hit is a navigation aid, not an independent adequacy or source-validity score.",chapters/13-accessibility-familiarity-and-ease.qmd,Context-dependent memory: the setting can supply a cue {#context-dependent-memory},BE-Aalborg/01 - Foundations and Neuroscience/Neuroeconomics.pptx,54
Processing fluency,13,13,body passage located,"Located in the chapter body; the lexical hit is a navigation aid, not an independent adequacy or source-validity score.",chapters/13-accessibility-familiarity-and-ease.qmd,Familiarity and cognitive ease,DPN-Aalborg/DPN04. Influence & Persuasion.pptx,89
Cognitive ease,13,13,body passage located,"Located in the chapter body; the lexical hit is a navigation aid, not an independent adequacy or source-validity score.",chapters/13-accessibility-familiarity-and-ease.qmd,Familiarity and cognitive ease,BE-Aalborg/BE2026/BE04. Two Systems of Thinking.pptx,32
Mere-exposure effect,13,13,body passage located,"Located in the chapter body; the lexical hit is a navigation aid, not an independent adequacy or source-validity score.",chapters/13-accessibility-familiarity-and-ease.qmd,Repetition can become liking and truth,BE-Aalborg/BE2026/BE05. Heuristics & Biases.pptx,2
Illusory-truth effect,13,13,body passage located,"Located in the chapter body; the lexical hit is a navigation aid, not an independent adequacy or source-validity score.",chapters/13-accessibility-familiarity-and-ease.qmd,Repetition can become liking and truth,DPN-Aalborg/DPN04. Influence & Persuasion.pptx,98
Source monitoring,13,13,body passage located,"Located in the chapter body; the lexical hit is a navigation aid, not an independent adequacy or source-validity score.",chapters/13-accessibility-familiarity-and-ease.qmd,Repetition can become liking and truth,,
Subliminal cues,13,13,body passage located,"Located in the chapter body; the lexical hit is a navigation aid, not an independent adequacy or source-validity score.",chapters/13-accessibility-familiarity-and-ease.qmd,Research note: processing masked cues {#evidence-boundary-concealed-cues-are-not-mind-control-title},BE-Aalborg/BE2026/BE03. Prediction and Expectation.pptx,19
Base rates,14,14,body passage located,"Located in the chapter body; the lexical hit is a navigation aid, not an independent adequacy or source-validity score.",chapters/14-base-rates-conditional-probability-and-bayesian-updating.qmd,Reference classes are judgment calls,BE-Aalborg/BE2026/BE02. Decision-Making Process.pptx,37
Conditional probability,14,14,body passage located,"Located in the chapter body; the lexical hit is a navigation aid, not an independent adequacy or source-validity score.",chapters/14-base-rates-conditional-probability-and-bayesian-updating.qmd,Practice Lab,"BE-Aalborg/04 - Risk, Probability and Prospect Theory/08. Probability Judgment.pptx",54
Bayesian updating,14,14,body passage located,"Located in the chapter body; the lexical hit is a navigation aid, not an independent adequacy or source-validity score.",chapters/14-base-rates-conditional-probability-and-bayesian-updating.qmd,Practice Lab,"BE-Aalborg/04 - Risk, Probability and Prospect Theory/08. Probability Judgment.pptx",22
Natural frequencies,14,14,body passage located,"Located in the chapter body; the lexical hit is a navigation aid, not an independent adequacy or source-validity score.",chapters/14-base-rates-conditional-probability-and-bayesian-updating.qmd,Natural frequencies make Bayes visible,DPN-Aalborg/Decision_Making_Enriched_Book.docx,
Likelihood ratio,14,14,placement or scope resolved,Bayesian updating and likelihoods are worked numerically. No separate likelihood-ratio teaching requirement was found; an extra odds-form derivation was not added.,chapters/14-base-rates-conditional-probability-and-bayesian-updating.qmd,Opening / chapter overview,,
Reference class,14,14,body passage located,"Located in the chapter body; the lexical hit is a navigation aid, not an independent adequacy or source-validity score.",chapters/14-base-rates-conditional-probability-and-bayesian-updating.qmd,Natural frequencies make Bayes visible,BE-Aalborg/BE2026/BE05. Heuristics & Biases.pptx,14
Conjunction rule,14,14,body passage located,"Located in the chapter body; the lexical hit is a navigation aid, not an independent adequacy or source-validity score.",chapters/14-base-rates-conditional-probability-and-bayesian-updating.qmd,Learning goals,"BE-Aalborg/02 - Attention, Heuristics and Biases/04. Heuristics.pptx",55
Disjunction rule,14,14,body passage located,"Located in the chapter body; the lexical hit is a navigation aid, not an independent adequacy or source-validity score.",chapters/14-base-rates-conditional-probability-and-bayesian-updating.qmd,Reference classes are judgment calls,"BE-Aalborg/02 - Attention, Heuristics and Biases/04. Heuristics.pptx",55
Independence,14,14,body passage located,"Located in the chapter body; the lexical hit is a navigation aid, not an independent adequacy or source-validity score.",chapters/14-base-rates-conditional-probability-and-bayesian-updating.qmd,Conditional direction matters,BE-Aalborg/BE2026/BE03. Prediction and Expectation.pptx,31
Law of small numbers,15,15,body passage located,"Located in the chapter body; the lexical hit is a navigation aid, not an independent adequacy or source-validity score.",chapters/15-samples-randomness-regression-and-calibration.qmd,Small samples swing widely,"BE-Aalborg/04 - Risk, Probability and Prospect Theory/08. Probability Judgment.pptx",20
Gambler's fallacy,15,15,body passage located,"Located in the chapter body; the lexical hit is a navigation aid, not an independent adequacy or source-validity score.",chapters/15-samples-randomness-regression-and-calibration.qmd,Streaks require a process model,BE-Aalborg/BE2026/BE05. Heuristics & Biases.pptx,52
Hot-hand effect,15,15,body passage located,"Located in the chapter body; the lexical hit is a navigation aid, not an independent adequacy or source-validity score.",chapters/15-samples-randomness-regression-and-calibration.qmd,Streaks require a process model,"BE-Aalborg/04 - Risk, Probability and Prospect Theory/08. Probability Judgment.pptx",20
Random clusters,15,15,body passage located,"Located in the chapter body; the lexical hit is a navigation aid, not an independent adequacy or source-validity score.",chapters/15-samples-randomness-regression-and-calibration.qmd,Clusters and the search for causes,"BE-Aalborg/Readings/01 - AI, Prediction and Complexity/Impact_ML_on_Econ_Summary.pptx",3
Regression to the mean,15,15,body passage located,"Located in the chapter body; the lexical hit is a navigation aid, not an independent adequacy or source-validity score.",chapters/15-samples-randomness-regression-and-calibration.qmd,Test the width of your uncertainty,"BE-Aalborg/04 - Risk, Probability and Prospect Theory/08. Probability Judgment.pptx",24
Overconfidence,15,15,body passage located,"Located in the chapter body; the lexical hit is a navigation aid, not an independent adequacy or source-validity score.",chapters/15-samples-randomness-regression-and-calibration.qmd,Illusion of control: did the action change the odds? {#illusion-of-control},BE-Aalborg/BE2026/BE05. Heuristics & Biases.pptx,2
Overestimation,15,15,body passage located,"Located in the chapter body; the lexical hit is a navigation aid, not an independent adequacy or source-validity score.",chapters/15-samples-randomness-regression-and-calibration.qmd,Planning fallacy: the plan needs an outside view {#planning-fallacy-and-outside-view},BE-Aalborg/BE2026/BE05. Heuristics & Biases.pptx,20
Overplacement,15,15,body passage located,"Located in the chapter body; the lexical hit is a navigation aid, not an independent adequacy or source-validity score.",chapters/15-samples-randomness-regression-and-calibration.qmd,Planning fallacy: the plan needs an outside view {#planning-fallacy-and-outside-view},BE-Aalborg/BE2026/BE05. Heuristics & Biases.pptx,20
Overprecision,15,15,body passage located,"Located in the chapter body; the lexical hit is a navigation aid, not an independent adequacy or source-validity score.",chapters/15-samples-randomness-regression-and-calibration.qmd,Planning fallacy: the plan needs an outside view {#planning-fallacy-and-outside-view},BE-Aalborg/BE2026/BE05. Heuristics & Biases.pptx,20
Dunning-Kruger,15,15,body passage located,"Located in the chapter body; the lexical hit is a navigation aid, not an independent adequacy or source-validity score.",chapters/15-samples-randomness-regression-and-calibration.qmd,Test the width of your uncertainty,"BE-Aalborg/06 - Time, Money and Finance/16. Intertemporal Decision-Making.pptx",63
Planning fallacy,15,15,body passage located,"Located in the chapter body; the lexical hit is a navigation aid, not an independent adequacy or source-validity score.",chapters/15-samples-randomness-regression-and-calibration.qmd,Planning fallacy: the plan needs an outside view {#planning-fallacy-and-outside-view},BE-Aalborg/BE2026/BE05. Heuristics & Biases.pptx,20
Inside view,15,15,body passage located,"Located in the chapter body; the lexical hit is a navigation aid, not an independent adequacy or source-validity score.",chapters/15-samples-randomness-regression-and-calibration.qmd,Practice Lab,BE-Aalborg/BE2026/BE05. Heuristics & Biases.pptx,23
Outside view,15,15,body passage located,"Located in the chapter body; the lexical hit is a navigation aid, not an independent adequacy or source-validity score.",chapters/15-samples-randomness-regression-and-calibration.qmd,Practice Lab,BE-Aalborg/BE2026/BE05. Heuristics & Biases.pptx,23
Calibration,15,15,body passage located,"Located in the chapter body; the lexical hit is a navigation aid, not an independent adequacy or source-validity score.",chapters/15-samples-randomness-regression-and-calibration.qmd,Planning fallacy: the plan needs an outside view {#planning-fallacy-and-outside-view},BE-Aalborg/BE2026/BE01. Intro to Behavioral Economics.pptx,32
Resolution,15,15,body passage located,"Located in the chapter body; the lexical hit is a navigation aid, not an independent adequacy or source-validity score.",chapters/15-samples-randomness-regression-and-calibration.qmd,Calibration makes confidence answerable,BE-Aalborg/BE2026/BE03. Prediction and Expectation.pptx,39
Brier score,15,15,body passage located,"Located in the chapter body; the lexical hit is a navigation aid, not an independent adequacy or source-validity score.",chapters/15-samples-randomness-regression-and-calibration.qmd,Calibration makes confidence answerable,DPN-Aalborg/additional topics/_Needs Classification/Strategic and Data-Driven Decision Making Synthesis Deck.pptx,85
Illusion of control,15,15,body passage located,"Located in the chapter body; the lexical hit is a navigation aid, not an independent adequacy or source-validity score.",chapters/15-samples-randomness-regression-and-calibration.qmd,Regression to the mean,"BE-Aalborg/02 - Attention, Heuristics and Biases/05. Biases.pptx",31
Expected value,16,16,body passage located,"Located in the chapter body; the lexical hit is a navigation aid, not an independent adequacy or source-validity score.",chapters/16-risky-decision-making-a-probability-is-not-yet-a-feeling.qmd,Curvature and attitudes toward a mean-preserving risk,BE-Aalborg/BE2026/BE12. Mental Acounting.pptx,26
Expected utility,16,16,body passage located,"Located in the chapter body; the lexical hit is a navigation aid, not an independent adequacy or source-validity score.",chapters/16-risky-decision-making-a-probability-is-not-yet-a-feeling.qmd,Curvature and attitudes toward a mean-preserving risk,BE-Aalborg/BE2026/BE01. Intro to Behavioral Economics.pptx,16
Certainty equivalent,16,16,body passage located,"Located in the chapter body; the lexical hit is a navigation aid, not an independent adequacy or source-validity score.",chapters/16-risky-decision-making-a-probability-is-not-yet-a-feeling.qmd,Research Lens: every elicitation task measures a bundle,"BE-Aalborg/04 - Risk, Probability and Prospect Theory/09. Risky Decision-Making.pptx",12
Risk aversion,16,16,body passage located,"Located in the chapter body; the lexical hit is a navigation aid, not an independent adequacy or source-validity score.",chapters/16-risky-decision-making-a-probability-is-not-yet-a-feeling.qmd,Curvature and attitudes toward a mean-preserving risk,BE-Aalborg/BE2026/BE10. Asset Bubbles.pptx,36
Ambiguity aversion,16,16,body passage located,"Located in the chapter body; the lexical hit is a navigation aid, not an independent adequacy or source-validity score.",chapters/16-risky-decision-making-a-probability-is-not-yet-a-feeling.qmd,The Ellsberg urn: risk is not ambiguity,BE-Aalborg/01 - Foundations and Neuroscience/Neuroeconomics.pptx,83
Allais paradox,16,16,body passage located,"Located in the chapter body; the lexical hit is a navigation aid, not an independent adequacy or source-validity score.",chapters/16-risky-decision-making-a-probability-is-not-yet-a-feeling.qmd,Expected utility: value over final consequences,"BE-Aalborg/04 - Risk, Probability and Prospect Theory/09. Risky Decision-Making.pptx",33
Ellsberg paradox,16,16,body passage located,"Located in the chapter body; the lexical hit is a navigation aid, not an independent adequacy or source-validity score.",chapters/16-risky-decision-making-a-probability-is-not-yet-a-feeling.qmd,The Ellsberg urn: risk is not ambiguity,"BE-Aalborg/04 - Risk, Probability and Prospect Theory/09. Risky Decision-Making.pptx",38
St. Petersburg paradox,16,16,body passage located,"Located in the chapter body; the lexical hit is a navigation aid, not an independent adequacy or source-validity score.",chapters/16-risky-decision-making-a-probability-is-not-yet-a-feeling.qmd,Application box: the single-period newsvendor,"BE-Aalborg/04 - Risk, Probability and Prospect Theory/09. Risky Decision-Making.pptx",7
Compounding,16,19,placement or scope resolved,Interest compounding has its own section in Chapter 19; Chapter 16 separately handles repeated multiplicative risk and ruin.,chapters/19-intertemporal-decision-making-why-later-loses-to-now.qmd,Opening / chapter overview,,
Geometric mean,16,16,body passage located,"Located in the chapter body; the lexical hit is a navigation aid, not an independent adequacy or source-validity score.",chapters/16-risky-decision-making-a-probability-is-not-yet-a-feeling.qmd,Research Lens: a positive arithmetic average can conceal multiplicative collapse,,
Probability of ruin,16,16,body passage located,"Located in the chapter body; the lexical hit is a navigation aid, not an independent adequacy or source-validity score.",chapters/16-risky-decision-making-a-probability-is-not-yet-a-feeling.qmd,Research Lens: a positive arithmetic average can conceal multiplicative collapse,BE-Aalborg/BE2026/BE02. Decision-Making Process.pptx,11
Kelly criterion,16,16,placement or scope resolved,"The named criterion occurred in a supplemental third-party PDF, not the inspected core teaching units. Retained the book's growth, risk, and ruin discussion without adding an investment-sizing prescription.",chapters/16-risky-decision-making-a-probability-is-not-yet-a-feeling.qmd,Opening / chapter overview,DPN-Aalborg/Behavioral economics for the workplace 6 lessons.pdf,28
Prospect theory,17,17,body passage located,"Located in the chapter body; the lexical hit is a navigation aid, not an independent adequacy or source-validity score.",chapters/17-prospect-theory-gains-and-losses-begin-at-a-reference-point.qmd,Framing changes the comparison; check equivalence {#framing-changes-the-reference-point-but-equivalence-must-be-checked},BE-Aalborg/BE2026/BE01. Intro to Behavioral Economics.pptx,2
Reference dependence,17,17,body passage located,"Located in the chapter body; the lexical hit is a navigation aid, not an independent adequacy or source-validity score.",chapters/17-prospect-theory-gains-and-losses-begin-at-a-reference-point.qmd,The value function: sensitivity diminishes with distance,BE-Aalborg/BE2026/BE02. Decision-Making Process.pptx,22
Loss aversion,17,17,body passage located,"Located in the chapter body; the lexical hit is a navigation aid, not an independent adequacy or source-validity score.",chapters/17-prospect-theory-gains-and-losses-begin-at-a-reference-point.qmd,A practical ownership test,BE-Aalborg/BE2026/BE05. Heuristics & Biases.pptx,57
Diminishing sensitivity,17,17,body passage located,"Located in the chapter body; the lexical hit is a navigation aid, not an independent adequacy or source-validity score.",chapters/17-prospect-theory-gains-and-losses-begin-at-a-reference-point.qmd,The value function: sensitivity diminishes with distance,BE-Aalborg/BE2026/BE12. Mental Acounting.pptx,2
Probability weighting,17,17,body passage located,"Located in the chapter body; the lexical hit is a navigation aid, not an independent adequacy or source-validity score.",chapters/17-prospect-theory-gains-and-losses-begin-at-a-reference-point.qmd,Worked calculation: a low-probability gain,"BE-Aalborg/04 - Risk, Probability and Prospect Theory/10. Prospect Theory.pptx",19
Fourfold pattern,17,17,body passage located,"Located in the chapter body; the lexical hit is a navigation aid, not an independent adequacy or source-validity score.",chapters/17-prospect-theory-gains-and-losses-begin-at-a-reference-point.qmd,The fourfold pattern of risk attitudes,"BE-Aalborg/04 - Risk, Probability and Prospect Theory/10. Prospect Theory.pptx",4
Certainty effect,17,17,body passage located,"Located in the chapter body; the lexical hit is a navigation aid, not an independent adequacy or source-validity score.",chapters/17-prospect-theory-gains-and-losses-begin-at-a-reference-point.qmd,Certainty and possibility are psychological boundaries,"BE-Aalborg/04 - Risk, Probability and Prospect Theory/09. Risky Decision-Making.pptx",33
Endowment effect,17,17,body passage located,"Located in the chapter body; the lexical hit is a navigation aid, not an independent adequacy or source-validity score.",chapters/17-prospect-theory-gains-and-losses-begin-at-a-reference-point.qmd,Research Lens: related phenomena require separate diagnoses,"BE-Aalborg/04 - Risk, Probability and Prospect Theory/10. Prospect Theory.pptx",5
IKEA effect,17,17,body passage located,"Located in the chapter body; the lexical hit is a navigation aid, not an independent adequacy or source-validity score.",chapters/17-prospect-theory-gains-and-losses-begin-at-a-reference-point.qmd,A practical ownership test,"BE-Aalborg/04 - Risk, Probability and Prospect Theory/10. Prospect Theory.pptx",5
Status quo bias,17,17,body passage located,"Located in the chapter body; the lexical hit is a navigation aid, not an independent adequacy or source-validity score.",chapters/17-prospect-theory-gains-and-losses-begin-at-a-reference-point.qmd,The IKEA effect: labor can create value {#the-ikea-effect-labor-can-create-value-without-proving-loss-aversion},"BE-Aalborg/04 - Risk, Probability and Prospect Theory/10. Prospect Theory.pptx",5
Description-experience gap,18,18,body passage located,"Located in the chapter body; the lexical hit is a navigation aid, not an independent adequacy or source-validity score.",chapters/18-decisions-from-experience-when-rare-events-are-not-encountered.qmd,Four sources-of-information situations {#four-epistemic-states},BE-Aalborg/07 - Decision from Experience and Operations/23. Decision from Experience.pptx,2
Rare-event sampling,18,18,body passage located,"Located in the chapter body; the lexical hit is a navigation aid, not an independent adequacy or source-validity score.",chapters/18-decisions-from-experience-when-rare-events-are-not-encountered.qmd,Four sources-of-information situations {#four-epistemic-states},"BE-Aalborg/02 - Attention, Heuristics and Biases/05. Biases.pptx",36
Optional stopping,18,18,body passage located,"Located in the chapter body; the lexical hit is a navigation aid, not an independent adequacy or source-validity score.",chapters/18-decisions-from-experience-when-rare-events-are-not-encountered.qmd,Stopping is part of the evidence,"BE-Aalborg/Readings/03 - Priming and Goal Setting/Priming, Subliminal Messaging, and Positive Thinking_ A Scientific Review and the Replication Crisis.docx",
Recency,18,18,body passage located,"Located in the chapter body; the lexical hit is a navigation aid, not an independent adequacy or source-validity score.",chapters/18-decisions-from-experience-when-rare-events-are-not-encountered.qmd,Stopping is part of the evidence,BE-Aalborg/07 - Decision from Experience and Operations/23. Decision from Experience.pptx,19
Contingent sampling,18,18,body passage located,"Located in the chapter body; the lexical hit is a navigation aid, not an independent adequacy or source-validity score.",chapters/18-decisions-from-experience-when-rare-events-are-not-encountered.qmd,Recent and memorable outcomes receive more influence,BE-Aalborg/07 - Decision from Experience and Operations/23. Decision from Experience.pptx,19
Reinforcement learning,18,18,body passage located,"Located in the chapter body; the lexical hit is a navigation aid, not an independent adequacy or source-validity score.",chapters/18-decisions-from-experience-when-rare-events-are-not-encountered.qmd,Beyond rare-event lotteries,"BE-Aalborg/03 - Context, Habits and Choice Architecture/06&07. Contextual Influence.pptx",83
Exploration-exploitation trade-off,18,18,body passage located,"Located in the chapter body; the lexical hit is a navigation aid, not an independent adequacy or source-validity score.",chapters/18-decisions-from-experience-when-rare-events-are-not-encountered.qmd,A decision record for experiential learning,DPN-Aalborg/DPN07. Communication & Connection.pptx,9
Normalcy bias,18,18,body passage located,"Located in the chapter body; the lexical hit is a navigation aid, not an independent adequacy or source-validity score.",chapters/18-decisions-from-experience-when-rare-events-are-not-encountered.qmd,Locals and visitors can encounter different risk signals,"BE-Aalborg/02 - Attention, Heuristics and Biases/05. Biases.pptx",124
Intertemporal choice,19,19,body passage located,"Located in the chapter body; the lexical hit is a navigation aid, not an independent adequacy or source-validity score.",chapters/19-intertemporal-decision-making-why-later-loses-to-now.qmd,Applied Lens: compare the complete time stream,BE-Aalborg/BE2026/BE01. Intro to Behavioral Economics.pptx,2
Exponential discounting,19,19,body passage located,"Located in the chapter body; the lexical hit is a navigation aid, not an independent adequacy or source-validity score.",chapters/19-intertemporal-decision-making-why-later-loses-to-now.qmd,Present bias and preference reversal,"BE-Aalborg/06 - Time, Money and Finance/16. Intertemporal Decision-Making.pptx",16
Hyperbolic discounting,19,19,body passage located,"Located in the chapter body; the lexical hit is a navigation aid, not an independent adequacy or source-validity score.",chapters/19-intertemporal-decision-making-why-later-loses-to-now.qmd,Present bias and preference reversal,"BE-Aalborg/06 - Time, Money and Finance/16. Intertemporal Decision-Making.pptx",22
Present bias,19,19,body passage located,"Located in the chapter body; the lexical hit is a navigation aid, not an independent adequacy or source-validity score.",chapters/19-intertemporal-decision-making-why-later-loses-to-now.qmd,Why delay changes more than mathematical value,"BE-Aalborg/06 - Time, Money and Finance/16. Intertemporal Decision-Making.pptx",20
Dynamic inconsistency,19,19,body passage located,"Located in the chapter body; the lexical hit is a navigation aid, not an independent adequacy or source-validity score.",chapters/19-intertemporal-decision-making-why-later-loses-to-now.qmd,Present bias and preference reversal,BE-Aalborg/BE2026/BE05. Heuristics & Biases.pptx,29
Magnitude effect,19,19,body passage located,"Located in the chapter body; the lexical hit is a navigation aid, not an independent adequacy or source-validity score.",chapters/19-intertemporal-decision-making-why-later-loses-to-now.qmd,"Amount, sign, wording, search, and domain","BE-Aalborg/06 - Time, Money and Finance/16. Intertemporal Decision-Making.pptx",23
Sign effect,19,19,body passage located,"Located in the chapter body; the lexical hit is a navigation aid, not an independent adequacy or source-validity score.",chapters/19-intertemporal-decision-making-why-later-loses-to-now.qmd,"Amount, sign, wording, search, and domain","BE-Aalborg/06 - Time, Money and Finance/16. Intertemporal Decision-Making.pptx",25
Date-delay framing,19,19,body passage located,"Located in the chapter body; the lexical hit is a navigation aid, not an independent adequacy or source-validity score.",chapters/19-intertemporal-decision-making-why-later-loses-to-now.qmd,"Credibility, attention, and imagination",BE-Aalborg/BE2026/BE01. Intro to Behavioral Economics.pptx,15
Hidden-zero effect,19,19,body passage located,"Located in the chapter body; the lexical hit is a navigation aid, not an independent adequacy or source-validity score.",chapters/19-intertemporal-decision-making-why-later-loses-to-now.qmd,What did the patience task identify?,"BE-Aalborg/06 - Time, Money and Finance/16. Intertemporal Decision-Making.pptx",23
Subjective time,19,19,body passage located,"Located in the chapter body; the lexical hit is a navigation aid, not an independent adequacy or source-validity score.",chapters/19-intertemporal-decision-making-why-later-loses-to-now.qmd,"Credibility, attention, and imagination",DPN-Aalborg/DPN01. Decision Process.pptx,41
Anticipation,19,19,body passage located,"Located in the chapter body; the lexical hit is a navigation aid, not an independent adequacy or source-validity score.",chapters/19-intertemporal-decision-making-why-later-loses-to-now.qmd,"Credibility, attention, and imagination",BE-Aalborg/BE2026/BE10. Asset Bubbles.pptx,5
Episodic future thinking,19,19,body passage located,"Located in the chapter body; the lexical hit is a navigation aid, not an independent adequacy or source-validity score.",chapters/19-intertemporal-decision-making-why-later-loses-to-now.qmd,The future must become believable and self-relevant,"BE-Aalborg/06 - Time, Money and Finance/16. Intertemporal Decision-Making.pptx",33
Future-self continuity,19,19,body passage located,"Located in the chapter body; the lexical hit is a navigation aid, not an independent adequacy or source-validity score.",chapters/19-intertemporal-decision-making-why-later-loses-to-now.qmd,"Credibility, attention, and imagination",BE-Aalborg/BE2026/BE02. Decision-Making Process.pptx,19
Precommitment,19,19,body passage located,"Located in the chapter body; the lexical hit is a navigation aid, not an independent adequacy or source-validity score.",chapters/19-intertemporal-decision-making-why-later-loses-to-now.qmd,"Design the bridge, not only the destination",BE-Aalborg/BE2026/BE02. Decision-Making Process.pptx,23
Scarcity and bandwidth,19,19,body passage located,"Located in the chapter body; the lexical hit is a navigation aid, not an independent adequacy or source-validity score.",chapters/19-intertemporal-decision-making-why-later-loses-to-now.qmd,Scarcity and trust: when now is rational,BE-Aalborg/BE2026/BE01. Intro to Behavioral Economics.pptx,13
Mental accounting,20,20,body passage located,"Located in the chapter body; the lexical hit is a navigation aid, not an independent adequacy or source-validity score.",chapters/20-mental-accounting-money-is-fungible-minds-label-it.qmd,A mental-accounting audit,BE-Aalborg/BE2026/BE12. Mental Acounting.pptx,1
Fungibility,20,20,body passage located,"Located in the chapter body; the lexical hit is a navigation aid, not an independent adequacy or source-validity score.",chapters/20-mental-accounting-money-is-fungible-minds-label-it.qmd,Label and bracket: useful budgets that can become walls,BE-Aalborg/BE2026/BE12. Mental Acounting.pptx,20
Acquisition utility,20,20,body passage located,"Located in the chapter body; the lexical hit is a navigation aid, not an independent adequacy or source-validity score.",chapters/20-mental-accounting-money-is-fungible-minds-label-it.qmd,"Four operations: label, bracket, couple, and close",BE-Aalborg/BE2026/BE12. Mental Acounting.pptx,7
Transaction utility,20,20,body passage located,"Located in the chapter body; the lexical hit is a navigation aid, not an independent adequacy or source-validity score.",chapters/20-mental-accounting-money-is-fungible-minds-label-it.qmd,"Four operations: label, bracket, couple, and close",BE-Aalborg/BE2026/BE12. Mental Acounting.pptx,5
Sunk costs,20,20,body passage located,"Located in the chapter body; the lexical hit is a navigation aid, not an independent adequacy or source-validity score.",chapters/20-mental-accounting-money-is-fungible-minds-label-it.qmd,Couple: when consumption repays a purchase,BE-Aalborg/BE2026/BE07&08. Behavioral Game Theory.pptx,112
Escalation of commitment,20,20,body passage located,"Located in the chapter body; the lexical hit is a navigation aid, not an independent adequacy or source-validity score.",chapters/20-mental-accounting-money-is-fungible-minds-label-it.qmd,Close: sunk costs and the pain of closing an account,BE-Aalborg/BE2026/BE07&08. Behavioral Game Theory.pptx,112
Payment coupling,20,20,body passage located,"Located in the chapter body; the lexical hit is a navigation aid, not an independent adequacy or source-validity score.",chapters/20-mental-accounting-money-is-fungible-minds-label-it.qmd,Learning goals,DPN-Aalborg/DPN04. Influence & Persuasion.pptx,98
Pain of paying,20,20,body passage located,"Located in the chapter body; the lexical hit is a navigation aid, not an independent adequacy or source-validity score.",chapters/20-mental-accounting-money-is-fungible-minds-label-it.qmd,Bracket for experience: hedonic editing,BE-Aalborg/BE2026/BE02. Decision-Making Process.pptx,22
Mental budgets,20,20,body passage located,"Located in the chapter body; the lexical hit is a navigation aid, not an independent adequacy or source-validity score.",chapters/20-mental-accounting-money-is-fungible-minds-label-it.qmd,A mental-accounting audit,BE-Aalborg/BE2026/BE02. Decision-Making Process.pptx,11
Choice bracketing,20,20,body passage located,"Located in the chapter body; the lexical hit is a navigation aid, not an independent adequacy or source-validity score.",chapters/20-mental-accounting-money-is-fungible-minds-label-it.qmd,Diversification: when the menu becomes the portfolio {#when-the-menu-becomes-the-portfolio},BE-Aalborg/BE2026/BE12. Mental Acounting.pptx,5
House-money effect,20,20,body passage located,"Located in the chapter body; the lexical hit is a navigation aid, not an independent adequacy or source-validity score.",chapters/20-mental-accounting-money-is-fungible-minds-label-it.qmd,"Close and reopen: house money, break-even, and realization",BE-Aalborg/BE2026/BE12. Mental Acounting.pptx,5
Break-even effect,20,20,body passage located,"Located in the chapter body; the lexical hit is a navigation aid, not an independent adequacy or source-validity score.",chapters/20-mental-accounting-money-is-fungible-minds-label-it.qmd,"Close and reopen: house money, break-even, and realization",BE-Aalborg/BE2026/BE12. Mental Acounting.pptx,5
Disposition effect,20,20,body passage located,"Located in the chapter body; the lexical hit is a navigation aid, not an independent adequacy or source-validity score.",chapters/20-mental-accounting-money-is-fungible-minds-label-it.qmd,"Close and reopen: house money, break-even, and realization",BE-Aalborg/BE2026/BE12. Mental Acounting.pptx,5
Hedonic editing,20,20,body passage located,"Located in the chapter body; the lexical hit is a navigation aid, not an independent adequacy or source-validity score.",chapters/20-mental-accounting-money-is-fungible-minds-label-it.qmd,Bracket: one decision or a portfolio?,BE-Aalborg/BE2026/BE12. Mental Acounting.pptx,48
Naive diversification,20,20,body passage located,"Located in the chapter body; the lexical hit is a navigation aid, not an independent adequacy or source-validity score.",chapters/20-mental-accounting-money-is-fungible-minds-label-it.qmd,Diversification: when the menu becomes the portfolio {#when-the-menu-becomes-the-portfolio},,
Diversification bias,20,20,body passage located,"Located in the chapter body; the lexical hit is a navigation aid, not an independent adequacy or source-validity score.",chapters/20-mental-accounting-money-is-fungible-minds-label-it.qmd,Diversification: when the menu becomes the portfolio {#when-the-menu-becomes-the-portfolio},,
1/n heuristic,20,20,body passage located,"Located in the chapter body; the lexical hit is a navigation aid, not an independent adequacy or source-validity score.",chapters/20-mental-accounting-money-is-fungible-minds-label-it.qmd,Diversification: when the menu becomes the portfolio {#when-the-menu-becomes-the-portfolio},BE-Aalborg/BE2026/BE12. Mental Acounting.pptx,51
Daily income targets,20,20,body passage located,"Located in the chapter body; the lexical hit is a navigation aid, not an independent adequacy or source-validity score.",chapters/20-mental-accounting-money-is-fungible-minds-label-it.qmd,Diversification: when the menu becomes the portfolio {#when-the-menu-becomes-the-portfolio},,
Habit formation,21,21,body passage located,"Located in the chapter body; the lexical hit is a navigation aid, not an independent adequacy or source-validity score.",chapters/21-habits-wanting-and-self-control.qmd,Learning goals,BE-Aalborg/BE2026/BE01. Intro to Behavioral Economics.pptx,2
Automaticity,21,21,body passage located,"Located in the chapter body; the lexical hit is a navigation aid, not an independent adequacy or source-validity score.",chapters/21-habits-wanting-and-self-control.qmd,Research note: what counts as evidence of a habit?,BE-Aalborg/BE2026/BE04. Two Systems of Thinking.pptx,27
Cue-response learning,21,21,body passage located,"Located in the chapter body; the lexical hit is a navigation aid, not an independent adequacy or source-validity score.",chapters/21-habits-wanting-and-self-control.qmd,Practice Lab,BE-Aalborg/BE2026/BE01. Intro to Behavioral Economics.pptx,25
Positive reinforcement,21,21,body passage located,"Located in the chapter body; the lexical hit is a navigation aid, not an independent adequacy or source-validity score.",chapters/21-habits-wanting-and-self-control.qmd,What checking accomplishes,BE-Aalborg/01 - Foundations and Neuroscience/Neuroeconomics.pptx,48
Negative reinforcement,21,21,body passage located,"Located in the chapter body; the lexical hit is a navigation aid, not an independent adequacy or source-validity score.",chapters/21-habits-wanting-and-self-control.qmd,What checking accomplishes,,
Reward prediction error,21,21,body passage located,"Located in the chapter body; the lexical hit is a navigation aid, not an independent adequacy or source-validity score.",chapters/21-habits-wanting-and-self-control.qmd,Research note: unexpected outcomes and dopamine,BE-Aalborg/BE2026/BE06. Habits and Behavior Design.pptx,18
Dopamine,21,21,body passage located,"Located in the chapter body; the lexical hit is a navigation aid, not an independent adequacy or source-validity score.",chapters/21-habits-wanting-and-self-control.qmd,Research note: what counts as evidence of a habit?,BE-Aalborg/BE2026/BE06. Habits and Behavior Design.pptx,2
Incentive salience,21,21,body passage located,"Located in the chapter body; the lexical hit is a navigation aid, not an independent adequacy or source-validity score.",chapters/21-habits-wanting-and-self-control.qmd,Wanting can outlast liking {#wanting-can-outlast-liking},BE-Aalborg/01 - Foundations and Neuroscience/Anatomy of Decision 1.docx,
Wanting versus liking,21,21,body passage located,"Located in the chapter body; the lexical hit is a navigation aid, not an independent adequacy or source-validity score.",chapters/21-habits-wanting-and-self-control.qmd,What checking accomplishes,BE-Aalborg/BE2026/BE05. Heuristics & Biases.pptx,32
Ego depletion,21,39,placement or scope resolved,Full account and replication qualifications in Willpower is not one depletable fuel; Appendix F also records the evidence status.,chapters/39-behavior-design-make-the-better-action-easier.qmd,Opening / chapter overview,BE-Aalborg/BE2026/BE06. Habits and Behavior Design.pptx,27
Urge surfing,21,21,body passage located,"Located in the chapter body; the lexical hit is a navigation aid, not an independent adequacy or source-validity score.",chapters/21-habits-wanting-and-self-control.qmd,Make room for an urge {#create-space-without-demanding-that-the-urge-disappear},BE-Aalborg/BE2026/BE06. Habits and Behavior Design.pptx,30
RAIN,21,21,body passage located,"Located in the chapter body; the lexical hit is a navigation aid, not an independent adequacy or source-validity score.",chapters/21-habits-wanting-and-self-control.qmd,Optional practice: observing an urge with BRAIN,BE-Aalborg/BE2026/BE01. Intro to Behavioral Economics.pptx,8
BRAIN,21,21,body passage located,"Located in the chapter body; the lexical hit is a navigation aid, not an independent adequacy or source-validity score.",chapters/21-habits-wanting-and-self-control.qmd,Optional practice: observing an urge with BRAIN,BE-Aalborg/BE2026/BE02. Decision-Making Process.pptx,16
Marshmallow test,21,19,placement or scope resolved,Full treatment and reliability/background qualifications belong in intertemporal choice; Appendix F carries the later evidence.,chapters/19-intertemporal-decision-making-why-later-loses-to-now.qmd,Opening / chapter overview,BE-Aalborg/BE2026/BE06. Habits and Behavior Design.pptx,28
Self-control,21,21,body passage located,"Located in the chapter body; the lexical hit is a navigation aid, not an independent adequacy or source-validity score.",chapters/21-habits-wanting-and-self-control.qmd,Changing the routine before the next difficult sentence,BE-Aalborg/BE2026/BE05. Heuristics & Biases.pptx,17
Subjective well-being,22,22,body passage located,"Located in the chapter body; the lexical hit is a navigation aid, not an independent adequacy or source-validity score.",chapters/22-deciding-for-a-better-life-satisfaction-connection-and-meaning.qmd,Bridge: a better life is not made alone,BE-Aalborg/09 - Additional Topics/Existing Additional Topics/146 Happiness.pdf,9
Life satisfaction,22,22,body passage located,"Located in the chapter body; the lexical hit is a navigation aid, not an independent adequacy or source-validity score.",chapters/22-deciding-for-a-better-life-satisfaction-connection-and-meaning.qmd,Compare the six questions,BE-Aalborg/09 - Additional Topics/Existing Additional Topics/146 Happiness.pdf,14
Hedonic well-being,22,22,placement or scope resolved,"Developed through experienced affect, life evaluation, and their contrast with eudaimonic meaning. The first lexical lecture hit concerns hedonic editing in mental accounting and is not a direct source for this concept.",chapters/22-deciding-for-a-better-life-satisfaction-connection-and-meaning.qmd,Opening / chapter overview,BE-Aalborg/BE2026/BE12. Mental Acounting.pptx,48
Eudaimonic well-being,22,22,body passage located,"Located in the chapter body; the lexical hit is a navigation aid, not an independent adequacy or source-validity score.",chapters/22-deciding-for-a-better-life-satisfaction-connection-and-meaning.qmd,Compare the six questions,BE-Aalborg/09 - Additional Topics/Mind Magic.pptx,40
Predicted utility,22,22,body passage located,"Located in the chapter body; the lexical hit is a navigation aid, not an independent adequacy or source-validity score.",chapters/22-deciding-for-a-better-life-satisfaction-connection-and-meaning.qmd,Compare the six questions,,
Decision utility,22,22,body passage located,"Located in the chapter body; the lexical hit is a navigation aid, not an independent adequacy or source-validity score.",chapters/22-deciding-for-a-better-life-satisfaction-connection-and-meaning.qmd,Compare the six questions,"BE-Aalborg/03 - Context, Habits and Choice Architecture/05. Habit and Behavior Design.pdf",9
Experienced utility,22,22,body passage located,"Located in the chapter body; the lexical hit is a navigation aid, not an independent adequacy or source-validity score.",chapters/22-deciding-for-a-better-life-satisfaction-connection-and-meaning.qmd,"One word, several targets","BE-Aalborg/06 - Time, Money and Finance/16. Intertemporal Decision-Making.pptx",71
Remembered utility,22,22,body passage located,"Located in the chapter body; the lexical hit is a navigation aid, not an independent adequacy or source-validity score.",chapters/22-deciding-for-a-better-life-satisfaction-connection-and-meaning.qmd,Compare the six questions,"BE-Aalborg/06 - Time, Money and Finance/16. Intertemporal Decision-Making.pptx",72
Affective forecasting,22,22,body passage located,"Located in the chapter body; the lexical hit is a navigation aid, not an independent adequacy or source-validity score.",chapters/22-deciding-for-a-better-life-satisfaction-connection-and-meaning.qmd,Before the outcome: predicted utility is a forecast,BE-Aalborg/01 - Foundations and Neuroscience/Neuroeconomics.pptx,2
Impact bias,22,22,body passage located,"Located in the chapter body; the lexical hit is a navigation aid, not an independent adequacy or source-validity score.",chapters/22-deciding-for-a-better-life-satisfaction-connection-and-meaning.qmd,Before the outcome: predicted utility is a forecast,"BE-Aalborg/06 - Time, Money and Finance/16. Intertemporal Decision-Making.pptx",76
Focalism,22,22,body passage located,"Located in the chapter body; the lexical hit is a navigation aid, not an independent adequacy or source-validity score.",chapters/22-deciding-for-a-better-life-satisfaction-connection-and-meaning.qmd,Before the outcome: predicted utility is a forecast,BE-Aalborg/09 - Additional Topics/Existing Additional Topics/Behavioral Decision Theory additional.pptx,31
Projection bias,22,22,body passage located,"Located in the chapter body; the lexical hit is a navigation aid, not an independent adequacy or source-validity score.",chapters/22-deciding-for-a-better-life-satisfaction-connection-and-meaning.qmd,Impact bias and focalism,"BE-Aalborg/06 - Time, Money and Finance/16. Intertemporal Decision-Making.pptx",76
Peak-end rule,22,22,body passage located,"Located in the chapter body; the lexical hit is a navigation aid, not an independent adequacy or source-validity score.",chapters/22-deciding-for-a-better-life-satisfaction-connection-and-meaning.qmd,After the outcome: memory edits experience,"BE-Aalborg/06 - Time, Money and Finance/16. Intertemporal Decision-Making.pptx",71
Duration neglect,22,22,body passage located,"Located in the chapter body; the lexical hit is a navigation aid, not an independent adequacy or source-validity score.",chapters/22-deciding-for-a-better-life-satisfaction-connection-and-meaning.qmd,After the outcome: memory edits experience,"BE-Aalborg/06 - Time, Money and Finance/16. Intertemporal Decision-Making.pptx",71
Hedonic adaptation,22,22,body passage located,"Located in the chapter body; the lexical hit is a navigation aid, not an independent adequacy or source-validity score.",chapters/22-deciding-for-a-better-life-satisfaction-connection-and-meaning.qmd,Compare the six questions,DPN-Aalborg/DPN04. Influence & Persuasion.pptx,87
Focusing illusion,22,22,body passage located,"Located in the chapter body; the lexical hit is a navigation aid, not an independent adequacy or source-validity score.",chapters/22-deciding-for-a-better-life-satisfaction-connection-and-meaning.qmd,Social comparison and the focusing illusion,DPN-Aalborg/DPN03. Heuristics & Biases.pptx,9
Income and happiness,22,22,body passage located,"Located in the chapter body; the lexical hit is a navigation aid, not an independent adequacy or source-validity score.",chapters/22-deciding-for-a-better-life-satisfaction-connection-and-meaning.qmd,A well-being decision audit,BE-Aalborg/BE2026/BE10. Asset Bubbles.pptx,14
Social comparison,22,22,body passage located,"Located in the chapter body; the lexical hit is a navigation aid, not an independent adequacy or source-validity score.",chapters/22-deciding-for-a-better-life-satisfaction-connection-and-meaning.qmd,"Adaptation: selective, incomplete, and morally easy to misuse",BE-Aalborg/BE2026/BE06. Habits and Behavior Design.pptx,40
Strategic interdependence,23,23,body passage located,"Located in the chapter body; the lexical hit is a navigation aid, not an independent adequacy or source-validity score.",chapters/23-strategic-interdependence-the-best-move-depends-on-other-minds.qmd,See the game before solving it,BE-Aalborg/BE2026/BE01. Intro to Behavioral Economics.pptx,2
Best response,23,23,body passage located,"Located in the chapter body; the lexical hit is a navigation aid, not an independent adequacy or source-validity score.",chapters/23-strategic-interdependence-the-best-move-depends-on-other-minds.qmd,Application: run a strategic audit before giving advice,BE-Aalborg/BE2026/BE07&08. Behavioral Game Theory.pptx,2
Nash equilibrium,23,23,body passage located,"Located in the chapter body; the lexical hit is a navigation aid, not an independent adequacy or source-validity score.",chapters/23-strategic-interdependence-the-best-move-depends-on-other-minds.qmd,See the game before solving it,BE-Aalborg/BE2026/BE07&08. Behavioral Game Theory.pptx,30
Prisoner's dilemma,23,25,placement or scope resolved,The game is the opening worked payoff matrix in the cooperation chapter; repeating it in Chapter 23 would duplicate the treatment.,chapters/25-cooperation-and-social-preferences-self-interest-is-not-the-only-payoff.qmd,Opening / chapter overview,BE-Aalborg/BE2026/BE07&08. Behavioral Game Theory.pptx,53
Coordination game,23,23,body passage located,"Located in the chapter body; the lexical hit is a navigation aid, not an independent adequacy or source-validity score.",chapters/23-strategic-interdependence-the-best-move-depends-on-other-minds.qmd,First diagnose the strategic problem,BE-Aalborg/BE2026/BE07&08. Behavioral Game Theory.pptx,1
Focal points,23,23,body passage located,"Located in the chapter body; the lexical hit is a navigation aid, not an independent adequacy or source-validity score.",chapters/23-strategic-interdependence-the-best-move-depends-on-other-minds.qmd,"Ethics: cooperation for whom, commitment against whom?",BE-Aalborg/BE2026/BE07&08. Behavioral Game Theory.pptx,15
Stag hunt,23,23,body passage located,"Located in the chapter body; the lexical hit is a navigation aid, not an independent adequacy or source-validity score.",chapters/23-strategic-interdependence-the-best-move-depends-on-other-minds.qmd,"Focality, payoff dominance, and evidence",BE-Aalborg/BE2026/BE07&08. Behavioral Game Theory.pptx,90
Chicken game,23,23,body passage located,"Located in the chapter body; the lexical hit is a navigation aid, not an independent adequacy or source-validity score.",chapters/23-strategic-interdependence-the-best-move-depends-on-other-minds.qmd,Research Lens: three additional strategic structures,BE-Aalborg/BE2026/BE07&08. Behavioral Game Theory.pptx,99
Battle of the sexes,23,23,body passage located,"Located in the chapter body; the lexical hit is a navigation aid, not an independent adequacy or source-validity score.",chapters/23-strategic-interdependence-the-best-move-depends-on-other-minds.qmd,Volunteer's dilemma,BE-Aalborg/BE2026/BE07&08. Behavioral Game Theory.pptx,99
Volunteer's dilemma,23,23,body passage located,"Located in the chapter body; the lexical hit is a navigation aid, not an independent adequacy or source-validity score.",chapters/23-strategic-interdependence-the-best-move-depends-on-other-minds.qmd,First diagnose the strategic problem,BE-Aalborg/BE2026/BE07&08. Behavioral Game Theory.pptx,103
Commitment,23,23,body passage located,"Located in the chapter body; the lexical hit is a navigation aid, not an independent adequacy or source-validity score.",chapters/23-strategic-interdependence-the-best-move-depends-on-other-minds.qmd,Application: run a strategic audit before giving advice,BE-Aalborg/BE2026/BE02. Decision-Making Process.pptx,23
Dollar auction,23,23,body passage located,"Located in the chapter body; the lexical hit is a navigation aid, not an independent adequacy or source-validity score.",chapters/23-strategic-interdependence-the-best-move-depends-on-other-minds.qmd,Research Lens: the €50 auction and competitive escalation,"BE-Aalborg/02 - Attention, Heuristics and Biases/05. Biases.pptx",107
Unraveling,23,24,placement or scope resolved,The beauty-contest reasoning and repeated movement toward lower choices are developed in behavioral game theory.,chapters/24-behavioral-game-theory-equilibrium-is-a-benchmark-not-a-portrait.qmd,Opening / chapter overview,BE-Aalborg/BE2026/BE07&08. Behavioral Game Theory.pptx,28
Level-k,24,24,body passage located,"Located in the chapter body; the lexical hit is a navigation aid, not an independent adequacy or source-validity score.",chapters/24-behavioral-game-theory-equilibrium-is-a-benchmark-not-a-portrait.qmd,"Three lenses, three questions",BE-Aalborg/BE2026/BE07&08. Behavioral Game Theory.pptx,2
Cognitive hierarchy,24,24,body passage located,"Located in the chapter body; the lexical hit is a navigation aid, not an independent adequacy or source-validity score.",chapters/24-behavioral-game-theory-equilibrium-is-a-benchmark-not-a-portrait.qmd,Limited strategic depth: level-*k*,BE-Aalborg/BE2026/BE07&08. Behavioral Game Theory.pptx,2
Beauty contest,24,24,body passage located,"Located in the chapter body; the lexical hit is a navigation aid, not an independent adequacy or source-validity score.",chapters/24-behavioral-game-theory-equilibrium-is-a-benchmark-not-a-portrait.qmd,Cognitive hierarchy: best respond to a mixture,BE-Aalborg/BE2026/BE07&08. Behavioral Game Theory.pptx,19
Experience-weighted attraction,24,24,placement or scope resolved,"No distinct EWA requirement was found in the extracted teaching units, including an acronym search. The chapter already distinguishes payoff, action, belief, and counterfactual feedback; a new formal model was not added.",chapters/24-behavioral-game-theory-equilibrium-is-a-benchmark-not-a-portrait.qmd,Opening / chapter overview,,
Quantal response,24,24,placement or scope resolved,"No distinct QRE requirement was found in the extracted teaching units, including an acronym search. Did not expand the course into an additional formal estimation model.",chapters/24-behavioral-game-theory-equilibrium-is-a-benchmark-not-a-portrait.qmd,Opening / chapter overview,,
Strategic learning,24,24,body passage located,"Located in the chapter body; the lexical hit is a navigation aid, not an independent adequacy or source-validity score.",chapters/24-behavioral-game-theory-equilibrium-is-a-benchmark-not-a-portrait.qmd,Application: choose the model after diagnosing the process,BE-Aalborg/BE2026/BE01. Intro to Behavioral Economics.pptx,9
Equilibrium versus behavior,24,24,body passage located,"Located in the chapter body; the lexical hit is a navigation aid, not an independent adequacy or source-validity score.",chapters/24-behavioral-game-theory-equilibrium-is-a-benchmark-not-a-portrait.qmd,Advanced research track: evolutionary and spatial models,BE-Aalborg/BE2026/BE07&08. Behavioral Game Theory.pptx,3
Social preferences,25,25,body passage located,"Located in the chapter body; the lexical hit is a navigation aid, not an independent adequacy or source-validity score.",chapters/25-cooperation-and-social-preferences-self-interest-is-not-the-only-payoff.qmd,"Bridge: preferences, norms, and enforcement are different",BE-Aalborg/05 - Strategic and Social Decisions/13. Social Norms.pptx,13
Altruism,25,25,body passage located,"Located in the chapter body; the lexical hit is a navigation aid, not an independent adequacy or source-validity score.",chapters/25-cooperation-and-social-preferences-self-interest-is-not-the-only-payoff.qmd,What cooperation reveals about motives {#movement-2-what-people-value-socially},"BE-Aalborg/03 - Context, Habits and Choice Architecture/06&07. Contextual Influence.pptx",54
Inequity aversion,25,25,body passage located,"Located in the chapter body; the lexical hit is a navigation aid, not an independent adequacy or source-validity score.",chapters/25-cooperation-and-social-preferences-self-interest-is-not-the-only-payoff.qmd,What cooperation reveals about motives {#movement-2-what-people-value-socially},BE-Aalborg/05 - Strategic and Social Decisions/13. Social Norms.pptx,45
Reciprocity,25,25,body passage located,"Located in the chapter body; the lexical hit is a navigation aid, not an independent adequacy or source-validity score.",chapters/25-cooperation-and-social-preferences-self-interest-is-not-the-only-payoff.qmd,"Reputation, networks, and institutions change incentives",BE-Aalborg/BE2026/BE07&08. Behavioral Game Theory.pptx,3
Ultimatum game,25,25,body passage located,"Located in the chapter body; the lexical hit is a navigation aid, not an independent adequacy or source-validity score.",chapters/25-cooperation-and-social-preferences-self-interest-is-not-the-only-payoff.qmd,What cooperation reveals about motives {#movement-2-what-people-value-socially},BE-Aalborg/01 - Foundations and Neuroscience/Neuroeconomics.pptx,75
Dictator game,25,25,body passage located,"Located in the chapter body; the lexical hit is a navigation aid, not an independent adequacy or source-validity score.",chapters/25-cooperation-and-social-preferences-self-interest-is-not-the-only-payoff.qmd,Ultimatum game: fairness has strategic force,BE-Aalborg/05 - Strategic and Social Decisions/13. Social Norms.pptx,2
Trust game,25,25,body passage located,"Located in the chapter body; the lexical hit is a navigation aid, not an independent adequacy or source-validity score.",chapters/25-cooperation-and-social-preferences-self-interest-is-not-the-only-payoff.qmd,Punishment can enforce cooperation—and create another dilemma,BE-Aalborg/05 - Strategic and Social Decisions/13. Social Norms.pptx,3
Public goods,25,25,body passage located,"Located in the chapter body; the lexical hit is a navigation aid, not an independent adequacy or source-validity score.",chapters/25-cooperation-and-social-preferences-self-interest-is-not-the-only-payoff.qmd,"Cross-cultural, comparative, and neural evidence generate hypotheses",BE-Aalborg/BE2026/BE07&08. Behavioral Game Theory.pptx,60
Conditional cooperation,25,25,body passage located,"Located in the chapter body; the lexical hit is a navigation aid, not an independent adequacy or source-validity score.",chapters/25-cooperation-and-social-preferences-self-interest-is-not-the-only-payoff.qmd,Applied case: large stakes do not remove context,"BE-Aalborg/Readings/01 - AI, Prediction and Complexity/__From Perception to Choice_ Understanding the Dimensions of Decision Making__.docx",
Costly punishment,25,25,body passage located,"Located in the chapter body; the lexical hit is a navigation aid, not an independent adequacy or source-validity score.",chapters/25-cooperation-and-social-preferences-self-interest-is-not-the-only-payoff.qmd,"Bridge: preferences, norms, and enforcement are different","BE-Aalborg/02 - Attention, Heuristics and Biases/04. Heuristics.pptx",62
Repeated cooperation,25,25,body passage located,"Located in the chapter body; the lexical hit is a navigation aid, not an independent adequacy or source-validity score.",chapters/25-cooperation-and-social-preferences-self-interest-is-not-the-only-payoff.qmd,Compare the cooperation mechanisms,BE-Aalborg/BE2026/BE05. Heuristics & Biases.pptx,43
Reputation,25,25,body passage located,"Located in the chapter body; the lexical hit is a navigation aid, not an independent adequacy or source-validity score.",chapters/25-cooperation-and-social-preferences-self-interest-is-not-the-only-payoff.qmd,"Reputation, networks, and institutions change incentives",BE-Aalborg/BE2026/BE02. Decision-Making Process.pptx,11
Assortment,25,25,placement or scope resolved,"Explicit positive assortment is now introduced with reputation, networks, and institutions.",chapters/25-cooperation-and-social-preferences-self-interest-is-not-the-only-payoff.qmd,"Reputation, networks, and institutions change incentives",BE-Aalborg/05 - Strategic and Social Decisions/22. Evolution of Cooperation.pptx,5
Intention-based reciprocity,25,25,body passage located,"Located in the chapter body; the lexical hit is a navigation aid, not an independent adequacy or source-validity score.",chapters/25-cooperation-and-social-preferences-self-interest-is-not-the-only-payoff.qmd,"Bridge: preferences, norms, and enforcement are different",BE-Aalborg/BE2026/BE04. Two Systems of Thinking.pptx,10
Social learning,26,26,body passage located,"Located in the chapter body; the lexical hit is a navigation aid, not an independent adequacy or source-validity score.",chapters/26-social-norms-and-conformity-when-other-people-become-evidence.qmd,"Conformity is an outcome, not a mechanism",DPN-Aalborg/DPN04. Influence & Persuasion.pptx,87
Mimicry,26,26,body passage located,"Located in the chapter body; the lexical hit is a navigation aid, not an independent adequacy or source-validity score.",chapters/26-social-norms-and-conformity-when-other-people-become-evidence.qmd,Copying and cumulative culture,DPN-Aalborg/DPN04. Influence & Persuasion.pptx,11
Informational influence,26,26,body passage located,"Located in the chapter body; the lexical hit is a navigation aid, not an independent adequacy or source-validity score.",chapters/26-social-norms-and-conformity-when-other-people-become-evidence.qmd,"Conformity is an outcome, not a mechanism",BE-Aalborg/BE2026/BE09. Behavioral Finance.pptx,2
Normative influence,26,26,body passage located,"Located in the chapter body; the lexical hit is a navigation aid, not an independent adequacy or source-validity score.",chapters/26-social-norms-and-conformity-when-other-people-become-evidence.qmd,"Conformity is an outcome, not a mechanism",BE-Aalborg/BE2026/BE01. Intro to Behavioral Economics.pptx,9
Conformity,26,26,body passage located,"Located in the chapter body; the lexical hit is a navigation aid, not an independent adequacy or source-validity score.",chapters/26-social-norms-and-conformity-when-other-people-become-evidence.qmd,Social proof is a cue; a cascade is a mechanism,BE-Aalborg/BE2026/BE02. Decision-Making Process.pptx,22
Social proof,26,26,body passage located,"Located in the chapter body; the lexical hit is a navigation aid, not an independent adequacy or source-validity score.",chapters/26-social-norms-and-conformity-when-other-people-become-evidence.qmd,Social norms require a reference group,BE-Aalborg/BE2026/BE01. Intro to Behavioral Economics.pptx,25
Descriptive norm,26,26,body passage located,"Located in the chapter body; the lexical hit is a navigation aid, not an independent adequacy or source-validity score.",chapters/26-social-norms-and-conformity-when-other-people-become-evidence.qmd,Social norms require a reference group,DPN-Aalborg/DPN04. Influence & Persuasion.pptx,21
Injunctive norm,26,26,body passage located,"Located in the chapter body; the lexical hit is a navigation aid, not an independent adequacy or source-validity score.",chapters/26-social-norms-and-conformity-when-other-people-become-evidence.qmd,Social norms require a reference group,DPN-Aalborg/DPN04. Influence & Persuasion.pptx,21
Dynamic norm,26,26,body passage located,"Located in the chapter body; the lexical hit is a navigation aid, not an independent adequacy or source-validity score.",chapters/26-social-norms-and-conformity-when-other-people-become-evidence.qmd,Social norms require a reference group,DPN-Aalborg/DPN04. Influence & Persuasion.pptx,88
Pluralistic ignorance,26,26,body passage located,"Located in the chapter body; the lexical hit is a navigation aid, not an independent adequacy or source-validity score.",chapters/26-social-norms-and-conformity-when-other-people-become-evidence.qmd,Social proof is a cue; a cascade is a mechanism,,
False consensus,26,26,body passage located,"Located in the chapter body; the lexical hit is a navigation aid, not an independent adequacy or source-validity score.",chapters/26-social-norms-and-conformity-when-other-people-become-evidence.qmd,Social proof is a cue; a cascade is a mechanism,DPN-Aalborg/DPN07. Communication & Connection.pptx,20
Information cascades,26,26,body passage located,"Located in the chapter body; the lexical hit is a navigation aid, not an independent adequacy or source-validity score.",chapters/26-social-norms-and-conformity-when-other-people-become-evidence.qmd,"Conformity is an outcome, not a mechanism",BE-Aalborg/05 - Strategic and Social Decisions/21. Evolutionary Game Theory.pptx,53
Herding,26,26,body passage located,"Located in the chapter body; the lexical hit is a navigation aid, not an independent adequacy or source-validity score.",chapters/26-social-norms-and-conformity-when-other-people-become-evidence.qmd,Social proof is a cue; a cascade is a mechanism,"BE-Aalborg/04 - Risk, Probability and Prospect Theory/08. Probability Judgment.pdf",5
Market efficiency,27,27,body passage located,"Located in the chapter body; the lexical hit is a navigation aid, not an independent adequacy or source-validity score.",chapters/27-markets-mispricing-and-bubbles.qmd,The €20 note and three meanings of efficiency,BE-Aalborg/BE2026/BE06. Habits and Behavior Design.pptx,8
Efficient market hypothesis,27,27,body passage located,"Located in the chapter body; the lexical hit is a navigation aid, not an independent adequacy or source-validity score.",chapters/27-markets-mispricing-and-bubbles.qmd,The €20 note and three meanings of efficiency,BE-Aalborg/BE2026/BE09. Behavioral Finance.pptx,2
Joint-hypothesis problem,27,27,body passage located,"Located in the chapter body; the lexical hit is a navigation aid, not an independent adequacy or source-validity score.",chapters/27-markets-mispricing-and-bubbles.qmd,Every efficiency test is a joint test,,
Limits to arbitrage,27,27,body passage located,"Located in the chapter body; the lexical hit is a navigation aid, not an independent adequacy or source-validity score.",chapters/27-markets-mispricing-and-bubbles.qmd,Evidence Boundary: an anomaly is not a mechanism or a trade,BE-Aalborg/BE2026/BE09. Behavioral Finance.pptx,1
Mispricing,27,27,body passage located,"Located in the chapter body; the lexical hit is a navigation aid, not an independent adequacy or source-validity score.",chapters/27-markets-mispricing-and-bubbles.qmd,Limits to arbitrage: seeing an error is not enough,BE-Aalborg/BE2026/BE09. Behavioral Finance.pptx,2
Asset bubbles,27,27,body passage located,"Located in the chapter body; the lexical hit is a navigation aid, not an independent adequacy or source-validity score.",chapters/27-markets-mispricing-and-bubbles.qmd,A two-direction bubble dashboard,BE-Aalborg/BE2026/BE01. Intro to Behavioral Economics.pptx,2
Greater-fool reasoning,27,27,body passage located,"Located in the chapter body; the lexical hit is a navigation aid, not an independent adequacy or source-validity score.",chapters/27-markets-mispricing-and-bubbles.qmd,A two-direction bubble dashboard,DPN-Aalborg/Decision_Making_Enriched_Book.docx,
Synchronization risk,27,27,body passage located,"Located in the chapter body; the lexical hit is a navigation aid, not an independent adequacy or source-validity score.",chapters/27-markets-mispricing-and-bubbles.qmd,A bubble is a reinforcing-process hypothesis,,
Momentum,27,27,body passage located,"Located in the chapter body; the lexical hit is a navigation aid, not an independent adequacy or source-validity score.",chapters/27-markets-mispricing-and-bubbles.qmd,"Research Lens: five patterns, five open diagnoses {#research-lens-five-patterns-five-open-diagnoses-title}",BE-Aalborg/BE2026/BE09. Behavioral Finance.pptx,34
Investor overtrading,27,27,body passage located,"Located in the chapter body; the lexical hit is a navigation aid, not an independent adequacy or source-validity score.",chapters/27-markets-mispricing-and-bubbles.qmd,A two-direction bubble dashboard,BE-Aalborg/BE2026/BE09. Behavioral Finance.pptx,2
Leverage,27,27,body passage located,"Located in the chapter body; the lexical hit is a navigation aid, not an independent adequacy or source-validity score.",chapters/27-markets-mispricing-and-bubbles.qmd,A two-direction bubble dashboard,BE-Aalborg/BE2026/BE05. Heuristics & Biases.pptx,14
Systemic risk,27,27,body passage located,"Located in the chapter body; the lexical hit is a navigation aid, not an independent adequacy or source-validity score.",chapters/27-markets-mispricing-and-bubbles.qmd,A two-direction bubble dashboard,"BE-Aalborg/Readings/01 - AI, Prediction and Complexity/Impact_ML_on_Econ_Summary.pptx",10
Short selling,27,27,body passage located,"Located in the chapter body; the lexical hit is a navigation aid, not an independent adequacy or source-validity score.",chapters/27-markets-mispricing-and-bubbles.qmd,One laboratory market: a known risk-neutral benchmark can still be exceeded,"BE-Aalborg/06 - Time, Money and Finance/14. Asset Bubbles.pptx",40
Obedience,28,28,body passage located,"Located in the chapter body; the lexical hit is a navigation aid, not an independent adequacy or source-validity score.",chapters/28-authority-groupthink-and-shared-responsibility.qmd,Authority and responsibility,BE-Aalborg/BE2026/BE06. Habits and Behavior Design.pptx,31
Authority,28,28,body passage located,"Located in the chapter body; the lexical hit is a navigation aid, not an independent adequacy or source-validity score.",chapters/28-authority-groupthink-and-shared-responsibility.qmd,Diagnose the pathway,BE-Aalborg/BE2026/BE12. Mental Acounting.pptx,46
Bystander effect,28,28,body passage located,"Located in the chapter body; the lexical hit is a navigation aid, not an independent adequacy or source-validity score.",chapters/28-authority-groupthink-and-shared-responsibility.qmd,Bystanders and pluralistic ignorance,BE-Aalborg/Readings/Instructor Notes/Replication Crisis References.docx,
Diffusion of responsibility,28,28,body passage located,"Located in the chapter body; the lexical hit is a navigation aid, not an independent adequacy or source-validity score.",chapters/28-authority-groupthink-and-shared-responsibility.qmd,Diagnose the pathway,,
Groupthink,28,28,body passage located,"Located in the chapter body; the lexical hit is a navigation aid, not an independent adequacy or source-validity score.",chapters/28-authority-groupthink-and-shared-responsibility.qmd,Authority and responsibility,DPN-Aalborg/additional topics/2026/DPN Comprehensive Synthesis Deck.pptx,12
Shared-information bias,28,28,body passage located,"Located in the chapter body; the lexical hit is a navigation aid, not an independent adequacy or source-validity score.",chapters/28-authority-groupthink-and-shared-responsibility.qmd,Diagnose the pathway,BE-Aalborg/09 - Additional Topics/Existing Additional Topics/Behavioral Decision Theory additional.pptx,32
Group polarization,28,28,placement or scope resolved,"No separate polarization or risky-shift topic was found in the extracted core units. Existing shared-information, conformity, and groupthink mechanisms were retained without treating them as synonyms for polarization.",chapters/28-authority-groupthink-and-shared-responsibility.qmd,Opening / chapter overview,,
Psychological safety,28,28,body passage located,"Located in the chapter body; the lexical hit is a navigation aid, not an independent adequacy or source-validity score.",chapters/28-authority-groupthink-and-shared-responsibility.qmd,Groupthink: a familiar but contested umbrella,DPN-Aalborg/DPN05. Distributive Negotiation.pptx,55
Culture,29,29,body passage located,"Located in the chapter body; the lexical hit is a navigation aid, not an independent adequacy or source-validity score.",chapters/29-culture-and-identity-the-same-action-is-not-the-same-act.qmd,Research Lens: testing an honor mechanism {#research-lens-one-bounded-test-of-an-honor-mechanism},BE-Aalborg/BE2026/BE02. Decision-Making Process.pptx,29
Social identity,29,29,body passage located,"Located in the chapter body; the lexical hit is a navigation aid, not an independent adequacy or source-validity score.",chapters/29-culture-and-identity-the-same-action-is-not-the-same-act.qmd,The culture-and-identity meaning audit,BE-Aalborg/BE2026/BE02. Decision-Making Process.pptx,9
Individualism,29,29,body passage located,"Located in the chapter body; the lexical hit is a navigation aid, not an independent adequacy or source-validity score.",chapters/29-culture-and-identity-the-same-action-is-not-the-same-act.qmd,Lens 1: Which self or identity enters the decision?,DPN-Aalborg/DPN06. Integrative Negotiation.pptx,54
Collectivism,29,29,body passage located,"Located in the chapter body; the lexical hit is a navigation aid, not an independent adequacy or source-validity score.",chapters/29-culture-and-identity-the-same-action-is-not-the-same-act.qmd,Lens 1: Which self or identity enters the decision?,DPN-Aalborg/DPN06. Integrative Negotiation.pptx,55
Analytic versus holistic cognition,29,29,body passage located,"Located in the chapter body; the lexical hit is a navigation aid, not an independent adequacy or source-validity score.",chapters/29-culture-and-identity-the-same-action-is-not-the-same-act.qmd,Lens 1: Which self or identity enters the decision?,DPN-Aalborg/DPN06. Integrative Negotiation.pptx,42
Tightness-looseness,29,29,body passage located,"Located in the chapter body; the lexical hit is a navigation aid, not an independent adequacy or source-validity score.",chapters/29-culture-and-identity-the-same-action-is-not-the-same-act.qmd,Lens 2: How tightly is deviation sanctioned?,,
Power distance,29,29,body passage located,"Located in the chapter body; the lexical hit is a navigation aid, not an independent adequacy or source-validity score.",chapters/29-culture-and-identity-the-same-action-is-not-the-same-act.qmd,Lens 3: How do hierarchy and face filter information?,DPN-Aalborg/DPN06. Integrative Negotiation.pptx,54
Face culture,29,29,body passage located,"Located in the chapter body; the lexical hit is a navigation aid, not an independent adequacy or source-validity score.",chapters/29-culture-and-identity-the-same-action-is-not-the-same-act.qmd,Research Lens: testing an honor mechanism {#research-lens-one-bounded-test-of-an-honor-mechanism},BE-Aalborg/BE2026/BE02. Decision-Making Process.pptx,35
Honor culture,29,29,body passage located,"Located in the chapter body; the lexical hit is a navigation aid, not an independent adequacy or source-validity score.",chapters/29-culture-and-identity-the-same-action-is-not-the-same-act.qmd,Research Lens: testing an honor mechanism {#research-lens-one-bounded-test-of-an-honor-mechanism},DPN-Aalborg/DPN04. Influence & Persuasion.pptx,38
Dignity culture,29,29,body passage located,"Located in the chapter body; the lexical hit is a navigation aid, not an independent adequacy or source-validity score.",chapters/29-culture-and-identity-the-same-action-is-not-the-same-act.qmd,Research Lens: testing an honor mechanism {#research-lens-one-bounded-test-of-an-honor-mechanism},BE-Aalborg/BE2026/BE01. Intro to Behavioral Economics.pptx,17
Big Five,29,29,body passage located,"Located in the chapter body; the lexical hit is a navigation aid, not an independent adequacy or source-validity score.",chapters/29-culture-and-identity-the-same-action-is-not-the-same-act.qmd,Research Lens: personality is not culture or identity,"BE-Aalborg/02 - Attention, Heuristics and Biases/05. Biases.pptx",86
Personality traits,29,29,body passage located,"Located in the chapter body; the lexical hit is a navigation aid, not an independent adequacy or source-validity score.",chapters/29-culture-and-identity-the-same-action-is-not-the-same-act.qmd,Research Lens: personality is not culture or identity,"BE-Aalborg/02 - Attention, Heuristics and Biases/05. Biases.pptx",86
WEIRD samples,29,29,placement or scope resolved,"The chapter spells out Western, educated, industrialized, rich, and democratic and explains sampling limits. The machine's lecture match to an ordinary word weird is not evidence of this acronym.",chapters/29-culture-and-identity-the-same-action-is-not-the-same-act.qmd,Opening / chapter overview,"BE-Aalborg/04 - Risk, Probability and Prospect Theory/08. Probability Judgment.pptx",60
Persuasion,30,30,body passage located,"Located in the chapter body; the lexical hit is a navigation aid, not an independent adequacy or source-validity score.",chapters/30-persuasion-changing-minds-means-updating-models.qmd,Resistance and reactance,BE-Aalborg/BE2026/BE02. Decision-Making Process.pptx,20
Source credibility,30,30,body passage located,"Located in the chapter body; the lexical hit is a navigation aid, not an independent adequacy or source-validity score.",chapters/30-persuasion-changing-minds-means-updating-models.qmd,"Source, evidence, and stakes",DPN-Aalborg/DPN04. Influence & Persuasion.pptx,55
Ethos,30,30,body passage located,"Located in the chapter body; the lexical hit is a navigation aid, not an independent adequacy or source-validity score.",chapters/30-persuasion-changing-minds-means-updating-models.qmd,"Source, evidence, and stakes","BE-Aalborg/03 - Context, Habits and Choice Architecture/06&07. Contextual Influence.pptx",105
Logos,30,30,body passage located,"Located in the chapter body; the lexical hit is a navigation aid, not an independent adequacy or source-validity score.",chapters/30-persuasion-changing-minds-means-updating-models.qmd,"Source, evidence, and stakes","BE-Aalborg/03 - Context, Habits and Choice Architecture/06&07. Contextual Influence.pptx",106
Pathos,30,30,body passage located,"Located in the chapter body; the lexical hit is a navigation aid, not an independent adequacy or source-validity score.",chapters/30-persuasion-changing-minds-means-updating-models.qmd,"Source, evidence, and stakes",DPN-Aalborg/05. Persuasion.pdf,3
Elaboration likelihood model,30,30,body passage located,"Located in the chapter body; the lexical hit is a navigation aid, not an independent adequacy or source-validity score.",chapters/30-persuasion-changing-minds-means-updating-models.qmd,Two routes through a message,DPN-Aalborg/DPN04. Influence & Persuasion.pptx,89
Heuristic-systematic model,30,30,body passage located,"Located in the chapter body; the lexical hit is a navigation aid, not an independent adequacy or source-validity score.",chapters/30-persuasion-changing-minds-means-updating-models.qmd,Two routes through a message,DPN-Aalborg/00. ARTS_model_of_influence_predictive_processing_4h_lecture_deck  -  Repaired.pptx,44
Sufficiency principle,30,30,body passage located,"Located in the chapter body; the lexical hit is a navigation aid, not an independent adequacy or source-validity score.",chapters/30-persuasion-changing-minds-means-updating-models.qmd,Two routes through a message,DPN-Aalborg/00. ARTS_model_of_influence_predictive_processing_4h_lecture_deck  -  Repaired.pptx,44
Sleeper effect,30,30,body passage located,"Located in the chapter body; the lexical hit is a navigation aid, not an independent adequacy or source-validity score.",chapters/30-persuasion-changing-minds-means-updating-models.qmd,"Source, evidence, and stakes",,
Fear appeals,30,30,body passage located,"Located in the chapter body; the lexical hit is a navigation aid, not an independent adequacy or source-validity score.",chapters/30-persuasion-changing-minds-means-updating-models.qmd,"Source, evidence, and stakes",DPN-Aalborg/00. ARTS_model_of_influence_predictive_processing_4h_lecture_deck  -  Repaired.pptx,3
Reactance,30,30,body passage located,"Located in the chapter body; the lexical hit is a navigation aid, not an independent adequacy or source-validity score.",chapters/30-persuasion-changing-minds-means-updating-models.qmd,Resistance and reactance,"BE-Aalborg/Readings/03 - Priming and Goal Setting/Priming, Subliminal Messaging, and Positive Thinking_ A Scientific Review and the Replication Crisis.docx",
Foot-in-the-door,30,30,body passage located,"Located in the chapter body; the lexical hit is a navigation aid, not an independent adequacy or source-validity score.",chapters/30-persuasion-changing-minds-means-updating-models.qmd,"Small commitments, concessions, and self-persuasion {#commitment-and-self-persuasion}",DPN-Aalborg/DPN04. Influence & Persuasion.pptx,68
Door-in-the-face,30,30,body passage located,"Located in the chapter body; the lexical hit is a navigation aid, not an independent adequacy or source-validity score.",chapters/30-persuasion-changing-minds-means-updating-models.qmd,"Small commitments, concessions, and self-persuasion {#commitment-and-self-persuasion}",DPN-Aalborg/DPN05. Distributive Negotiation.pptx,60
Self-persuasion,30,30,body passage located,"Located in the chapter body; the lexical hit is a navigation aid, not an independent adequacy or source-validity score.",chapters/30-persuasion-changing-minds-means-updating-models.qmd,"Small commitments, concessions, and self-persuasion {#commitment-and-self-persuasion}",BE-Aalborg/01 - Foundations and Neuroscience/Anatomy of Decision.docx,
Commitment and consistency,30,30,body passage located,"Located in the chapter body; the lexical hit is a navigation aid, not an independent adequacy or source-validity score.",chapters/30-persuasion-changing-minds-means-updating-models.qmd,From information transfer to model updating,BE-Aalborg/BE2026/BE02. Decision-Making Process.pptx,23
Reciprocity,30,30,body passage located,"Located in the chapter body; the lexical hit is a navigation aid, not an independent adequacy or source-validity score.",chapters/30-persuasion-changing-minds-means-updating-models.qmd,"Influence cues are signals, not buttons",BE-Aalborg/BE2026/BE07&08. Behavioral Game Theory.pptx,3
Scarcity,30,30,body passage located,"Located in the chapter body; the lexical hit is a navigation aid, not an independent adequacy or source-validity score.",chapters/30-persuasion-changing-minds-means-updating-models.qmd,"Influence cues are signals, not buttons",BE-Aalborg/BE2026/BE01. Intro to Behavioral Economics.pptx,13
Liking,30,30,body passage located,"Located in the chapter body; the lexical hit is a navigation aid, not an independent adequacy or source-validity score.",chapters/30-persuasion-changing-minds-means-updating-models.qmd,"Influence cues are signals, not buttons",BE-Aalborg/BE2026/BE05. Heuristics & Biases.pptx,32
Unity,30,30,body passage located,"Located in the chapter body; the lexical hit is a navigation aid, not an independent adequacy or source-validity score.",chapters/30-persuasion-changing-minds-means-updating-models.qmd,"Influence cues are signals, not buttons",BE-Aalborg/BE2026/BE02. Decision-Making Process.pptx,12
Narrative persuasion,31,31,body passage located,"Located in the chapter body; the lexical hit is a navigation aid, not an independent adequacy or source-validity score.",chapters/31-why-stories-move-minds.qmd,Why facts alone can fail,DPN-Aalborg/00. ARTS_model_of_influence_predictive_processing_4h_lecture_deck  -  Repaired.pptx,101
Transportation,31,31,body passage located,"Located in the chapter body; the lexical hit is a navigation aid, not an independent adequacy or source-validity score.",chapters/31-why-stories-move-minds.qmd,1. Attention and curiosity,DPN-Aalborg/DPN04. Influence & Persuasion.pptx,91
Identification,31,31,body passage located,"Located in the chapter body; the lexical hit is a navigation aid, not an independent adequacy or source-validity score.",chapters/31-why-stories-move-minds.qmd,2. Identity and self-reference,"BE-Aalborg/02 - Attention, Heuristics and Biases/05. Biases.pptx",3
Self-reference,31,31,body passage located,"Located in the chapter body; the lexical hit is a navigation aid, not an independent adequacy or source-validity score.",chapters/31-why-stories-move-minds.qmd,Four mechanisms of narrative persuasion,BE-Aalborg/BE02. Decision Making Process.pdf,42
Curiosity,31,31,body passage located,"Located in the chapter body; the lexical hit is a navigation aid, not an independent adequacy or source-validity score.",chapters/31-why-stories-move-minds.qmd,Four mechanisms of narrative persuasion,BE-Aalborg/BE2026/BE06. Habits and Behavior Design.pptx,26
Information gap,31,32,placement or scope resolved,Loewenstein's account is fully developed under message curiosity in Chapter 32; Chapter 31 already introduces attention and curiosity.,chapters/32-building-an-evidence-aligned-message.qmd,Opening / chapter overview,DPN-Aalborg/DPN05. Distributive Negotiation.pptx,56
Identifiable victim,31,31,body passage located,"Located in the chapter body; the lexical hit is a navigation aid, not an independent adequacy or source-validity score.",chapters/31-why-stories-move-minds.qmd,The power—and danger—of one {#the-powerand-dangerof-one},DPN-Aalborg/DPN04. Influence & Persuasion.pptx,91
Compassion and statistics,31,31,body passage located,"Located in the chapter body; the lexical hit is a navigation aid, not an independent adequacy or source-validity score.",chapters/31-why-stories-move-minds.qmd,The power—and danger—of one {#the-powerand-dangerof-one},BE-Aalborg/BE2026/BE05. Heuristics & Biases.pptx,23
Narrative simulation,31,31,body passage located,"Located in the chapter body; the lexical hit is a navigation aid, not an independent adequacy or source-validity score.",chapters/31-why-stories-move-minds.qmd,Four mechanisms of narrative persuasion,BE-Aalborg/BE2026/BE04. Two Systems of Thinking.pptx,23
Interbrain coupling,31,31,body passage located,"Located in the chapter body; the lexical hit is a navigation aid, not an independent adequacy or source-validity score.",chapters/31-why-stories-move-minds.qmd,Research Lens: following the same story,DPN-Aalborg/DPN04. Influence & Persuasion.pptx,98
ABT,32,32,body passage located,"Located in the chapter body; the lexical hit is a navigation aid, not an independent adequacy or source-validity score.",chapters/32-building-an-evidence-aligned-message.qmd,The STORY framework,DPN-Aalborg/DPN04. Influence & Persuasion.pptx,3
STORY,32,32,body passage located,"Located in the chapter body; the lexical hit is a navigation aid, not an independent adequacy or source-validity score.",chapters/32-building-an-evidence-aligned-message.qmd,The STORY framework,BE-Aalborg/BE2026/BE02. Decision-Making Process.pptx,34
SUCCES,32,32,body passage located,"Located in the chapter body; the lexical hit is a navigation aid, not an independent adequacy or source-validity score.",chapters/32-building-an-evidence-aligned-message.qmd,Ethical storytelling,BE-Aalborg/BE2026/BE01. Intro to Behavioral Economics.pptx,32
Narrative index,32,32,body passage located,"Located in the chapter body; the lexical hit is a navigation aid, not an independent adequacy or source-validity score.",chapters/32-building-an-evidence-aligned-message.qmd,The STORY framework,DPN-Aalborg/DPN04. Influence & Persuasion.pptx,43
Audience model,32,32,body passage located,"Located in the chapter body; the lexical hit is a navigation aid, not an independent adequacy or source-validity score.",chapters/32-building-an-evidence-aligned-message.qmd,The STORY framework,BE-Aalborg/BE2026/BE04. Two Systems of Thinking.pptx,18
Evidence-aligned message,32,32,body passage located,"Located in the chapter body; the lexical hit is a navigation aid, not an independent adequacy or source-validity score.",chapters/32-building-an-evidence-aligned-message.qmd,The STORY framework,BE-Aalborg/BE2026/BE01. Intro to Behavioral Economics.pptx,29
Social value of sharing,32,32,body passage located,"Located in the chapter body; the lexical hit is a navigation aid, not an independent adequacy or source-validity score.",chapters/32-building-an-evidence-aligned-message.qmd,Edit for clarity without confusing fluency with truth,DPN-Aalborg/DPN04. Influence & Persuasion.pptx,1
Common ground,33,33,body passage located,"Located in the chapter body; the lexical hit is a navigation aid, not an independent adequacy or source-validity score.",chapters/33-communication-language-is-not-a-file-transfer.qmd,Communication is coordination and repair,DPN-Aalborg/DPN04. Influence & Persuasion.pptx,35
Pragmatic inference,33,33,body passage located,"Located in the chapter body; the lexical hit is a navigation aid, not an independent adequacy or source-validity score.",chapters/33-communication-language-is-not-a-file-transfer.qmd,Communication is coordination and repair,BE-Aalborg/01 - Foundations and Neuroscience/02. Science of Decision-Making.pdf,66
Shared reality,33,33,body passage located,"Located in the chapter body; the lexical hit is a navigation aid, not an independent adequacy or source-validity score.",chapters/33-communication-language-is-not-a-file-transfer.qmd,Learning goals,DPN-Aalborg/DPN04. Influence & Persuasion.pptx,35
Egocentric projection,33,33,body passage located,"Located in the chapter body; the lexical hit is a navigation aid, not an independent adequacy or source-validity score.",chapters/33-communication-language-is-not-a-file-transfer.qmd,When your own view becomes the default,DPN-Aalborg/DPN07. Communication & Connection.pptx,19
Illusion of transparency,33,33,body passage located,"Located in the chapter body; the lexical hit is a navigation aid, not an independent adequacy or source-validity score.",chapters/33-communication-language-is-not-a-file-transfer.qmd,When intention feels visible,DPN-Aalborg/DPN07. Communication & Connection.pptx,22
Illusion of understanding,33,33,body passage located,"Located in the chapter body; the lexical hit is a navigation aid, not an independent adequacy or source-validity score.",chapters/33-communication-language-is-not-a-file-transfer.qmd,When intention feels visible,DPN-Aalborg/00. Active Inference.pptx,132
Perspective-taking,33,33,body passage located,"Located in the chapter body; the lexical hit is a navigation aid, not an independent adequacy or source-validity score.",chapters/33-communication-language-is-not-a-file-transfer.qmd,Communication is coordination and repair,DPN-Aalborg/DPN07. Communication & Connection.pptx,35
Perspective-getting,33,33,body passage located,"Located in the chapter body; the lexical hit is a navigation aid, not an independent adequacy or source-validity score.",chapters/33-communication-language-is-not-a-file-transfer.qmd,Communication is coordination and repair,DPN-Aalborg/DPN07. Communication & Connection.pptx,35
Listening feedback,33,33,body passage located,"Located in the chapter body; the lexical hit is a navigation aid, not an independent adequacy or source-validity score.",chapters/33-communication-language-is-not-a-file-transfer.qmd,When your own view becomes the default,BE-Aalborg/BE2026/BE02. Decision-Making Process.pptx,2
Responsive listening,34,34,body passage located,"Located in the chapter body; the lexical hit is a navigation aid, not an independent adequacy or source-validity score.",chapters/34-connection-and-repair-warm-honesty-makes-truth-usable.qmd,Diagnose the conversation before answering it,DPN-Aalborg/DPN07. Communication & Connection.pptx,6
Validation,34,34,body passage located,"Located in the chapter body; the lexical hit is a navigation aid, not an independent adequacy or source-validity score.",chapters/34-connection-and-repair-warm-honesty-makes-truth-usable.qmd,Diagnose the conversation before answering it,DPN-Aalborg/DPN07. Communication & Connection.pptx,39
Deep conversation,34,34,body passage located,"Located in the chapter body; the lexical hit is a navigation aid, not an independent adequacy or source-validity score.",chapters/34-connection-and-repair-warm-honesty-makes-truth-usable.qmd,Watch for the mismatch,BE-Aalborg/BE2026/BE07&08. Behavioral Game Theory.pptx,26
Appreciation,34,34,body passage located,"Located in the chapter body; the lexical hit is a navigation aid, not an independent adequacy or source-validity score.",chapters/34-connection-and-repair-warm-honesty-makes-truth-usable.qmd,Two small practices that strengthen connection,DPN-Aalborg/DPN07. Communication & Connection.pptx,6
Warm honesty,34,34,body passage located,"Located in the chapter body; the lexical hit is a navigation aid, not an independent adequacy or source-validity score.",chapters/34-connection-and-repair-warm-honesty-makes-truth-usable.qmd,Cross the net carefully,DPN-Aalborg/DPN07. Communication & Connection.pptx,63
Co-rumination,34,34,body passage located,"Located in the chapter body; the lexical hit is a navigation aid, not an independent adequacy or source-validity score.",chapters/34-connection-and-repair-warm-honesty-makes-truth-usable.qmd,Support without trapping attention,DPN-Aalborg/DPN07. Communication & Connection.pptx,62
Apology,34,34,body passage located,"Located in the chapter body; the lexical hit is a navigation aid, not an independent adequacy or source-validity score.",chapters/34-connection-and-repair-warm-honesty-makes-truth-usable.qmd,Constructive disagreement,DPN-Aalborg/DPN07. Communication & Connection.pptx,6
Forgiveness,34,34,body passage located,"Located in the chapter body; the lexical hit is a navigation aid, not an independent adequacy or source-validity score.",chapters/34-connection-and-repair-warm-honesty-makes-truth-usable.qmd,Optional research note: forgiveness without surrendering judgment,DPN-Aalborg/DPN07. Communication & Connection.pptx,80
Ben Franklin effect,34,34,body passage located,"Located in the chapter body; the lexical hit is a navigation aid, not an independent adequacy or source-validity score.",chapters/34-connection-and-repair-warm-honesty-makes-truth-usable.qmd,Two small practices that strengthen connection,DPN-Aalborg/DPN04. Influence & Persuasion.pptx,70
Social connection,34,34,body passage located,"Located in the chapter body; the lexical hit is a navigation aid, not an independent adequacy or source-validity score.",chapters/34-connection-and-repair-warm-honesty-makes-truth-usable.qmd,Test the social forecast,BE-Aalborg/BE2026/BE03. Prediction and Expectation.pptx,43
Principled negotiation,35,35,body passage located,"Located in the chapter body; the lexical hit is a navigation aid, not an independent adequacy or source-validity score.",chapters/35-negotiation-as-joint-decision-design.qmd,"Positions, interests, and issues",DPN-Aalborg/DPN05. Distributive Negotiation.pptx,13
Interests versus positions,35,35,body passage located,"Located in the chapter body; the lexical hit is a navigation aid, not an independent adequacy or source-validity score.",chapters/35-negotiation-as-joint-decision-design.qmd,Replace performance myths with design questions,DPN-Aalborg/DPN05. Distributive Negotiation.pptx,13
Value creation versus claiming,35,35,body passage located,"Located in the chapter body; the lexical hit is a navigation aid, not an independent adequacy or source-validity score.",chapters/35-negotiation-as-joint-decision-design.qmd,Replace performance myths with design questions,BE-Aalborg/BE2026/BE01. Intro to Behavioral Economics.pptx,15
Negotiation preparation,35,35,body passage located,"Located in the chapter body; the lexical hit is a navigation aid, not an independent adequacy or source-validity score.",chapters/35-negotiation-as-joint-decision-design.qmd,Claiming and creating value,BE-Aalborg/BE2026/BE03. Prediction and Expectation.pptx,24
Negotiator's dilemma,35,35,body passage located,"Located in the chapter body; the lexical hit is a navigation aid, not an independent adequacy or source-validity score.",chapters/35-negotiation-as-joint-decision-design.qmd,Claiming and creating value,BE-Aalborg/BE2026/BE02. Decision-Making Process.pptx,49
BATNA,36,36,body passage located,"Located in the chapter body; the lexical hit is a navigation aid, not an independent adequacy or source-validity score.",chapters/36-preparing-and-claiming-value.qmd,A complete preparation test,DPN-Aalborg/DPN05. Distributive Negotiation.pptx,2
Reservation value,36,36,body passage located,"Located in the chapter body; the lexical hit is a navigation aid, not an independent adequacy or source-validity score.",chapters/36-preparing-and-claiming-value.qmd,A complete preparation test,DPN-Aalborg/DPN05. Distributive Negotiation.pptx,2
Aspiration,36,36,body passage located,"Located in the chapter body; the lexical hit is a navigation aid, not an independent adequacy or source-validity score.",chapters/36-preparing-and-claiming-value.qmd,A complete preparation test,BE-Aalborg/BE2026/BE05. Heuristics & Biases.pptx,17
ZOPA,36,36,body passage located,"Located in the chapter body; the lexical hit is a navigation aid, not an independent adequacy or source-validity score.",chapters/36-preparing-and-claiming-value.qmd,A complete preparation test,DPN-Aalborg/DPN05. Distributive Negotiation.pptx,2
Bargaining surplus,36,36,body passage located,"Located in the chapter body; the lexical hit is a navigation aid, not an independent adequacy or source-validity score.",chapters/36-preparing-and-claiming-value.qmd,A complete preparation test,BE-Aalborg/BE2026/BE12. Mental Acounting.pptx,7
First offers,36,36,body passage located,"Located in the chapter body; the lexical hit is a navigation aid, not an independent adequacy or source-validity score.",chapters/36-preparing-and-claiming-value.qmd,2. Open: anchor only when you can defend the frame,DPN-Aalborg/DPN05. Distributive Negotiation.pptx,2
Precise offers,36,36,body passage located,"Located in the chapter body; the lexical hit is a navigation aid, not an independent adequacy or source-validity score.",chapters/36-preparing-and-claiming-value.qmd,3. Respond: return to independent analysis,BE-Aalborg/BE2026/BE03. Prediction and Expectation.pptx,2
Range offers,36,36,body passage located,"Located in the chapter body; the lexical hit is a navigation aid, not an independent adequacy or source-validity score.",chapters/36-preparing-and-claiming-value.qmd,2. Open: anchor only when you can defend the frame,BE-Aalborg/BE2026/BE01. Intro to Behavioral Economics.pptx,31
Reciprocal concessions,36,36,body passage located,"Located in the chapter body; the lexical hit is a navigation aid, not an independent adequacy or source-validity score.",chapters/36-preparing-and-claiming-value.qmd,4. Move: make concessions carry information,DPN-Aalborg/DPN05. Distributive Negotiation.pptx,60
Bargaining power,36,36,body passage located,"Located in the chapter body; the lexical hit is a navigation aid, not an independent adequacy or source-validity score.",chapters/36-preparing-and-claiming-value.qmd,Map the bargaining zone,BE-Aalborg/BE2026/BE04. Two Systems of Thinking.pptx,25
Deadlines,36,36,body passage located,"Located in the chapter body; the lexical hit is a navigation aid, not an independent adequacy or source-validity score.",chapters/36-preparing-and-claiming-value.qmd,A complete preparation test,BE-Aalborg/BE2026/BE02. Decision-Making Process.pptx,11
Fixed-pie bias,37,37,body passage located,"Located in the chapter body; the lexical hit is a navigation aid, not an independent adequacy or source-validity score.",chapters/37-creating-value-across-differences.qmd,Barriers to value creation,DPN-Aalborg/DPN05. Distributive Negotiation.pptx,2
Logrolling,37,37,body passage located,"Located in the chapter body; the lexical hit is a navigation aid, not an independent adequacy or source-validity score.",chapters/37-creating-value-across-differences.qmd,An information strategy for creating and claiming value,DPN-Aalborg/00. ARTS_model_of_influence_predictive_processing_4h_lecture_deck  -  Repaired.pptx,67
Issue priorities,37,37,body passage located,"Located in the chapter body; the lexical hit is a navigation aid, not an independent adequacy or source-validity score.",chapters/37-creating-value-across-differences.qmd,Barriers to value creation,BE-Aalborg/BE2026/BE02. Decision-Making Process.pptx,37
Pareto efficiency,37,37,body passage located,"Located in the chapter body; the lexical hit is a navigation aid, not an independent adequacy or source-validity score.",chapters/37-creating-value-across-differences.qmd,Differences are opportunities,DPN-Aalborg/DPN06. Integrative Negotiation.pptx,4
Integrative bargaining,37,37,body passage located,"Located in the chapter body; the lexical hit is a navigation aid, not an independent adequacy or source-validity score.",chapters/37-creating-value-across-differences.qmd,Opening / chapter overview,DPN-Aalborg/DPN05. Distributive Negotiation.pptx,9
Information exchange,37,37,body passage located,"Located in the chapter body; the lexical hit is a navigation aid, not an independent adequacy or source-validity score.",chapters/37-creating-value-across-differences.qmd,Barriers to value creation,BE-Aalborg/BE2026/BE01. Intro to Behavioral Economics.pptx,15
Differences in risk preferences,37,37,body passage located,"Located in the chapter body; the lexical hit is a navigation aid, not an independent adequacy or source-validity score.",chapters/37-creating-value-across-differences.qmd,Preparing across issues,BE-Aalborg/BE2026/BE01. Intro to Behavioral Economics.pptx,2
Differences in forecasts,37,37,body passage located,"Located in the chapter body; the lexical hit is a navigation aid, not an independent adequacy or source-validity score.",chapters/37-creating-value-across-differences.qmd,Barriers to value creation,BE-Aalborg/BE2026/BE02. Decision-Making Process.pptx,9
MESO,38,38,body passage located,"Located in the chapter body; the lexical hit is a navigation aid, not an independent adequacy or source-validity score.",chapters/38-designing-better-agreements.qmd,Add an advanced module only for a diagnosed problem,DPN-Aalborg/DPN06. Integrative Negotiation.pptx,14
Contingent contracts,38,38,body passage located,"Located in the chapter body; the lexical hit is a navigation aid, not an independent adequacy or source-validity score.",chapters/38-designing-better-agreements.qmd,Add an advanced module only for a diagnosed problem,DPN-Aalborg/DPN06. Integrative Negotiation.pptx,4
Post-settlement settlements,38,38,body passage located,"Located in the chapter body; the lexical hit is a navigation aid, not an independent adequacy or source-validity score.",chapters/38-designing-better-agreements.qmd,Add an advanced module only for a diagnosed problem,DPN-Aalborg/DPN06. Integrative Negotiation.pptx,21
Staged disclosure,38,38,body passage located,"Located in the chapter body; the lexical hit is a navigation aid, not an independent adequacy or source-validity score.",chapters/38-designing-better-agreements.qmd,Add an advanced module only for a diagnosed problem,,
Asymmetric information,38,38,body passage located,"Located in the chapter body; the lexical hit is a navigation aid, not an independent adequacy or source-validity score.",chapters/38-designing-better-agreements.qmd,Add an advanced module only for a diagnosed problem,BE-Aalborg/BE2026/BE01. Intro to Behavioral Economics.pptx,15
Lie detection,38,38,body passage located,"Located in the chapter body; the lexical hit is a navigation aid, not an independent adequacy or source-validity score.",chapters/38-designing-better-agreements.qmd,Culture changes the meaning of a move,DPN-Aalborg/DPN06. Integrative Negotiation.pptx,4
Mediation,38,38,body passage located,"Located in the chapter body; the lexical hit is a navigation aid, not an independent adequacy or source-validity score.",chapters/38-designing-better-agreements.qmd,Research Lens: when direct negotiation needs a third party,BE-Aalborg/BE2026/BE09. Behavioral Finance.pptx,56
Arbitration,38,38,body passage located,"Located in the chapter body; the lexical hit is a navigation aid, not an independent adequacy or source-validity score.",chapters/38-designing-better-agreements.qmd,Research Lens: when direct negotiation needs a third party,DPN-Aalborg/DPN06. Integrative Negotiation.pptx,4
Process negotiation,38,38,body passage located,"Located in the chapter body; the lexical hit is a navigation aid, not an independent adequacy or source-validity score.",chapters/38-designing-better-agreements.qmd,Start with a minimum viable agreement,BE-Aalborg/BE2026/BE01. Intro to Behavioral Economics.pptx,2
Implementation,38,38,body passage located,"Located in the chapter body; the lexical hit is a navigation aid, not an independent adequacy or source-validity score.",chapters/38-designing-better-agreements.qmd,Ask before inferring,BE-Aalborg/BE2026/BE01. Intro to Behavioral Economics.pptx,32
B=MAP,39,39,body passage located,"Located in the chapter body; the lexical hit is a navigation aid, not an independent adequacy or source-validity score.",chapters/39-behavior-design-make-the-better-action-easier.qmd,Research note: the ideas behind the workflow,BE-Aalborg/BE2026/BE06. Habits and Behavior Design.pptx,2
Implementation intentions,39,39,body passage located,"Located in the chapter body; the lexical hit is a navigation aid, not an independent adequacy or source-validity score.",chapters/39-behavior-design-make-the-better-action-easier.qmd,Optional tools for a diagnosed bottleneck,BE-Aalborg/BE2026/BE06. Habits and Behavior Design.pptx,2
Mental contrasting,39,39,body passage located,"Located in the chapter body; the lexical hit is a navigation aid, not an independent adequacy or source-validity score.",chapters/39-behavior-design-make-the-better-action-easier.qmd,Optional tools for a diagnosed bottleneck,BE-Aalborg/BE2026/BE06. Habits and Behavior Design.pptx,38
WOOP,39,39,body passage located,"Located in the chapter body; the lexical hit is a navigation aid, not an independent adequacy or source-validity score.",chapters/39-behavior-design-make-the-better-action-easier.qmd,"Measure the loop, not the story",BE-Aalborg/BE2026/BE06. Habits and Behavior Design.pptx,2
Temptation bundling,39,39,body passage located,"Located in the chapter body; the lexical hit is a navigation aid, not an independent adequacy or source-validity score.",chapters/39-behavior-design-make-the-better-action-easier.qmd,"Measure the loop, not the story",BE-Aalborg/BE2026/BE06. Habits and Behavior Design.pptx,41
Friction,39,39,body passage located,"Located in the chapter body; the lexical hit is a navigation aid, not an independent adequacy or source-validity score.",chapters/39-behavior-design-make-the-better-action-easier.qmd,One primary workflow,BE-Aalborg/BE2026/BE06. Habits and Behavior Design.pptx,2
Prompts,39,39,body passage located,"Located in the chapter body; the lexical hit is a navigation aid, not an independent adequacy or source-validity score.",chapters/39-behavior-design-make-the-better-action-easier.qmd,One primary workflow,BE-Aalborg/BE2026/BE01. Intro to Behavioral Economics.pptx,7
Habit discontinuity,39,39,body passage located,"Located in the chapter body; the lexical hit is a navigation aid, not an independent adequacy or source-validity score.",chapters/39-behavior-design-make-the-better-action-easier.qmd,"Measure the loop, not the story",BE-Aalborg/BE2026/BE01. Intro to Behavioral Economics.pptx,35
Commitment devices,39,39,body passage located,"Located in the chapter body; the lexical hit is a navigation aid, not an independent adequacy or source-validity score.",chapters/39-behavior-design-make-the-better-action-easier.qmd,"Measure the loop, not the story",BE-Aalborg/BE2026/BE02. Decision-Making Process.pptx,23
Nudges,40,40,body passage located,"Located in the chapter body; the lexical hit is a navigation aid, not an independent adequacy or source-validity score.",chapters/40-choice-architecture-the-environment-gets-a-vote.qmd,From behavior design to choice architecture,DPN-Aalborg/DPN04. Influence & Persuasion.pptx,20
Defaults,40,40,body passage located,"Located in the chapter body; the lexical hit is a navigation aid, not an independent adequacy or source-validity score.",chapters/40-choice-architecture-the-environment-gets-a-vote.qmd,"Ask, do not merely tell—but define the real choice",BE-Aalborg/BE2026/BE01. Intro to Behavioral Economics.pptx,33
Choice overload,40,40,body passage located,"Located in the chapter body; the lexical hit is a navigation aid, not an independent adequacy or source-validity score.",chapters/40-choice-architecture-the-environment-gets-a-vote.qmd,"Construct the menu: options, order, and overload","BE-Aalborg/02 - Attention, Heuristics and Biases/05. Biases.pptx",68
Active choice,40,40,body passage located,"Located in the chapter body; the lexical hit is a navigation aid, not an independent adequacy or source-validity score.",chapters/40-choice-architecture-the-environment-gets-a-vote.qmd,"Ethics and governance: helping, steering, or manipulating?",BE-Aalborg/BE2026/BE06. Habits and Behavior Design.pptx,39
Sludge,40,40,body passage located,"Located in the chapter body; the lexical hit is a navigation aid, not an independent adequacy or source-validity score.",chapters/40-choice-architecture-the-environment-gets-a-vote.qmd,"Simplification, friction, and sludge",DPN-Aalborg/00. ARTS_model_of_influence_predictive_processing_4h_lecture_deck  -  Repaired.pptx,4
Simplification,40,40,body passage located,"Located in the chapter body; the lexical hit is a navigation aid, not an independent adequacy or source-validity score.",chapters/40-choice-architecture-the-environment-gets-a-vote.qmd,Make action feasible and feedback visible,"BE-Aalborg/06 - Time, Money and Finance/16. Intertemporal Decision-Making.pptx",41
Salience,40,40,body passage located,"Located in the chapter body; the lexical hit is a navigation aid, not an independent adequacy or source-validity score.",chapters/40-choice-architecture-the-environment-gets-a-vote.qmd,Support action at the right moment,BE-Aalborg/BE2026/BE02. Decision-Making Process.pptx,22
Feedback,40,40,body passage located,"Located in the chapter body; the lexical hit is a navigation aid, not an independent adequacy or source-validity score.",chapters/40-choice-architecture-the-environment-gets-a-vote.qmd,Close the loop: feedback and error-proofing,BE-Aalborg/BE2026/BE02. Decision-Making Process.pptx,2
Digital choice architecture,40,40,body passage located,"Located in the chapter body; the lexical hit is a navigation aid, not an independent adequacy or source-validity score.",chapters/40-choice-architecture-the-environment-gets-a-vote.qmd,Worked example: subscription and cancellation sludge,DPN-Aalborg/DPN02. Attention_Prediction_Expectation.pptx,10
Dark patterns,40,40,body passage located,"Located in the chapter body; the lexical hit is a navigation aid, not an independent adequacy or source-validity score.",chapters/40-choice-architecture-the-environment-gets-a-vote.qmd,Digital architecture operates at full-path scale,BE-Aalborg/BE2026/BE07. Strategic Interdependence.pptx,84
Welfare and autonomy,40,40,body passage located,"Located in the chapter body; the lexical hit is a navigation aid, not an independent adequacy or source-validity score.",chapters/40-choice-architecture-the-environment-gets-a-vote.qmd,"Construct the menu: options, order, and overload",BE-Aalborg/BE2026/BE01. Intro to Behavioral Economics.pptx,31
Noise,41,41,body passage located,"Located in the chapter body; the lexical hit is a navigation aid, not an independent adequacy or source-validity score.",chapters/41-decision-hygiene-build-a-process-that-can-learn.qmd,The final standard,BE-Aalborg/BE2026/BE03. Prediction and Expectation.pptx,43
Structured judgment,41,41,body passage located,"Located in the chapter body; the lexical hit is a navigation aid, not an independent adequacy or source-validity score.",chapters/41-decision-hygiene-build-a-process-that-can-learn.qmd,"Why judgment systems fail: bias, noise, and misplaced intuition",DPN-Aalborg/Decision_Making_Enriched_Book.docx,
Independent judgment,41,41,body passage located,"Located in the chapter body; the lexical hit is a navigation aid, not an independent adequacy or source-validity score.",chapters/41-decision-hygiene-build-a-process-that-can-learn.qmd,The structured judgment pipeline,DPN-Aalborg/Decision_Making_Enriched_Book.docx,
Aggregation,41,41,body passage located,"Located in the chapter body; the lexical hit is a navigation aid, not an independent adequacy or source-validity score.",chapters/41-decision-hygiene-build-a-process-that-can-learn.qmd,"Preserve independence, then aggregate",BE-Aalborg/BE2026/BE12. Mental Acounting.pptx,41
Premortem,41,41,body passage located,"Located in the chapter body; the lexical hit is a navigation aid, not an independent adequacy or source-validity score.",chapters/41-decision-hygiene-build-a-process-that-can-learn.qmd,The structured judgment pipeline,BE-Aalborg/BE2026/BE05. Heuristics & Biases.pptx,14
Red team,41,41,body passage located,"Located in the chapter body; the lexical hit is a navigation aid, not an independent adequacy or source-validity score.",chapters/41-decision-hygiene-build-a-process-that-can-learn.qmd,The structured judgment pipeline,BE-Aalborg/01 - Foundations and Neuroscience/Anatomy of Decision.docx,
Decision journal,41,41,body passage located,"Located in the chapter body; the lexical hit is a navigation aid, not an independent adequacy or source-validity score.",chapters/41-decision-hygiene-build-a-process-that-can-learn.qmd,After the outcome: learn without worshipping luck,BE-Aalborg/BE2026/BE02. Decision-Making Process.pptx,2
Algorithm aversion,41,41,body passage located,"Located in the chapter body; the lexical hit is a navigation aid, not an independent adequacy or source-validity score.",chapters/41-decision-hygiene-build-a-process-that-can-learn.qmd,Research Lens: AI and accountable judgment,BE-Aalborg/01 - Foundations and Neuroscience/Active Inference  -  Repaired.pptx,15
Algorithm appreciation,41,42,placement or scope resolved,"The Logg et al. finding is now explicitly named in Trust, valuation, and responsibility; the aversion/appreciation distinction spans Chapters 41 and 42.",chapters/42-data-driven-decision-making.qmd,Opening / chapter overview,,
Human-AI judgment,41,41,body passage located,"Located in the chapter body; the lexical hit is a navigation aid, not an independent adequacy or source-validity score.",chapters/41-decision-hygiene-build-a-process-that-can-learn.qmd,The final standard,BE-Aalborg/BE2026/BE01. Intro to Behavioral Economics.pptx,5
Forecasting tournament,41,41,body passage located,"Located in the chapter body; the lexical hit is a navigation aid, not an independent adequacy or source-validity score.",chapters/41-decision-hygiene-build-a-process-that-can-learn.qmd,Diagnose before redesigning: run a noise audit,BE-Aalborg/BE2026/BE05. Heuristics & Biases.pptx,14
Predictive versus causal models,42,42,body passage located,"Located in the chapter body; the lexical hit is a navigation aid, not an independent adequacy or source-validity score.",chapters/42-data-driven-decision-making.qmd,The AI decision canvas {#ai-decision-canvas},BE-Aalborg/BE2026/BE04. Two Systems of Thinking.pptx,9
Machine learning,42,42,body passage located,"Located in the chapter body; the lexical hit is a navigation aid, not an independent adequacy or source-validity score.",chapters/42-data-driven-decision-making.qmd,Opening / chapter overview,DPN-Aalborg/DPN04. Influence & Persuasion.pptx,54
Out-of-sample validation,42,42,body passage located,"Located in the chapter body; the lexical hit is a navigation aid, not an independent adequacy or source-validity score.",chapters/42-data-driven-decision-making.qmd,Make the test resemble the task,DPN-Aalborg/DPN07. Communication & Connection.pptx,39
Data leakage,42,42,body passage located,"Located in the chapter body; the lexical hit is a navigation aid, not an independent adequacy or source-validity score.",chapters/42-data-driven-decision-making.qmd,Make the test resemble the task,DPN-Aalborg/additional topics/_Needs Classification/Strategic and Data-Driven Decision Making Synthesis Deck.pptx,36
Prediction target,42,42,body passage located,"Located in the chapter body; the lexical hit is a navigation aid, not an independent adequacy or source-validity score.",chapters/42-data-driven-decision-making.qmd,Why this is the final chapter {#why-this-final-chapter},BE-Aalborg/BE2026/BE05. Heuristics & Biases.pptx,5
Feedback loops,42,42,body passage located,"Located in the chapter body; the lexical hit is a navigation aid, not an independent adequacy or source-validity score.",chapters/42-data-driven-decision-making.qmd,Separate the forecast from the value of its consequences {#separate-prediction-and-valuation},BE-Aalborg/BE2026/BE02. Decision-Making Process.pptx,2
AI governance,42,42,placement or scope resolved,"Developed as human authority, objectives, authorization, review, and remedies, with NIST cited; no additional generic section needed.",chapters/42-data-driven-decision-making.qmd,Opening / chapter overview,"BE-Aalborg/Readings/01 - AI, Prediction and Complexity/Impact_ML_on_Econ_Summary.pptx",10
Causal experiment,42,42,body passage located,"Located in the chapter body; the lexical hit is a navigation aid, not an independent adequacy or source-validity score.",chapters/42-data-driven-decision-making.qmd,"Trust, valuation, and responsibility {#trust-and-responsibility}",BE-Aalborg/BE2026/BE01. Intro to Behavioral Economics.pptx,6
Utility axioms,A,A,body passage located,"Located in the chapter body; the lexical hit is a navigation aid, not an independent adequacy or source-validity score.",appendices/appendix-a-rational-choice-and-decision-analysis.qmd,"3. Consequences, beliefs, and expected utility {#consequences-beliefs-and-expected-utility}","BE-Aalborg/04 - Risk, Probability and Prospect Theory/08. Probability Judgment.pptx",58
Completeness,A,A,body passage located,"Located in the chapter body; the lexical hit is a navigation aid, not an independent adequacy or source-validity score.",appendices/appendix-a-rational-choice-and-decision-analysis.qmd,"3. Consequences, beliefs, and expected utility {#consequences-beliefs-and-expected-utility}","BE-Aalborg/04 - Risk, Probability and Prospect Theory/08. Probability Judgment.pptx",42
Transitivity,A,A,body passage located,"Located in the chapter body; the lexical hit is a navigation aid, not an independent adequacy or source-validity score.",appendices/appendix-a-rational-choice-and-decision-analysis.qmd,"3. Consequences, beliefs, and expected utility {#consequences-beliefs-and-expected-utility}","BE-Aalborg/Readings/01 - AI, Prediction and Complexity/__From Perception to Choice_ Understanding the Dimensions of Decision Making__.docx",
Independence axiom,A,A,body passage located,"Located in the chapter body; the lexical hit is a navigation aid, not an independent adequacy or source-validity score.",appendices/appendix-a-rational-choice-and-decision-analysis.qmd,"3. Consequences, beliefs, and expected utility {#consequences-beliefs-and-expected-utility}",DPN-Aalborg/DPN04. Influence & Persuasion.pptx,88
Decision tree,A,A,body passage located,"Located in the chapter body; the lexical hit is a navigation aid, not an independent adequacy or source-validity score.",appendices/appendix-a-rational-choice-and-decision-analysis.qmd,"3. Consequences, beliefs, and expected utility {#consequences-beliefs-and-expected-utility}",BE-Aalborg/09 - Additional Topics/Existing Additional Topics/Behavioral Decision Theory additional.pptx,124
Expected-utility representation,A,A,body passage located,"Located in the chapter body; the lexical hit is a navigation aid, not an independent adequacy or source-validity score.",appendices/appendix-a-rational-choice-and-decision-analysis.qmd,"3. Consequences, beliefs, and expected utility {#consequences-beliefs-and-expected-utility}",BE-Aalborg/BE2026/BE01. Intro to Behavioral Economics.pptx,16
Value of perfect information,A,A,body passage located,"Located in the chapter body; the lexical hit is a navigation aid, not an independent adequacy or source-validity score.",appendices/appendix-a-rational-choice-and-decision-analysis.qmd,7. Value of information {#value-of-information},DPN-Aalborg/N4. Fairness in Negotiation.pdf,19
Proximate versus ultimate explanations,B,B,body passage located,"Located in the chapter body; the lexical hit is a navigation aid, not an independent adequacy or source-validity score.",appendices/appendix-b-evolutionary-explanations-of-value-choice-and-rationality.qmd,"Four questions, not one master cause {#four-questions-not-one-cause}",BE-Aalborg/BE2026/BE02. Decision-Making Process.pptx,29
Evolutionary mismatch,B,B,body passage located,"Located in the chapter body; the lexical hit is a navigation aid, not an independent adequacy or source-validity score.",appendices/appendix-b-evolutionary-explanations-of-value-choice-and-rationality.qmd,Heuristics can be tools and sources of bias {#heuristics-tools-and-biases},,
Maslow's hierarchy,B,B,body passage located,"Located in the chapter body; the lexical hit is a navigation aid, not an independent adequacy or source-validity score.",appendices/appendix-b-evolutionary-explanations-of-value-choice-and-rationality.qmd,Needs and motives: Maslow and Kenrick {#maslow-and-kenrick},BE-Aalborg/09 - Additional Topics/Existing Additional Topics/146 Happiness.pdf,32
Kenrick's motives,B,B,body passage located,"Located in the chapter body; the lexical hit is a navigation aid, not an independent adequacy or source-validity score.",appendices/appendix-b-evolutionary-explanations-of-value-choice-and-rationality.qmd,Needs and motives: Maslow and Kenrick {#maslow-and-kenrick},BE-Aalborg/BE2026/BE02. Decision-Making Process.pptx,28
Natural selection,B,B,body passage located,"Located in the chapter body; the lexical hit is a navigation aid, not an independent adequacy or source-validity score.",appendices/appendix-b-evolutionary-explanations-of-value-choice-and-rationality.qmd,"Four questions, not one master cause {#four-questions-not-one-cause}",BE-Aalborg/BE2026/BE07&08. Behavioral Game Theory.pptx,84
Evolutionary game theory,B,B,body passage located,"Located in the chapter body; the lexical hit is a navigation aid, not an independent adequacy or source-validity score.",appendices/appendix-b-evolutionary-explanations-of-value-choice-and-rationality.qmd,Population and spatial models,BE-Aalborg/05 - Strategic and Social Decisions/21. Evolutionary Game Theory.pptx,1
Evolutionarily stable strategy,B,B,body passage located,"Located in the chapter body; the lexical hit is a navigation aid, not an independent adequacy or source-validity score.",appendices/appendix-b-evolutionary-explanations-of-value-choice-and-rationality.qmd,Population and spatial models,BE-Aalborg/05 - Strategic and Social Decisions/21. Evolutionary Game Theory.pptx,3
Replicator dynamics,B,B,body passage located,"Located in the chapter body; the lexical hit is a navigation aid, not an independent adequacy or source-validity score.",appendices/appendix-b-evolutionary-explanations-of-value-choice-and-rationality.qmd,Population and spatial models,BE-Aalborg/05 - Strategic and Social Decisions/21. Evolutionary Game Theory.pptx,7
Schelling segregation,B,B,body passage located,"Located in the chapter body; the lexical hit is a navigation aid, not an independent adequacy or source-validity score.",appendices/appendix-b-evolutionary-explanations-of-value-choice-and-rationality.qmd,Population and spatial models,BE-Aalborg/05 - Strategic and Social Decisions/21. Evolutionary Game Theory.pptx,33
Research question,E,E,body passage located,"Located in the chapter body; the lexical hit is a navigation aid, not an independent adequacy or source-validity score.",appendices/appendix-e-how-behavioral-evidence-is-built.qmd,The experimental workflow,BE-Aalborg/08 - Research Methods/18. Formulate Research Questions.pptx,1
Operationalization,E,E,body passage located,"Located in the chapter body; the lexical hit is a navigation aid, not an independent adequacy or source-validity score.",appendices/appendix-e-how-behavioral-evidence-is-built.qmd,Worked study: from question to report,DPN-Aalborg/DPN04. Influence & Persuasion.pptx,51
Hypothesis,E,E,body passage located,"Located in the chapter body; the lexical hit is a navigation aid, not an independent adequacy or source-validity score.",appendices/appendix-e-how-behavioral-evidence-is-built.qmd,5. Choose the design that identifies the contrast,BE-Aalborg/BE2026/BE09. Behavioral Finance.pptx,2
Counterfactual,E,E,body passage located,"Located in the chapter body; the lexical hit is a navigation aid, not an independent adequacy or source-validity score.",appendices/appendix-e-how-behavioral-evidence-is-built.qmd,"3. Separate description, prediction, causation, and mechanism",BE-Aalborg/08 - Research Methods/17. Conduct Research in Behavioral Economics.pptx,11
Confounding,E,E,body passage located,"Located in the chapter body; the lexical hit is a navigation aid, not an independent adequacy or source-validity score.",appendices/appendix-e-how-behavioral-evidence-is-built.qmd,5. Choose the design that identifies the contrast,BE-Aalborg/08 - Research Methods/17. Conduct Research in Behavioral Economics.pptx,6
Random sampling,E,E,body passage located,"Located in the chapter body; the lexical hit is a navigation aid, not an independent adequacy or source-validity score.",appendices/appendix-e-how-behavioral-evidence-is-built.qmd,5. Choose the design that identifies the contrast,BE-Aalborg/08 - Research Methods/17. Conduct Research in Behavioral Economics.pptx,26
Random assignment,E,E,body passage located,"Located in the chapter body; the lexical hit is a navigation aid, not an independent adequacy or source-validity score.",appendices/appendix-e-how-behavioral-evidence-is-built.qmd,5. Choose the design that identifies the contrast,BE-Aalborg/08 - Research Methods/17. Conduct Research in Behavioral Economics.pptx,22
Within-subject design,E,E,body passage located,"Located in the chapter body; the lexical hit is a navigation aid, not an independent adequacy or source-validity score.",appendices/appendix-e-how-behavioral-evidence-is-built.qmd,Worked study: from question to report,BE-Aalborg/BE2026/BE03. Prediction and Expectation.pptx,51
Between-subject design,E,E,body passage located,"Located in the chapter body; the lexical hit is a navigation aid, not an independent adequacy or source-validity score.",appendices/appendix-e-how-behavioral-evidence-is-built.qmd,5. Choose the design that identifies the contrast,BE-Aalborg/BE2026/BE01. Intro to Behavioral Economics.pptx,31
Factorial design,E,E,body passage located,"Located in the chapter body; the lexical hit is a navigation aid, not an independent adequacy or source-validity score.",appendices/appendix-e-how-behavioral-evidence-is-built.qmd,5. Choose the design that identifies the contrast,BE-Aalborg/08 - Research Methods/17. Conduct Research in Behavioral Economics.pptx,93
Field experiment,E,E,body passage located,"Located in the chapter body; the lexical hit is a navigation aid, not an independent adequacy or source-validity score.",appendices/appendix-e-how-behavioral-evidence-is-built.qmd,5. Choose the design that identifies the contrast,BE-Aalborg/BE2026/BE01. Intro to Behavioral Economics.pptx,36
Incentives,E,E,body passage located,"Located in the chapter body; the lexical hit is a navigation aid, not an independent adequacy or source-validity score.",appendices/appendix-e-how-behavioral-evidence-is-built.qmd,12. Transport the result only as far as the evidence travels,BE-Aalborg/BE2026/BE02. Decision-Making Process.pptx,16
Statistical power,E,E,body passage located,"Located in the chapter body; the lexical hit is a navigation aid, not an independent adequacy or source-validity score.",appendices/appendix-e-how-behavioral-evidence-is-built.qmd,The experimental workflow,BE-Aalborg/BE2026/BE04. Two Systems of Thinking.pptx,25
Attrition,E,E,body passage located,"Located in the chapter body; the lexical hit is a navigation aid, not an independent adequacy or source-validity score.",appendices/appendix-e-how-behavioral-evidence-is-built.qmd,The experimental workflow,BE-Aalborg/08 - Research Methods/25. Threats in Running Experiments.pptx,3
Noncompliance,E,E,body passage located,"Located in the chapter body; the lexical hit is a navigation aid, not an independent adequacy or source-validity score.",appendices/appendix-e-how-behavioral-evidence-is-built.qmd,The one-page evidence design card,BE-Aalborg/08 - Research Methods/25. Threats in Running Experiments.pptx,9
Intention-to-treat,E,E,body passage located,"Located in the chapter body; the lexical hit is a navigation aid, not an independent adequacy or source-validity score.",appendices/appendix-e-how-behavioral-evidence-is-built.qmd,8. Protect the assignment during implementation,BE-Aalborg/08 - Research Methods/25. Threats in Running Experiments.pptx,3
Local average treatment effect,E,E,body passage located,"Located in the chapter body; the lexical hit is a navigation aid, not an independent adequacy or source-validity score.",appendices/appendix-e-how-behavioral-evidence-is-built.qmd,8. Protect the assignment during implementation,BE-Aalborg/08 - Research Methods/25. Threats in Running Experiments.pptx,3
Spillovers,E,E,body passage located,"Located in the chapter body; the lexical hit is a navigation aid, not an independent adequacy or source-validity score.",appendices/appendix-e-how-behavioral-evidence-is-built.qmd,5. Choose the design that identifies the contrast,BE-Aalborg/08 - Research Methods/25. Threats in Running Experiments.pptx,3
Hawthorne effect,E,E,body passage located,"Located in the chapter body; the lexical hit is a navigation aid, not an independent adequacy or source-validity score.",appendices/appendix-e-how-behavioral-evidence-is-built.qmd,8. Protect the assignment during implementation,BE-Aalborg/08 - Research Methods/17. Conduct Research in Behavioral Economics.pptx,33
John Henry effect,E,E,body passage located,"Located in the chapter body; the lexical hit is a navigation aid, not an independent adequacy or source-validity score.",appendices/appendix-e-how-behavioral-evidence-is-built.qmd,8. Protect the assignment during implementation,BE-Aalborg/08 - Research Methods/17. Conduct Research in Behavioral Economics.pptx,33
Internal validity,E,E,body passage located,"Located in the chapter body; the lexical hit is a navigation aid, not an independent adequacy or source-validity score.",appendices/appendix-e-how-behavioral-evidence-is-built.qmd,12. Transport the result only as far as the evidence travels,BE-Aalborg/08 - Research Methods/17. Conduct Research in Behavioral Economics.pptx,27
External validity,E,E,body passage located,"Located in the chapter body; the lexical hit is a navigation aid, not an independent adequacy or source-validity score.",appendices/appendix-e-how-behavioral-evidence-is-built.qmd,12. Transport the result only as far as the evidence travels,BE-Aalborg/08 - Research Methods/17. Conduct Research in Behavioral Economics.pptx,16
Research ethics,E,E,body passage located,"Located in the chapter body; the lexical hit is a navigation aid, not an independent adequacy or source-validity score.",appendices/appendix-e-how-behavioral-evidence-is-built.qmd,The experimental workflow,BE-Aalborg/BE2026/BE02. Decision-Making Process.pptx,23
Reproducible workflow,E,E,body passage located,"Located in the chapter body; the lexical hit is a navigation aid, not an independent adequacy or source-validity score.",appendices/appendix-e-how-behavioral-evidence-is-built.qmd,The experimental workflow,BE-Aalborg/BE2026/BE02. Decision-Making Process.pptx,28
Replication,F,F,body passage located,"Located in the chapter body; the lexical hit is a navigation aid, not an independent adequacy or source-validity score.",appendices/appendix-f-when-evidence-breaks.qmd,Safeguards and complementary checks {#safeguards-what-each-reform-can-and-cannot-do},BE-Aalborg/BE2026/BE03. Prediction and Expectation.pptx,44
Reproducibility,F,F,body passage located,"Located in the chapter body; the lexical hit is a navigation aid, not an independent adequacy or source-validity score.",appendices/appendix-f-when-evidence-breaks.qmd,Find out what kind of check was performed {#four-questions-that-are-often-confused},BE-Aalborg/Readings/02 - Research Design and Replication/Experimental Studies and Replication Failures Across Disciplines.docx,
Publication bias,F,F,body passage located,"Located in the chapter body; the lexical hit is a navigation aid, not an independent adequacy or source-validity score.",appendices/appendix-f-when-evidence-breaks.qmd,"Famous conclusions that became smaller, conditional, or different","BE-Aalborg/03 - Context, Habits and Choice Architecture/06&07. Contextual Influence.pptx",60
Questionable research practices,F,F,body passage located,"Located in the chapter body; the lexical hit is a navigation aid, not an independent adequacy or source-validity score.",appendices/appendix-f-when-evidence-breaks.qmd,"Honest error, questionable practice, and misconduct are not the same","BE-Aalborg/Readings/03 - Priming and Goal Setting/Priming, Subliminal Messaging, and Positive Thinking_ A Scientific Review and the Replication Crisis.docx",
Preregistration,F,F,body passage located,"Located in the chapter body; the lexical hit is a navigation aid, not an independent adequacy or source-validity score.",appendices/appendix-f-when-evidence-breaks.qmd,Safeguards and complementary checks {#safeguards-what-each-reform-can-and-cannot-do},BE-Aalborg/Readings/02 - Research Design and Replication/Experimental Studies and Replication Failures Across Disciplines.docx,
HARKing,F,F,body passage located,"Located in the chapter body; the lexical hit is a navigation aid, not an independent adequacy or source-validity score.",appendices/appendix-f-when-evidence-breaks.qmd,Flexible analysis creates many paths to a result,"BE-Aalborg/Readings/03 - Priming and Goal Setting/Priming, Subliminal Messaging, and Positive Thinking_ A Scientific Review and the Replication Crisis.docx",
Multiple testing,F,F,body passage located,"Located in the chapter body; the lexical hit is a navigation aid, not an independent adequacy or source-validity score.",appendices/appendix-f-when-evidence-breaks.qmd,Underpowered studies create a selection problem,DPN-Aalborg/additional topics/_Needs Classification/Strategic and Data-Driven Decision Making Synthesis Deck.pptx,84
Selective reporting,F,F,placement or scope resolved,Developed under flexible analysis and publication selection; already distinguishes analysis selection from misconduct.,appendices/appendix-f-when-evidence-breaks.qmd,Opening / chapter overview,BE-Aalborg/Readings/02 - Research Design and Replication/Experimental Studies and Replication Failures Across Disciplines.docx,
Retraction,F,F,body passage located,"Located in the chapter body; the lexical hit is a navigation aid, not an independent adequacy or source-validity score.",appendices/appendix-f-when-evidence-breaks.qmd,Safeguards and complementary checks {#safeguards-what-each-reform-can-and-cannot-do},BE-Aalborg/Readings/02 - Research Design and Replication/Experimental Studies and Replication Failures Across Disciplines.docx,
Expression of concern,F,F,body passage located,"Located in the chapter body; the lexical hit is a navigation aid, not an independent adequacy or source-validity score.",appendices/appendix-f-when-evidence-breaks.qmd,What to do when you find a serious problem,,
Effect size,F,F,body passage located,"Located in the chapter body; the lexical hit is a navigation aid, not an independent adequacy or source-validity score.",appendices/appendix-f-when-evidence-breaks.qmd,When a striking result becomes less convincing {#what-the-replication-crisis-doesand-does-notmean},"BE-Aalborg/03 - Context, Habits and Choice Architecture/06&07. Contextual Influence.pptx",60
Statistical significance,F,F,placement or scope resolved,"The reporting gate, false positives, low power, Type S/M errors, and differences between significance and effect size are developed; Appendix E supplies the planned-analysis workflow.",appendices/appendix-f-when-evidence-breaks.qmd,Opening / chapter overview,BE-Aalborg/08 - Research Methods/17. Conduct Research in Behavioral Economics.pptx,85
P-hacking,F,F,body passage located,"Located in the chapter body; the lexical hit is a navigation aid, not an independent adequacy or source-validity score.",appendices/appendix-f-when-evidence-breaks.qmd,Flexible analysis creates many paths to a result,BE-Aalborg/08 - Research Methods/17. Conduct Research in Behavioral Economics.pptx,70
Type S error,F,F,body passage located,"Located in the chapter body; the lexical hit is a navigation aid, not an independent adequacy or source-validity score.",appendices/appendix-f-when-evidence-breaks.qmd,Underpowered studies create a selection problem,,
Type M error,F,F,body passage located,"Located in the chapter body; the lexical hit is a navigation aid, not an independent adequacy or source-validity score.",appendices/appendix-f-when-evidence-breaks.qmd,Underpowered studies create a selection problem,,
