company,pdf_path_index,x_pdf,y_pdf,time_hour,price_relative_to_open,change_from_open_percent
Lockheed,543,121.07600021362305,93.57650756835938,11.666246017741978,1.0026309883069127,0.26309883069126627
Lockheed,545,121.07600021362305,93.57650756835938,11.666246017741978,1.0026309883069127,0.26309883069126627
Lockheed,547,121.07600021362305,96.33999633789062,11.666246017741978,0.9999394809120032,-0.006051908799675765
Lockheed,549,124.44250106811523,96.33999633789062,11.732278279952356,0.9999394809120032,-0.006051908799675765
Lockheed,551,125.4109992980957,98.99148559570312,11.75127489746012,0.9973570557458117,-0.26429442541883175
Lockheed,553,126.25299835205078,101.76300048828125,11.767790295707373,0.9946577312865554,-0.5342268713444565
Lockheed,555,127.09399795532227,104.53402709960938,11.78428609021993,0.9919588823901492,-0.8041117609850823
Lockheed,557,128.77749633789062,107.18600463867188,11.817307084847084,0.9893759816611076,-1.0624018338892371
Lockheed,559,128.77749633789062,112.72000122070312,11.817307084847084,0.98398613065532,-1.6013869344679965
Lockheed,561,129.61949920654297,112.72000122070312,11.83382255791775,0.98398613065532,-1.6013869344679965
Lockheed,563,129.61949920654297,112.72000122070312,11.83382255791775,0.98398613065532,-1.6013869344679965
Lockheed,565,131.3105010986328,115.37197875976562,11.866990730201955,0.9814032299262785,-1.8596770073721514
Lockheed,567,132.1520004272461,118.14297485351562,11.88349632658186,0.9787044107525503,-2.1295589247449676
Lockheed,569,132.9939956665039,120.90597534179688,11.900011650005695,0.9760133789204909,-2.3986621079509107
Lockheed,571,132.9939956665039,123.55801391601562,11.900011650005695,0.9734304187460932,-2.656958125390685
Lockheed,573,132.9939956665039,126.32901000976562,11.900011650005695,0.970731599572365,-2.926840042763501
Lockheed,575,132.9939956665039,129.10000610351562,11.900011650005695,0.9680327803986368,-3.1967219601363173
Lockheed,577,133.84300231933594,134.5155029296875,11.916664498866064,0.9627583425520078,-3.724165744799224
Lockheed,579,134.6855010986328,134.5155029296875,11.933189698980662,0.9627583425520078,-3.724165744799224
Lockheed,581,134.6855010986328,134.5155029296875,11.933189698980662,0.9627583425520078,-3.724165744799224
Lockheed,583,135.52650451660156,137.28598022460938,11.949685568316633,0.9600600286638077,-3.9939971336192315
Lockheed,585,135.52650451660156,145.47299194335938,11.949685568316633,0.9520862663579224,-4.791373364207763
Lockheed,587,135.52650451660156,145.47299194335938,11.949685568316633,0.9520862663579224,-4.791373364207763
Lockheed,589,136.36849975585938,148.12399291992188,11.96620089174047,0.9495043167545808,-5.049568324541919
Lockheed,591,136.36849975585938,150.8955078125,11.96620089174047,0.9468049922953246,-5.3195007704675445
Lockheed,593,137.2100067138672,150.8955078125,11.982706637767203,0.9468049922953246,-5.3195007704675445
Lockheed,595,137.2100067138672,145.47299194335938,11.982706637767203,0.9520862663579224,-4.791373364207763
Lockheed,597,138.05149841308594,150.8955078125,11.999212084500277,0.9468049922953246,-5.3195007704675445
Lockheed,599,138.05149841308594,150.8955078125,11.999212084500277,0.9468049922953246,-5.3195007704675445
Lockheed,601,138.05149841308594,148.12399291992188,11.999212084500277,0.9495043167545808,-5.049568324541919
Lockheed,603,138.89350128173828,148.12399291992188,12.015727557570944,0.9495043167545808,-5.049568324541919
Lockheed,605,138.89350128173828,148.12399291992188,12.015727557570944,0.9495043167545808,-5.049568324541919
Lockheed,607,139.73500061035156,142.70950317382812,12.032233153950846,0.9547777737528318,-4.522222624716821
Lockheed,609,139.73500061035156,142.70950317382812,12.032233153950846,0.9547777737528318,-4.522222624716821
Lockheed,611,139.73500061035156,142.70950317382812,12.032233153950846,0.9547777737528318,-4.522222624716821
Lockheed,613,139.73500061035156,142.70950317382812,12.032233153950846,0.9547777737528318,-4.522222624716821
Lockheed,615,139.73500061035156,142.70950317382812,12.032233153950846,0.9547777737528318,-4.522222624716821
Lockheed,617,140.70349884033203,145.47299194335938,12.051229771458614,0.9520862663579224,-4.791373364207763
Lockheed,619,140.70349884033203,139.93801879882812,12.051229771458614,0.9574770684894099,-4.252293151059005
Lockheed,621,141.5449981689453,142.70950317382812,12.067735367838516,0.9547777737528318,-4.522222624716821
Lockheed,623,141.5449981689453,139.93801879882812,12.067735367838516,0.9574770684894099,-4.252293151059005
Lockheed,625,141.5449981689453,139.93801879882812,12.067735367838516,0.9574770684894099,-4.252293151059005
Lockheed,627,141.5449981689453,139.93801879882812,12.067735367838516,0.9574770684894099,-4.252293151059005
Lockheed,629,141.5449981689453,139.93801879882812,12.067735367838516,0.9574770684894099,-4.252293151059005
Lockheed,631,141.5449981689453,139.93801879882812,12.067735367838516,0.9574770684894099,-4.252293151059005
Lockheed,633,143.22900390625,139.93801879882812,12.10076631397985,0.9574770684894099,-4.252293151059005
Lockheed,635,143.22900390625,137.28598022460938,12.10076631397985,0.9600600286638077,-3.9939971336192315
Lockheed,637,144.06999969482422,137.28598022460938,12.11726203366899,0.9600600286638077,-3.9939971336192315
Lockheed,639,144.9199981689453,134.5155029296875,12.133934336617225,0.9627583425520078,-3.724165744799224
Lockheed,641,146.6030044555664,129.10000610351562,12.166945679023861,0.9680327803986368,-3.1967219601363173
Lockheed,643,146.6030044555664,129.10000610351562,12.166945679023861,0.9680327803986368,-3.1967219601363173
Lockheed,645,146.6030044555664,129.10000610351562,12.166945679023861,0.9680327803986368,-3.1967219601363173
Lockheed,647,146.6030044555664,123.55801391601562,12.166945679023861,0.9734304187460932,-2.656958125390685
Lockheed,649,146.6030044555664,123.55801391601562,12.166945679023861,0.9734304187460932,-2.656958125390685
Lockheed,651,147.45249938964844,123.55801391601562,12.183608105281333,0.9734304187460932,-2.656958125390685
Lockheed,653,147.45249938964844,123.55801391601562,12.183608105281333,0.9734304187460932,-2.656958125390685
Lockheed,655,147.45249938964844,126.32901000976562,12.183608105281333,0.970731599572365,-2.926840042763501
Lockheed,657,148.29400634765625,126.32901000976562,12.200113851308068,0.970731599572365,-2.926840042763501
Lockheed,659,149.13600158691406,129.10000610351562,12.216629174731903,0.9680327803986368,-3.1967219601363173
Lockheed,661,149.13600158691406,129.10000610351562,12.216629174731903,0.9680327803986368,-3.1967219601363173
Lockheed,663,149.13600158691406,129.10000610351562,12.216629174731903,0.9680327803986368,-3.1967219601363173
Lockheed,665,149.13600158691406,129.10000610351562,12.216629174731903,0.9680327803986368,-3.1967219601363173
Lockheed,667,149.97750091552734,131.75198364257812,12.233134771111807,0.9654498796695953,-3.455012033040472
Lockheed,669,149.97750091552734,129.10000610351562,12.233134771111807,0.9680327803986368,-3.1967219601363173
Lockheed,671,149.97750091552734,131.75198364257812,12.233134771111807,0.9654498796695953,-3.455012033040472
Lockheed,673,149.97750091552734,129.10000610351562,12.233134771111807,0.9680327803986368,-3.1967219601363173
Lockheed,675,149.97750091552734,129.10000610351562,12.233134771111807,0.9680327803986368,-3.1967219601363173
Lockheed,677,150.81900024414062,129.10000610351562,12.249640367491711,0.9680327803986368,-3.1967219601363173
Lockheed,679,151.66099548339844,129.10000610351562,12.266155690915546,0.9680327803986368,-3.1967219601363173
Lockheed,681,152.50250244140625,129.10000610351562,12.28266143694228,0.9680327803986368,-3.1967219601363173
Lockheed,683,153.343994140625,129.10000610351562,12.299166883675355,0.9680327803986368,-3.1967219601363173
Lockheed,685,153.343994140625,129.10000610351562,12.299166883675355,0.9680327803986368,-3.1967219601363173
Lockheed,687,154.19400024414062,129.10000610351562,12.315839336270418,0.9680327803986368,-3.1967219601363173
Lockheed,689,154.19400024414062,129.10000610351562,12.315839336270418,0.9680327803986368,-3.1967219601363173
Lockheed,691,154.19400024414062,129.10000610351562,12.315839336270418,0.9680327803986368,-3.1967219601363173
Lockheed,693,155.03499603271484,131.75198364257812,12.33233505595956,0.9654498796695953,-3.455012033040472
Lockheed,695,155.03499603271484,131.75198364257812,12.33233505595956,0.9654498796695953,-3.455012033040472
Lockheed,697,156.8375015258789,134.5155029296875,12.367690316660424,0.9627583425520078,-3.724165744799224
Lockheed,699,157.67950439453125,134.5155029296875,12.38420578973109,0.9627583425520078,-3.724165744799224
Lockheed,701,159.37100219726562,134.5155029296875,12.417383689059228,0.9627583425520078,-3.724165744799224
Lockheed,703,160.21199798583984,134.5155029296875,12.433879408748368,0.9627583425520078,-3.724165744799224
Lockheed,705,160.21199798583984,134.5155029296875,12.433879408748368,0.9627583425520078,-3.724165744799224
Lockheed,707,160.21199798583984,134.5155029296875,12.433879408748368,0.9627583425520078,-3.724165744799224
Lockheed,709,161.0540008544922,134.5155029296875,12.450394881819035,0.9627583425520078,-3.724165744799224
Lockheed,711,161.0540008544922,134.5155029296875,12.450394881819035,0.9627583425520078,-3.724165744799224
Lockheed,713,161.0540008544922,131.75198364257812,12.450394881819035,0.9654498796695953,-3.455012033040472
Lockheed,715,161.0540008544922,131.75198364257812,12.450394881819035,0.9654498796695953,-3.455012033040472
Lockheed,717,161.90350341796875,131.75198364257812,12.467057457723337,0.9654498796695953,-3.455012033040472
Lockheed,719,163.5865020751953,131.75198364257812,12.500068650483144,0.9654498796695953,-3.455012033040472
Lockheed,721,164.42849731445312,134.5155029296875,12.51658397390698,0.9627583425520078,-3.724165744799224
Lockheed,723,166.9530029296875,134.5155029296875,12.566100912693521,0.9627583425520078,-3.724165744799224
Lockheed,725,166.9530029296875,137.28598022460938,12.566100912693521,0.9600600286638077,-3.9939971336192315
Lockheed,727,168.64450073242188,139.93801879882812,12.599278812021659,0.9574770684894099,-4.252293151059005
Lockheed,729,168.64450073242188,139.93801879882812,12.599278812021659,0.9574770684894099,-4.252293151059005
Lockheed,731,168.64450073242188,139.93801879882812,12.599278812021659,0.9574770684894099,-4.252293151059005
Lockheed,733,169.48650360107422,139.93801879882812,12.615794285092324,0.9574770684894099,-4.252293151059005
Lockheed,735,169.48650360107422,137.28598022460938,12.615794285092324,0.9600600286638077,-3.9939971336192315
Lockheed,737,171.28900146484375,139.93801879882812,12.65114939614636,0.9574770684894099,-4.252293151059005
Lockheed,739,172.9800033569336,137.28598022460938,12.684317568430565,0.9600600286638077,-3.9939971336192315
Lockheed,741,174.66300201416016,139.93801879882812,12.717328761190371,0.9574770684894099,-4.252293151059005
Lockheed,743,174.66300201416016,137.28598022460938,12.717328761190371,0.9600600286638077,-3.9939971336192315
Lockheed,745,175.5124969482422,139.93801879882812,12.733991187447844,0.9574770684894099,-4.252293151059005
Lockheed,747,178.03799438476562,139.93801879882812,12.78352758032225,0.9574770684894099,-4.252293151059005
Lockheed,749,178.03799438476562,137.28598022460938,12.78352758032225,0.9600600286638077,-3.9939971336192315
Lockheed,751,178.03799438476562,137.28598022460938,12.78352758032225,0.9600600286638077,-3.9939971336192315
Lockheed,753,178.03799438476562,139.93801879882812,12.78352758032225,0.9574770684894099,-4.252293151059005
Lockheed,755,178.87899780273438,137.28598022460938,12.80002344965822,0.9600600286638077,-3.9939971336192315
Lockheed,757,178.87899780273438,139.93801879882812,12.80002344965822,0.9574770684894099,-4.252293151059005
Lockheed,759,181.41199493408203,139.93801879882812,12.849706945366261,0.9574770684894099,-4.252293151059005
Lockheed,761,183.09600067138672,139.93801879882812,12.882737891507595,0.9574770684894099,-4.252293151059005
Lockheed,763,184.78700256347656,139.93801879882812,12.9159060637918,0.9574770684894099,-4.252293151059005
Lockheed,765,185.6280059814453,139.93801879882812,12.932401933127771,0.9574770684894099,-4.252293151059005
Lockheed,767,185.6280059814453,137.28598022460938,12.932401933127771,0.9600600286638077,-3.9939971336192315
Lockheed,769,186.47000122070312,139.93801879882812,12.948917256551606,0.9574770684894099,-4.252293151059005
Lockheed,771,186.47000122070312,139.93801879882812,12.948917256551606,0.9574770684894099,-4.252293151059005
Lockheed,773,186.47000122070312,137.28598022460938,12.948917256551606,0.9600600286638077,-3.9939971336192315
Lockheed,775,186.47000122070312,139.93801879882812,12.948917256551606,0.9574770684894099,-4.252293151059005
Lockheed,777,187.4304962158203,137.28598022460938,12.967756894534975,0.9600600286638077,-3.9939971336192315
Lockheed,779,187.4304962158203,139.93801879882812,12.967756894534975,0.9574770684894099,-4.252293151059005
Lockheed,781,187.4304962158203,137.28598022460938,12.967756894534975,0.9600600286638077,-3.9939971336192315
Lockheed,783,188.27249908447266,137.28598022460938,12.98427236760564,0.9600600286638077,-3.9939971336192315
Lockheed,785,188.27249908447266,139.93801879882812,12.98427236760564,0.9574770684894099,-4.252293151059005
Lockheed,787,189.1219940185547,148.12399291992188,13.000934793863113,0.9495043167545808,-5.049568324541919
Lockheed,789,189.1219940185547,139.93801879882812,13.000934793863113,0.9574770684894099,-4.252293151059005
Lockheed,791,189.96299743652344,137.28598022460938,13.017430663199084,0.9600600286638077,-3.9939971336192315
Lockheed,793,190.80500030517578,139.93801879882812,13.03394613626975,0.9574770684894099,-4.252293151059005
Lockheed,795,191.64749908447266,137.28598022460938,13.05047133638435,0.9600600286638077,-3.9939971336192315
Lockheed,797,192.4885025024414,137.28598022460938,13.06696720572032,0.9600600286638077,-3.9939971336192315
Lockheed,799,195.86299896240234,134.5155029296875,13.133156297808265,0.9627583425520078,-3.724165744799224
Lockheed,801,195.86299896240234,134.5155029296875,13.133156297808265,0.9627583425520078,-3.724165744799224
Lockheed,803,195.86299896240234,134.5155029296875,13.133156297808265,0.9627583425520078,-3.724165744799224
Lockheed,805,196.70450592041016,134.5155029296875,13.149662043834999,0.9627583425520078,-3.724165744799224
Lockheed,807,196.70450592041016,134.5155029296875,13.149662043834999,0.9627583425520078,-3.724165744799224
Lockheed,809,200.07899475097656,134.5155029296875,13.215850986276113,0.9627583425520078,-3.724165744799224
Lockheed,811,200.07899475097656,134.5155029296875,13.215850986276113,0.9627583425520078,-3.724165744799224
Lockheed,813,200.07899475097656,134.5155029296875,13.215850986276113,0.9627583425520078,-3.724165744799224
Lockheed,815,200.07899475097656,134.5155029296875,13.215850986276113,0.9627583425520078,-3.724165744799224
Lockheed,817,203.572998046875,131.75198364257812,13.284384146305117,0.9654498796695953,-3.455012033040472
Lockheed,819,203.572998046875,131.75198364257812,13.284384146305117,0.9654498796695953,-3.455012033040472
Lockheed,821,204.41449737548828,131.75198364257812,13.300889742685019,0.9654498796695953,-3.455012033040472
Lockheed,823,205.25599670410156,134.5155029296875,13.317395339064923,0.9627583425520078,-3.724165744799224
Lockheed,825,206.94000244140625,134.5155029296875,13.350426285206256,0.9627583425520078,-3.724165744799224
Lockheed,827,207.781005859375,134.5155029296875,13.366922154542227,0.9627583425520078,-3.724165744799224
Lockheed,829,208.6230010986328,134.5155029296875,13.383437477966062,0.9627583425520078,-3.724165744799224
Lockheed,831,209.4720001220703,134.5155029296875,13.400090177179601,0.9627583425520078,-3.724165744799224
Lockheed,833,209.4720001220703,134.5155029296875,13.400090177179601,0.9627583425520078,-3.724165744799224
Lockheed,835,209.4720001220703,134.5155029296875,13.400090177179601,0.9627583425520078,-3.724165744799224
Lockheed,837,209.4720001220703,134.5155029296875,13.400090177179601,0.9627583425520078,-3.724165744799224
Lockheed,839,212.84649658203125,131.75198364257812,13.466279269267547,0.9654498796695953,-3.455012033040472
Lockheed,841,213.6884994506836,134.5155029296875,13.482794742338214,0.9627583425520078,-3.724165744799224
Lockheed,843,213.6884994506836,134.5155029296875,13.482794742338214,0.9627583425520078,-3.724165744799224
Lockheed,845,214.52999877929688,131.75198364257812,13.499300338718117,0.9654498796695953,-3.455012033040472
Lockheed,847,215.37149810791016,134.5155029296875,13.51580593509802,0.9627583425520078,-3.724165744799224
Lockheed,849,215.37149810791016,126.32901000976562,13.51580593509802,0.970731599572365,-2.926840042763501
Lockheed,851,218.8655014038086,134.5155029296875,13.584339095127023,0.9627583425520078,-3.724165744799224
Lockheed,853,220.54800415039062,131.75198364257812,13.617340560842896,0.9654498796695953,-3.455012033040472
Lockheed,855,222.23149871826172,131.75198364257812,13.650361480646637,0.9654498796695953,-3.455012033040472
Lockheed,857,224.76349639892578,131.75198364257812,13.700025372619983,0.9654498796695953,-3.455012033040472
Lockheed,859,226.45549774169922,131.75198364257812,13.733213148638884,0.9654498796695953,-3.455012033040472
Lockheed,861,227.29600524902344,131.75198364257812,13.74969929093092,0.9654498796695953,-3.455012033040472
Lockheed,863,235.8395004272461,131.75198364257812,13.917275756283278,0.9654498796695953,-3.455012033040472
Lockheed,865,244.27249908447266,129.10000610351562,14.0826848866005,0.9680327803986368,-3.1967219601363173
Lockheed,867,244.27249908447266,129.10000610351562,14.0826848866005,0.9680327803986368,-3.1967219601363173
Lockheed,869,244.27249908447266,129.10000610351562,14.0826848866005,0.9680327803986368,-3.1967219601363173
Lockheed,871,245.96399688720703,126.32901000976562,14.11586278592864,0.970731599572365,-2.926840042763501
Lockheed,873,251.9824981689453,129.10000610351562,14.233912735097352,0.9680327803986368,-3.1967219601363173
Lockheed,875,256.19850158691406,131.75198364257812,14.31660757321203,0.9654498796695953,-3.455012033040472
Lockheed,877,256.19850158691406,131.75198364257812,14.31660757321203,0.9654498796695953,-3.455012033040472
Lockheed,879,261.2565002441406,134.5155029296875,14.415817734750545,0.9627583425520078,-3.724165744799224
Lockheed,881,261.2565002441406,134.5155029296875,14.415817734750545,0.9627583425520078,-3.724165744799224
Lockheed,883,262.0979919433594,131.75198364257812,14.43232318148362,0.9654498796695953,-3.455012033040472
Lockheed,885,263.90850830078125,131.75198364257812,14.46783557135571,0.9654498796695953,-3.455012033040472
Lockheed,887,267.2829895019531,129.10000610351562,14.534024364149996,0.9680327803986368,-3.1967219601363173
Lockheed,889,268.12449645996094,126.32901000976562,14.55053011017673,0.970731599572365,-2.926840042763501
Lockheed,891,271.4909973144531,126.32901000976562,14.616562372387108,0.970731599572365,-2.926840042763501
Lockheed,893,274.86549377441406,126.32901000976562,14.682751464475052,0.970731599572365,-2.926840042763501
Lockheed,895,274.86549377441406,129.10000610351562,14.682751464475052,0.9680327803986368,-3.1967219601363173
Lockheed,897,274.86549377441406,129.10000610351562,14.682751464475052,0.9680327803986368,-3.1967219601363173
Lockheed,899,276.55650329589844,129.10000610351562,14.715919786406086,0.9680327803986368,-3.1967219601363173
Lockheed,901,277.39849853515625,129.10000610351562,14.732435109829924,0.9680327803986368,-3.1967219601363173
Lockheed,903,284.25799560546875,126.32901000976562,14.866980778687777,0.970731599572365,-2.926840042763501
Lockheed,905,284.25799560546875,126.32901000976562,14.866980778687777,0.970731599572365,-2.926840042763501
Lockheed,907,285.9419860839844,126.32901000976562,14.90001142553545,0.970731599572365,-2.926840042763501
Lockheed,909,285.9419860839844,126.32901000976562,14.90001142553545,0.970731599572365,-2.926840042763501
Lockheed,911,288.47450256347656,123.55801391601562,14.949685493493218,0.9734304187460932,-2.656958125390685
Lockheed,913,289.31651306152344,123.55801391601562,14.966201116210716,0.9734304187460932,-2.656958125390685
Lockheed,915,290.1669921875,120.90597534179688,14.982882846909224,0.9760133789204909,-2.3986621079509107
Lockheed,917,290.1669921875,120.90597534179688,14.982882846909224,0.9760133789204909,-2.3986621079509107
Lockheed,919,290.1669921875,120.90597534179688,14.982882846909224,0.9760133789204909,-2.3986621079509107
Lockheed,921,290.1669921875,120.90597534179688,14.982882846909224,0.9760133789204909,-2.3986621079509107
Lockheed,923,290.1669921875,120.90597534179688,14.982882846909224,0.9760133789204909,-2.3986621079509107
Lockheed,925,290.1669921875,120.90597534179688,14.982882846909224,0.9760133789204909,-2.3986621079509107
Lockheed,927,290.1669921875,120.90597534179688,14.982882846909224,0.9760133789204909,-2.3986621079509107
Lockheed,929,291.0069885253906,120.90597534179688,14.999358962863667,0.9760133789204909,-2.3986621079509107
Lockheed,931,291.0069885253906,120.90597534179688,14.999358962863667,0.9760133789204909,-2.3986621079509107
Lockheed,933,293.6520080566406,120.90597534179688,15.051239722972792,0.9760133789204909,-2.3986621079509107
Lockheed,935,295.3424987792969,120.90597534179688,15.084397868919403,0.9760133789204909,-2.3986621079509107
Lockheed,937,295.3424987792969,120.90597534179688,15.084397868919403,0.9760133789204909,-2.3986621079509107
Lockheed,939,299.5509948730469,126.32901000976562,15.166945454553616,0.970731599572365,-2.926840042763501
Lockheed,941,300.39300537109375,118.14297485351562,15.183461077271113,0.9787044107525503,-2.1295589247449676
Lockheed,943,301.24249267578125,118.14297485351562,15.200123353881756,0.9787044107525503,-2.1295589247449676
Lockheed,945,301.24249267578125,118.14297485351562,15.200123353881756,0.9787044107525503,-2.1295589247449676
Lockheed,947,301.24249267578125,118.14297485351562,15.200123353881756,0.9787044107525503,-2.1295589247449676
Lockheed,949,301.24249267578125,118.14297485351562,15.200123353881756,0.9787044107525503,-2.1295589247449676
Lockheed,951,302.9259948730469,118.14297485351562,15.233144423332325,0.9787044107525503,-2.1295589247449676
Lockheed,953,303.7749938964844,118.14297485351562,15.249797122545864,0.9787044107525503,-2.1295589247449676
Lockheed,955,303.7749938964844,118.14297485351562,15.249797122545864,0.9787044107525503,-2.1295589247449676
Lockheed,957,307.98350524902344,118.14297485351562,15.332345007473737,0.9787044107525503,-2.1295589247449676
Lockheed,959,308.82501220703125,118.14297485351562,15.34885075350047,0.9787044107525503,-2.1295589247449676
Lockheed,961,319.06748962402344,118.14297485351562,15.54975192172094,0.9787044107525503,-2.1295589247449676
Lockheed,963,321.5924987792969,120.90597534179688,15.599278737198244,0.9760133789204909,-2.3986621079509107
Lockheed,965,323.2760009765625,120.90597534179688,15.632299806648813,0.9760133789204909,-2.3986621079509107
Lockheed,967,324.2449951171875,120.90597534179688,15.651306151200513,0.9760133789204909,-2.3986621079509107
Lockheed,969,324.2449951171875,120.90597534179688,15.651306151200513,0.9760133789204909,-2.3986621079509107
Lockheed,971,325.9280090332031,120.90597534179688,15.68431764325398,0.9760133789204909,-2.3986621079509107
Lockheed,973,326.7699890136719,120.90597534179688,15.700832667384157,0.9760133789204909,-2.3986621079509107
Lockheed,975,327.6114959716797,120.90597534179688,15.71733841341089,0.9760133789204909,-2.3986621079509107
Lockheed,977,329.3030090332031,120.90597534179688,15.750516612032687,0.9760133789204909,-2.3986621079509107
Lockheed,979,329.3030090332031,123.55801391601562,15.750516612032687,0.9734304187460932,-2.656958125390685
Lockheed,981,330.1435089111328,123.55801391601562,15.767002604677895,0.9734304187460932,-2.656958125390685
Lockheed,983,334.3605041503906,120.90597534179688,15.849716896880441,0.9760133789204909,-2.3986621079509107
Lockheed,985,334.3605041503906,120.90597534179688,15.849716896880441,0.9760133789204909,-2.3986621079509107
Lockheed,987,336.0435028076172,120.90597534179688,15.882728089640246,0.9760133789204909,-2.3986621079509107
Lockheed,989,339.41749572753906,118.14297485351562,15.94890730503743,0.9787044107525503,-2.1295589247449676
Lockheed,991,342.0705108642578,120.90597534179688,16.00094489502412,0.9760133789204909,-2.3986621079509107
Martin Marietta,993,121.07600021362305,96.33999633789062,11.666246017741978,0.9999394809120032,-0.006051908799675765
Martin Marietta,994,124.44250106811523,88.9954833984375,11.732278279952356,1.0070926892428984,0.7092689242898409
Martin Marietta,995,125.4109992980957,88.9954833984375,11.75127489746012,1.0070926892428984,0.7092689242898409
Martin Marietta,996,129.61949920654297,92.60800170898438,11.83382255791775,1.00357426721988,0.35742672198799674
Martin Marietta,997,130.46050262451172,92.60800170898438,11.85031842725372,1.00357426721988,0.35742672198799674
Martin Marietta,998,131.3105010986328,96.33999633789062,11.866990730201955,0.9999394809120032,-0.006051908799675765
Martin Marietta,999,132.1520004272461,103.56549072265625,11.88349632658186,0.9929021910257947,-0.7097808974205311
Martin Marietta,1000,132.1520004272461,103.56549072265625,11.88349632658186,0.9929021910257947,-0.7097808974205311
Martin Marietta,1001,134.6855010986328,103.56549072265625,11.933189698980662,0.9929021910257947,-0.7097808974205311
Martin Marietta,1002,135.52650451660156,107.18600463867188,11.949685568316633,0.9893759816611076,-1.0624018338892371
Martin Marietta,1003,135.52650451660156,110.79098510742188,11.949685568316633,0.985864901139586,-1.4135098860413975
Martin Marietta,1004,135.52650451660156,110.79098510742188,11.949685568316633,0.985864901139586,-1.4135098860413975
Martin Marietta,1005,136.36849975585938,118.14297485351562,11.96620089174047,0.9787044107525503,-2.1295589247449676
Martin Marietta,1006,136.36849975585938,118.14297485351562,11.96620089174047,0.9787044107525503,-2.1295589247449676
Martin Marietta,1007,136.36849975585938,118.14297485351562,11.96620089174047,0.9787044107525503,-2.1295589247449676
Martin Marietta,1008,138.05149841308594,121.74801635742188,11.999212084500277,0.9751932707856725,-2.480672921432747
Martin Marietta,1009,138.05149841308594,125.36849975585938,11.999212084500277,0.9716670911436637,-2.8332908856336325
Martin Marietta,1010,138.05149841308594,125.36849975585938,11.999212084500277,0.9716670911436637,-2.8332908856336325
Martin Marietta,1011,138.89350128173828,132.71298217773438,12.015727557570944,0.9645139125354466,-3.5486087464553395
Martin Marietta,1012,138.89350128173828,132.71298217773438,12.015727557570944,0.9645139125354466,-3.5486087464553395
Martin Marietta,1013,139.73500061035156,139.93801879882812,12.032233153950846,0.9574770684894099,-4.252293151059005
Martin Marietta,1014,139.73500061035156,147.28298950195312,12.032233153950846,0.9503234143183429,-4.967658568165712
Martin Marietta,1015,140.70349884033203,154.50802612304688,12.051229771458614,0.9432865702723062,-5.671342972769377
Martin Marietta,1016,141.5449981689453,161.86099243164062,12.067735367838516,0.9361251287595704,-6.3874871240429565
Martin Marietta,1017,141.5449981689453,161.86099243164062,12.067735367838516,0.9361251287595704,-6.3874871240429565
Martin Marietta,1018,141.5449981689453,169.0860137939453,12.067735367838516,0.9290882995748728,-7.091170042512718
Martin Marietta,1019,142.38699340820312,169.0860137939453,12.084250691262353,0.9290882995748728,-7.091170042512718
Martin Marietta,1020,142.38699340820312,176.43099975585938,12.084250691262353,0.9219346305424667,-7.8065369457533285
Martin Marietta,1021,142.38699340820312,176.43099975585938,12.084250691262353,0.9219346305424667,-7.8065369457533285
Martin Marietta,1022,142.38699340820312,176.43099975585938,12.084250691262353,0.9219346305424667,-7.8065369457533285
Martin Marietta,1023,143.22900390625,183.65550231933594,12.10076631397985,0.9148983066432972,-8.51016933567028
Martin Marietta,1024,144.9199981689453,176.43099975585938,12.133934336617225,0.9219346305424667,-7.8065369457533285
Martin Marietta,1025,144.9199981689453,180.04249572753906,12.133934336617225,0.9184172042291656,-8.158279577083437
Martin Marietta,1026,144.9199981689453,172.69100952148438,12.133934336617225,0.9255772041920122,-7.4422795807987825
Martin Marietta,1027,144.9199981689453,169.0860137939453,12.133934336617225,0.9290882995748728,-7.091170042512718
Martin Marietta,1028,145.76100158691406,161.86099243164062,12.150430205953196,0.9361251287595704,-6.3874871240429565
Martin Marietta,1029,145.76100158691406,154.50802612304688,12.150430205953196,0.9432865702723062,-5.671342972769377
Martin Marietta,1030,145.76100158691406,154.50802612304688,12.150430205953196,0.9432865702723062,-5.671342972769377
Martin Marietta,1031,147.45249938964844,147.28298950195312,12.183608105281333,0.9503234143183429,-4.967658568165712
Martin Marietta,1032,147.45249938964844,147.28298950195312,12.183608105281333,0.9503234143183429,-4.967658568165712
Martin Marietta,1033,148.29400634765625,154.50802612304688,12.200113851308068,0.9432865702723062,-5.671342972769377
Martin Marietta,1034,148.29400634765625,154.50802612304688,12.200113851308068,0.9432865702723062,-5.671342972769377
Martin Marietta,1035,149.13600158691406,150.8955078125,12.216629174731903,0.9468049922953246,-5.3195007704675445
Martin Marietta,1036,149.97750091552734,150.8955078125,12.233134771111807,0.9468049922953246,-5.3195007704675445
Martin Marietta,1037,149.97750091552734,150.8955078125,12.233134771111807,0.9468049922953246,-5.3195007704675445
Martin Marietta,1038,149.97750091552734,150.8955078125,12.233134771111807,0.9468049922953246,-5.3195007704675445
Martin Marietta,1039,150.81900024414062,154.50802612304688,12.249640367491711,0.9432865702723062,-5.671342972769377
Martin Marietta,1040,150.81900024414062,147.28298950195312,12.249640367491711,0.9503234143183429,-4.967658568165712
Martin Marietta,1041,150.81900024414062,147.28298950195312,12.249640367491711,0.9503234143183429,-4.967658568165712
Martin Marietta,1042,151.66099548339844,154.50802612304688,12.266155690915546,0.9432865702723062,-5.671342972769377
Martin Marietta,1043,151.66099548339844,154.50802612304688,12.266155690915546,0.9432865702723062,-5.671342972769377
Martin Marietta,1044,152.50250244140625,154.50802612304688,12.28266143694228,0.9432865702723062,-5.671342972769377
Martin Marietta,1045,152.50250244140625,150.8955078125,12.28266143694228,0.9468049922953246,-5.3195007704675445
Martin Marietta,1046,154.19400024414062,150.8955078125,12.315839336270418,0.9468049922953246,-5.3195007704675445
Martin Marietta,1047,155.03499603271484,147.28298950195312,12.33233505595956,0.9503234143183429,-4.967658568165712
Martin Marietta,1048,155.03499603271484,147.28298950195312,12.33233505595956,0.9503234143183429,-4.967658568165712
Martin Marietta,1049,156.8375015258789,147.28298950195312,12.367690316660424,0.9503234143183429,-4.967658568165712
Martin Marietta,1050,157.67950439453125,147.28298950195312,12.38420578973109,0.9503234143183429,-4.967658568165712
Martin Marietta,1051,157.67950439453125,154.50802612304688,12.38420578973109,0.9432865702723062,-5.671342972769377
Martin Marietta,1052,158.52850341796875,158.12100219726562,12.400858488944628,0.939767702409116,-6.0232297590884
Martin Marietta,1053,161.0540008544922,161.86099243164062,12.450394881819035,0.9361251287595704,-6.3874871240429565
Martin Marietta,1054,161.0540008544922,161.86099243164062,12.450394881819035,0.9361251287595704,-6.3874871240429565
Martin Marietta,1055,161.0540008544922,161.86099243164062,12.450394881819035,0.9361251287595704,-6.3874871240429565
Martin Marietta,1056,162.74549865722656,161.86099243164062,12.483572781147172,0.9361251287595704,-6.3874871240429565
Martin Marietta,1057,164.42849731445312,169.0860137939453,12.51658397390698,0.9290882995748728,-7.091170042512718
Martin Marietta,1058,164.42849731445312,169.0860137939453,12.51658397390698,0.9290882995748728,-7.091170042512718
Martin Marietta,1059,164.42849731445312,169.0860137939453,12.51658397390698,0.9290882995748728,-7.091170042512718
Martin Marietta,1060,165.26950073242188,176.43099975585938,12.53307984324295,0.9219346305424667,-7.8065369457533285
Martin Marietta,1061,165.26950073242188,172.69100952148438,12.53307984324295,0.9255772041920122,-7.4422795807987825
Martin Marietta,1062,166.11199951171875,172.69100952148438,12.54960504335755,0.9255772041920122,-7.4422795807987825
Martin Marietta,1063,166.9530029296875,172.69100952148438,12.566100912693521,0.9255772041920122,-7.4422795807987825
Martin Marietta,1064,166.9530029296875,172.69100952148438,12.566100912693521,0.9255772041920122,-7.4422795807987825
Martin Marietta,1065,167.8030014038086,165.46548461914062,12.582773215641755,0.9326145238008989,-6.738547619910107
Martin Marietta,1066,168.64450073242188,165.46548461914062,12.599278812021659,0.9326145238008989,-6.738547619910107
Martin Marietta,1067,170.32799530029297,165.46548461914062,12.632299731825398,0.9326145238008989,-6.738547619910107
Martin Marietta,1068,170.32799530029297,161.86099243164062,12.632299731825398,0.9361251287595704,-6.3874871240429565
Martin Marietta,1069,170.32799530029297,161.86099243164062,12.632299731825398,0.9361251287595704,-6.3874871240429565
Martin Marietta,1070,170.32799530029297,158.12100219726562,12.632299731825398,0.939767702409116,-6.0232297590884
Martin Marietta,1071,170.32799530029297,158.12100219726562,12.632299731825398,0.939767702409116,-6.0232297590884
Martin Marietta,1072,171.28900146484375,154.50802612304688,12.65114939614636,0.9432865702723062,-5.671342972769377
Martin Marietta,1073,172.13800048828125,150.8955078125,12.667802095359898,0.9468049922953246,-5.3195007704675445
Martin Marietta,1074,172.13800048828125,158.12100219726562,12.667802095359898,0.939767702409116,-6.0232297590884
Martin Marietta,1075,172.9800033569336,154.50802612304688,12.684317568430565,0.9432865702723062,-5.671342972769377
Martin Marietta,1076,173.82150268554688,150.8955078125,12.700823164810469,0.9468049922953246,-5.3195007704675445
Martin Marietta,1077,173.82150268554688,154.50802612304688,12.700823164810469,0.9432865702723062,-5.671342972769377
Martin Marietta,1078,176.35499572753906,158.12100219726562,12.750516387562444,0.939767702409116,-6.0232297590884
Martin Marietta,1079,176.35499572753906,158.12100219726562,12.750516387562444,0.939767702409116,-6.0232297590884
Martin Marietta,1080,178.87899780273438,154.50802612304688,12.80002344965822,0.9432865702723062,-5.671342972769377
Martin Marietta,1081,178.87899780273438,154.50802612304688,12.80002344965822,0.9432865702723062,-5.671342972769377
Martin Marietta,1082,179.72100067138672,158.12100219726562,12.816538922728887,0.939767702409116,-6.0232297590884
Martin Marietta,1083,186.47000122070312,161.86099243164062,12.948917256551606,0.9361251287595704,-6.3874871240429565
Martin Marietta,1084,186.47000122070312,161.86099243164062,12.948917256551606,0.9361251287595704,-6.3874871240429565
Martin Marietta,1085,189.1219940185547,161.86099243164062,13.000934793863113,0.9361251287595704,-6.3874871240429565
Martin Marietta,1086,189.1219940185547,158.12100219726562,13.000934793863113,0.939767702409116,-6.0232297590884
Martin Marietta,1087,189.96299743652344,161.86099243164062,13.017430663199084,0.9361251287595704,-6.3874871240429565
Martin Marietta,1088,190.80500030517578,158.12100219726562,13.03394613626975,0.939767702409116,-6.0232297590884
Martin Marietta,1089,192.4885025024414,154.50802612304688,13.06696720572032,0.9432865702723062,-5.671342972769377
Martin Marietta,1090,192.4885025024414,154.50802612304688,13.06696720572032,0.9432865702723062,-5.671342972769377
Martin Marietta,1091,193.3300018310547,154.50802612304688,13.083472802100223,0.9432865702723062,-5.671342972769377
Martin Marietta,1092,194.1719970703125,147.28298950195312,13.09998812552406,0.9503234143183429,-4.967658568165712
Martin Marietta,1093,197.5459976196289,143.55099487304688,13.166167490568071,0.9539582006262197,-4.604179937378028
Martin Marietta,1094,201.88199615478516,147.28298950195312,13.251215974020912,0.9503234143183429,-4.967658568165712
Martin Marietta,1095,209.4720001220703,147.28298950195312,13.400090177179601,0.9503234143183429,-4.967658568165712
Martin Marietta,1096,210.3134994506836,147.28298950195312,13.416595773559505,0.9503234143183429,-4.967658568165712
Martin Marietta,1097,212.0050048828125,147.28298950195312,13.449773822534473,0.9503234143183429,-4.967658568165712
Martin Marietta,1098,219.7064971923828,150.8955078125,13.600834814816164,0.9468049922953246,-5.3195007704675445
Martin Marietta,1099,223.92250061035156,150.8955078125,13.683529652930842,0.9468049922953246,-5.3195007704675445
Martin Marietta,1100,223.92250061035156,154.50802612304688,13.683529652930842,0.9432865702723062,-5.671342972769377
Martin Marietta,1101,225.6135025024414,147.28298950195312,13.716697825215046,0.9503234143183429,-4.967658568165712
Martin Marietta,1102,226.45549774169922,147.28298950195312,13.733213148638884,0.9503234143183429,-4.967658568165712
Martin Marietta,1103,227.29600524902344,143.55099487304688,13.74969929093092,0.9539582006262197,-4.604179937378028
Martin Marietta,1104,227.29600524902344,143.55099487304688,13.74969929093092,0.9539582006262197,-4.604179937378028
Martin Marietta,1105,228.97999572753906,143.55099487304688,13.782729937778594,0.9539582006262197,-4.604179937378028
Martin Marietta,1106,232.35449981689453,139.93801879882812,13.84891917951337,0.9574770684894099,-4.252293151059005
Martin Marietta,1107,232.35449981689453,143.55099487304688,13.84891917951337,0.9539582006262197,-4.604179937378028
Martin Marietta,1108,235.8395004272461,139.93801879882812,13.917275756283278,0.9574770684894099,-4.252293151059005
Martin Marietta,1109,236.6894989013672,139.93801879882812,13.933948059231511,0.9574770684894099,-4.252293151059005
Martin Marietta,1110,241.7480010986328,139.93801879882812,14.03316809746079,0.9574770684894099,-4.252293151059005
Martin Marietta,1111,244.27249908447266,136.32601928710938,14.0826848866005,0.9609949852269002,-3.900501477309981
Martin Marietta,1112,250.29949951171875,136.32601928710938,14.200901542337544,0.9609949852269002,-3.900501477309981
Martin Marietta,1113,250.29949951171875,143.55099487304688,14.200901542337544,0.9539582006262197,-4.604179937378028
Martin Marietta,1114,257.8810119628906,139.93801879882812,14.349609188574734,0.9574770684894099,-4.252293151059005
Martin Marietta,1115,262.0979919433594,139.93801879882812,14.43232318148362,0.9574770684894099,-4.252293151059005
Martin Marietta,1116,262.94749450683594,139.93801879882812,14.44898575738792,0.9574770684894099,-4.252293151059005
Martin Marietta,1117,262.94749450683594,143.55099487304688,14.44898575738792,0.9539582006262197,-4.604179937378028
Martin Marietta,1118,262.94749450683594,143.55099487304688,14.44898575738792,0.9539582006262197,-4.604179937378028
Martin Marietta,1119,262.94749450683594,139.93801879882812,14.44898575738792,0.9574770684894099,-4.252293151059005
Martin Marietta,1120,266.43299865722656,136.32601928710938,14.517352210848593,0.9609949852269002,-3.900501477309981
Martin Marietta,1121,266.43299865722656,143.55099487304688,14.517352210848593,0.9539582006262197,-4.604179937378028
Martin Marietta,1122,269.80751037597656,139.93801879882812,14.583541602230197,0.9574770684894099,-4.252293151059005
Martin Marietta,1123,271.4909973144531,139.93801879882812,14.616562372387108,0.9574770684894099,-4.252293151059005
Martin Marietta,1124,281.73350524902344,139.93801879882812,14.817464139194897,0.9574770684894099,-4.252293151059005
Martin Marietta,1125,282.57550048828125,139.93801879882812,14.833979462618734,0.9574770684894099,-4.252293151059005
Martin Marietta,1126,282.57550048828125,143.55099487304688,14.833979462618734,0.9539582006262197,-4.604179937378028
Martin Marietta,1127,285.1005096435547,139.93801879882812,14.883506278096036,0.9574770684894099,-4.252293151059005
Martin Marietta,1128,285.9419860839844,143.55099487304688,14.90001142553545,0.9539582006262197,-4.604179937378028
Martin Marietta,1129,288.47450256347656,143.55099487304688,14.949685493493218,0.9539582006262197,-4.604179937378028
Martin Marietta,1130,288.47450256347656,143.55099487304688,14.949685493493218,0.9539582006262197,-4.604179937378028
Martin Marietta,1131,290.1669921875,143.55099487304688,14.982882846909224,0.9539582006262197,-4.604179937378028
Martin Marietta,1132,291.0069885253906,143.55099487304688,14.999358962863667,0.9539582006262197,-4.604179937378028
Martin Marietta,1133,293.6520080566406,143.55099487304688,15.051239722972792,0.9539582006262197,-4.604179937378028
Martin Marietta,1134,294.5015106201172,136.32601928710938,15.067902298877094,0.9609949852269002,-3.900501477309981
Martin Marietta,1135,295.3424987792969,136.32601928710938,15.084397868919403,0.9609949852269002,-3.900501477309981
Martin Marietta,1136,304.61700439453125,136.32601928710938,15.26631274526336,0.9609949852269002,-3.900501477309981
Martin Marietta,1137,307.1419982910156,136.32601928710938,15.315839261447003,0.9609949852269002,-3.900501477309981
Martin Marietta,1138,307.1419982910156,132.71298217773438,15.315839261447003,0.9645139125354466,-3.5486087464553395
Martin Marietta,1139,307.98350524902344,136.32601928710938,15.332345007473737,0.9609949852269002,-3.900501477309981
Martin Marietta,1140,308.82501220703125,139.93801879882812,15.34885075350047,0.9574770684894099,-4.252293151059005
Martin Marietta,1141,313.16050720214844,132.71298217773438,15.433889360262548,0.9645139125354466,-3.5486087464553395
Martin Marietta,1142,317.3840026855469,132.71298217773438,15.51673115156403,0.9645139125354466,-3.5486087464553395
Martin Marietta,1143,319.06748962402344,132.71298217773438,15.54975192172094,0.9645139125354466,-3.5486087464553395
Martin Marietta,1144,323.2760009765625,132.71298217773438,15.632299806648813,0.9645139125354466,-3.5486087464553395
Martin Marietta,1145,328.46099853515625,139.93801879882812,15.734000989315192,0.9574770684894099,-4.252293151059005
Martin Marietta,1146,330.1435089111328,136.32601928710938,15.767002604677895,0.9609949852269002,-3.900501477309981
Martin Marietta,1147,330.98548889160156,139.93801879882812,15.783517628808072,0.9574770684894099,-4.252293151059005
Martin Marietta,1148,331.8354949951172,139.93801879882812,15.800190081403137,0.9574770684894099,-4.252293151059005
Martin Marietta,1149,332.677001953125,139.93801879882812,15.81669582742987,0.9574770684894099,-4.252293151059005
Martin Marietta,1150,332.677001953125,143.55099487304688,15.81669582742987,0.9539582006262197,-4.604179937378028
Martin Marietta,1151,332.677001953125,139.93801879882812,15.81669582742987,0.9574770684894099,-4.252293151059005
Martin Marietta,1152,333.5190124511719,143.55099487304688,15.833211450147367,0.9539582006262197,-4.604179937378028
Martin Marietta,1153,336.8840026855469,143.55099487304688,15.899214082285454,0.9539582006262197,-4.604179937378028
Martin Marietta,1154,337.73451232910156,136.32601928710938,15.915896411571282,0.9609949852269002,-3.900501477309981
Martin Marietta,1155,339.41749572753906,143.55099487304688,15.94890730503743,0.9539582006262197,-4.604179937378028
Martin Marietta,1156,339.41749572753906,147.28298950195312,15.94890730503743,0.9503234143183429,-4.967658568165712
Martin Marietta,1157,340.3784942626953,139.93801879882812,15.96775681971156,0.9574770684894099,-4.252293151059005
Martin Marietta,1158,341.21949768066406,147.28298950195312,15.98425268904753,0.9503234143183429,-4.967658568165712
Martin Marietta,1159,342.0705108642578,147.28298950195312,16.00094489502412,0.9503234143183429,-4.967658568165712
Rockwell,1160,121.06800079345703,96.33200073242188,11.666089113040995,0.999947268253672,-0.005273174632802746
Rockwell,1161,123.59299850463867,96.33200073242188,11.715615704048053,0.999947268253672,-0.005273174632802746
Rockwell,1162,124.43450164794922,96.33200073242188,11.732121375251372,0.999947268253672,-0.005273174632802746
Rockwell,1163,124.43450164794922,96.33200073242188,11.732121375251372,0.999947268253672,-0.005273174632802746
Rockwell,1164,126.24499893188477,96.33200073242188,11.76763339100639,0.999947268253672,-0.005273174632802746
Rockwell,1165,126.24499893188477,96.33200073242188,11.76763339100639,0.999947268253672,-0.005273174632802746
Rockwell,1166,126.24499893188477,99.94451904296875,11.76763339100639,0.9964288462306535,-0.3571153769346469
Rockwell,1167,127.08600234985352,103.68399047851562,11.784129260342361,0.9927867778666362,-0.7213222133363839
Rockwell,1168,127.08600234985352,103.68399047851562,11.784129260342361,0.9927867778666362,-0.7213222133363839
Rockwell,1169,127.08600234985352,103.68399047851562,11.784129260342361,0.9927867778666362,-0.7213222133363839
Rockwell,1170,127.08600234985352,107.28900146484375,11.784129260342361,0.9892756676224366,-1.0724332377563428
Rockwell,1171,127.92850112915039,107.28900146484375,11.80065446045696,0.9892756676224366,-1.0724332377563428
Rockwell,1172,128.7699966430664,114.76101684570312,11.817159982013449,0.9819982779423362,-1.8001722057663816
Rockwell,1173,128.7699966430664,118.37301635742188,11.817159982013449,0.9784803612048459,-2.151963879515406
Rockwell,1174,128.7699966430664,125.83700561523438,11.817159982013449,0.9712107885890924,-2.8789211410907622
Rockwell,1175,129.61150360107422,125.83700561523438,11.833665728040183,0.9712107885890924,-2.8789211410907622
Rockwell,1176,132.14400482177734,133.18899536132812,11.883339496704291,0.9640502982020567,-3.5949701797943323
Rockwell,1177,132.14400482177734,133.18899536132812,11.883339496704291,0.9640502982020567,-3.5949701797943323
Rockwell,1178,132.14400482177734,133.18899536132812,11.883339496704291,0.9640502982020567,-3.5949701797943323
Rockwell,1179,132.14400482177734,133.18899536132812,11.883339496704291,0.9640502982020567,-3.5949701797943323
Rockwell,1180,132.14400482177734,140.53399658203125,11.883339496704291,0.9568966143083115,-4.310338569168848
Rockwell,1181,132.14400482177734,147.99700927734375,11.883339496704291,0.9496279928182579,-5.037200718174207
Rockwell,1182,132.14400482177734,147.99700927734375,11.883339496704291,0.9496279928182579,-5.037200718174207
Rockwell,1183,133.83499908447266,155.34149169921875,11.916507519341666,0.9424748142100409,-5.752518578995913
Rockwell,1184,133.83499908447266,159.07400512695312,11.916507519341666,0.938839522616636,-6.116047738336405
Rockwell,1185,134.67750549316406,155.34149169921875,11.933032869103094,0.9424748142100409,-5.752518578995913
Rockwell,1186,135.51900482177734,155.34149169921875,11.949538465482998,0.9424748142100409,-5.752518578995913
Rockwell,1187,136.3604965209961,155.34149169921875,11.966043912216072,0.9424748142100409,-5.752518578995913
Rockwell,1188,136.3604965209961,155.34149169921875,11.966043912216072,0.9424748142100409,-5.752518578995913
Rockwell,1189,136.3604965209961,155.34149169921875,11.966043912216072,0.9424748142100409,-5.752518578995913
Rockwell,1190,138.0435028076172,155.34149169921875,11.999055254622709,0.9424748142100409,-5.752518578995913
Rockwell,1191,138.0435028076172,155.34149169921875,11.999055254622709,0.9424748142100409,-5.752518578995913
Rockwell,1192,138.0435028076172,155.34149169921875,11.999055254622709,0.9424748142100409,-5.752518578995913
Rockwell,1193,138.0435028076172,151.61001586914062,11.999055254622709,0.9461090952323895,-5.38909047676105
Rockwell,1194,138.885498046875,147.99700927734375,12.015570578046546,0.9496279928182579,-5.037200718174207
Rockwell,1195,138.885498046875,147.99700927734375,12.015570578046546,0.9496279928182579,-5.037200718174207
Rockwell,1196,139.72699737548828,147.99700927734375,12.03207617442645,0.9496279928182579,-5.037200718174207
Rockwell,1197,139.72699737548828,147.99700927734375,12.03207617442645,0.9496279928182579,-5.037200718174207
Rockwell,1198,140.6959991455078,140.53399658203125,12.051082668624979,0.9568966143083115,-4.310338569168848
Rockwell,1199,140.6959991455078,140.53399658203125,12.051082668624979,0.9568966143083115,-4.310338569168848
Rockwell,1200,140.6959991455078,140.53399658203125,12.051082668624979,0.9568966143083115,-4.310338569168848
Rockwell,1201,140.6959991455078,140.53399658203125,12.051082668624979,0.9568966143083115,-4.310338569168848
Rockwell,1202,140.6959991455078,140.53399658203125,12.051082668624979,0.9568966143083115,-4.310338569168848
Rockwell,1203,140.6959991455078,140.53399658203125,12.051082668624979,0.9568966143083115,-4.310338569168848
Rockwell,1204,140.6959991455078,140.53399658203125,12.051082668624979,0.9568966143083115,-4.310338569168848
Rockwell,1205,141.53699493408203,140.53399658203125,12.06757838831412,0.9568966143083115,-4.310338569168848
Rockwell,1206,141.53699493408203,140.53399658203125,12.06757838831412,0.9568966143083115,-4.310338569168848
Rockwell,1207,141.53699493408203,136.92098999023438,12.06757838831412,0.9604155118941798,-3.958448810582016
Rockwell,1208,142.37899780273438,136.92098999023438,12.084093861384785,0.9604155118941798,-3.958448810582016
Rockwell,1209,142.37899780273438,140.53399658203125,12.084093861384785,0.9568966143083115,-4.310338569168848
Rockwell,1210,142.37899780273438,136.92098999023438,12.084093861384785,0.9604155118941798,-3.958448810582016
Rockwell,1211,142.37899780273438,136.92098999023438,12.084093861384785,0.9604155118941798,-3.958448810582016
Rockwell,1212,143.2205047607422,133.18899536132812,12.10059960741152,0.9640502982020567,-3.5949701797943323
Rockwell,1213,143.2205047607422,133.18899536132812,12.10059960741152,0.9640502982020567,-3.5949701797943323
Rockwell,1214,143.2205047607422,125.83700561523438,12.10059960741152,0.9712107885890924,-2.8789211410907622
Rockwell,1215,144.9114990234375,125.83700561523438,12.133767630048894,0.9712107885890924,-2.8789211410907622
Rockwell,1216,144.9114990234375,125.83700561523438,12.133767630048894,0.9712107885890924,-2.8789211410907622
Rockwell,1217,144.9114990234375,122.10501098632812,12.133767630048894,0.9748455748969691,-2.5154425103030897
Rockwell,1218,145.75299835205078,118.37301635742188,12.150273226428798,0.9784803612048459,-2.151963879515406
Rockwell,1219,146.59500122070312,118.37301635742188,12.166788699499463,0.9784803612048459,-2.151963879515406
Rockwell,1220,146.59500122070312,118.37301635742188,12.166788699499463,0.9784803612048459,-2.151963879515406
Rockwell,1221,146.59500122070312,118.37301635742188,12.166788699499463,0.9784803612048459,-2.151963879515406
Rockwell,1222,147.44499969482422,118.37301635742188,12.183461002447698,0.9784803612048459,-2.151963879515406
Rockwell,1223,147.44499969482422,114.76101684570312,12.183461002447698,0.9819982779423362,-1.8001722057663816
Rockwell,1224,147.44499969482422,118.37301635742188,12.183461002447698,0.9784803612048459,-2.151963879515406
Rockwell,1225,148.28600311279297,114.76101684570312,12.19995687178367,0.9819982779423362,-1.8001722057663816
Rockwell,1226,148.28600311279297,114.76101684570312,12.19995687178367,0.9819982779423362,-1.8001722057663816
Rockwell,1227,148.28600311279297,114.76101684570312,12.19995687178367,0.9819982779423362,-1.8001722057663816
Rockwell,1228,148.28600311279297,114.76101684570312,12.19995687178367,0.9819982779423362,-1.8001722057663816
Rockwell,1229,149.12799835205078,114.76101684570312,12.216472195207505,0.9819982779423362,-1.8001722057663816
Rockwell,1230,149.12799835205078,114.76101684570312,12.216472195207505,0.9819982779423362,-1.8001722057663816
Rockwell,1231,149.12799835205078,114.76101684570312,12.216472195207505,0.9819982779423362,-1.8001722057663816
Rockwell,1232,149.96900177001953,118.37301635742188,12.232968064543476,0.9784803612048459,-2.151963879515406
Rockwell,1233,149.96900177001953,118.37301635742188,12.232968064543476,0.9784803612048459,-2.151963879515406
Rockwell,1234,150.81099700927734,118.37301635742188,12.249483387967313,0.9784803612048459,-2.151963879515406
Rockwell,1235,151.65249633789062,118.37301635742188,12.265988984347215,0.9784803612048459,-2.151963879515406
Rockwell,1236,151.65249633789062,114.76101684570312,12.265988984347215,0.9819982779423362,-1.8001722057663816
Rockwell,1237,151.65249633789062,118.37301635742188,12.265988984347215,0.9784803612048459,-2.151963879515406
Rockwell,1238,152.49449920654297,118.37301635742188,12.282504457417883,0.9784803612048459,-2.151963879515406
Rockwell,1239,152.49449920654297,118.37301635742188,12.282504457417883,0.9784803612048459,-2.151963879515406
Rockwell,1240,152.49449920654297,118.37301635742188,12.282504457417883,0.9784803612048459,-2.151963879515406
Rockwell,1241,153.33599853515625,114.76101684570312,12.299010053797787,0.9819982779423362,-1.8001722057663816
Rockwell,1242,154.18599700927734,118.37301635742188,12.31568235674602,0.9784803612048459,-2.151963879515406
Rockwell,1243,155.0270004272461,114.76101684570312,12.332178226081991,0.9819982779423362,-1.8001722057663816
Rockwell,1244,155.0270004272461,114.76101684570312,12.332178226081991,0.9819982779423362,-1.8001722057663816
Rockwell,1245,155.0270004272461,114.76101684570312,12.332178226081991,0.9819982779423362,-1.8001722057663816
Rockwell,1246,155.0270004272461,118.37301635742188,12.332178226081991,0.9784803612048459,-2.151963879515406
Rockwell,1247,155.8689956665039,118.37301635742188,12.348693549505828,0.9784803612048459,-2.151963879515406
Rockwell,1248,155.8689956665039,118.37301635742188,12.348693549505828,0.9784803612048459,-2.151963879515406
Rockwell,1249,155.8689956665039,114.76101684570312,12.348693549505828,0.9819982779423362,-1.8001722057663816
Rockwell,1250,156.82950592041016,118.37301635742188,12.367533486782856,0.9784803612048459,-2.151963879515406
Rockwell,1251,156.82950592041016,118.37301635742188,12.367533486782856,0.9784803612048459,-2.151963879515406
Rockwell,1252,158.52100372314453,114.76101684570312,12.400711386110993,0.9819982779423362,-1.8001722057663816
Rockwell,1253,158.52100372314453,114.76101684570312,12.400711386110993,0.9819982779423362,-1.8001722057663816
Rockwell,1254,158.52100372314453,114.76101684570312,12.400711386110993,0.9819982779423362,-1.8001722057663816
Rockwell,1255,160.2040023803711,114.76101684570312,12.4337225788708,0.9819982779423362,-1.8001722057663816
Rockwell,1256,160.2040023803711,114.76101684570312,12.4337225788708,0.9819982779423362,-1.8001722057663816
Rockwell,1257,160.2040023803711,118.37301635742188,12.4337225788708,0.9784803612048459,-2.151963879515406
Rockwell,1258,160.2040023803711,114.76101684570312,12.4337225788708,0.9819982779423362,-1.8001722057663816
Rockwell,1259,161.0459976196289,114.76101684570312,12.450237902294637,0.9819982779423362,-1.8001722057663816
Rockwell,1260,162.73699951171875,114.76101684570312,12.483406074578841,0.9819982779423362,-1.8001722057663816
Rockwell,1261,162.73699951171875,114.76101684570312,12.483406074578841,0.9819982779423362,-1.8001722057663816
Rockwell,1262,163.57849884033203,114.76101684570312,12.499911670958745,0.9819982779423362,-1.8001722057663816
Rockwell,1263,163.57849884033203,114.76101684570312,12.499911670958745,0.9819982779423362,-1.8001722057663816
Rockwell,1264,163.57849884033203,114.76101684570312,12.499911670958745,0.9819982779423362,-1.8001722057663816
Rockwell,1265,165.26150512695312,118.37301635742188,12.532923013365382,0.9784803612048459,-2.151963879515406
Rockwell,1266,165.26150512695312,118.37301635742188,12.532923013365382,0.9784803612048459,-2.151963879515406
Rockwell,1267,165.26150512695312,114.76101684570312,12.532923013365382,0.9819982779423362,-1.8001722057663816
Rockwell,1268,166.94550323486328,114.76101684570312,12.565953809859886,0.9819982779423362,-1.8001722057663816
Rockwell,1269,168.63700103759766,114.76101684570312,12.599131709188024,0.9819982779423362,-1.8001722057663816
Rockwell,1270,168.63700103759766,118.37301635742188,12.599131709188024,0.9784803612048459,-2.151963879515406
Rockwell,1271,169.47850036621094,118.37301635742188,12.615637305567926,0.9784803612048459,-2.151963879515406
Rockwell,1272,171.28099822998047,114.76101684570312,12.650992416621962,0.9819982779423362,-1.8001722057663816
Rockwell,1273,171.28099822998047,114.76101684570312,12.650992416621962,0.9819982779423362,-1.8001722057663816
Rockwell,1274,172.12999725341797,118.37301635742188,12.6676451158355,0.9784803612048459,-2.151963879515406
Rockwell,1275,173.8134994506836,118.37301635742188,12.700666185286071,0.9784803612048459,-2.151963879515406
Rockwell,1276,173.8134994506836,118.37301635742188,12.700666185286071,0.9784803612048459,-2.151963879515406
Rockwell,1277,174.65499877929688,118.37301635742188,12.717171781665973,0.9784803612048459,-2.151963879515406
Rockwell,1278,174.65499877929688,118.37301635742188,12.717171781665973,0.9784803612048459,-2.151963879515406
Rockwell,1279,174.65499877929688,118.37301635742188,12.717171781665973,0.9784803612048459,-2.151963879515406
Rockwell,1280,175.50499725341797,118.37301635742188,12.733844084614208,0.9784803612048459,-2.151963879515406
Rockwell,1281,176.34649658203125,114.76101684570312,12.750349680994113,0.9819982779423362,-1.8001722057663816
Rockwell,1282,178.02999877929688,122.10501098632812,12.783370750444682,0.9748455748969691,-2.5154425103030897
Rockwell,1283,180.55450439453125,122.10501098632812,12.832887689231223,0.9748455748969691,-2.5154425103030897
Rockwell,1284,181.40399932861328,125.83700561523438,12.849550115488693,0.9712107885890924,-2.8789211410907622
Rockwell,1285,183.0875015258789,133.18899536132812,12.882571184939264,0.9640502982020567,-3.5949701797943323
Rockwell,1286,183.0875015258789,133.18899536132812,12.882571184939264,0.9640502982020567,-3.5949701797943323
Rockwell,1287,183.0875015258789,133.18899536132812,12.882571184939264,0.9640502982020567,-3.5949701797943323
Rockwell,1288,184.77899932861328,136.92098999023438,12.915749084267402,0.9604155118941798,-3.958448810582016
Rockwell,1289,185.62000274658203,133.18899536132812,12.932244953603373,0.9640502982020567,-3.5949701797943323
Rockwell,1290,186.46199798583984,140.53399658203125,12.948760277027208,0.9568966143083115,-4.310338569168848
Rockwell,1291,188.26499938964844,136.92098999023438,12.984125264772006,0.9604155118941798,-3.958448810582016
Rockwell,1292,188.26499938964844,140.53399658203125,12.984125264772006,0.9568966143083115,-4.310338569168848
Rockwell,1293,189.95549774169922,140.53399658203125,13.017283560365449,0.9568966143083115,-4.310338569168848
Rockwell,1294,189.95549774169922,140.53399658203125,13.017283560365449,0.9568966143083115,-4.310338569168848
Rockwell,1295,191.63949584960938,136.92098999023438,13.050314356859952,0.9604155118941798,-3.958448810582016
Rockwell,1296,192.48049926757812,136.92098999023438,13.066810226195923,0.9604155118941798,-3.958448810582016
Rockwell,1297,193.32250213623047,136.92098999023438,13.083325699266588,0.9604155118941798,-3.958448810582016
Rockwell,1298,194.16400146484375,133.18899536132812,13.099831295646492,0.9640502982020567,-3.5949701797943323
Rockwell,1299,194.16400146484375,133.18899536132812,13.099831295646492,0.9640502982020567,-3.5949701797943323
Rockwell,1300,195.01399993896484,133.18899536132812,13.116503598594726,0.9640502982020567,-3.5949701797943323
Rockwell,1301,195.8550033569336,133.18899536132812,13.132999467930697,0.9640502982020567,-3.5949701797943323
Rockwell,1302,195.8550033569336,133.18899536132812,13.132999467930697,0.9640502982020567,-3.5949701797943323
Rockwell,1303,196.69650268554688,133.18899536132812,13.1495050643106,0.9640502982020567,-3.5949701797943323
Rockwell,1304,197.53800201416016,136.92098999023438,13.166010660690503,0.9604155118941798,-3.958448810582016
Rockwell,1305,198.3885040283203,133.18899536132812,13.182692840329501,0.9640502982020567,-3.5949701797943323
Rockwell,1306,200.91300201416016,136.92098999023438,13.232209629469212,0.9604155118941798,-3.958448810582016
Rockwell,1307,205.2480010986328,136.92098999023438,13.317238509187355,0.9604155118941798,-3.958448810582016
Rockwell,1308,206.09000396728516,133.18899536132812,13.33375398225802,0.9640502982020567,-3.5949701797943323
Rockwell,1309,207.77300262451172,129.45797729492188,13.366765175017829,0.9676841333842334,-3.2315866615766575
Rockwell,1310,208.61499786376953,133.18899536132812,13.383280498441666,0.9640502982020567,-3.5949701797943323
Rockwell,1311,210.30599975585938,125.83700561523438,13.41644867072587,0.9712107885890924,-2.8789211410907622
Rockwell,1312,214.52249908447266,125.83700561523438,13.499153235884481,0.9712107885890924,-2.8789211410907622
Rockwell,1313,217.17449951171875,125.83700561523438,13.551170922842818,0.9712107885890924,-2.8789211410907622
Rockwell,1314,217.17449951171875,125.83700561523438,13.551170922842818,0.9712107885890924,-2.8789211410907622
Rockwell,1315,219.6989974975586,118.37301635742188,13.600687711982529,0.9784803612048459,-2.151963879515406
Rockwell,1316,219.6989974975586,118.37301635742188,13.600687711982529,0.9784803612048459,-2.151963879515406
Rockwell,1317,223.0719985961914,118.37301635742188,13.666847473291845,0.9784803612048459,-2.151963879515406
Rockwell,1318,225.60549926757812,122.10501098632812,13.716540845690648,0.9748455748969691,-2.5154425103030897
Rockwell,1319,226.447998046875,122.10501098632812,13.733066045805248,0.9748455748969691,-2.5154425103030897
Rockwell,1320,227.28850555419922,122.10501098632812,13.749552188097287,0.9748455748969691,-2.5154425103030897
Rockwell,1321,229.8134994506836,122.10501098632812,13.79907870428093,0.9748455748969691,-2.5154425103030897
Rockwell,1322,231.49700164794922,118.37301635742188,13.8320997737315,0.9784803612048459,-2.151963879515406
Rockwell,1323,231.49700164794922,118.37301635742188,13.8320997737315,0.9784803612048459,-2.151963879515406
Rockwell,1324,236.68199920654297,122.10501098632812,13.933800956397878,0.9748455748969691,-2.5154425103030897
Rockwell,1325,236.68199920654297,122.10501098632812,13.933800956397878,0.9748455748969691,-2.5154425103030897
Rockwell,1326,240.0564956665039,122.10501098632812,13.999990048485822,0.9748455748969691,-2.5154425103030897
Rockwell,1327,243.4229965209961,122.10501098632812,14.0660223106962,0.9748455748969691,-2.5154425103030897
Rockwell,1328,245.10549926757812,118.37301635742188,14.099023776412073,0.9784803612048459,-2.151963879515406
Rockwell,1329,247.7584991455078,122.10501098632812,14.151061067105106,0.9748455748969691,-2.5154425103030897
Rockwell,1330,250.29100036621094,122.10501098632812,14.200734835769214,0.9748455748969691,-2.5154425103030897
Rockwell,1331,251.9749984741211,118.37301635742188,14.233765632263717,0.9784803612048459,-2.151963879515406
Rockwell,1332,252.81600189208984,118.37301635742188,14.250261501599688,0.9784803612048459,-2.151963879515406
Rockwell,1333,253.66500091552734,118.37301635742188,14.266914200813225,0.9784803612048459,-2.151963879515406
Rockwell,1334,257.8735046386719,122.10501098632812,14.349461936094269,0.9748455748969691,-2.5154425103030897
Rockwell,1335,258.71600341796875,118.37301635742188,14.365987136208869,0.9784803612048459,-2.151963879515406
Rockwell,1336,259.56500244140625,122.10501098632812,14.382639835422408,0.9748455748969691,-2.5154425103030897
Rockwell,1337,263.90000915527344,118.37301635742188,14.467668864787381,0.9784803612048459,-2.151963879515406
Rockwell,1338,264.7409973144531,118.37301635742188,14.48416443482969,0.9784803612048459,-2.151963879515406
Rockwell,1339,264.7409973144531,118.37301635742188,14.48416443482969,0.9784803612048459,-2.151963879515406
Rockwell,1340,265.58349609375,118.37301635742188,14.50068963494429,0.9784803612048459,-2.151963879515406
Rockwell,1341,268.1165008544922,118.37301635742188,14.550373280299162,0.9784803612048459,-2.151963879515406
Rockwell,1342,269.8000030517578,118.37301635742188,14.583394349749732,0.9784803612048459,-2.151963879515406
Rockwell,1343,272.32501220703125,118.37301635742188,14.632921165227035,0.9784803612048459,-2.151963879515406
Rockwell,1344,275.69850158691406,122.10501098632812,14.699090503933455,0.9748455748969691,-2.5154425103030897
Rockwell,1345,275.69850158691406,122.10501098632812,14.699090503933455,0.9748455748969691,-2.5154425103030897
Rockwell,1346,275.69850158691406,122.10501098632812,14.699090503933455,0.9748455748969691,-2.5154425103030897
Rockwell,1347,279.19300842285156,122.10501098632812,14.76763354065322,0.9748455748969691,-2.5154425103030897
Rockwell,1348,282.56748962402344,122.10501098632812,14.833822333447506,0.9748455748969691,-2.5154425103030897
Rockwell,1349,283.40899658203125,118.37301635742188,14.850328079474238,0.9784803612048459,-2.151963879515406
Rockwell,1350,284.25050354003906,118.37301635742188,14.866833825500972,0.9784803612048459,-2.151963879515406
Rockwell,1351,285.9339904785156,118.37301635742188,14.899854595657882,0.9784803612048459,-2.151963879515406
Rockwell,1352,287.625,118.37301635742188,14.933022917588918,0.9784803612048459,-2.151963879515406
Rockwell,1353,293.6439971923828,118.37301635742188,15.051082593801564,0.9784803612048459,-2.151963879515406
Rockwell,1354,295.3349914550781,114.76101684570312,15.08425061643894,0.9819982779423362,-1.8001722057663816
Rockwell,1355,296.177001953125,114.76101684570312,15.100766239156435,0.9819982779423362,-1.8001722057663816
Rockwell,1356,297.85951232910156,118.37301635742188,15.133767854519139,0.9784803612048459,-2.151963879515406
Rockwell,1357,297.85951232910156,118.37301635742188,15.133767854519139,0.9784803612048459,-2.151963879515406
Rockwell,1358,301.23399353027344,118.37301635742188,15.199956647313424,0.9784803612048459,-2.151963879515406
Rockwell,1359,301.23399353027344,114.76101684570312,15.199956647313424,0.9819982779423362,-1.8001722057663816
Rockwell,1360,301.23399353027344,118.37301635742188,15.199956647313424,0.9784803612048459,-2.151963879515406
Rockwell,1361,304.60850524902344,118.37301635742188,15.266146038695029,0.9784803612048459,-2.151963879515406
Rockwell,1362,307.9750061035156,118.37301635742188,15.332178300905404,0.9784803612048459,-2.151963879515406
Rockwell,1363,311.46949768066406,114.76101684570312,15.400721038331511,0.9819982779423362,-1.8001722057663816
Rockwell,1364,312.3110046386719,118.37301635742188,15.417226784358245,0.9784803612048459,-2.151963879515406
Rockwell,1365,313.99400329589844,118.37301635742188,15.450237977118052,0.9784803612048459,-2.151963879515406
Rockwell,1366,315.6860046386719,114.76101684570312,15.483425753136952,0.9819982779423362,-1.8001722057663816
Rockwell,1367,315.6860046386719,114.76101684570312,15.483425753136952,0.9819982779423362,-1.8001722057663816
Rockwell,1368,317.3760070800781,114.76101684570312,15.516574321686463,0.9819982779423362,-1.8001722057663816
Rockwell,1369,318.218505859375,111.02899169921875,15.533099521801061,0.9856330939728911,-1.4366906027108883
Rockwell,1370,318.218505859375,111.02899169921875,15.533099521801061,0.9856330939728911,-1.4366906027108883
Rockwell,1371,319.05999755859375,114.76101684570312,15.549604968534135,0.9819982779423362,-1.8001722057663816
Rockwell,1372,319.90150451660156,111.02899169921875,15.566110714560867,0.9856330939728911,-1.4366906027108883
Rockwell,1373,322.42649841308594,111.02899169921875,15.615637230744511,0.9856330939728911,-1.4366906027108883
Rockwell,1374,323.26800537109375,111.02899169921875,15.632142976771245,0.9856330939728911,-1.4366906027108883
Rockwell,1375,323.26800537109375,111.02899169921875,15.632142976771245,0.9856330939728911,-1.4366906027108883
Rockwell,1376,325.9199981689453,111.02899169921875,15.684160514082752,0.9856330939728911,-1.4366906027108883
Rockwell,1377,327.6029968261719,103.68399047851562,15.71717170684256,0.9927867778666362,-0.7213222133363839
Rockwell,1378,327.6029968261719,103.68399047851562,15.71717170684256,0.9927867778666362,-0.7213222133363839
Rockwell,1379,327.6029968261719,103.68399047851562,15.71717170684256,0.9927867778666362,-0.7213222133363839
Rockwell,1380,329.2949981689453,107.28900146484375,15.750359482861459,0.9892756676224366,-1.0724332377563428
Rockwell,1381,329.2949981689453,103.68399047851562,15.750359482861459,0.9927867778666362,-0.7213222133363839
Rockwell,1382,331.8269958496094,103.68399047851562,15.800023374834804,0.9927867778666362,-0.7213222133363839
Rockwell,1383,332.6685028076172,103.68399047851562,15.816529120861539,0.9927867778666362,-0.7213222133363839
Rockwell,1384,332.6685028076172,107.28900146484375,15.816529120861539,0.9892756676224366,-1.0724332377563428
Rockwell,1385,332.6685028076172,103.68399047851562,15.816529120861539,0.9927867778666362,-0.7213222133363839
Rockwell,1386,334.3520050048828,103.68399047851562,15.849550190312108,0.9927867778666362,-0.7213222133363839
Rockwell,1387,336.0354919433594,107.28900146484375,15.88257096046902,0.9892756676224366,-1.0724332377563428
Rockwell,1388,340.37049865722656,107.28900146484375,15.967599989833992,0.9892756676224366,-1.0724332377563428
Rockwell,1389,342.0625,111.02899169921875,16.00078776585289,0.9856330939728911,-1.4366906027108883
Rockwell,1390,342.0625,111.02899169921875,16.00078776585289,0.9856330939728911,-1.4366906027108883
Rockwell,1391,342.0625,111.02899169921875,16.00078776585289,0.9856330939728911,-1.4366906027108883
Morton Thiokol,1392,121.0680046081543,92.83798217773438,11.66608918786441,1.0033502771175318,0.33502771175317747
Morton Thiokol,1393,122.75100326538086,89.34500122070312,11.699100380624218,1.0067522754103355,0.6752275410335518
Morton Thiokol,1394,125.40250396728516,89.34500122070312,11.751108265715205,1.0067522754103355,0.6752275410335518
Morton Thiokol,1395,127.92850112915039,96.33200073242188,11.80065446045696,0.999947268253672,-0.005273174632802746
Morton Thiokol,1396,128.7699966430664,92.83798217773438,11.817159982013449,1.0033502771175318,0.33502771175317747
Morton Thiokol,1397,128.7699966430664,99.70596313476562,11.817159982013449,0.9966611884055548,-0.3338811594445157
Morton Thiokol,1398,130.4520034790039,103.19998168945312,11.850151720685389,0.9932581795416949,-0.674182045830507
Morton Thiokol,1399,131.30249786376953,103.19998168945312,11.866833750677557,0.9932581795416949,-0.674182045830507
Morton Thiokol,1400,131.30249786376953,103.19998168945312,11.866833750677557,0.9932581795416949,-0.674182045830507
Morton Thiokol,1401,131.30249786376953,103.19998168945312,11.866833750677557,0.9932581795416949,-0.674182045830507
Morton Thiokol,1402,175.50499725341797,158.23202514648438,12.733844084614208,0.9396595713060981,-6.034042869390188
Morton Thiokol,1403,175.50499725341797,158.23202514648438,12.733844084614208,0.9396595713060981,-6.034042869390188
Morton Thiokol,1404,175.50499725341797,158.23202514648438,12.733844084614208,0.9396595713060981,-6.034042869390188
Morton Thiokol,1405,176.34649658203125,158.23202514648438,12.750349680994113,0.9396595713060981,-6.034042869390188
Morton Thiokol,1406,177.18799591064453,154.86502075195312,12.766855277374015,0.9429388743836027,-5.706112561639731
Morton Thiokol,1407,177.18799591064453,151.37197875976562,12.766855277374015,0.9463409321217626,-5.365906787823738
Morton Thiokol,1408,177.18799591064453,158.23202514648438,12.766855277374015,0.9396595713060981,-6.034042869390188
Morton Thiokol,1409,178.02999114990234,158.23202514648438,12.783370600797852,0.9396595713060981,-6.034042869390188
Morton Thiokol,1410,178.02999114990234,151.37197875976562,12.783370600797852,0.9463409321217626,-5.365906787823738
Morton Thiokol,1411,178.8709945678711,151.37197875976562,12.799866470133823,0.9463409321217626,-5.365906787823738
Morton Thiokol,1412,179.71300506591797,154.86502075195312,12.816382092851319,0.9429388743836027,-5.706112561639731
Morton Thiokol,1413,179.71300506591797,154.86502075195312,12.816382092851319,0.9429388743836027,-5.706112561639731
Morton Thiokol,1414,181.40399932861328,151.37197875976562,12.849550115488693,0.9463409321217626,-5.365906787823738
Morton Thiokol,1415,181.40399932861328,158.23202514648438,12.849550115488693,0.9396595713060981,-6.034042869390188
Morton Thiokol,1416,183.0875015258789,161.72500610351562,12.882571184939264,0.9362575730132944,-6.374242698670562
Morton Thiokol,1417,183.0875015258789,161.72500610351562,12.882571184939264,0.9362575730132944,-6.374242698670562
Morton Thiokol,1418,183.0875015258789,161.72500610351562,12.882571184939264,0.9362575730132944,-6.374242698670562
Morton Thiokol,1419,183.0875015258789,165.21902465820312,12.882571184939264,0.9328545641494345,-6.714543585056553
Morton Thiokol,1420,183.92900848388672,168.59400939941406,12.899076930965997,0.9295674885916002,-7.043251140839979
Morton Thiokol,1421,183.92900848388672,172.0795135498047,12.899076930965997,0.9261727723549371,-7.382722764506289
Morton Thiokol,1422,183.92900848388672,172.0795135498047,12.899076930965997,0.9261727723549371,-7.382722764506289
Morton Thiokol,1423,183.92900848388672,168.59400939941406,12.899076930965997,0.9295674885916002,-7.043251140839979
Morton Thiokol,1424,184.77899932861328,172.0795135498047,12.915749084267402,0.9261727723549371,-7.382722764506289
Morton Thiokol,1425,184.77899932861328,172.0795135498047,12.915749084267402,0.9261727723549371,-7.382722764506289
Morton Thiokol,1426,187.4229965209961,172.0795135498047,12.96760979170134,0.9261727723549371,-7.382722764506289
Morton Thiokol,1427,187.4229965209961,172.0795135498047,12.96760979170134,0.9261727723549371,-7.382722764506289
Morton Thiokol,1428,187.4229965209961,172.0795135498047,12.96760979170134,0.9261727723549371,-7.382722764506289
Morton Thiokol,1429,188.26500701904297,172.0795135498047,12.984125414418836,0.9261727723549371,-7.382722764506289
Morton Thiokol,1430,188.26500701904297,175.46200561523438,12.984125414418836,0.9228783850182841,-7.712161498171588
Morton Thiokol,1431,188.26500701904297,172.0795135498047,12.984125414418836,0.9261727723549371,-7.382722764506289
Morton Thiokol,1432,189.1139907836914,175.46200561523438,13.000777814338715,0.9228783850182841,-7.712161498171588
Morton Thiokol,1433,189.1139907836914,175.46200561523438,13.000777814338715,0.9228783850182841,-7.712161498171588
Morton Thiokol,1434,189.95549774169922,175.46200561523438,13.017283560365449,0.9228783850182841,-7.712161498171588
Morton Thiokol,1435,189.95549774169922,175.46200561523438,13.017283560365449,0.9228783850182841,-7.712161498171588
Morton Thiokol,1436,189.95549774169922,175.46200561523438,13.017283560365449,0.9228783850182841,-7.712161498171588
Morton Thiokol,1437,189.95549774169922,178.94700622558594,13.017283560365449,0.9194841592058101,-8.051584079418994
Morton Thiokol,1438,189.95549774169922,178.94700622558594,13.017283560365449,0.9194841592058101,-8.051584079418994
Morton Thiokol,1439,190.79700469970703,178.94700622558594,13.033789306392181,0.9194841592058101,-8.051584079418994
Morton Thiokol,1440,190.79700469970703,178.94700622558594,13.033789306392181,0.9194841592058101,-8.051584079418994
Morton Thiokol,1441,190.79700469970703,175.46200561523438,13.033789306392181,0.9228783850182841,-7.712161498171588
Morton Thiokol,1442,190.79700469970703,182.44049072265625,13.033789306392181,0.9160816704888173,-8.391832951118271
Morton Thiokol,1443,191.63949584960938,185.81500244140625,13.050314356859952,0.912795055632494,-8.720494436750602
Morton Thiokol,1444,191.63949584960938,185.81500244140625,13.050314356859952,0.912795055632494,-8.720494436750602
Morton Thiokol,1445,191.63949584960938,185.81500244140625,13.050314356859952,0.912795055632494,-8.720494436750602
Morton Thiokol,1446,192.48049926757812,192.80252075195312,13.066810226195923,0.9059895431903022,-9.401045680969776
Morton Thiokol,1447,192.48049926757812,192.80252075195312,13.066810226195923,0.9059895431903022,-9.401045680969776
Morton Thiokol,1448,192.48049926757812,196.16851806640625,13.066810226195923,0.9027112209611756,-9.728877903882438
Morton Thiokol,1449,193.32250213623047,189.30899047851562,13.083325699266588,0.9093920764913122,-9.060792350868784
Morton Thiokol,1450,193.32250213623047,196.16851806640625,13.083325699266588,0.9027112209611756,-9.728877903882438
Morton Thiokol,1451,194.16399383544922,196.16851806640625,13.099831145999662,0.9027112209611756,-9.728877903882438
Morton Thiokol,1452,194.16399383544922,192.80252075195312,13.099831145999662,0.9059895431903022,-9.401045680969776
Morton Thiokol,1453,195.01399993896484,196.16851806640625,13.116503598594726,0.9027112209611756,-9.728877903882438
Morton Thiokol,1454,195.01399993896484,189.30899047851562,13.116503598594726,0.9093920764913122,-9.060792350868784
Morton Thiokol,1455,195.01399993896484,192.80252075195312,13.116503598594726,0.9059895431903022,-9.401045680969776
Morton Thiokol,1456,195.8550033569336,189.30899047851562,13.132999467930697,0.9093920764913122,-9.060792350868784
Morton Thiokol,1457,195.8550033569336,192.80252075195312,13.132999467930697,0.9059895431903022,-9.401045680969776
Morton Thiokol,1458,196.69650268554688,189.30899047851562,13.1495050643106,0.9093920764913122,-9.060792350868784
Morton Thiokol,1459,197.53800201416016,189.30899047851562,13.166010660690503,0.9093920764913122,-9.060792350868784
Morton Thiokol,1460,198.3885040283203,189.30899047851562,13.182692840329501,0.9093920764913122,-9.060792350868784
Morton Thiokol,1461,198.3885040283203,192.80252075195312,13.182692840329501,0.9059895431903022,-9.401045680969776
Morton Thiokol,1462,199.22950744628906,192.80252075195312,13.19918870966547,0.9059895431903022,-9.401045680969776
Morton Thiokol,1463,199.22950744628906,189.30899047851562,13.19918870966547,0.9093920764913122,-9.060792350868784
Morton Thiokol,1464,200.07149505615234,192.80252075195312,13.21570388344248,0.9059895431903022,-9.401045680969776
Morton Thiokol,1465,200.91300201416016,185.81500244140625,13.232209629469212,0.912795055632494,-8.720494436750602
Morton Thiokol,1466,200.91300201416016,185.81500244140625,13.232209629469212,0.912795055632494,-8.720494436750602
Morton Thiokol,1467,200.91300201416016,196.16851806640625,13.232209629469212,0.9027112209611756,-9.728877903882438
Morton Thiokol,1468,201.8740005493164,192.80252075195312,13.251059144143344,0.9059895431903022,-9.401045680969776
Morton Thiokol,1469,202.7229995727539,185.81500244140625,13.267711843356881,0.912795055632494,-8.720494436750602
Morton Thiokol,1470,203.56499481201172,185.81500244140625,13.284227166780719,0.912795055632494,-8.720494436750602
Morton Thiokol,1471,203.56499481201172,182.44049072265625,13.284227166780719,0.9160816704888173,-8.391832951118271
Morton Thiokol,1472,204.406494140625,178.94700622558594,13.300732763160621,0.9194841592058101,-8.051584079418994
Morton Thiokol,1473,204.406494140625,185.81500244140625,13.300732763160621,0.912795055632494,-8.720494436750602
Morton Thiokol,1474,206.09000396728516,182.44049072265625,13.33375398225802,0.9160816704888173,-8.391832951118271
Morton Thiokol,1475,206.93199920654297,182.44049072265625,13.350269305681858,0.9160816704888173,-8.391832951118271
Morton Thiokol,1476,206.93199920654297,189.30899047851562,13.350269305681858,0.9093920764913122,-9.060792350868784
Morton Thiokol,1477,208.61499786376953,185.81500244140625,13.383280498441666,0.912795055632494,-8.720494436750602
Morton Thiokol,1478,209.46399688720703,189.30899047851562,13.399933197655203,0.9093920764913122,-9.060792350868784
Morton Thiokol,1479,209.46399688720703,185.81500244140625,13.399933197655203,0.912795055632494,-8.720494436750602
Morton Thiokol,1480,210.3060073852539,189.30899047851562,13.4164488203727,0.9093920764913122,-9.060792350868784
Morton Thiokol,1481,210.3060073852539,189.30899047851562,13.4164488203727,0.9093920764913122,-9.060792350868784
Morton Thiokol,1482,211.1469955444336,185.81500244140625,13.432944390415011,0.912795055632494,-8.720494436750602
Morton Thiokol,1483,211.1469955444336,192.80252075195312,13.432944390415011,0.9059895431903022,-9.401045680969776
Morton Thiokol,1484,211.99700164794922,192.80252075195312,13.449616843010075,0.9059895431903022,-9.401045680969776
Morton Thiokol,1485,211.99700164794922,185.81500244140625,13.449616843010075,0.912795055632494,-8.720494436750602
Morton Thiokol,1486,212.83899688720703,185.81500244140625,13.466132166433912,0.912795055632494,-8.720494436750602
Morton Thiokol,1487,213.68099212646484,185.81500244140625,13.482647489857749,0.912795055632494,-8.720494436750602
Morton Thiokol,1488,213.68099212646484,185.81500244140625,13.482647489857749,0.912795055632494,-8.720494436750602
Morton Thiokol,1489,213.68099212646484,189.30899047851562,13.482647489857749,0.9093920764913122,-9.060792350868784
Morton Thiokol,1490,218.01549530029297,189.30899047851562,13.567666642531957,0.9093920764913122,-9.060792350868784
Morton Thiokol,1491,220.5405044555664,189.30899047851562,13.617193458009261,0.9093920764913122,-9.060792350868784
Morton Thiokol,1492,221.38249969482422,189.30899047851562,13.633708781433098,0.9093920764913122,-9.060792350868784
Morton Thiokol,1493,221.38249969482422,182.44049072265625,13.633708781433098,0.9160816704888173,-8.391832951118271
Morton Thiokol,1494,223.0719985961914,185.81500244140625,13.666847473291845,0.912795055632494,-8.720494436750602
Morton Thiokol,1495,223.0719985961914,185.81500244140625,13.666847473291845,0.912795055632494,-8.720494436750602
Morton Thiokol,1496,223.0719985961914,189.30899047851562,13.666847473291845,0.9093920764913122,-9.060792350868784
Morton Thiokol,1497,223.0719985961914,185.81500244140625,13.666847473291845,0.912795055632494,-8.720494436750602
Morton Thiokol,1498,223.91400909423828,185.81500244140625,13.68336309600934,0.912795055632494,-8.720494436750602
Morton Thiokol,1499,225.60549926757812,185.81500244140625,13.716540845690648,0.912795055632494,-8.720494436750602
Morton Thiokol,1500,225.60549926757812,185.81500244140625,13.716540845690648,0.912795055632494,-8.720494436750602
Morton Thiokol,1501,226.44799041748047,192.80252075195312,13.733065896158418,0.9059895431903022,-9.401045680969776
Morton Thiokol,1502,227.28850555419922,189.30899047851562,13.749552188097287,0.9093920764913122,-9.060792350868784
Morton Thiokol,1503,228.13050079345703,192.80252075195312,13.766067511521122,0.9059895431903022,-9.401045680969776
Morton Thiokol,1504,228.13050079345703,192.80252075195312,13.766067511521122,0.9059895431903022,-9.401045680969776
Morton Thiokol,1505,228.13050079345703,189.30899047851562,13.766067511521122,0.9093920764913122,-9.060792350868784
Morton Thiokol,1506,228.13050079345703,189.30899047851562,13.766067511521122,0.9093920764913122,-9.060792350868784
Morton Thiokol,1507,228.97199249267578,196.16851806640625,13.782572958254196,0.9027112209611756,-9.728877903882438
Morton Thiokol,1508,229.81350708007812,189.30899047851562,13.79907885392776,0.9093920764913122,-9.060792350868784
Morton Thiokol,1509,231.49649810791016,192.80252075195312,13.832089897040737,0.9059895431903022,-9.401045680969776
Morton Thiokol,1510,231.49649810791016,189.30899047851562,13.832089897040737,0.9093920764913122,-9.060792350868784
Morton Thiokol,1511,233.30699920654297,192.80252075195312,13.86760198761917,0.9059895431903022,-9.401045680969776
Morton Thiokol,1512,233.30699920654297,189.30899047851562,13.86760198761917,0.9093920764913122,-9.060792350868784
Morton Thiokol,1513,234.14849853515625,192.80252075195312,13.884107583999072,0.9059895431903022,-9.401045680969776
Morton Thiokol,1514,234.14849853515625,192.80252075195312,13.884107583999072,0.9059895431903022,-9.401045680969776
Morton Thiokol,1515,234.99100494384766,189.30899047851562,13.900632933760502,0.9093920764913122,-9.060792350868784
Morton Thiokol,1516,234.99100494384766,189.30899047851562,13.900632933760502,0.9093920764913122,-9.060792350868784
Morton Thiokol,1517,235.83199310302734,189.30899047851562,13.917128503802813,0.9093920764913122,-9.060792350868784
Morton Thiokol,1518,236.68199920654297,192.80252075195312,13.933800956397878,0.9059895431903022,-9.401045680969776
Morton Thiokol,1519,237.52300262451172,192.80252075195312,13.950296825733847,0.9059895431903022,-9.401045680969776
Morton Thiokol,1520,238.36400604248047,189.30899047851562,13.966792695069818,0.9093920764913122,-9.060792350868784
Morton Thiokol,1521,239.21500396728516,189.30899047851562,13.983484601752748,0.9093920764913122,-9.060792350868784
Morton Thiokol,1522,240.05599212646484,192.80252075195312,13.999980171795059,0.9059895431903022,-9.401045680969776
Morton Thiokol,1523,240.8975067138672,192.80252075195312,14.016486067468623,0.9059895431903022,-9.401045680969776
Morton Thiokol,1524,241.73999786376953,189.30899047851562,14.033011117936393,0.9093920764913122,-9.060792350868784
Morton Thiokol,1525,241.73999786376953,189.30899047851562,14.033011117936393,0.9093920764913122,-9.060792350868784
Morton Thiokol,1526,242.58100128173828,189.30899047851562,14.049506987272363,0.9093920764913122,-9.060792350868784
Morton Thiokol,1527,242.58100128173828,189.30899047851562,14.049506987272363,0.9093920764913122,-9.060792350868784
Morton Thiokol,1528,242.58100128173828,189.30899047851562,14.049506987272363,0.9093920764913122,-9.060792350868784
Morton Thiokol,1529,244.26399993896484,185.81500244140625,14.082518180032169,0.912795055632494,-8.720494436750602
Morton Thiokol,1530,244.26399993896484,185.81500244140625,14.082518180032169,0.912795055632494,-8.720494436750602
Morton Thiokol,1531,245.10549926757812,189.30899047851562,14.099023776412073,0.9093920764913122,-9.060792350868784
Morton Thiokol,1532,245.10549926757812,189.30899047851562,14.099023776412073,0.9093920764913122,-9.060792350868784
Morton Thiokol,1533,245.10549926757812,189.30899047851562,14.099023776412073,0.9093920764913122,-9.060792350868784
Morton Thiokol,1534,247.75850677490234,189.30899047851562,14.151061216751934,0.9093920764913122,-9.060792350868784
Morton Thiokol,1535,247.75850677490234,189.30899047851562,14.151061216751934,0.9093920764913122,-9.060792350868784
Morton Thiokol,1536,247.75850677490234,185.81500244140625,14.151061216751934,0.912795055632494,-8.720494436750602
Morton Thiokol,1537,249.44149780273438,189.30899047851562,14.184072259864912,0.9093920764913122,-9.060792350868784
Morton Thiokol,1538,249.44149780273438,189.30899047851562,14.184072259864912,0.9093920764913122,-9.060792350868784
Morton Thiokol,1539,250.29100799560547,185.81500244140625,14.200734985416045,0.912795055632494,-8.720494436750602
Morton Thiokol,1540,250.29100799560547,185.81500244140625,14.200734985416045,0.912795055632494,-8.720494436750602
Morton Thiokol,1541,252.81549835205078,189.30899047851562,14.250251624908923,0.9093920764913122,-9.060792350868784
Morton Thiokol,1542,252.81549835205078,185.81500244140625,14.250251624908923,0.912795055632494,-8.720494436750602
Morton Thiokol,1543,253.66500091552734,185.81500244140625,14.266914200813225,0.912795055632494,-8.720494436750602
Morton Thiokol,1544,253.66500091552734,185.81500244140625,14.266914200813225,0.912795055632494,-8.720494436750602
Morton Thiokol,1545,253.66500091552734,185.81500244140625,14.266914200813225,0.912795055632494,-8.720494436750602
Morton Thiokol,1546,254.50749969482422,185.81500244140625,14.283439400927826,0.912795055632494,-8.720494436750602
Morton Thiokol,1547,255.3489990234375,185.81500244140625,14.29994499730773,0.912795055632494,-8.720494436750602
Morton Thiokol,1548,256.1905059814453,185.81500244140625,14.316450743334462,0.912795055632494,-8.720494436750602
Morton Thiokol,1549,257.8735046386719,178.94700622558594,14.349461936094269,0.9194841592058101,-8.051584079418994
Morton Thiokol,1550,258.71600341796875,178.94700622558594,14.365987136208869,0.9194841592058101,-8.051584079418994
Morton Thiokol,1551,259.5644989013672,185.81500244140625,14.382629958731645,0.912795055632494,-8.720494436750602
Morton Thiokol,1552,260.40599060058594,178.94700622558594,14.399135405464719,0.9194841592058101,-8.051584079418994
Morton Thiokol,1553,260.40599060058594,175.46200561523438,14.399135405464719,0.9228783850182841,-7.712161498171588
Morton Thiokol,1554,261.2480010986328,178.94700622558594,14.415651028182214,0.9194841592058101,-8.051584079418994
Morton Thiokol,1555,261.2480010986328,175.46200561523438,14.415651028182214,0.9228783850182841,-7.712161498171588
Morton Thiokol,1556,262.9394989013672,172.0795135498047,14.448828927510352,0.9261727723549371,-7.382722764506289
Morton Thiokol,1557,262.9394989013672,175.46200561523438,14.448828927510352,0.9228783850182841,-7.712161498171588
Morton Thiokol,1558,262.9394989013672,175.46200561523438,14.448828927510352,0.9228783850182841,-7.712161498171588
Morton Thiokol,1559,263.90000915527344,175.46200561523438,14.467668864787381,0.9228783850182841,-7.712161498171588
Morton Thiokol,1560,263.90000915527344,178.94700622558594,14.467668864787381,0.9194841592058101,-8.051584079418994
Morton Thiokol,1561,265.58351135253906,178.94700622558594,14.50068993423795,0.9194841592058101,-8.051584079418994
Morton Thiokol,1562,265.58351135253906,178.94700622558594,14.50068993423795,0.9194841592058101,-8.051584079418994
Morton Thiokol,1563,265.58351135253906,178.94700622558594,14.50068993423795,0.9194841592058101,-8.051584079418994
Morton Thiokol,1564,267.2749938964844,178.94700622558594,14.533867534272428,0.9194841592058101,-8.051584079418994
Morton Thiokol,1565,268.1164855957031,178.94700622558594,14.550372981005502,0.9194841592058101,-8.051584079418994
Morton Thiokol,1566,268.1164855957031,178.94700622558594,14.550372981005502,0.9194841592058101,-8.051584079418994
Morton Thiokol,1567,268.9580078125,178.94700622558594,14.566879026325896,0.9194841592058101,-8.051584079418994
Morton Thiokol,1568,268.9580078125,178.94700622558594,14.566879026325896,0.9194841592058101,-8.051584079418994
Morton Thiokol,1569,268.9580078125,178.94700622558594,14.566879026325896,0.9194841592058101,-8.051584079418994
Morton Thiokol,1570,270.6409912109375,178.94700622558594,14.599889919792043,0.9194841592058101,-8.051584079418994
Morton Thiokol,1571,270.6409912109375,175.46200561523438,14.599889919792043,0.9228783850182841,-7.712161498171588
Morton Thiokol,1572,271.4824981689453,178.94700622558594,14.616395665818775,0.9194841592058101,-8.051584079418994
Morton Thiokol,1573,272.32501220703125,175.46200561523438,14.632921165227035,0.9228783850182841,-7.712161498171588
Morton Thiokol,1574,272.32501220703125,175.46200561523438,14.632921165227035,0.9228783850182841,-7.712161498171588
Morton Thiokol,1575,273.17449951171875,172.0795135498047,14.649583441837677,0.9261727723549371,-7.382722764506289
Morton Thiokol,1576,273.17449951171875,172.0795135498047,14.649583441837677,0.9261727723549371,-7.382722764506289
Morton Thiokol,1577,273.17449951171875,172.0795135498047,14.649583441837677,0.9261727723549371,-7.382722764506289
Morton Thiokol,1578,274.01600646972656,175.46200561523438,14.66608918786441,0.9228783850182841,-7.712161498171588
Morton Thiokol,1579,275.69850158691406,172.0795135498047,14.699090503933455,0.9261727723549371,-7.382722764506289
Morton Thiokol,1580,276.54901123046875,172.0795135498047,14.715772833219281,0.9261727723549371,-7.382722764506289
Morton Thiokol,1581,277.3900146484375,175.46200561523438,14.732268702555253,0.9228783850182841,-7.712161498171588
Morton Thiokol,1582,278.3520050048828,175.46200561523438,14.751137671317249,0.9228783850182841,-7.712161498171588
Morton Thiokol,1583,279.19300842285156,178.94700622558594,14.76763354065322,0.9194841592058101,-8.051584079418994
Morton Thiokol,1584,279.19300842285156,175.46200561523438,14.76763354065322,0.9228783850182841,-7.712161498171588
Morton Thiokol,1585,280.0339813232422,178.94700622558594,14.784128811401871,0.9194841592058101,-8.051584079418994
Morton Thiokol,1586,280.0339813232422,178.94700622558594,14.784128811401871,0.9194841592058101,-8.051584079418994
Morton Thiokol,1587,282.56748962402344,175.46200561523438,14.833822333447506,0.9228783850182841,-7.712161498171588
Morton Thiokol,1588,283.40899658203125,175.46200561523438,14.850328079474238,0.9228783850182841,-7.712161498171588
Morton Thiokol,1589,283.40899658203125,178.94700622558594,14.850328079474238,0.9194841592058101,-8.051584079418994
Morton Thiokol,1590,285.9339904785156,175.46200561523438,14.899854595657882,0.9228783850182841,-7.712161498171588
Morton Thiokol,1591,285.9339904785156,178.94700622558594,14.899854595657882,0.9194841592058101,-8.051584079418994
Morton Thiokol,1592,286.77549743652344,172.0795135498047,14.916360341684616,0.9261727723549371,-7.382722764506289
Morton Thiokol,1593,286.77549743652344,178.94700622558594,14.916360341684616,0.9194841592058101,-8.051584079418994
Morton Thiokol,1594,288.4669952392578,175.46200561523438,14.949538241012753,0.9228783850182841,-7.712161498171588
Morton Thiokol,1595,289.3090057373047,175.46200561523438,14.96605386373025,0.9228783850182841,-7.712161498171588
Morton Thiokol,1596,289.3090057373047,178.94700622558594,14.96605386373025,0.9194841592058101,-8.051584079418994
Morton Thiokol,1597,291.84149169921875,178.94700622558594,15.015727333100699,0.9194841592058101,-8.051584079418994
Morton Thiokol,1598,293.6439971923828,175.46200561523438,15.051082593801564,0.9228783850182841,-7.712161498171588
Morton Thiokol,1599,296.177001953125,178.94700622558594,15.100766239156435,0.9194841592058101,-8.051584079418994
Morton Thiokol,1600,296.177001953125,178.94700622558594,15.100766239156435,0.9194841592058101,-8.051584079418994
Morton Thiokol,1601,297.85951232910156,178.94700622558594,15.133767854519139,0.9194841592058101,-8.051584079418994
Morton Thiokol,1602,298.7010192871094,178.94700622558594,15.150273600545873,0.9194841592058101,-8.051584079418994
Morton Thiokol,1603,298.7010192871094,178.94700622558594,15.150273600545873,0.9194841592058101,-8.051584079418994
Morton Thiokol,1604,298.7010192871094,175.46200561523438,15.150273600545873,0.9228783850182841,-7.712161498171588
Morton Thiokol,1605,299.5429992675781,178.94700622558594,15.166788624676048,0.9194841592058101,-8.051584079418994
Morton Thiokol,1606,300.385009765625,175.46200561523438,15.183304247393545,0.9228783850182841,-7.712161498171588
Morton Thiokol,1607,300.385009765625,178.94700622558594,15.183304247393545,0.9194841592058101,-8.051584079418994
Morton Thiokol,1608,302.0755157470703,175.46200561523438,15.216462692633817,0.9228783850182841,-7.712161498171588
Morton Thiokol,1609,302.91798400878906,175.46200561523438,15.232987294161099,0.9228783850182841,-7.712161498171588
Morton Thiokol,1610,302.91798400878906,178.94700622558594,15.232987294161099,0.9194841592058101,-8.051584079418994
Morton Thiokol,1611,306.29148864746094,175.46200561523438,15.299156932161177,0.9228783850182841,-7.712161498171588
Morton Thiokol,1612,306.29148864746094,178.94700622558594,15.299156932161177,0.9194841592058101,-8.051584079418994
Morton Thiokol,1613,308.81651306152344,175.46200561523438,15.348684046932139,0.9228783850182841,-7.712161498171588
Morton Thiokol,1614,308.81651306152344,178.94700622558594,15.348684046932139,0.9194841592058101,-8.051584079418994
Morton Thiokol,1615,308.81651306152344,178.94700622558594,15.348684046932139,0.9194841592058101,-8.051584079418994
Morton Thiokol,1616,311.469482421875,178.94700622558594,15.400720739037851,0.9194841592058101,-8.051584079418994
Morton Thiokol,1617,312.3110046386719,175.46200561523438,15.417226784358245,0.9228783850182841,-7.712161498171588
Morton Thiokol,1618,312.3110046386719,175.46200561523438,15.417226784358245,0.9228783850182841,-7.712161498171588
Morton Thiokol,1619,312.3110046386719,178.94700622558594,15.417226784358245,0.9194841592058101,-8.051584079418994
Morton Thiokol,1620,314.84352111816406,178.94700622558594,15.466900852316012,0.9194841592058101,-8.051584079418994
Morton Thiokol,1621,314.84352111816406,182.44049072265625,15.466900852316012,0.9160816704888173,-8.391832951118271
Morton Thiokol,1622,314.84352111816406,182.44049072265625,15.466900852316012,0.9160816704888173,-8.391832951118271
Morton Thiokol,1623,315.6859893798828,178.94700622558594,15.483425453843292,0.9194841592058101,-8.051584079418994
Morton Thiokol,1624,316.52699279785156,182.44049072265625,15.499921323179265,0.9160816704888173,-8.391832951118271
Morton Thiokol,1625,318.218505859375,182.44049072265625,15.533099521801061,0.9160816704888173,-8.391832951118271
Morton Thiokol,1626,319.90150451660156,182.44049072265625,15.566110714560867,0.9160816704888173,-8.391832951118271
Morton Thiokol,1627,321.58448791503906,178.94700622558594,15.599121608027016,0.9194841592058101,-8.051584079418994
Morton Thiokol,1628,322.42649841308594,178.94700622558594,15.615637230744511,0.9194841592058101,-8.051584079418994
Morton Thiokol,1629,322.42649841308594,178.94700622558594,15.615637230744511,0.9194841592058101,-8.051584079418994
Morton Thiokol,1630,323.26800537109375,178.94700622558594,15.632142976771245,0.9194841592058101,-8.051584079418994
Morton Thiokol,1631,324.2364959716797,175.46200561523438,15.651139444632182,0.9228783850182841,-7.712161498171588
Morton Thiokol,1632,327.6029968261719,182.44049072265625,15.71717170684256,0.9160816704888173,-8.391832951118271
Morton Thiokol,1633,327.6029968261719,182.44049072265625,15.71717170684256,0.9160816704888173,-8.391832951118271
Morton Thiokol,1634,328.45249938964844,182.44049072265625,15.73383428274686,0.9160816704888173,-8.391832951118271
Morton Thiokol,1635,330.13600158691406,185.81500244140625,15.76685535219743,0.912795055632494,-8.720494436750602
Morton Thiokol,1636,330.13600158691406,185.81500244140625,15.76685535219743,0.912795055632494,-8.720494436750602
Morton Thiokol,1637,330.13600158691406,185.81500244140625,15.76685535219743,0.912795055632494,-8.720494436750602
Morton Thiokol,1638,330.9779815673828,189.30899047851562,15.783370376327607,0.9093920764913122,-9.060792350868784
Morton Thiokol,1639,331.8269958496094,185.81500244140625,15.800023374834804,0.912795055632494,-8.720494436750602
Morton Thiokol,1640,332.6685028076172,185.81500244140625,15.816529120861539,0.912795055632494,-8.720494436750602
Morton Thiokol,1641,333.5110168457031,192.80252075195312,15.833054620269799,0.9059895431903022,-9.401045680969776
Morton Thiokol,1642,334.3520202636719,189.30899047851562,15.849550489605768,0.9093920764913122,-9.060792350868784
Morton Thiokol,1643,335.19349670410156,189.30899047851562,15.866055637045182,0.9093920764913122,-9.060792350868784
Morton Thiokol,1644,335.19349670410156,192.80252075195312,15.866055637045182,0.9059895431903022,-9.401045680969776
Morton Thiokol,1645,335.19349670410156,192.80252075195312,15.866055637045182,0.9059895431903022,-9.401045680969776
Morton Thiokol,1646,336.0354919433594,189.30899047851562,15.88257096046902,0.9093920764913122,-9.060792350868784
Morton Thiokol,1647,336.0354919433594,196.16851806640625,15.88257096046902,0.9027112209611756,-9.728877903882438
Morton Thiokol,1648,336.8764953613281,199.66250610351562,15.89906682980499,0.8993082418199939,-10.069175818000609
Morton Thiokol,1649,336.8764953613281,199.66250610351562,15.89906682980499,0.8993082418199939,-10.069175818000609
Morton Thiokol,1650,337.7270050048828,203.03700256347656,15.915749159090817,0.8960216418250095,-10.397835817499047
Morton Thiokol,1651,338.56849670410156,206.52297973632812,15.93225460582389,0.8926264648868356,-10.737353511316439
Morton Thiokol,1652,338.56849670410156,206.52297973632812,15.93225460582389,0.8926264648868356,-10.737353511316439
Morton Thiokol,1653,338.56849670410156,213.3905029296875,15.93225460582389,0.8859378220150304,-11.406217798496964
Morton Thiokol,1654,339.4099884033203,213.3905029296875,15.948760052556963,0.8859378220150304,-11.406217798496964
Morton Thiokol,1655,339.4099884033203,213.3905029296875,15.948760052556963,0.8859378220150304,-11.406217798496964
Morton Thiokol,1656,339.4099884033203,213.3905029296875,15.948760052556963,0.8859378220150304,-11.406217798496964
Morton Thiokol,1657,340.3704833984375,213.3905029296875,15.967599690540332,0.8859378220150304,-11.406217798496964
Morton Thiokol,1658,340.3704833984375,216.88499450683594,15.967599690540332,0.8825343524496595,-11.74656475503405
Morton Thiokol,1659,341.2120056152344,216.88499450683594,15.984105735860727,0.8825343524496595,-11.74656475503405
Morton Thiokol,1660,341.2120056152344,216.88499450683594,15.984105735860727,0.8825343524496595,-11.74656475503405
Morton Thiokol,1661,342.06251525878906,213.3905029296875,16.00078806514655,0.8859378220150304,-11.406217798496964
Morton Thiokol,1662,342.06251525878906,213.3905029296875,16.00078806514655,0.8859378220150304,-11.406217798496964
Morton Thiokol,1663,342.06251525878906,213.3905029296875,16.00078806514655,0.8859378220150304,-11.406217798496964
Morton Thiokol,1664,342.06251525878906,213.3905029296875,16.00078806514655,0.8859378220150304,-11.406217798496964
