segment,minutes_after_0843_start_approx,index_start_approx,minutes_after_0843_end_approx,index_end_approx
0,0.297029702970297,1101.4929149797572,0.31683168316831684,1101.4929149797572
1,0.31683168316831684,1101.4929149797572,0.33663366336633666,1101.4929149797572
2,0.33663366336633666,1101.4929149797572,0.3564356435643564,1101.4929149797572
3,0.3564356435643564,1101.4929149797572,0.37623762376237624,1101.4929149797572
4,0.37623762376237624,1101.4929149797572,0.39603960396039606,1101.4929149797572
5,0.39603960396039606,1101.4929149797572,0.4158415841584158,1101.4929149797572
6,0.4158415841584158,1101.4929149797572,0.43564356435643564,1101.4929149797572
7,0.43564356435643564,1101.4929149797572,0.45544554455445546,1101.4929149797572
8,0.45544554455445546,1101.4929149797572,0.4752475247524752,1101.4929149797572
9,0.4752475247524752,1101.4929149797572,0.49504950495049505,1101.4929149797572
10,0.49504950495049505,1101.4929149797572,0.5148514851485149,1101.4929149797572
11,0.5148514851485149,1101.4929149797572,0.5346534653465347,1101.4929149797572
12,0.5346534653465347,1101.4929149797572,0.5544554455445545,1101.4929149797572
13,0.5544554455445545,1101.4929149797572,0.5742574257425742,1101.4929149797572
14,0.5742574257425742,1101.4929149797572,0.594059405940594,1101.4929149797572
15,0.594059405940594,1101.4929149797572,0.6138613861386139,1101.4929149797572
16,0.6138613861386139,1101.4929149797572,0.6336633663366337,1101.4929149797572
17,0.6336633663366337,1101.4929149797572,0.6534653465346535,1101.4929149797572
18,0.6534653465346535,1101.4929149797572,0.6732673267326733,1101.4929149797572
19,0.6732673267326733,1101.4929149797572,0.693069306930693,1101.4929149797572
20,0.693069306930693,1101.4929149797572,0.7128712871287128,1101.4929149797572
21,0.7128712871287128,1101.4929149797572,0.7326732673267327,1101.4929149797572
22,0.7326732673267327,1101.4929149797572,0.7524752475247525,1101.4929149797572
23,0.7524752475247525,1101.4929149797572,0.7722772277227723,1101.4929149797572
24,0.7722772277227723,1101.4929149797572,0.7920792079207921,1101.4929149797572
25,0.7920792079207921,1101.4929149797572,0.8118811881188119,1101.4929149797572
26,0.8118811881188119,1101.4929149797572,0.8316831683168316,1101.4929149797572
27,0.8316831683168316,1101.4929149797572,0.8514851485148515,1101.4929149797572
28,0.8514851485148515,1101.4929149797572,0.8712871287128713,1101.4929149797572
29,0.8712871287128713,1101.4929149797572,0.8910891089108911,1101.4929149797572
30,0.8910891089108911,1101.4929149797572,0.9108910891089109,1101.4929149797572
31,0.9108910891089109,1101.4929149797572,0.9306930693069307,1101.4929149797572
32,0.9306930693069307,1101.4929149797572,0.9504950495049505,1101.4929149797572
33,0.9504950495049505,1101.4929149797572,0.9702970297029703,1101.4929149797572
34,0.9702970297029703,1101.4929149797572,0.9900990099009901,1101.4929149797572
35,0.9900990099009901,1101.4929149797572,1.00990099009901,1101.5156882591093
36,1.00990099009901,1101.5156882591093,1.0297029702970297,1101.5156882591093
37,1.0297029702970297,1101.5156882591093,1.0495049504950495,1101.4929149797572
38,1.0495049504950495,1101.4929149797572,1.0693069306930694,1101.4929149797572
39,1.0693069306930694,1101.4929149797572,1.0891089108910892,1101.4929149797572
40,1.0891089108910892,1101.4929149797572,1.108910891089109,1101.4929149797572
41,1.108910891089109,1101.4929149797572,1.1287128712871286,1101.4929149797572
42,1.1287128712871286,1101.4929149797572,1.1485148514851484,1101.4929149797572
43,1.1485148514851484,1101.4929149797572,1.1683168316831682,1101.4929149797572
44,1.1683168316831682,1101.4929149797572,1.188118811881188,1101.4929149797572
45,1.188118811881188,1101.4929149797572,1.2079207920792079,1101.4929149797572
46,1.2079207920792079,1101.4929149797572,1.2277227722772277,1101.4929149797572
47,1.2277227722772277,1101.4929149797572,1.2475247524752475,1101.4929149797572
48,1.2475247524752475,1101.4929149797572,1.2673267326732673,1101.4929149797572
49,1.2673267326732673,1101.4929149797572,1.2871287128712872,1101.4929149797572
50,1.2871287128712872,1101.4929149797572,1.306930693069307,1101.4929149797572
51,1.306930693069307,1101.4929149797572,1.3267326732673268,1101.4929149797572
52,1.3267326732673268,1101.4929149797572,1.3465346534653466,1101.4929149797572
53,1.3465346534653466,1101.4929149797572,1.3663366336633664,1101.4701417004048
54,1.3663366336633664,1101.4701417004048,1.386138613861386,1101.4701417004048
55,1.386138613861386,1101.4701417004048,1.4059405940594059,1101.4701417004048
56,1.4059405940594059,1101.4701417004048,1.4257425742574257,1101.4473684210527
57,1.4257425742574257,1101.4473684210527,1.4455445544554455,1101.4473684210527
58,1.4455445544554455,1101.4473684210527,1.4653465346534653,1101.4245951417004
59,1.4653465346534653,1101.4245951417004,1.4851485148514851,1101.4245951417004
60,1.4851485148514851,1101.4245951417004,1.504950495049505,1101.4245951417004
61,1.504950495049505,1101.4245951417004,1.5247524752475248,1101.4018218623482
62,1.5247524752475248,1101.4018218623482,1.5445544554455446,1101.4018218623482
63,1.5445544554455446,1101.4018218623482,1.5643564356435644,1101.4018218623482
64,1.5643564356435644,1101.4018218623482,1.5841584158415842,1101.4018218623482
65,1.5841584158415842,1101.4018218623482,1.603960396039604,1101.4018218623482
66,1.603960396039604,1101.4018218623482,1.6237623762376239,1101.4018218623482
67,1.6237623762376239,1101.4018218623482,1.6435643564356435,1101.4018218623482
68,1.6435643564356435,1101.4018218623482,1.6633663366336633,1101.4018218623482
69,1.6633663366336633,1101.4018218623482,1.683168316831683,1101.4245951417004
70,1.683168316831683,1101.4245951417004,1.702970297029703,1101.4245951417004
71,1.702970297029703,1101.4245951417004,1.7227722772277227,1101.4245951417004
72,1.7227722772277227,1101.4245951417004,1.7425742574257426,1101.4473684210527
73,1.7425742574257426,1101.4473684210527,1.7623762376237624,1101.4473684210527
74,1.7623762376237624,1101.4473684210527,1.7821782178217822,1101.4701417004048
75,1.7821782178217822,1101.4701417004048,1.801980198019802,1101.4701417004048
76,1.801980198019802,1101.4701417004048,1.8217821782178218,1101.4701417004048
77,1.8217821782178218,1101.4701417004048,1.8415841584158417,1101.4701417004048
78,1.8415841584158417,1101.4701417004048,1.8613861386138615,1101.4929149797572
79,1.8613861386138615,1101.4929149797572,1.881188118811881,1101.4929149797572
80,1.881188118811881,1101.4929149797572,1.900990099009901,1101.4929149797572
81,1.900990099009901,1101.4929149797572,1.9207920792079207,1101.4929149797572
82,1.9207920792079207,1101.4929149797572,1.9405940594059405,1101.4929149797572
83,1.9405940594059405,1101.4929149797572,1.9603960396039604,1101.4929149797572
84,1.9603960396039604,1101.4929149797572,1.9801980198019802,1101.4929149797572
85,1.9801980198019802,1101.4929149797572,2.0,1101.4929149797572
86,2.0,1101.4929149797572,2.01980198019802,1101.4701417004048
87,2.01980198019802,1101.4701417004048,2.0396039603960396,1101.4929149797572
88,2.0396039603960396,1101.4929149797572,2.0594059405940595,1101.4929149797572
89,2.0594059405940595,1101.4929149797572,2.0792079207920793,1101.4701417004048
90,2.0792079207920793,1101.4701417004048,2.099009900990099,1101.4701417004048
91,2.099009900990099,1101.4701417004048,2.118811881188119,1101.4701417004048
92,2.118811881188119,1101.4701417004048,2.1386138613861387,1101.4701417004048
93,2.1386138613861387,1101.4701417004048,2.1584158415841586,1101.4701417004048
94,2.1584158415841586,1101.4701417004048,2.1782178217821784,1101.4701417004048
95,2.1782178217821784,1101.4701417004048,2.198019801980198,1101.4701417004048
96,2.198019801980198,1101.4701417004048,2.217821782178218,1101.4701417004048
97,2.217821782178218,1101.4701417004048,2.237623762376238,1101.4701417004048
98,2.237623762376238,1101.4701417004048,2.257425742574257,1101.4473684210527
99,2.257425742574257,1101.4473684210527,2.277227722772277,1101.4473684210527
100,2.277227722772277,1101.4473684210527,2.297029702970297,1101.4473684210527
101,2.297029702970297,1101.4473684210527,2.3168316831683167,1101.4473684210527
102,2.3168316831683167,1101.4473684210527,2.3366336633663365,1101.4473684210527
103,2.3366336633663365,1101.4473684210527,2.3564356435643563,1101.4473684210527
104,2.3564356435643563,1101.4473684210527,2.376237623762376,1101.4473684210527
105,2.376237623762376,1101.4473684210527,2.396039603960396,1101.4473684210527
106,2.396039603960396,1101.4473684210527,2.4158415841584158,1101.4245951417004
107,2.4158415841584158,1101.4245951417004,2.4356435643564356,1101.4245951417004
108,2.4356435643564356,1101.4245951417004,2.4554455445544554,1101.4245951417004
109,2.4554455445544554,1101.4245951417004,2.4752475247524752,1101.4245951417004
110,2.4752475247524752,1101.4245951417004,2.495049504950495,1101.4245951417004
111,2.495049504950495,1101.4245951417004,2.514851485148515,1101.4018218623482
112,2.514851485148515,1101.4018218623482,2.5346534653465347,1101.4018218623482
113,2.5346534653465347,1101.4018218623482,2.5544554455445545,1101.4018218623482
114,2.5544554455445545,1101.4018218623482,2.5742574257425743,1101.4018218623482
115,2.5742574257425743,1101.4018218623482,2.594059405940594,1101.4018218623482
116,2.594059405940594,1101.4018218623482,2.613861386138614,1101.4018218623482
117,2.613861386138614,1101.4018218623482,2.633663366336634,1101.4018218623482
118,2.633663366336634,1101.4018218623482,2.6534653465346536,1101.4018218623482
119,2.6534653465346536,1101.4018218623482,2.6732673267326734,1101.4018218623482
120,2.6732673267326734,1101.4018218623482,2.6930693069306932,1101.4018218623482
121,2.6930693069306932,1101.4018218623482,2.712871287128713,1101.379048582996
122,2.712871287128713,1101.379048582996,2.732673267326733,1101.379048582996
123,2.732673267326733,1101.379048582996,2.7524752475247523,1101.379048582996
124,2.7524752475247523,1101.379048582996,2.772277227722772,1101.379048582996
125,2.772277227722772,1101.379048582996,2.792079207920792,1101.379048582996
126,2.792079207920792,1101.379048582996,2.8118811881188117,1101.3562753036438
127,2.8118811881188117,1101.3562753036438,2.8316831683168315,1101.3562753036438
128,2.8316831683168315,1101.3562753036438,2.8514851485148514,1101.3562753036438
129,2.8514851485148514,1101.3562753036438,2.871287128712871,1101.3562753036438
130,2.871287128712871,1101.3562753036438,2.891089108910891,1101.3562753036438
131,2.891089108910891,1101.3562753036438,2.910891089108911,1101.3562753036438
132,2.910891089108911,1101.3562753036438,2.9306930693069306,1101.3562753036438
133,2.9306930693069306,1101.3562753036438,2.9504950495049505,1101.3562753036438
134,2.9504950495049505,1101.3562753036438,2.9702970297029703,1101.3335020242914
135,2.9702970297029703,1101.3335020242914,2.99009900990099,1101.3335020242914
136,2.99009900990099,1101.3335020242914,3.00990099009901,1101.3335020242914
137,3.00990099009901,1101.3335020242914,3.0297029702970297,1101.3335020242914
138,3.0297029702970297,1101.3335020242914,3.0495049504950495,1101.3335020242914
139,3.0495049504950495,1101.3335020242914,3.0693069306930694,1101.3335020242914
140,3.0693069306930694,1101.3335020242914,3.089108910891089,1101.3335020242914
141,3.089108910891089,1101.3335020242914,3.108910891089109,1101.3107287449393
142,3.108910891089109,1101.3107287449393,3.128712871287129,1101.3107287449393
143,3.128712871287129,1101.3107287449393,3.1485148514851486,1101.3107287449393
144,3.1485148514851486,1101.3107287449393,3.1683168316831685,1101.3107287449393
145,3.1683168316831685,1101.3107287449393,3.1881188118811883,1101.3107287449393
146,3.1881188118811883,1101.3107287449393,3.207920792079208,1101.3107287449393
147,3.207920792079208,1101.3107287449393,3.227722772277228,1101.3107287449393
148,3.227722772277228,1101.3107287449393,3.2475247524752477,1101.287955465587
149,3.2475247524752477,1101.287955465587,3.267326732673267,1101.287955465587
150,3.267326732673267,1101.287955465587,3.287128712871287,1101.287955465587
151,3.287128712871287,1101.287955465587,3.3069306930693068,1101.287955465587
152,3.3069306930693068,1101.287955465587,3.3267326732673266,1101.287955465587
153,3.3267326732673266,1101.287955465587,3.3465346534653464,1101.287955465587
154,3.3465346534653464,1101.287955465587,3.366336633663366,1101.287955465587
155,3.366336633663366,1101.287955465587,3.386138613861386,1101.287955465587
156,3.386138613861386,1101.287955465587,3.405940594059406,1101.287955465587
157,3.405940594059406,1101.287955465587,3.4257425742574257,1101.287955465587
158,3.4257425742574257,1101.287955465587,3.4455445544554455,1101.287955465587
159,3.4455445544554455,1101.287955465587,3.4653465346534653,1101.287955465587
160,3.4653465346534653,1101.287955465587,3.485148514851485,1101.287955465587
161,3.485148514851485,1101.287955465587,3.504950495049505,1101.287955465587
162,3.504950495049505,1101.287955465587,3.5247524752475248,1101.287955465587
163,3.5247524752475248,1101.287955465587,3.5445544554455446,1101.287955465587
164,3.5445544554455446,1101.287955465587,3.5643564356435644,1101.287955465587
165,3.5643564356435644,1101.287955465587,3.5841584158415842,1101.287955465587
166,3.5841584158415842,1101.287955465587,3.603960396039604,1101.287955465587
167,3.603960396039604,1101.287955465587,3.623762376237624,1101.287955465587
168,3.623762376237624,1101.287955465587,3.6435643564356437,1101.287955465587
169,3.6435643564356437,1101.287955465587,3.6633663366336635,1101.287955465587
170,3.6633663366336635,1101.287955465587,3.6831683168316833,1101.287955465587
171,3.6831683168316833,1101.287955465587,3.702970297029703,1101.287955465587
172,3.702970297029703,1101.287955465587,3.722772277227723,1101.287955465587
173,3.722772277227723,1101.287955465587,3.742574257425743,1101.287955465587
174,3.742574257425743,1101.287955465587,3.762376237623762,1101.287955465587
175,3.762376237623762,1101.287955465587,3.782178217821782,1101.287955465587
176,3.782178217821782,1101.287955465587,3.801980198019802,1101.287955465587
177,3.801980198019802,1101.287955465587,3.8217821782178216,1101.287955465587
178,3.8217821782178216,1101.287955465587,3.8415841584158414,1101.287955465587
179,3.8415841584158414,1101.287955465587,3.8613861386138613,1101.287955465587
180,3.8613861386138613,1101.287955465587,3.881188118811881,1101.287955465587
181,3.881188118811881,1101.287955465587,3.900990099009901,1101.287955465587
182,3.900990099009901,1101.287955465587,3.9207920792079207,1101.287955465587
183,3.9207920792079207,1101.287955465587,3.9405940594059405,1101.287955465587
184,3.9405940594059405,1101.287955465587,3.9603960396039604,1101.3107287449393
185,3.9603960396039604,1101.3107287449393,3.98019801980198,1101.3107287449393
186,3.98019801980198,1101.3107287449393,4.0,1101.3335020242914
187,4.0,1101.3335020242914,4.01980198019802,1101.3335020242914
188,4.01980198019802,1101.3335020242914,4.03960396039604,1101.3562753036438
189,4.03960396039604,1101.3562753036438,4.0594059405940595,1101.3562753036438
190,4.0594059405940595,1101.3562753036438,4.079207920792079,1101.379048582996
191,4.079207920792079,1101.379048582996,4.099009900990099,1101.379048582996
192,4.099009900990099,1101.379048582996,4.118811881188119,1101.4018218623482
193,4.118811881188119,1101.4018218623482,4.138613861386139,1101.4018218623482
194,4.138613861386139,1101.4018218623482,4.158415841584159,1101.4245951417004
195,4.158415841584159,1101.4245951417004,4.178217821782178,1101.4473684210527
196,4.178217821782178,1101.4473684210527,4.198019801980198,1101.4473684210527
197,4.198019801980198,1101.4473684210527,4.217821782178218,1101.4701417004048
198,4.217821782178218,1101.4701417004048,4.237623762376238,1101.4701417004048
199,4.237623762376238,1101.4701417004048,4.257425742574258,1101.4929149797572
200,4.257425742574258,1101.4929149797572,4.2772277227722775,1101.4929149797572
201,4.2772277227722775,1101.4929149797572,4.297029702970297,1101.4929149797572
202,4.297029702970297,1101.4929149797572,4.316831683168317,1101.4245951417004
203,4.316831683168317,1101.4929149797572,4.316831683168317,1101.3562753036438
204,4.316831683168317,1101.4245951417004,4.336633663366337,1101.3335020242914
205,4.336633663366337,1101.4018218623482,4.336633663366337,1101.2651821862348
206,4.336633663366337,1101.3335020242914,4.356435643564357,1101.3335020242914
207,4.356435643564357,1101.4018218623482,4.356435643564357,1101.2651821862348
208,4.356435643564357,1101.3335020242914,4.376237623762377,1101.4018218623482
209,4.376237623762377,1101.4929149797572,4.376237623762377,1101.3107287449393
210,4.376237623762377,1101.4018218623482,4.396039603960396,1101.4018218623482
211,4.396039603960396,1101.4929149797572,4.396039603960396,1101.3107287449393
212,4.396039603960396,1101.4018218623482,4.415841584158416,1101.3562753036438
213,4.415841584158416,1101.3562753036438,4.435643564356436,1101.3562753036438
214,4.435643564356436,1101.3562753036438,4.455445544554456,1101.3335020242914
215,4.455445544554456,1101.3335020242914,4.475247524752476,1101.2651821862348
216,4.475247524752476,1101.2651821862348,4.4950495049504955,1101.1285425101214
217,4.4950495049504955,1101.2651821862348,4.4950495049504955,1100.991902834008
218,4.4950495049504955,1101.1285425101214,4.514851485148514,1101.0146761133603
219,4.514851485148514,1101.0146761133603,4.534653465346534,1100.991902834008
220,4.534653465346534,1100.991902834008,4.554455445544554,1100.991902834008
221,4.554455445544554,1100.991902834008,4.574257425742574,1100.991902834008
222,4.574257425742574,1100.991902834008,4.594059405940594,1100.991902834008
223,4.594059405940594,1100.991902834008,4.6138613861386135,1100.991902834008
224,4.6138613861386135,1100.991902834008,4.633663366336633,1100.991902834008
225,4.633663366336633,1100.991902834008,4.653465346534653,1100.9691295546559
226,4.653465346534653,1100.9691295546559,4.673267326732673,1100.9008097165993
227,4.673267326732673,1100.9008097165993,4.693069306930693,1100.8552631578948
228,4.693069306930693,1100.8552631578948,4.712871287128713,1100.7641700404859
229,4.712871287128713,1100.7641700404859,4.732673267326732,1100.673076923077
230,4.732673267326732,1100.673076923077,4.752475247524752,1100.581983805668
231,4.752475247524752,1100.581983805668,4.772277227722772,1100.490890688259
232,4.772277227722772,1100.490890688259,4.792079207920792,1100.4225708502024
233,4.792079207920792,1100.490890688259,4.792079207920792,1100.3542510121458
234,4.792079207920792,1100.4225708502024,4.811881188118812,1100.3542510121458
235,4.811881188118812,1100.3542510121458,4.8316831683168315,1100.3542510121458
236,4.8316831683168315,1100.3542510121458,4.851485148514851,1100.3997975708503
237,4.851485148514851,1100.3997975708503,4.871287128712871,1100.468117408907
238,4.871287128712871,1100.468117408907,4.891089108910891,1100.468117408907
239,4.891089108910891,1100.468117408907,4.910891089108911,1100.4453441295548
240,4.910891089108911,1100.4453441295548,4.930693069306931,1100.4453441295548
241,4.930693069306931,1100.4453441295548,4.9504950495049505,1100.4225708502024
242,4.9504950495049505,1100.490890688259,4.9504950495049505,1100.3542510121458
243,4.9504950495049505,1100.4225708502024,4.97029702970297,1100.3542510121458
244,4.97029702970297,1100.3542510121458,4.99009900990099,1100.3087044534414
245,4.99009900990099,1100.3087044534414,5.00990099009901,1100.19483805668
246,5.00990099009901,1100.2631578947369,5.00990099009901,1100.1265182186235
247,5.00990099009901,1100.19483805668,5.02970297029703,1100.1037449392713
248,5.02970297029703,1100.2176113360324,5.02970297029703,1099.98987854251
249,5.02970297029703,1100.1037449392713,5.0495049504950495,1099.8987854251013
250,5.0495049504950495,1100.080971659919,5.0495049504950495,1099.7165991902834
251,5.0495049504950495,1099.8987854251013,5.069306930693069,1099.8987854251013
252,5.069306930693069,1100.1265182186235,5.069306930693069,1099.671052631579
253,5.069306930693069,1100.285931174089,5.089108910891089,1100.19483805668
254,5.069306930693069,1099.8987854251013,5.089108910891089,1100.19483805668
255,5.089108910891089,1100.490890688259,5.089108910891089,1099.8987854251013
256,5.089108910891089,1100.19483805668,5.108910891089109,1100.2403846153845
257,5.108910891089109,1100.490890688259,5.108910891089109,1099.98987854251
258,5.108910891089109,1100.2403846153845,5.128712871287129,1099.967105263158
259,5.128712871287129,1100.2631578947369,5.128712871287129,1099.671052631579
260,5.128712871287129,1099.967105263158,5.148514851485149,1099.671052631579
261,5.148514851485149,1099.8076923076924,5.148514851485149,1099.5344129554655
262,5.148514851485149,1099.671052631579,5.1683168316831685,1099.4433198380566
263,5.1683168316831685,1099.57995951417,5.1683168316831685,1099.3066801619434
264,5.1683168316831685,1099.4433198380566,5.188118811881188,1099.466093117409
265,5.188118811881188,1099.671052631579,5.188118811881188,1099.261133603239
266,5.188118811881188,1099.466093117409,5.207920792079208,1099.7165991902834
267,5.207920792079208,1099.98987854251,5.207920792079208,1099.4433198380566
268,5.207920792079208,1099.7165991902834,5.227722772277228,1099.967105263158
269,5.227722772277228,1099.967105263158,5.247524752475248,1099.98987854251
270,5.247524752475248,1099.98987854251,5.267326732673268,1099.98987854251
271,5.267326732673268,1099.98987854251,5.287128712871287,1099.98987854251
272,5.287128712871287,1099.98987854251,5.306930693069307,1099.98987854251
273,5.306930693069307,1099.98987854251,5.326732673267327,1099.98987854251
274,5.326732673267327,1099.98987854251,5.346534653465347,1099.967105263158
275,5.346534653465347,1099.967105263158,5.366336633663367,1099.8987854251013
276,5.366336633663367,1099.98987854251,5.366336633663367,1099.8076923076924
277,5.366336633663367,1099.8987854251013,5.3861386138613865,1099.762145748988
278,5.3861386138613865,1099.8532388663969,5.3861386138613865,1099.671052631579
279,5.3861386138613865,1099.762145748988,5.405940594059406,1099.6027327935224
280,5.405940594059406,1099.671052631579,5.405940594059406,1099.5344129554655
281,5.405940594059406,1099.6027327935224,5.425742574257426,1099.466093117409
282,5.425742574257426,1099.5344129554655,5.425742574257426,1099.3977732793521
283,5.425742574257426,1099.466093117409,5.445544554455446,1099.375
284,5.445544554455446,1099.4433198380566,5.445544554455446,1099.3066801619434
285,5.445544554455446,1099.375,5.465346534653466,1099.283906882591
286,5.465346534653466,1099.283906882591,5.485148514851486,1099.17004048583
287,5.485148514851486,1099.17004048583,5.5049504950495045,1099.1017206477734
288,5.5049504950495045,1099.17004048583,5.5049504950495045,1099.0334008097166
289,5.5049504950495045,1099.1017206477734,5.524752475247524,1099.0106275303644
290,5.524752475247524,1099.0106275303644,5.544554455445544,1098.987854251012
291,5.544554455445544,1098.987854251012,5.564356435643564,1098.96508097166
292,5.564356435643564,1098.96508097166,5.584158415841584,1098.8967611336031
293,5.584158415841584,1098.8967611336031,5.603960396039604,1098.7373481781376
294,5.603960396039604,1098.8512145748987,5.603960396039604,1098.6234817813765
295,5.603960396039604,1098.7373481781376,5.623762376237623,1098.7145748987855
296,5.623762376237623,1098.8512145748987,5.623762376237623,1098.577935222672
297,5.623762376237623,1098.7145748987855,5.643564356435643,1098.8284412955466
298,5.643564356435643,1098.987854251012,5.643564356435643,1098.669028340081
299,5.643564356435643,1098.8284412955466,5.663366336633663,1098.8284412955466
300,5.663366336633663,1098.987854251012,5.663366336633663,1098.669028340081
301,5.663366336633663,1098.8284412955466,5.683168316831683,1098.6234817813765
302,5.683168316831683,1098.76012145749,5.683168316831683,1098.4868421052631
303,5.683168316831683,1098.6234817813765,5.702970297029703,1098.4868421052631
304,5.702970297029703,1098.4868421052631,5.7227722772277225,1098.4868421052631
305,5.7227722772277225,1098.4868421052631,5.742574257425742,1098.4868421052631
306,5.742574257425742,1098.4868421052631,5.762376237623762,1098.4868421052631
307,5.762376237623762,1098.4868421052631,5.782178217821782,1098.4868421052631
308,5.782178217821782,1098.4868421052631,5.801980198019802,1098.464068825911
309,5.801980198019802,1098.464068825911,5.821782178217822,1098.4185222672065
310,5.821782178217822,1098.4185222672065,5.841584158415841,1098.372975708502
311,5.841584158415841,1098.372975708502,5.861386138613861,1098.281882591093
312,5.861386138613861,1098.3957489878542,5.861386138613861,1098.168016194332
313,5.861386138613861,1098.281882591093,5.881188118811881,1098.0996963562752
314,5.881188118811881,1098.2135627530365,5.881188118811881,1097.9858299595141
315,5.881188118811881,1098.0996963562752,5.900990099009901,1098.0086032388665
316,5.900990099009901,1098.0086032388665,5.920792079207921,1098.0086032388665
317,5.920792079207921,1098.0086032388665,5.9405940594059405,1097.9858299595141
318,5.9405940594059405,1097.9858299595141,5.96039603960396,1097.9402834008097
319,5.96039603960396,1097.9402834008097,5.98019801980198,1097.871963562753
320,5.98019801980198,1097.9402834008097,5.98019801980198,1097.8036437246963
321,5.98019801980198,1097.871963562753,6.0,1097.871963562753
322,6.0,1097.9402834008097,6.0,1097.8036437246963
323,6.0,1097.871963562753,6.01980198019802,1097.8947368421052
324,6.01980198019802,1098.0313765182186,6.01980198019802,1097.758097165992
325,6.01980198019802,1097.8947368421052,6.03960396039604,1097.7125506072875
326,6.03960396039604,1097.9402834008097,6.03960396039604,1097.4848178137652
327,6.03960396039604,1097.7125506072875,6.0594059405940595,1097.462044534413
328,6.0594059405940595,1097.6214574898786,6.0594059405940595,1097.3026315789473
329,6.0594059405940595,1097.462044534413,6.079207920792079,1097.3254048582996
330,6.079207920792079,1097.4392712550607,6.079207920792079,1097.2115384615386
331,6.079207920792079,1097.3254048582996,6.099009900990099,1097.4164979757086
332,6.099009900990099,1097.6214574898786,6.099009900990099,1097.2115384615386
333,6.099009900990099,1097.4164979757086,6.118811881188119,1097.6897773279352
334,6.118811881188119,1097.8036437246963,6.118811881188119,1097.5759109311741
335,6.118811881188119,1097.6897773279352,6.138613861386139,1097.7125506072875
336,6.138613861386139,1097.8036437246963,6.138613861386139,1097.6214574898786
337,6.138613861386139,1097.7125506072875,6.158415841584159,1097.5759109311741
338,6.158415841584159,1097.667004048583,6.158415841584159,1097.4848178137652
339,6.158415841584159,1097.5759109311741,6.178217821782178,1097.462044534413
340,6.178217821782178,1097.5303643724696,6.178217821782178,1097.3937246963562
341,6.178217821782178,1097.462044534413,6.198019801980198,1097.370951417004
342,6.198019801980198,1097.370951417004,6.217821782178218,1097.3254048582996
343,6.217821782178218,1097.3254048582996,6.237623762376238,1097.2798582995952
344,6.237623762376238,1097.2798582995952,6.257425742574258,1097.2343117408907
345,6.257425742574258,1097.3026315789473,6.257425742574258,1097.165991902834
346,6.257425742574258,1097.2343117408907,6.2772277227722775,1097.0976720647773
347,6.2772277227722775,1097.165991902834,6.2772277227722775,1097.0293522267207
348,6.2772277227722775,1097.0976720647773,6.297029702970297,1097.0065789473683
349,6.297029702970297,1097.0065789473683,6.316831683168317,1097.0065789473683
350,6.316831683168317,1097.0065789473683,6.336633663366337,1097.165991902834
351,6.336633663366337,1097.3481781376518,6.336633663366337,1096.9838056680162
352,6.336633663366337,1097.165991902834,6.356435643564357,1097.3254048582996
353,6.356435643564357,1097.667004048583,6.356435643564357,1096.9838056680162
354,6.356435643564357,1097.3254048582996,6.376237623762377,1097.2343117408907
355,6.376237623762377,1097.4848178137652,6.376237623762377,1096.9838056680162
356,6.376237623762377,1097.2343117408907,6.396039603960396,1096.8927125506073
357,6.396039603960396,1096.9838056680162,6.396039603960396,1096.8016194331983
358,6.396039603960396,1096.8927125506073,6.415841584158416,1096.8471659919028
359,6.415841584158416,1096.9838056680162,6.415841584158416,1096.7105263157894
360,6.415841584158416,1096.8471659919028,6.435643564356436,1096.8471659919028
361,6.435643564356436,1096.9838056680162,6.435643564356436,1096.7105263157894
362,6.435643564356436,1096.8471659919028,6.455445544554456,1096.7788461538462
363,6.455445544554456,1096.8927125506073,6.455445544554456,1096.6649797570851
364,6.455445544554456,1096.7788461538462,6.475247524752476,1096.5966599190283
365,6.475247524752476,1096.7105263157894,6.475247524752476,1096.4827935222672
366,6.475247524752476,1096.5966599190283,6.4950495049504955,1096.4827935222672
367,6.4950495049504955,1096.6649797570851,6.4950495049504955,1096.3006072874493
368,6.4950495049504955,1096.4827935222672,6.514851485148514,1096.2322874493927
369,6.514851485148514,1096.3461538461538,6.514851485148514,1096.1184210526317
370,6.514851485148514,1096.2322874493927,6.534653465346534,1096.1411943319838
371,6.534653465346534,1096.2095141700404,6.534653465346534,1096.0728744939272
372,6.534653465346534,1096.1411943319838,6.554455445544554,1096.0728744939272
373,6.554455445544554,1096.0728744939272,6.574257425742574,1096.0273279352227
374,6.574257425742574,1096.0273279352227,6.594059405940594,1096.0728744939272
375,6.594059405940594,1096.0728744939272,6.6138613861386135,1096.1184210526317
376,6.6138613861386135,1096.1184210526317,6.633663366336633,1096.163967611336
377,6.633663366336633,1096.163967611336,6.653465346534653,1096.1184210526317
378,6.653465346534653,1096.1184210526317,6.673267326732673,1096.1411943319838
379,6.673267326732673,1096.2095141700404,6.673267326732673,1096.0728744939272
380,6.673267326732673,1096.1411943319838,6.693069306930693,1096.1184210526317
381,6.693069306930693,1096.1184210526317,6.712871287128713,1096.163967611336
382,6.712871287128713,1096.163967611336,6.732673267326732,1096.3917004048583
383,6.732673267326732,1096.5738866396762,6.732673267326732,1096.2095141700404
384,6.732673267326732,1096.3917004048583,6.752475247524752,1096.3233805668017
385,6.752475247524752,1096.5738866396762,6.752475247524752,1096.0728744939272
386,6.752475247524752,1096.3233805668017,6.772277227722772,1096.0956477732793
387,6.772277227722772,1096.2095141700404,6.772277227722772,1095.9817813765183
388,6.772277227722772,1096.0956477732793,6.792079207920792,1095.8906882591093
389,6.792079207920792,1096.0273279352227,6.792079207920792,1095.754048582996
390,6.792079207920792,1095.8906882591093,6.811881188118812,1095.4807692307693
391,6.811881188118812,1095.9362348178138,6.811881188118812,1095.0253036437248
392,6.811881188118812,1095.4807692307693,6.8316831683168315,1095.0253036437248
393,6.8316831683168315,1095.253036437247,6.8316831683168315,1094.7975708502024
394,6.8316831683168315,1095.0253036437248,6.851485148514851,1095.0025303643724
395,6.851485148514851,1095.2985829959514,6.851485148514851,1094.7064777327935
396,6.851485148514851,1095.0025303643724,6.871287128712871,1095.1163967611335
397,6.871287128712871,1095.4807692307693,6.871287128712871,1094.752024291498
398,6.871287128712871,1095.1163967611335,6.891089108910891,1095.3896761133603
399,6.871287128712871,1095.1163967611335,6.891089108910891,1095.2074898785424
400,6.891089108910891,1095.4807692307693,6.891089108910891,1095.2985829959514
401,6.891089108910891,1095.3896761133603,6.910891089108911,1095.1847165991903
402,6.891089108910891,1095.2074898785424,6.910891089108911,1095.1847165991903
403,6.910891089108911,1095.3896761133603,6.910891089108911,1094.9797570850203
404,6.910891089108911,1095.1847165991903,6.930693069306931,1095.048076923077
405,6.930693069306931,1095.1163967611335,6.930693069306931,1094.9797570850203
406,6.930693069306931,1095.048076923077,6.9504950495049505,1094.9114372469635
407,6.9504950495049505,1094.9797570850203,6.9504950495049505,1094.843117408907
408,6.9504950495049505,1094.9114372469635,6.97029702970297,1094.7747975708503
409,6.97029702970297,1094.843117408907,6.97029702970297,1094.7064777327935
410,6.97029702970297,1094.7747975708503,6.99009900990099,1094.7292510121458
411,6.99009900990099,1094.843117408907,6.99009900990099,1094.6153846153845
412,6.99009900990099,1094.9797570850203,7.00990099009901,1095.0253036437248
413,6.99009900990099,1094.7292510121458,7.00990099009901,1095.0253036437248
414,7.00990099009901,1095.4352226720648,7.00990099009901,1094.6153846153845
415,7.00990099009901,1095.0253036437248,7.02970297029703,1095.2985829959514
416,7.02970297029703,1095.6174089068827,7.02970297029703,1094.9797570850203
417,7.02970297029703,1095.2985829959514,7.0495049504950495,1095.2758097165993
418,7.0495049504950495,1095.5718623481782,7.0495049504950495,1094.9797570850203
419,7.0495049504950495,1095.2758097165993,7.069306930693069,1094.9114372469635
420,7.069306930693069,1095.0708502024293,7.069306930693069,1094.752024291498
421,7.069306930693069,1094.9114372469635,7.089108910891089,1094.7975708502024
422,7.089108910891089,1094.9797570850203,7.089108910891089,1094.6153846153845
423,7.089108910891089,1094.7975708502024,7.108910891089109,1094.6153846153845
424,7.108910891089109,1094.6153846153845,7.128712871287129,1094.6153846153845
425,7.128712871287129,1094.6153846153845,7.148514851485149,1094.6153846153845
426,7.148514851485149,1094.6153846153845,7.1683168316831685,1094.6153846153845
427,7.1683168316831685,1094.6153846153845,7.188118811881188,1094.6153846153845
428,7.188118811881188,1094.6153846153845,7.207920792079208,1094.6153846153845
429,7.207920792079208,1094.6153846153845,7.227722772277228,1095.0025303643724
430,7.227722772277228,1095.3896761133603,7.227722772277228,1094.6153846153845
431,7.227722772277228,1095.0025303643724,7.247524752475248,1095.2074898785424
432,7.247524752475248,1095.4807692307693,7.247524752475248,1094.9342105263158
433,7.247524752475248,1095.2074898785424,7.267326732673268,1095.2302631578948
434,7.267326732673268,1095.4807692307693,7.267326732673268,1094.9797570850203
435,7.267326732673268,1095.2302631578948,7.287128712871287,1095.0708502024293
436,7.287128712871287,1095.161943319838,7.287128712871287,1094.9797570850203
437,7.287128712871287,1095.0708502024293,7.306930693069307,1095.0708502024293
438,7.306930693069307,1095.161943319838,7.306930693069307,1094.9797570850203
439,7.306930693069307,1095.0708502024293,7.326732673267327,1095.2302631578948
440,7.326732673267327,1095.2985829959514,7.326732673267327,1095.161943319838
441,7.326732673267327,1095.2302631578948,7.346534653465347,1095.253036437247
442,7.346534653465347,1095.253036437247,7.366336633663367,1095.2074898785424
443,7.366336633663367,1095.2074898785424,7.3861386138613865,1095.2302631578948
444,7.3861386138613865,1095.2302631578948,7.405940594059406,1095.253036437247
445,7.405940594059406,1095.253036437247,7.425742574257426,1095.2302631578948
446,7.425742574257426,1095.2985829959514,7.425742574257426,1095.161943319838
447,7.425742574257426,1095.2302631578948,7.445544554455446,1095.2074898785424
448,7.445544554455446,1095.2074898785424,7.465346534653466,1095.2302631578948
449,7.465346534653466,1095.2985829959514,7.465346534653466,1095.161943319838
450,7.465346534653466,1095.2302631578948,7.485148514851486,1095.1163967611335
451,7.485148514851486,1095.2074898785424,7.485148514851486,1095.0253036437248
452,7.485148514851486,1095.1163967611335,7.5049504950495045,1095.0025303643724
453,7.5049504950495045,1095.0025303643724,7.524752475247524,1095.0025303643724
454,7.524752475247524,1095.0025303643724,7.544554455445544,1095.1391700404859
455,7.544554455445544,1095.2985829959514,7.544554455445544,1094.9797570850203
456,7.544554455445544,1095.1391700404859,7.564356435643564,1095.5263157894738
457,7.544554455445544,1095.1391700404859,7.564356435643564,1094.9797570850203
458,7.564356435643564,1095.9817813765183,7.564356435643564,1095.0708502024293
459,7.564356435643564,1095.5263157894738,7.584158415841584,1095.9817813765183
460,7.584158415841584,1095.9817813765183,7.603960396039604,1095.9817813765183
461,7.603960396039604,1095.9817813765183,7.623762376237623,1096.0045546558704
462,7.623762376237623,1096.0045546558704,7.643564356435643,1096.1411943319838
463,7.643564356435643,1096.2550607287449,7.643564356435643,1096.0273279352227
464,7.643564356435643,1096.1411943319838,7.663366336633663,1096.3461538461538
465,7.663366336633663,1096.5738866396762,7.663366336633663,1096.1184210526317
466,7.663366336633663,1096.3461538461538,7.683168316831683,1096.3233805668017
467,7.683168316831683,1096.5738866396762,7.683168316831683,1096.0728744939272
468,7.683168316831683,1096.3233805668017,7.702970297029703,1096.0501012145749
469,7.702970297029703,1096.1184210526317,7.702970297029703,1095.9817813765183
470,7.702970297029703,1096.0501012145749,7.7227722772277225,1096.0273279352227
471,7.7227722772277225,1096.0273279352227,7.742574257425742,1096.0728744939272
472,7.742574257425742,1096.0728744939272,7.762376237623762,1096.0728744939272
473,7.762376237623762,1096.0728744939272,7.782178217821782,1096.3689271255062
474,7.782178217821782,1096.7560728744938,7.782178217821782,1095.9817813765183
475,7.782178217821782,1096.3689271255062,7.801980198019802,1096.4600202429149
476,7.801980198019802,1096.8927125506073,7.801980198019802,1096.0273279352227
477,7.801980198019802,1096.4600202429149,7.821782178217822,1096.2778340080972
478,7.821782178217822,1096.5738866396762,7.821782178217822,1095.9817813765183
479,7.821782178217822,1096.2778340080972,7.841584158415841,1096.0045546558704
480,7.841584158415841,1096.0045546558704,7.861386138613861,1095.9817813765183
481,7.861386138613861,1095.9817813765183,7.881188118811881,1095.9817813765183
482,7.881188118811881,1095.9817813765183,7.900990099009901,1095.9817813765183
483,7.900990099009901,1095.9817813765183,7.920792079207921,1096.0045546558704
484,7.920792079207921,1096.0045546558704,7.9405940594059405,1096.2322874493927
485,7.9405940594059405,1096.4827935222672,7.9405940594059405,1095.9817813765183
486,7.9405940594059405,1096.2322874493927,7.96039603960396,1096.7105263157894
487,7.96039603960396,1097.3937246963562,7.96039603960396,1096.0273279352227
488,7.96039603960396,1096.7105263157894,7.98019801980198,1097.3254048582996
489,7.96039603960396,1096.7105263157894,7.98019801980198,1097.1204453441296
490,7.98019801980198,1097.3937246963562,7.98019801980198,1097.2570850202428
491,7.98019801980198,1097.3254048582996,8.0,1097.4164979757086
492,8.0,1097.4164979757086,8.01980198019802,1097.4164979757086
493,8.01980198019802,1097.4164979757086,8.03960396039604,1097.3937246963562
494,8.03960396039604,1097.3937246963562,8.05940594059406,1097.4164979757086
495,8.05940594059406,1097.4164979757086,8.07920792079208,1097.7353238866397
496,8.07920792079208,1098.076923076923,8.07920792079208,1097.3937246963562
497,8.07920792079208,1097.7353238866397,8.099009900990099,1098.0086032388665
498,8.099009900990099,1098.1224696356276,8.099009900990099,1097.8947368421052
499,8.099009900990099,1098.0086032388665,8.118811881188119,1098.3957489878542
500,8.118811881188119,1098.76012145749,8.118811881188119,1098.0313765182186
501,8.118811881188119,1098.3957489878542,8.138613861386139,1098.577935222672
502,8.138613861386139,1098.8056680161944,8.138613861386139,1098.3502024291497
503,8.138613861386139,1098.577935222672,8.158415841584159,1098.8284412955466
504,8.158415841584159,1098.8284412955466,8.178217821782178,1099.3294534412955
505,8.178217821782178,1099.8076923076924,8.178217821782178,1098.8512145748987
506,8.178217821782178,1099.967105263158,8.198019801980198,1099.6482793522266
507,8.178217821782178,1099.3294534412955,8.198019801980198,1099.6482793522266
508,8.198019801980198,1099.98987854251,8.198019801980198,1099.3066801619434
509,8.198019801980198,1099.6482793522266,8.217821782178218,1099.967105263158
510,8.217821782178218,1100.080971659919,8.217821782178218,1099.8532388663969
511,8.217821782178218,1099.967105263158,8.237623762376238,1099.8076923076924
512,8.237623762376238,1100.080971659919,8.237623762376238,1099.5344129554655
513,8.237623762376238,1099.8076923076924,8.257425742574258,1099.7165991902834
514,8.257425742574258,1099.9443319838056,8.257425742574258,1099.488866396761
515,8.257425742574258,1099.7165991902834,8.277227722772277,1099.7165991902834
516,8.277227722772277,1099.8987854251013,8.277227722772277,1099.5344129554655
517,8.277227722772277,1099.7165991902834,8.297029702970297,1099.6482793522266
518,8.297029702970297,1099.8076923076924,8.297029702970297,1099.488866396761
519,8.297029702970297,1099.6482793522266,8.316831683168317,1099.762145748988
520,8.316831683168317,1100.0354251012145,8.316831683168317,1099.488866396761
521,8.316831683168317,1099.762145748988,8.336633663366337,1099.98987854251
522,8.336633663366337,1100.490890688259,8.336633663366337,1099.488866396761
523,8.336633663366337,1099.98987854251,8.356435643564357,1099.78491902834
524,8.356435643564357,1100.490890688259,8.356435643564357,1099.078947368421
525,8.356435643564357,1099.78491902834,8.376237623762377,1099.2155870445345
526,8.376237623762377,1099.3522267206479,8.376237623762377,1099.078947368421
527,8.376237623762377,1099.2155870445345,8.396039603960396,1099.1017206477734
528,8.396039603960396,1099.1017206477734,8.415841584158416,1099.557186234818
529,8.415841584158416,1100.0354251012145,8.415841584158416,1099.078947368421
530,8.415841584158416,1099.557186234818,8.435643564356436,1099.967105263158
531,8.435643564356436,1100.3542510121458,8.435643564356436,1099.57995951417
532,8.435643564356436,1099.967105263158,8.455445544554456,1100.3542510121458
533,8.455445544554456,1100.4453441295548,8.455445544554456,1100.2631578947369
534,8.455445544554456,1100.3542510121458,8.475247524752476,1100.468117408907
535,8.475247524752476,1100.468117408907,8.495049504950495,1100.490890688259
536,8.495049504950495,1100.490890688259,8.514851485148515,1100.490890688259
537,8.514851485148515,1100.490890688259,8.534653465346535,1100.490890688259
538,8.534653465346535,1100.490890688259,8.554455445544555,1100.490890688259
539,8.554455445544555,1100.490890688259,8.574257425742575,1100.490890688259
540,8.574257425742575,1100.490890688259,8.594059405940595,1100.490890688259
541,8.594059405940595,1100.490890688259,8.613861386138614,1100.490890688259
542,8.613861386138614,1100.490890688259,8.633663366336634,1100.6047570850203
543,8.633663366336634,1100.7186234817814,8.633663366336634,1100.490890688259
544,8.633663366336634,1100.6047570850203,8.653465346534654,1100.786943319838
545,8.653465346534654,1100.991902834008,8.653465346534654,1100.581983805668
546,8.653465346534654,1100.786943319838,8.673267326732674,1100.9691295546559
547,8.673267326732674,1100.9691295546559,8.693069306930694,1100.991902834008
548,8.693069306930694,1100.991902834008,8.712871287128714,1100.991902834008
549,8.712871287128714,1100.991902834008,8.732673267326733,1100.991902834008
550,8.732673267326733,1100.991902834008,8.752475247524753,1100.991902834008
551,8.752475247524753,1100.991902834008,8.772277227722773,1100.991902834008
552,8.772277227722773,1100.991902834008,8.792079207920793,1101.0146761133603
553,8.792079207920793,1101.0146761133603,8.811881188118813,1101.0374493927125
554,8.811881188118813,1101.0374493927125,8.831683168316832,1101.0374493927125
555,8.831683168316832,1101.0374493927125,8.851485148514852,1100.7186234817814
556,8.851485148514852,1100.991902834008,8.851485148514852,1100.4453441295548
557,8.851485148514852,1100.7186234817814,8.871287128712872,1100.6958502024293
558,8.871287128712872,1100.991902834008,8.871287128712872,1100.3997975708503
559,8.871287128712872,1100.6958502024293,8.891089108910892,1101.0146761133603
560,8.891089108910892,1101.3562753036438,8.891089108910892,1100.673076923077
561,8.891089108910892,1101.4473684210527,8.910891089108912,1101.2424089068827
562,8.891089108910892,1101.0146761133603,8.910891089108912,1101.2424089068827
563,8.910891089108912,1101.4929149797572,8.910891089108912,1100.991902834008
564,8.910891089108912,1101.2424089068827,8.930693069306932,1101.1968623481782
565,8.930693069306932,1101.4018218623482,8.930693069306932,1100.991902834008
566,8.930693069306932,1101.1968623481782,8.950495049504951,1101.0146761133603
567,8.950495049504951,1101.0146761133603,8.970297029702971,1100.991902834008
568,8.970297029702971,1100.991902834008,8.990099009900991,1100.991902834008
569,8.990099009900991,1100.991902834008,9.009900990099009,1101.1057692307693
570,9.009900990099009,1101.2196356275304,9.009900990099009,1100.991902834008
571,9.009900990099009,1101.1057692307693,9.029702970297029,1101.2651821862348
572,9.029702970297029,1101.4473684210527,9.029702970297029,1101.082995951417
573,9.029702970297029,1101.2651821862348,9.049504950495049,1101.4929149797572
574,9.049504950495049,1101.6751012145749,9.049504950495049,1101.3107287449393
575,9.049504950495049,1101.4929149797572,9.069306930693068,1101.7661943319838
576,9.069306930693068,1101.9483805668017,9.069306930693068,1101.584008097166
577,9.069306930693068,1101.7661943319838,9.089108910891088,1101.7661943319838
578,9.089108910891088,1101.9939271255062,9.089108910891088,1101.5384615384614
579,9.089108910891088,1101.7661943319838,9.108910891089108,1101.379048582996
580,9.108910891089108,1101.7661943319838,9.108910891089108,1100.991902834008
581,9.108910891089108,1101.379048582996,9.128712871287128,1101.0146761133603
582,9.128712871287128,1101.0146761133603,9.148514851485148,1100.991902834008
583,9.148514851485148,1100.991902834008,9.168316831683168,1100.9691295546559
584,9.168316831683168,1100.9691295546559,9.188118811881187,1100.8552631578948
585,9.188118811881187,1100.991902834008,9.188118811881187,1100.7186234817814
586,9.188118811881187,1100.8552631578948,9.207920792079207,1100.7641700404859
587,9.188118811881187,1100.8552631578948,9.207920792079207,1100.581983805668
588,9.207920792079207,1100.673076923077,9.207920792079207,1100.490890688259
589,9.207920792079207,1100.581983805668,9.227722772277227,1100.4453441295548
590,9.227722772277227,1100.4453441295548,9.247524752475247,1100.377024291498
591,9.247524752475247,1100.377024291498,9.267326732673267,1100.3314777327935
592,9.267326732673267,1100.3314777327935,9.287128712871286,1100.285931174089
593,9.287128712871286,1100.285931174089,9.306930693069306,1100.285931174089
594,9.306930693069306,1100.285931174089,9.326732673267326,1100.490890688259
595,9.326732673267326,1100.673076923077,9.326732673267326,1100.3087044534414
596,9.326732673267326,1100.490890688259,9.346534653465346,1100.7413967611335
597,9.346534653465346,1100.9463562753037,9.346534653465346,1100.5364372469635
598,9.346534653465346,1100.7413967611335,9.366336633663366,1100.9691295546559
599,9.366336633663366,1101.0374493927125,9.366336633663366,1100.9008097165993
600,9.366336633663366,1100.9691295546559,9.386138613861386,1101.0146761133603
601,9.386138613861386,1101.0146761133603,9.405940594059405,1100.991902834008
602,9.405940594059405,1100.991902834008,9.425742574257425,1100.786943319838
603,9.425742574257425,1100.991902834008,9.425742574257425,1100.581983805668
604,9.425742574257425,1100.786943319838,9.445544554455445,1100.5136639676114
605,9.445544554455445,1100.7186234817814,9.445544554455445,1100.3087044534414
606,9.445544554455445,1100.5136639676114,9.465346534653465,1100.4225708502024
607,9.465346534653465,1100.5364372469635,9.465346534653465,1100.3087044534414
608,9.465346534653465,1100.4225708502024,9.485148514851485,1100.5364372469635
609,9.485148514851485,1100.673076923077,9.485148514851485,1100.3997975708503
610,9.485148514851485,1100.5364372469635,9.504950495049505,1100.7186234817814
611,9.504950495049505,1100.8097165991903,9.504950495049505,1100.6275303643724
612,9.504950495049505,1100.7186234817814,9.524752475247524,1100.8324898785424
613,9.524752475247524,1100.8324898785424,9.544554455445544,1100.878036437247
614,9.544554455445544,1100.878036437247,9.564356435643564,1100.9235829959514
615,9.564356435643564,1100.9235829959514,9.584158415841584,1100.9691295546559
616,9.584158415841584,1100.9691295546559,9.603960396039604,1100.9008097165993
617,9.603960396039604,1100.991902834008,9.603960396039604,1100.8097165991903
618,9.603960396039604,1100.9008097165993,9.623762376237623,1100.6958502024293
619,9.623762376237623,1100.9008097165993,9.623762376237623,1100.490890688259
620,9.623762376237623,1100.6958502024293,9.643564356435643,1100.468117408907
621,9.643564356435643,1100.673076923077,9.643564356435643,1100.2631578947369
622,9.643564356435643,1100.468117408907,9.663366336633663,1100.2403846153845
623,9.663366336633663,1100.3087044534414,9.663366336633663,1100.172064777328
624,9.663366336633663,1100.2403846153845,9.683168316831683,1100.1492914979758
625,9.683168316831683,1100.1492914979758,9.702970297029703,1100.0581983805669
626,9.702970297029703,1100.0581983805669,9.722772277227723,1100.0581983805669
627,9.722772277227723,1100.0581983805669,9.742574257425742,1100.080971659919
628,9.742574257425742,1100.080971659919,9.762376237623762,1100.172064777328
629,9.762376237623762,1100.172064777328,9.782178217821782,1100.2403846153845
630,9.782178217821782,1100.3087044534414,9.782178217821782,1100.172064777328
631,9.782178217821782,1100.2403846153845,9.801980198019802,1100.3087044534414
632,9.801980198019802,1100.3087044534414,9.821782178217822,1100.3087044534414
633,9.821782178217822,1100.3087044534414,9.841584158415841,1100.2631578947369
634,9.841584158415841,1100.2631578947369,9.861386138613861,1100.1492914979758
635,9.861386138613861,1100.2176113360324,9.861386138613861,1100.080971659919
636,9.861386138613861,1100.1492914979758,9.881188118811881,1100.0581983805669
637,9.881188118811881,1100.1265182186235,9.881188118811881,1099.98987854251
638,9.881188118811881,1100.0581983805669,9.900990099009901,1099.967105263158
639,9.900990099009901,1099.967105263158,9.92079207920792,1099.98987854251
640,9.92079207920792,1099.98987854251,9.94059405940594,1100.19483805668
641,9.94059405940594,1100.3997975708503,9.94059405940594,1099.98987854251
642,9.94059405940594,1100.19483805668,9.96039603960396,1100.490890688259
643,9.96039603960396,1100.8097165991903,9.96039603960396,1100.172064777328
644,9.96039603960396,1100.490890688259,9.98019801980198,1100.7186234817814
645,9.98019801980198,1100.9008097165993,9.98019801980198,1100.5364372469635
646,9.98019801980198,1100.7186234817814,10.0,1100.7186234817814
647,10.0,1100.9008097165993,10.0,1100.5364372469635
648,10.0,1100.7186234817814,10.01980198019802,1100.5364372469635
649,10.01980198019802,1100.7186234817814,10.01980198019802,1100.3542510121458
650,10.01980198019802,1100.5364372469635,10.03960396039604,1100.3997975708503
651,10.03960396039604,1100.3997975708503,10.05940594059406,1100.3087044534414
652,10.05940594059406,1100.3087044534414,10.07920792079208,1100.3087044534414
653,10.07920792079208,1100.3087044534414,10.099009900990099,1100.285931174089
654,10.099009900990099,1100.285931174089,10.118811881188119,1100.285931174089
655,10.118811881188119,1100.285931174089,10.138613861386139,1100.2403846153845
656,10.138613861386139,1100.2403846153845,10.158415841584159,1100.2176113360324
657,10.158415841584159,1100.2176113360324,10.178217821782178,1100.3314777327935
658,10.178217821782178,1100.490890688259,10.178217821782178,1100.172064777328
659,10.178217821782178,1100.3314777327935,10.198019801980198,1100.5136639676114
660,10.198019801980198,1100.673076923077,10.198019801980198,1100.3542510121458
661,10.198019801980198,1100.5136639676114,10.217821782178218,1100.6275303643724
662,10.217821782178218,1100.6275303643724,10.237623762376238,1100.6047570850203
663,10.237623762376238,1100.673076923077,10.237623762376238,1100.5364372469635
664,10.237623762376238,1100.6047570850203,10.257425742574258,1100.490890688259
665,10.257425742574258,1100.490890688259,10.277227722772277,1100.377024291498
666,10.277227722772277,1100.4453441295548,10.277227722772277,1100.3087044534414
667,10.277227722772277,1100.377024291498,10.297029702970297,1100.3087044534414
668,10.297029702970297,1100.3087044534414,10.316831683168317,1100.2403846153845
669,10.316831683168317,1100.2403846153845,10.336633663366337,1100.2403846153845
670,10.336633663366337,1100.2403846153845,10.356435643564357,1100.2176113360324
671,10.356435643564357,1100.2176113360324,10.376237623762377,1100.19483805668
672,10.376237623762377,1100.19483805668,10.396039603960396,1100.1265182186235
673,10.396039603960396,1100.1265182186235,10.415841584158416,1100.0581983805669
674,10.415841584158416,1100.1265182186235,10.415841584158416,1099.98987854251
675,10.415841584158416,1100.0581983805669,10.435643564356436,1099.98987854251
676,10.435643564356436,1099.98987854251,10.455445544554456,1099.9215587044534
677,10.455445544554456,1099.9215587044534,10.475247524752476,1099.876012145749
678,10.475247524752476,1099.876012145749,10.495049504950495,1099.8304655870445
679,10.495049504950495,1099.8304655870445,10.514851485148515,1099.78491902834
680,10.514851485148515,1099.78491902834,10.534653465346535,1099.78491902834
681,10.534653465346535,1099.78491902834,10.554455445544555,1099.8532388663969
682,10.554455445544555,1099.8532388663969,10.574257425742575,1099.9443319838056
683,10.574257425742575,1100.0354251012145,10.574257425742575,1099.8532388663969
684,10.574257425742575,1099.9443319838056,10.594059405940595,1100.080971659919
685,10.594059405940595,1100.172064777328,10.594059405940595,1099.98987854251
686,10.594059405940595,1100.080971659919,10.613861386138614,1100.19483805668
687,10.613861386138614,1100.2631578947369,10.613861386138614,1100.1265182186235
688,10.613861386138614,1100.19483805668,10.633663366336634,1100.285931174089
689,10.633663366336634,1100.285931174089,10.653465346534654,1100.3087044534414
690,10.653465346534654,1100.3087044534414,10.673267326732674,1100.285931174089
691,10.673267326732674,1100.285931174089,10.693069306930694,1100.285931174089
692,10.693069306930694,1100.285931174089,10.712871287128714,1100.3087044534414
693,10.712871287128714,1100.3087044534414,10.732673267326733,1100.4225708502024
694,10.732673267326733,1100.490890688259,10.732673267326733,1100.3542510121458
695,10.732673267326733,1100.4225708502024,10.752475247524753,1100.5364372469635
696,10.752475247524753,1100.6275303643724,10.752475247524753,1100.4453441295548
697,10.752475247524753,1100.5364372469635,10.772277227722773,1100.6503036437248
698,10.772277227722773,1100.7186234817814,10.772277227722773,1100.581983805668
699,10.772277227722773,1100.6503036437248,10.792079207920793,1100.7641700404859
700,10.792079207920793,1100.7641700404859,10.811881188118813,1100.786943319838
701,10.811881188118813,1100.786943319838,10.831683168316832,1100.786943319838
702,10.831683168316832,1100.786943319838,10.851485148514852,1100.7413967611335
703,10.851485148514852,1100.7413967611335,10.871287128712872,1100.6958502024293
704,10.871287128712872,1100.6958502024293,10.891089108910892,1100.6958502024293
705,10.891089108910892,1100.6958502024293,10.910891089108912,1100.7186234817814
706,10.910891089108912,1100.7186234817814,10.930693069306932,1100.7413967611335
707,10.930693069306932,1100.7413967611335,10.950495049504951,1100.786943319838
708,10.950495049504951,1100.786943319838,10.970297029702971,1100.8097165991903
709,10.970297029702971,1100.8097165991903,10.990099009900991,1100.8324898785424
710,10.990099009900991,1100.8324898785424,11.009900990099009,1100.8324898785424
711,11.009900990099009,1100.8324898785424,11.029702970297029,1100.878036437247
712,11.029702970297029,1100.878036437247,11.049504950495049,1100.9235829959514
713,11.049504950495049,1100.9235829959514,11.069306930693068,1100.9235829959514
714,11.069306930693068,1100.9235829959514,11.089108910891088,1100.9463562753037
715,11.089108910891088,1100.9463562753037,11.108910891089108,1100.9691295546559
716,11.108910891089108,1100.9691295546559,11.128712871287128,1100.991902834008
717,11.128712871287128,1100.991902834008,11.148514851485148,1100.991902834008
718,11.148514851485148,1100.991902834008,11.168316831683168,1100.991902834008
719,11.168316831683168,1100.991902834008,11.188118811881187,1100.991902834008
720,11.188118811881187,1100.991902834008,11.207920792079207,1100.991902834008
721,11.207920792079207,1100.991902834008,11.227722772277227,1100.991902834008
722,11.227722772277227,1100.991902834008,11.247524752475247,1100.991902834008
723,11.247524752475247,1100.991902834008,11.267326732673267,1100.991902834008
724,11.267326732673267,1100.991902834008,11.287128712871286,1100.991902834008
725,11.287128712871286,1100.991902834008,11.306930693069306,1100.991902834008
726,11.306930693069306,1100.991902834008,11.326732673267326,1100.991902834008
727,11.326732673267326,1100.991902834008,11.346534653465346,1100.991902834008
728,11.346534653465346,1100.991902834008,11.366336633663366,1101.0146761133603
729,11.366336633663366,1101.0146761133603,11.386138613861386,1100.991902834008
730,11.386138613861386,1100.991902834008,11.405940594059405,1100.9691295546559
731,11.405940594059405,1100.9691295546559,11.425742574257425,1100.9008097165993
732,11.425742574257425,1100.9008097165993,11.445544554455445,1100.8097165991903
733,11.445544554455445,1100.8097165991903,11.465346534653465,1100.673076923077
734,11.465346534653465,1100.7641700404859,11.465346534653465,1100.581983805668
735,11.465346534653465,1100.673076923077,11.485148514851485,1100.5136639676114
736,11.485148514851485,1100.6275303643724,11.485148514851485,1100.3997975708503
737,11.485148514851485,1100.5136639676114,11.504950495049505,1100.377024291498
738,11.504950495049505,1100.4453441295548,11.504950495049505,1100.3087044534414
739,11.504950495049505,1100.377024291498,11.524752475247524,1100.3542510121458
740,11.524752475247524,1100.3542510121458,11.544554455445544,1100.4453441295548
741,11.544554455445544,1100.5364372469635,11.544554455445544,1100.3542510121458
742,11.544554455445544,1100.4453441295548,11.564356435643564,1100.581983805668
743,11.564356435643564,1100.673076923077,11.564356435643564,1100.490890688259
744,11.564356435643564,1100.581983805668,11.584158415841584,1100.673076923077
745,11.584158415841584,1100.673076923077,11.603960396039604,1100.7186234817814
746,11.603960396039604,1100.7186234817814,11.623762376237623,1100.7186234817814
747,11.623762376237623,1100.7186234817814,11.643564356435643,1100.6958502024293
748,11.643564356435643,1100.6958502024293,11.663366336633663,1100.6958502024293
749,11.663366336633663,1100.6958502024293,11.683168316831683,1100.6958502024293
750,11.683168316831683,1100.6958502024293,11.702970297029703,1100.6958502024293
751,11.702970297029703,1100.6958502024293,11.722772277227723,1100.6958502024293
752,11.722772277227723,1100.6958502024293,11.742574257425742,1100.6958502024293
753,11.742574257425742,1100.6958502024293,11.762376237623762,1100.673076923077
754,11.762376237623762,1100.673076923077,11.782178217821782,1100.673076923077
755,11.782178217821782,1100.673076923077,11.801980198019802,1100.673076923077
756,11.801980198019802,1100.673076923077,11.821782178217822,1100.6958502024293
757,11.821782178217822,1100.6958502024293,11.841584158415841,1100.7413967611335
758,11.841584158415841,1100.7413967611335,11.861386138613861,1100.8097165991903
759,11.861386138613861,1100.8097165991903,11.881188118811881,1100.8552631578948
760,11.881188118811881,1100.8552631578948,11.900990099009901,1100.8097165991903
761,11.900990099009901,1100.9008097165993,11.900990099009901,1100.7186234817814
762,11.900990099009901,1100.8097165991903,11.92079207920792,1100.6503036437248
763,11.92079207920792,1100.7641700404859,11.92079207920792,1100.5364372469635
764,11.92079207920792,1100.6503036437248,11.94059405940594,1100.5136639676114
765,11.94059405940594,1100.6275303643724,11.94059405940594,1100.3997975708503
766,11.94059405940594,1100.5136639676114,11.96039603960396,1100.4225708502024
767,11.96039603960396,1100.4225708502024,11.98019801980198,1100.4225708502024
768,11.98019801980198,1100.4225708502024,12.0,1100.468117408907
769,12.0,1100.468117408907,12.01980198019802,1100.468117408907
770,12.01980198019802,1100.468117408907,12.03960396039604,1100.468117408907
771,12.03960396039604,1100.468117408907,12.05940594059406,1100.4225708502024
772,12.05940594059406,1100.4225708502024,12.07920792079208,1100.3997975708503
773,12.07920792079208,1100.3997975708503,12.099009900990099,1100.3997975708503
774,12.099009900990099,1100.3997975708503,12.118811881188119,1100.377024291498
775,12.118811881188119,1100.377024291498,12.138613861386139,1100.3997975708503
776,12.138613861386139,1100.3997975708503,12.158415841584159,1100.4225708502024
777,12.158415841584159,1100.4225708502024,12.178217821782178,1100.468117408907
778,12.178217821782178,1100.468117408907,12.198019801980198,1100.490890688259
779,12.198019801980198,1100.490890688259,12.217821782178218,1100.490890688259
780,12.217821782178218,1100.490890688259,12.237623762376238,1100.4453441295548
781,12.237623762376238,1100.4453441295548,12.257425742574258,1100.4225708502024
782,12.257425742574258,1100.4225708502024,12.277227722772277,1100.3997975708503
783,12.277227722772277,1100.3997975708503,12.297029702970297,1100.3997975708503
784,12.297029702970297,1100.3997975708503,12.316831683168317,1100.3997975708503
785,12.316831683168317,1100.3997975708503,12.336633663366337,1100.4225708502024
786,12.336633663366337,1100.4225708502024,12.356435643564357,1100.468117408907
787,12.356435643564357,1100.468117408907,12.376237623762377,1100.468117408907
788,12.376237623762377,1100.468117408907,12.396039603960396,1100.490890688259
789,12.396039603960396,1100.490890688259,12.415841584158416,1100.490890688259
790,12.415841584158416,1100.490890688259,12.435643564356436,1100.468117408907
791,12.435643564356436,1100.468117408907,12.455445544554456,1100.4453441295548
792,12.455445544554456,1100.4453441295548,12.475247524752476,1100.4225708502024
793,12.475247524752476,1100.4225708502024,12.495049504950495,1100.3997975708503
794,12.495049504950495,1100.3997975708503,12.514851485148515,1100.377024291498
795,12.514851485148515,1100.377024291498,12.534653465346535,1100.3542510121458
796,12.534653465346535,1100.3542510121458,12.554455445544555,1100.3314777327935
797,12.554455445544555,1100.3314777327935,12.574257425742575,1100.3087044534414
798,12.574257425742575,1100.3087044534414,12.594059405940595,1100.3087044534414
799,12.594059405940595,1100.3087044534414,12.613861386138614,1100.285931174089
800,12.613861386138614,1100.285931174089,12.633663366336634,1100.2403846153845
801,12.633663366336634,1100.2403846153845,12.653465346534654,1100.2403846153845
802,12.653465346534654,1100.2403846153845,12.673267326732674,1100.2176113360324
803,12.673267326732674,1100.2176113360324,12.693069306930694,1100.19483805668
804,12.693069306930694,1100.19483805668,12.712871287128714,1100.172064777328
805,12.712871287128714,1100.172064777328,12.732673267326733,1100.1492914979758
806,12.732673267326733,1100.1492914979758,12.752475247524753,1100.1492914979758
807,12.752475247524753,1100.1492914979758,12.772277227722773,1100.1037449392713
808,12.772277227722773,1100.1037449392713,12.792079207920793,1100.1037449392713
809,12.792079207920793,1100.1037449392713,12.811881188118813,1100.0581983805669
810,12.811881188118813,1100.0581983805669,12.831683168316832,1100.0581983805669
811,12.831683168316832,1100.0581983805669,12.851485148514852,1100.0126518218624
812,12.851485148514852,1100.0126518218624,12.871287128712872,1099.98987854251
813,12.871287128712872,1099.98987854251,12.891089108910892,1099.98987854251
814,12.891089108910892,1099.98987854251,12.910891089108912,1099.98987854251
815,12.910891089108912,1099.98987854251,12.930693069306932,1099.98987854251
816,12.930693069306932,1099.98987854251,12.950495049504951,1099.98987854251
817,12.950495049504951,1099.98987854251,12.970297029702971,1099.98987854251
818,12.970297029702971,1099.98987854251,12.990099009900991,1099.98987854251
819,12.990099009900991,1099.98987854251,13.009900990099009,1099.98987854251
820,13.009900990099009,1099.98987854251,13.029702970297029,1100.0126518218624
821,13.029702970297029,1100.0126518218624,13.049504950495049,1099.98987854251
822,13.049504950495049,1099.98987854251,13.069306930693068,1099.98987854251
823,13.069306930693068,1099.98987854251,13.089108910891088,1099.98987854251
824,13.089108910891088,1099.98987854251,13.108910891089108,1099.967105263158
825,13.108910891089108,1099.967105263158,13.128712871287128,1099.967105263158
826,13.128712871287128,1099.967105263158,13.148514851485148,1099.9215587044534
827,13.148514851485148,1099.9215587044534,13.168316831683168,1099.9215587044534
828,13.168316831683168,1099.9215587044534,13.188118811881187,1099.8987854251013
829,13.188118811881187,1099.8987854251013,13.207920792079207,1099.8987854251013
830,13.207920792079207,1099.8987854251013,13.227722772277227,1099.9215587044534
831,13.227722772277227,1099.9215587044534,13.247524752475247,1099.9215587044534
832,13.247524752475247,1099.9215587044534,13.267326732673267,1099.9443319838056
833,13.267326732673267,1099.9443319838056,13.287128712871286,1099.967105263158
834,13.287128712871286,1099.967105263158,13.306930693069306,1099.967105263158
835,13.306930693069306,1099.967105263158,13.326732673267326,1099.98987854251
836,13.326732673267326,1099.98987854251,13.346534653465346,1099.98987854251
837,13.346534653465346,1099.98987854251,13.366336633663366,1099.98987854251
838,13.366336633663366,1099.98987854251,13.386138613861386,1099.98987854251
839,13.386138613861386,1099.98987854251,13.405940594059405,1099.98987854251
840,13.405940594059405,1099.98987854251,13.425742574257425,1099.98987854251
841,13.425742574257425,1099.98987854251,13.445544554455445,1099.967105263158
842,13.445544554455445,1099.967105263158,13.465346534653465,1099.967105263158
843,13.465346534653465,1099.967105263158,13.485148514851485,1099.9443319838056
844,13.485148514851485,1099.9443319838056,13.504950495049505,1099.9215587044534
845,13.504950495049505,1099.9215587044534,13.524752475247524,1099.876012145749
846,13.524752475247524,1099.876012145749,13.544554455445544,1099.8532388663969
847,13.544554455445544,1099.8532388663969,13.564356435643564,1099.78491902834
848,13.564356435643564,1099.78491902834,13.584158415841584,1099.7393724696356
849,13.584158415841584,1099.7393724696356,13.603960396039604,1099.671052631579
850,13.603960396039604,1099.671052631579,13.623762376237623,1099.6482793522266
851,13.623762376237623,1099.6482793522266,13.643564356435643,1099.6027327935224
852,13.643564356435643,1099.6027327935224,13.663366336633663,1099.5116396761134
853,13.663366336633663,1099.5116396761134,13.683168316831683,1099.5116396761134
854,13.683168316831683,1099.5116396761134,13.702970297029703,1099.488866396761
855,13.702970297029703,1099.488866396761,13.722772277227723,1099.466093117409
856,13.722772277227723,1099.466093117409,13.742574257425742,1099.466093117409
857,13.742574257425742,1099.466093117409,13.762376237623762,1099.466093117409
858,13.762376237623762,1099.466093117409,13.782178217821782,1099.466093117409
859,13.782178217821782,1099.466093117409,13.801980198019802,1099.488866396761
860,13.801980198019802,1099.488866396761,13.821782178217822,1099.488866396761
861,13.821782178217822,1099.488866396761,13.841584158415841,1099.488866396761
862,13.841584158415841,1099.488866396761,13.861386138613861,1099.488866396761
863,13.861386138613861,1099.488866396761,13.881188118811881,1099.488866396761
864,13.881188118811881,1099.488866396761,13.900990099009901,1099.488866396761
865,13.900990099009901,1099.488866396761,13.92079207920792,1099.488866396761
866,13.92079207920792,1099.488866396761,13.94059405940594,1099.488866396761
867,13.94059405940594,1099.488866396761,13.96039603960396,1099.488866396761
868,13.96039603960396,1099.488866396761,13.98019801980198,1099.488866396761
869,13.98019801980198,1099.488866396761,14.0,1099.5116396761134
870,14.0,1099.5116396761134,14.01980198019802,1099.5116396761134
871,14.01980198019802,1099.5116396761134,14.03960396039604,1099.5116396761134
872,14.03960396039604,1099.5116396761134,14.05940594059406,1099.5116396761134
873,14.05940594059406,1099.5116396761134,14.07920792079208,1099.557186234818
874,14.07920792079208,1099.557186234818,14.099009900990099,1099.557186234818
875,14.099009900990099,1099.557186234818,14.118811881188119,1099.57995951417
876,14.118811881188119,1099.57995951417,14.138613861386139,1099.6027327935224
877,14.138613861386139,1099.6027327935224,14.158415841584159,1099.6255060728745
878,14.158415841584159,1099.6255060728745,14.178217821782178,1099.57995951417
879,14.178217821782178,1099.57995951417,14.198019801980198,1099.5116396761134
880,14.198019801980198,1099.57995951417,14.198019801980198,1099.4433198380566
881,14.198019801980198,1099.5116396761134,14.217821782178218,1099.375
882,14.217821782178218,1099.488866396761,14.217821782178218,1099.261133603239
883,14.217821782178218,1099.375,14.237623762376238,1099.2155870445345
884,14.237623762376238,1099.3066801619434,14.237623762376238,1099.1244939271255
885,14.237623762376238,1099.2155870445345,14.257425742574258,1099.078947368421
886,14.257425742574258,1099.078947368421,14.277227722772277,1099.0334008097166
887,14.277227722772277,1099.0334008097166,14.297029702970297,1099.0106275303644
888,14.297029702970297,1099.0106275303644,14.316831683168317,1099.0106275303644
889,14.316831683168317,1099.0106275303644,14.336633663366337,1098.987854251012
890,14.336633663366337,1098.987854251012,14.356435643564357,1098.987854251012
891,14.356435643564357,1098.987854251012,14.376237623762377,1098.987854251012
892,14.376237623762377,1098.987854251012,14.396039603960396,1098.987854251012
893,14.396039603960396,1098.987854251012,14.415841584158416,1098.987854251012
894,14.415841584158416,1098.987854251012,14.435643564356436,1098.987854251012
895,14.435643564356436,1098.987854251012,14.455445544554456,1098.987854251012
896,14.455445544554456,1098.987854251012,14.475247524752476,1099.0106275303644
897,14.475247524752476,1099.0106275303644,14.495049504950495,1099.0106275303644
898,14.495049504950495,1099.0106275303644,14.514851485148515,1099.0106275303644
899,14.514851485148515,1099.0106275303644,14.534653465346535,1099.0106275303644
900,14.534653465346535,1099.0106275303644,14.554455445544555,1098.873987854251
901,14.534653465346535,1098.8967611336031,14.554455445544555,1098.873987854251
902,14.554455445544555,1098.9423076923076,14.554455445544555,1098.8056680161944
903,14.554455445544555,1098.873987854251,14.574257425742575,1098.7373481781376
904,14.574257425742575,1098.8512145748987,14.574257425742575,1098.6234817813765
905,14.574257425742575,1098.7373481781376,14.594059405940595,1098.6007085020242
906,14.594059405940595,1098.669028340081,14.594059405940595,1098.5323886639676
907,14.594059405940595,1098.6007085020242,14.613861386138614,1098.4412955465586
908,14.613861386138614,1098.4412955465586,14.633663366336634,1098.3274291497976
909,14.633663366336634,1098.3957489878542,14.633663366336634,1098.259109311741
910,14.633663366336634,1098.3274291497976,14.653465346534654,1098.2135627530365
911,14.653465346534654,1098.2135627530365,14.673267326732674,1098.1224696356276
912,14.673267326732674,1098.1224696356276,14.693069306930694,1098.0996963562752
913,14.693069306930694,1098.0996963562752,14.712871287128714,1098.076923076923
914,14.712871287128714,1098.076923076923,14.732673267326733,1098.076923076923
915,14.732673267326733,1098.076923076923,14.752475247524753,1098.0996963562752
916,14.752475247524753,1098.0996963562752,14.772277227722773,1098.0541497975707
917,14.772277227722773,1098.0541497975707,14.792079207920793,1098.0313765182186
918,14.792079207920793,1098.0313765182186,14.811881188118813,1098.0086032388665
919,14.811881188118813,1098.0086032388665,14.831683168316832,1097.9858299595141
920,14.831683168316832,1097.9858299595141,14.851485148514852,1097.9858299595141
921,14.851485148514852,1097.9858299595141,14.871287128712872,1097.9858299595141
922,14.871287128712872,1097.9858299595141,14.891089108910892,1097.9858299595141
923,14.891089108910892,1097.9858299595141,14.910891089108912,1097.9858299595141
924,14.910891089108912,1097.9858299595141,14.930693069306932,1098.0086032388665
925,14.930693069306932,1098.0086032388665,14.950495049504951,1098.0086032388665
926,14.950495049504951,1098.0086032388665,14.970297029702971,1098.0086032388665
927,14.970297029702971,1098.0086032388665,14.990099009900991,1098.0086032388665
928,14.990099009900991,1098.0086032388665,15.009900990099009,1098.0086032388665
929,15.009900990099009,1098.0086032388665,15.029702970297029,1098.0086032388665
930,15.029702970297029,1098.0086032388665,15.049504950495049,1097.8947368421052
931,15.049504950495049,1097.9858299595141,15.049504950495049,1097.8036437246963
932,15.049504950495049,1097.8947368421052,15.069306930693068,1097.8036437246963
933,15.069306930693068,1097.8947368421052,15.069306930693068,1097.7125506072875
934,15.069306930693068,1097.8036437246963,15.089108910891088,1097.667004048583
935,15.089108910891088,1097.667004048583,15.108910891089108,1097.6442307692307
936,15.108910891089108,1097.6442307692307,15.128712871287128,1097.7353238866397
937,15.128712871287128,1097.8491902834007,15.128712871287128,1097.6214574898786
938,15.128712871287128,1097.7353238866397,15.148514851485148,1097.8947368421052
939,15.148514851485148,1097.9858299595141,15.148514851485148,1097.8036437246963
940,15.148514851485148,1097.8947368421052,15.168316831683168,1097.9402834008097
941,15.168316831683168,1097.9402834008097,15.188118811881187,1097.8947368421052
942,15.188118811881187,1097.9858299595141,15.188118811881187,1097.8036437246963
943,15.188118811881187,1097.8947368421052,15.207920792079207,1097.7125506072875
944,15.207920792079207,1097.8491902834007,15.207920792079207,1097.5759109311741
945,15.207920792079207,1097.7125506072875,15.227722772277227,1097.5531376518218
946,15.227722772277227,1097.667004048583,15.227722772277227,1097.4392712550607
947,15.227722772277227,1097.5531376518218,15.247524752475247,1097.3937246963562
948,15.247524752475247,1097.4848178137652,15.247524752475247,1097.3026315789473
949,15.247524752475247,1097.3937246963562,15.267326732673267,1097.2798582995952
950,15.267326732673267,1097.2798582995952,15.287128712871286,1097.2343117408907
951,15.287128712871286,1097.2343117408907,15.306930693069306,1097.2343117408907
952,15.306930693069306,1097.2343117408907,15.326732673267326,1097.2115384615386
953,15.326732673267326,1097.2115384615386,15.346534653465346,1097.1887651821862
954,15.346534653465346,1097.1887651821862,15.366336633663366,1097.1887651821862
955,15.366336633663366,1097.1887651821862,15.386138613861386,1097.1887651821862
956,15.386138613861386,1097.1887651821862,15.405940594059405,1097.1887651821862
957,15.405940594059405,1097.1887651821862,15.425742574257425,1097.1887651821862
958,15.425742574257425,1097.1887651821862,15.445544554455445,1097.2115384615386
959,15.445544554455445,1097.2115384615386,15.465346534653465,1097.2115384615386
960,15.465346534653465,1097.2115384615386,15.485148514851485,1097.2343117408907
961,15.485148514851485,1097.2343117408907,15.504950495049505,1097.2570850202428
962,15.504950495049505,1097.2570850202428,15.524752475247524,1097.2798582995952
963,15.524752475247524,1097.2798582995952,15.544554455445544,1097.3254048582996
964,15.544554455445544,1097.3254048582996,15.564356435643564,1097.3481781376518
965,15.564356435643564,1097.3481781376518,15.584158415841584,1097.370951417004
966,15.584158415841584,1097.370951417004,15.603960396039604,1097.4164979757086
967,15.603960396039604,1097.4164979757086,15.623762376237623,1097.4848178137652
968,15.623762376237623,1097.4848178137652,15.643564356435643,1097.5759109311741
969,15.643564356435643,1097.5759109311741,15.663366336633663,1097.6897773279352
970,15.663366336633663,1097.758097165992,15.663366336633663,1097.6214574898786
971,15.663366336633663,1097.6897773279352,15.683168316831683,1097.758097165992
972,15.683168316831683,1097.758097165992,15.702970297029703,1097.8491902834007
973,15.702970297029703,1097.8491902834007,15.722772277227723,1097.871963562753
974,15.722772277227723,1097.871963562753,15.742574257425742,1097.871963562753
975,15.742574257425742,1097.871963562753,15.762376237623762,1097.8036437246963
976,15.762376237623762,1097.8036437246963,15.782178217821782,1097.7353238866397
977,15.782178217821782,1097.7353238866397,15.801980198019802,1097.6897773279352
978,15.801980198019802,1097.6897773279352,15.821782178217822,1097.6897773279352
979,15.821782178217822,1097.6897773279352,15.841584158415841,1097.6897773279352
980,15.841584158415841,1097.6897773279352,15.861386138613861,1097.6897773279352
981,15.861386138613861,1097.6897773279352,15.881188118811881,1097.6897773279352
982,15.881188118811881,1097.6897773279352,15.900990099009901,1097.6897773279352
983,15.900990099009901,1097.6897773279352,15.92079207920792,1097.6897773279352
984,15.92079207920792,1097.6897773279352,15.94059405940594,1097.6897773279352
985,15.94059405940594,1097.6897773279352,15.96039603960396,1097.6897773279352
986,15.96039603960396,1097.6897773279352,15.98019801980198,1097.6897773279352
987,15.98019801980198,1097.6897773279352,16.0,1097.7353238866397
988,16.0,1097.8036437246963,16.0,1097.667004048583
989,16.0,1097.7353238866397,16.019801980198018,1097.8036437246963
990,16.019801980198018,1097.8036437246963,16.03960396039604,1097.8947368421052
991,16.03960396039604,1097.8947368421052,16.059405940594058,1097.963056680162
992,16.059405940594058,1097.963056680162,16.07920792079208,1097.963056680162
993,16.07920792079208,1097.963056680162,16.099009900990097,1097.9402834008097
994,16.099009900990097,1097.9402834008097,16.11881188118812,1097.8264170040486
995,16.11881188118812,1097.8947368421052,16.11881188118812,1097.758097165992
996,16.11881188118812,1097.8264170040486,16.138613861386137,1097.7353238866397
997,16.138613861386137,1097.8036437246963,16.138613861386137,1097.667004048583
998,16.138613861386137,1097.7353238866397,16.15841584158416,1097.6214574898786
999,16.15841584158416,1097.6214574898786,16.178217821782177,1097.5531376518218
1000,16.178217821782177,1097.5531376518218,16.198019801980198,1097.5303643724696
1001,16.198019801980198,1097.5303643724696,16.217821782178216,1097.5986842105262
1002,16.217821782178216,1097.667004048583,16.217821782178216,1097.5303643724696
1003,16.217821782178216,1097.5986842105262,16.237623762376238,1097.6897773279352
1004,16.237623762376238,1097.6897773279352,16.257425742574256,1097.7353238866397
1005,16.257425742574256,1097.7353238866397,16.277227722772277,1097.7808704453441
1006,16.277227722772277,1097.7808704453441,16.297029702970296,1097.8036437246963
1007,16.297029702970296,1097.8036437246963,16.316831683168317,1097.7808704453441
1008,16.316831683168317,1097.7808704453441,16.336633663366335,1097.7353238866397
1009,16.336633663366335,1097.7353238866397,16.356435643564357,1097.6897773279352
1010,16.356435643564357,1097.6897773279352,16.376237623762375,1097.667004048583
1011,16.376237623762375,1097.667004048583,16.396039603960396,1097.462044534413
1012,16.396039603960396,1097.667004048583,16.396039603960396,1097.2570850202428
1013,16.396039603960396,1097.462044534413,16.415841584158414,1097.2343117408907
1014,16.415841584158414,1097.3937246963562,16.415841584158414,1097.0748987854251
1015,16.415841584158414,1097.2343117408907,16.435643564356436,1097.0521255060728
1016,16.435643564356436,1097.0521255060728,16.455445544554454,1097.0065789473683
1017,16.455445544554454,1097.0065789473683,16.475247524752476,1097.0065789473683
1018,16.475247524752476,1097.0065789473683,16.495049504950494,1096.9838056680162
1019,16.495049504950494,1096.9838056680162,16.514851485148515,1097.0065789473683
1020,16.514851485148515,1097.0065789473683,16.534653465346533,1096.8699392712551
1021,16.534653465346533,1096.9838056680162,16.534653465346533,1096.7560728744938
1022,16.534653465346533,1096.8699392712551,16.554455445544555,1096.7105263157894
1023,16.554455445544555,1096.8927125506073,16.554455445544555,1096.5283400809717
1024,16.554455445544555,1096.7105263157894,16.574257425742573,1096.5511133603238
1025,16.574257425742573,1096.6194331983806,16.574257425742573,1096.4827935222672
1026,16.574257425742573,1096.5511133603238,16.594059405940595,1096.5511133603238
1027,16.594059405940595,1096.5511133603238,16.613861386138613,1096.5966599190283
1028,16.613861386138613,1096.5966599190283,16.633663366336634,1096.5966599190283
1029,16.633663366336634,1096.5966599190283,16.653465346534652,1096.4144736842106
1030,16.653465346534652,1096.5738866396762,16.653465346534652,1096.2550607287449
1031,16.653465346534652,1096.4144736842106,16.673267326732674,1096.2550607287449
1032,16.673267326732674,1096.3917004048583,16.673267326732674,1096.1184210526317
1033,16.673267326732674,1096.2550607287449,16.693069306930692,1096.0956477732793
1034,16.693069306930692,1096.0956477732793,16.712871287128714,1096.0956477732793
1035,16.712871287128714,1096.0956477732793,16.73267326732673,1096.0501012145749
1036,16.73267326732673,1096.0501012145749,16.752475247524753,1096.0045546558704
1037,16.752475247524753,1096.0045546558704,16.77227722772277,1095.9817813765183
1038,16.77227722772277,1095.9817813765183,16.792079207920793,1096.0045546558704
1039,16.792079207920793,1096.0045546558704,16.81188118811881,1096.0501012145749
1040,16.81188118811881,1096.0501012145749,16.831683168316832,1096.1867408906883
1041,16.831683168316832,1096.3006072874493,16.831683168316832,1096.0728744939272
1042,16.831683168316832,1096.1867408906883,16.85148514851485,1096.3461538461538
1043,16.85148514851485,1096.4827935222672,16.85148514851485,1096.2095141700404
1044,16.85148514851485,1096.3461538461538,16.871287128712872,1096.4827935222672
1045,16.871287128712872,1096.4827935222672,16.89108910891089,1096.4827935222672
1046,16.89108910891089,1096.4827935222672,16.91089108910891,1096.1411943319838
1047,16.91089108910891,1096.4827935222672,16.91089108910891,1095.7995951417004
1048,16.91089108910891,1096.1411943319838,16.93069306930693,1095.7768218623482
1049,16.93069306930693,1096.0728744939272,16.93069306930693,1095.4807692307693
1050,16.93069306930693,1095.7768218623482,16.95049504950495,1095.662955465587
1051,16.95049504950495,1095.8451417004048,16.95049504950495,1095.4807692307693
1052,16.95049504950495,1095.662955465587,16.97029702970297,1095.8679149797572
1053,16.97029702970297,1096.0728744939272,16.97029702970297,1095.662955465587
1054,16.97029702970297,1095.8679149797572,16.99009900990099,1096.0956477732793
1055,16.99009900990099,1096.2095141700404,16.99009900990099,1095.9817813765183
1056,16.99009900990099,1096.0956477732793,17.00990099009901,1096.2322874493927
1057,17.00990099009901,1096.3006072874493,17.00990099009901,1096.163967611336
1058,17.00990099009901,1096.2322874493927,17.02970297029703,1096.3006072874493
1059,17.02970297029703,1096.3006072874493,17.04950495049505,1096.3006072874493
1060,17.04950495049505,1096.3006072874493,17.06930693069307,1096.3006072874493
1061,17.06930693069307,1096.3006072874493,17.08910891089109,1096.3006072874493
1062,17.08910891089109,1096.3006072874493,17.10891089108911,1096.3006072874493
1063,17.10891089108911,1096.3006072874493,17.128712871287128,1096.3006072874493
1064,17.128712871287128,1096.3006072874493,17.14851485148515,1096.3006072874493
1065,17.14851485148515,1096.3006072874493,17.168316831683168,1096.3006072874493
1066,17.168316831683168,1096.3006072874493,17.18811881188119,1096.3006072874493
1067,17.18811881188119,1096.3006072874493,17.207920792079207,1096.3006072874493
1068,17.207920792079207,1096.3006072874493,17.22772277227723,1096.3006072874493
1069,17.22772277227723,1096.3006072874493,17.247524752475247,1096.3006072874493
1070,17.247524752475247,1096.3006072874493,17.26732673267327,1096.3006072874493
1071,17.26732673267327,1096.3006072874493,17.287128712871286,1096.3006072874493
1072,17.287128712871286,1096.3006072874493,17.306930693069308,1096.3233805668017
1073,17.306930693069308,1096.3233805668017,17.326732673267326,1096.3917004048583
1074,17.326732673267326,1096.3917004048583,17.346534653465348,1096.4600202429149
1075,17.346534653465348,1096.4600202429149,17.366336633663366,1096.5055668016194
1076,17.366336633663366,1096.5055668016194,17.386138613861387,1096.5055668016194
1077,17.386138613861387,1096.5055668016194,17.405940594059405,1096.4600202429149
1078,17.405940594059405,1096.4600202429149,17.425742574257427,1096.3917004048583
1079,17.425742574257427,1096.3917004048583,17.445544554455445,1096.3233805668017
1080,17.445544554455445,1096.3233805668017,17.465346534653467,1096.3006072874493
1081,17.465346534653467,1096.3006072874493,17.485148514851485,1096.3006072874493
1082,17.485148514851485,1096.3006072874493,17.504950495049506,1096.2778340080972
1083,17.504950495049506,1096.2778340080972,17.524752475247524,1096.2095141700404
1084,17.524752475247524,1096.2095141700404,17.544554455445546,1096.1184210526317
1085,17.544554455445546,1096.1184210526317,17.564356435643564,1096.0728744939272
1086,17.564356435643564,1096.0728744939272,17.584158415841586,1096.0045546558704
1087,17.584158415841586,1096.0045546558704,17.603960396039604,1096.0045546558704
1088,17.603960396039604,1096.0045546558704,17.623762376237625,1096.0501012145749
1089,17.623762376237625,1096.0501012145749,17.643564356435643,1096.0728744939272
1090,17.643564356435643,1096.0728744939272,17.663366336633665,1096.0501012145749
1091,17.663366336633665,1096.0501012145749,17.683168316831683,1096.0501012145749
1092,17.683168316831683,1096.0501012145749,17.702970297029704,1096.0045546558704
1093,17.702970297029704,1096.0045546558704,17.722772277227723,1095.9817813765183
1094,17.722772277227723,1095.9817813765183,17.742574257425744,1095.9817813765183
1095,17.742574257425744,1095.9817813765183,17.762376237623762,1095.959008097166
1096,17.762376237623762,1095.959008097166,17.782178217821784,1095.9134615384614
1097,17.782178217821784,1095.9134615384614,17.801980198019802,1095.9134615384614
1098,17.801980198019802,1095.9134615384614,17.821782178217823,1095.9362348178138
1099,17.821782178217823,1095.9362348178138,17.84158415841584,1095.959008097166
1100,17.84158415841584,1095.959008097166,17.861386138613863,1095.959008097166
1101,17.861386138613863,1095.959008097166,17.88118811881188,1095.9362348178138
1102,17.88118811881188,1095.9362348178138,17.900990099009903,1095.9134615384614
1103,17.900990099009903,1095.9134615384614,17.92079207920792,1095.9134615384614
1104,17.92079207920792,1095.9134615384614,17.940594059405942,1095.9817813765183
1105,17.940594059405942,1095.9817813765183,17.96039603960396,1095.9817813765183
1106,17.96039603960396,1095.9817813765183,17.980198019801982,1095.9817813765183
1107,17.980198019801982,1095.9817813765183,18.0,1096.0045546558704
1108,18.0,1096.0045546558704,18.019801980198018,1096.0045546558704
1109,18.019801980198018,1096.0045546558704,18.03960396039604,1096.0045546558704
1110,18.03960396039604,1096.0045546558704,18.059405940594058,1095.9817813765183
1111,18.059405940594058,1095.9817813765183,18.07920792079208,1095.9817813765183
1112,18.07920792079208,1095.9817813765183,18.099009900990097,1095.9817813765183
1113,18.099009900990097,1095.9817813765183,18.11881188118812,1095.9817813765183
1114,18.11881188118812,1095.9817813765183,18.138613861386137,1096.0045546558704
1115,18.138613861386137,1096.0045546558704,18.15841584158416,1096.0045546558704
1116,18.15841584158416,1096.0045546558704,18.178217821782177,1096.0045546558704
1117,18.178217821782177,1096.0045546558704,18.198019801980198,1096.0045546558704
1118,18.198019801980198,1096.0045546558704,18.217821782178216,1095.959008097166
1119,18.217821782178216,1095.959008097166,18.237623762376238,1095.8906882591093
1120,18.237623762376238,1095.8906882591093,18.257425742574256,1095.8223684210527
1121,18.257425742574256,1095.8223684210527,18.277227722772277,1095.7995951417004
1122,18.277227722772277,1095.7995951417004,18.297029702970296,1095.7768218623482
1123,18.297029702970296,1095.7768218623482,18.316831683168317,1095.7995951417004
1124,18.316831683168317,1095.7995951417004,18.336633663366335,1095.7995951417004
1125,18.336633663366335,1095.7995951417004,18.356435643564357,1095.7768218623482
1126,18.356435643564357,1095.7768218623482,18.376237623762375,1095.7768218623482
1127,18.376237623762375,1095.7768218623482,18.396039603960396,1095.8223684210527
1128,18.396039603960396,1095.8223684210527,18.415841584158414,1095.8451417004048
1129,18.415841584158414,1095.8451417004048,18.435643564356436,1095.9134615384614
1130,18.435643564356436,1095.9134615384614,18.455445544554454,1095.9817813765183
1131,18.455445544554454,1095.9817813765183,18.475247524752476,1096.0045546558704
1132,18.475247524752476,1096.0045546558704,18.495049504950494,1095.9817813765183
1133,18.495049504950494,1095.9817813765183,18.514851485148515,1095.9817813765183
1134,18.514851485148515,1095.9817813765183,18.534653465346533,1095.9817813765183
1135,18.534653465346533,1095.9817813765183,18.554455445544555,1095.9817813765183
1136,18.554455445544555,1095.9817813765183,18.574257425742573,1096.0045546558704
1137,18.574257425742573,1096.0045546558704,18.594059405940595,1096.0728744939272
1138,18.594059405940595,1096.163967611336,18.594059405940595,1095.9817813765183
1139,18.594059405940595,1096.0728744939272,18.613861386138613,1096.2095141700404
1140,18.613861386138613,1096.3006072874493,18.613861386138613,1096.1184210526317
1141,18.613861386138613,1096.2095141700404,18.633663366336634,1096.3233805668017
1142,18.633663366336634,1096.3917004048583,18.633663366336634,1096.2550607287449
1143,18.633663366336634,1096.3233805668017,18.653465346534652,1096.4144736842106
1144,18.653465346534652,1096.4144736842106,18.673267326732674,1096.4144736842106
1145,18.673267326732674,1096.4144736842106,18.693069306930692,1096.4144736842106
1146,18.693069306930692,1096.4144736842106,18.712871287128714,1096.3689271255062
1147,18.712871287128714,1096.3689271255062,18.73267326732673,1096.3461538461538
1148,18.73267326732673,1096.3461538461538,18.752475247524753,1096.3233805668017
1149,18.752475247524753,1096.3233805668017,18.77227722772277,1096.3006072874493
1150,18.77227722772277,1096.3006072874493,18.792079207920793,1096.3006072874493
1151,18.792079207920793,1096.3006072874493,18.81188118811881,1096.2778340080972
1152,18.81188118811881,1096.2778340080972,18.831683168316832,1096.3233805668017
1153,18.831683168316832,1096.3233805668017,18.85148514851485,1096.3689271255062
1154,18.85148514851485,1096.3689271255062,18.871287128712872,1096.4372469635628
1155,18.871287128712872,1096.4372469635628,18.89108910891089,1096.4600202429149
1156,18.89108910891089,1096.4600202429149,18.91089108910891,1096.3917004048583
1157,18.91089108910891,1096.4827935222672,18.91089108910891,1096.3006072874493
1158,18.91089108910891,1096.3917004048583,18.93069306930693,1096.2550607287449
1159,18.93069306930693,1096.3461538461538,18.93069306930693,1096.163967611336
1160,18.93069306930693,1096.2550607287449,18.95049504950495,1096.1411943319838
1161,18.95049504950495,1096.2095141700404,18.95049504950495,1096.0728744939272
1162,18.95049504950495,1096.1411943319838,18.97029702970297,1096.0501012145749
1163,18.97029702970297,1096.0501012145749,18.99009900990099,1096.0045546558704
1164,18.99009900990099,1096.0045546558704,19.00990099009901,1096.0273279352227
1165,19.00990099009901,1096.0273279352227,19.02970297029703,1096.1184210526317
1166,19.02970297029703,1096.2550607287449,19.02970297029703,1095.9817813765183
1167,19.02970297029703,1096.1184210526317,19.04950495049505,1096.2550607287449
1168,19.04950495049505,1096.3917004048583,19.04950495049505,1096.1184210526317
1169,19.04950495049505,1096.2550607287449,19.06930693069307,1096.4144736842106
1170,19.06930693069307,1096.4827935222672,19.06930693069307,1096.3461538461538
1171,19.06930693069307,1096.4144736842106,19.08910891089109,1096.3917004048583
1172,19.08910891089109,1096.4827935222672,19.08910891089109,1096.3006072874493
1173,19.08910891089109,1096.3917004048583,19.10891089108911,1096.2550607287449
1174,19.10891089108911,1096.3917004048583,19.10891089108911,1096.1184210526317
1175,19.10891089108911,1096.2550607287449,19.128712871287128,1096.1184210526317
1176,19.128712871287128,1096.2095141700404,19.128712871287128,1096.0273279352227
1177,19.128712871287128,1096.1184210526317,19.14851485148515,1096.0956477732793
1178,19.14851485148515,1096.2095141700404,19.14851485148515,1095.9817813765183
1179,19.14851485148515,1096.0956477732793,19.168316831683168,1096.2095141700404
1180,19.168316831683168,1096.3006072874493,19.168316831683168,1096.1184210526317
1181,19.168316831683168,1096.2095141700404,19.18811881188119,1096.2095141700404
1182,19.18811881188119,1096.3006072874493,19.18811881188119,1096.1184210526317
1183,19.18811881188119,1096.2095141700404,19.207920792079207,1096.0956477732793
1184,19.207920792079207,1096.163967611336,19.207920792079207,1096.0273279352227
1185,19.207920792079207,1096.0956477732793,19.22772277227723,1096.0273279352227
1186,19.22772277227723,1096.0273279352227,19.247524752475247,1096.0045546558704
1187,19.247524752475247,1096.0045546558704,19.26732673267327,1095.9817813765183
1188,19.26732673267327,1095.9817813765183,19.287128712871286,1095.9817813765183
1189,19.287128712871286,1095.9817813765183,19.306930693069308,1096.0045546558704
1190,19.306930693069308,1096.0045546558704,19.326732673267326,1095.9817813765183
1191,19.326732673267326,1095.9817813765183,19.346534653465348,1095.9817813765183
1192,19.346534653465348,1095.9817813765183,19.366336633663366,1095.9817813765183
1193,19.366336633663366,1095.9817813765183,19.386138613861387,1095.9817813765183
1194,19.386138613861387,1095.9817813765183,19.405940594059405,1095.959008097166
1195,19.405940594059405,1095.959008097166,19.425742574257427,1095.9134615384614
1196,19.425742574257427,1095.9134615384614,19.445544554455445,1095.959008097166
1197,19.445544554455445,1095.959008097166,19.465346534653467,1096.2550607287449
1198,19.465346534653467,1096.5283400809717,19.465346534653467,1095.9817813765183
1199,19.465346534653467,1096.2550607287449,19.485148514851485,1096.5966599190283
1200,19.485148514851485,1096.8927125506073,19.485148514851485,1096.3006072874493
1201,19.485148514851485,1096.5966599190283,19.504950495049506,1096.5738866396762
1202,19.504950495049506,1096.8927125506073,19.504950495049506,1096.2550607287449
1203,19.504950495049506,1096.5738866396762,19.524752475247524,1096.1867408906883
1204,19.524752475247524,1096.3917004048583,19.524752475247524,1095.9817813765183
1205,19.524752475247524,1096.1867408906883,19.544554455445546,1096.0045546558704
1206,19.544554455445546,1096.0045546558704,19.564356435643564,1095.9817813765183
1207,19.564356435643564,1095.9817813765183,19.584158415841586,1096.0045546558704
1208,19.584158415841586,1096.0045546558704,19.603960396039604,1096.0501012145749
1209,19.603960396039604,1096.1184210526317,19.603960396039604,1095.9817813765183
1210,19.603960396039604,1096.0501012145749,19.623762376237625,1096.163967611336
1211,19.623762376237625,1096.2550607287449,19.623762376237625,1096.0728744939272
1212,19.623762376237625,1096.163967611336,19.643564356435643,1096.2778340080972
1213,19.643564356435643,1096.2778340080972,19.663366336633665,1096.3233805668017
1214,19.663366336633665,1096.3233805668017,19.683168316831683,1096.163967611336
1215,19.683168316831683,1096.2550607287449,19.683168316831683,1096.0728744939272
1216,19.683168316831683,1096.163967611336,19.702970297029704,1096.0501012145749
1217,19.702970297029704,1096.1184210526317,19.702970297029704,1095.9817813765183
1218,19.702970297029704,1096.0501012145749,19.722772277227723,1095.959008097166
1219,19.722772277227723,1095.959008097166,19.742574257425744,1095.9134615384614
1220,19.742574257425744,1095.9134615384614,19.762376237623762,1095.8906882591093
1221,19.762376237623762,1095.8906882591093,19.782178217821784,1095.8906882591093
1222,19.782178217821784,1095.8906882591093,19.801980198019802,1095.8906882591093
1223,19.801980198019802,1095.8906882591093,19.821782178217823,1095.9134615384614
1224,19.821782178217823,1095.9134615384614,19.84158415841584,1095.959008097166
1225,19.84158415841584,1095.959008097166,19.861386138613863,1095.959008097166
1226,19.861386138613863,1095.959008097166,19.88118811881188,1095.8906882591093
1227,19.88118811881188,1095.8906882591093,19.900990099009903,1095.754048582996
1228,19.900990099009903,1095.8451417004048,19.900990099009903,1095.662955465587
1229,19.900990099009903,1095.754048582996,19.92079207920792,1095.6401821862348
1230,19.92079207920792,1095.7085020242914,19.92079207920792,1095.5718623481782
1231,19.92079207920792,1095.6401821862348,19.940594059405942,1095.5490890688259
1232,19.940594059405942,1095.5490890688259,19.96039603960396,1095.5035425101214
1233,19.96039603960396,1095.5035425101214,19.980198019801982,1095.5035425101214
1234,19.980198019801982,1095.5035425101214,20.0,1095.5718623481782
1235,20.0,1095.662955465587,20.0,1095.4807692307693
1236,20.0,1095.5718623481782,20.019801980198018,1095.6174089068827
1237,20.019801980198018,1095.7085020242914,20.019801980198018,1095.5263157894738
1238,20.019801980198018,1095.6174089068827,20.03960396039604,1095.6174089068827
1239,20.03960396039604,1095.6174089068827,20.059405940594058,1095.5490890688259
1240,20.059405940594058,1095.5490890688259,20.07920792079208,1095.5035425101214
1241,20.07920792079208,1095.5035425101214,20.099009900990097,1095.457995951417
1242,20.099009900990097,1095.457995951417,20.11881188118812,1095.3896761133603
1243,20.11881188118812,1095.4807692307693,20.11881188118812,1095.2985829959514
1244,20.11881188118812,1095.3896761133603,20.138613861386137,1095.2758097165993
1245,20.138613861386137,1095.3896761133603,20.138613861386137,1095.161943319838
1246,20.138613861386137,1095.2758097165993,20.15841584158416,1095.2074898785424
1247,20.15841584158416,1095.3441295546559,20.15841584158416,1095.0708502024293
1248,20.15841584158416,1095.2074898785424,20.178217821782177,1095.0936234817814
1249,20.178217821782177,1095.253036437247,20.178217821782177,1094.9342105263158
1250,20.178217821782177,1095.0936234817814,20.198019801980198,1094.7975708502024
1251,20.198019801980198,1094.9797570850203,20.198019801980198,1094.6153846153845
1252,20.198019801980198,1094.7975708502024,20.217821782178216,1094.9342105263158
1253,20.198019801980198,1094.7975708502024,20.217821782178216,1094.7292510121458
1254,20.217821782178216,1094.843117408907,20.217821782178216,1094.6153846153845
1255,20.217821782178216,1094.7292510121458,20.237623762376238,1094.7064777327935
1256,20.237623762376238,1094.7975708502024,20.237623762376238,1094.6153846153845
1257,20.237623762376238,1094.7064777327935,20.257425742574256,1094.6153846153845
1258,20.257425742574256,1094.7064777327935,20.257425742574256,1094.5242914979758
1259,20.257425742574256,1094.6153846153845,20.277227722772277,1094.0232793522266
1260,20.277227722772277,1094.5242914979758,20.277227722772277,1093.5222672064776
1261,20.277227722772277,1094.0232793522266,20.297029702970296,1094.2282388663969
1262,20.277227722772277,1094.0232793522266,20.297029702970296,1093.7727732793521
1263,20.297029702970296,1094.068825910931,20.297029702970296,1093.4767206477734
1264,20.297029702970296,1093.7727732793521,20.316831683168317,1093.431174089069
1265,20.316831683168317,1093.5222672064776,20.316831683168317,1093.34008097166
1266,20.316831683168317,1093.431174089069,20.336633663366335,1093.3856275303644
1267,20.336633663366335,1093.4767206477734,20.336633663366335,1093.2945344129555
1268,20.336633663366335,1093.3856275303644,20.356435643564357,1093.1806680161944
1269,20.356435643564357,1093.2945344129555,20.356435643564357,1093.0668016194331
1270,20.356435643564357,1093.1806680161944,20.376237623762375,1093.044028340081
1271,20.376237623762375,1093.1123481781376,20.376237623762375,1092.9757085020242
1272,20.376237623762375,1093.044028340081,20.396039603960396,1092.9984817813765
1273,20.396039603960396,1092.9984817813765,20.415841584158414,1093.13512145749
1274,20.415841584158414,1093.2945344129555,20.415841584158414,1092.9757085020242
1275,20.415841584158414,1093.13512145749,20.435643564356436,1093.13512145749
1276,20.435643564356436,1093.2945344129555,20.435643564356436,1092.9757085020242
1277,20.435643564356436,1093.13512145749,20.455445544554454,1093.2262145748987
1278,20.455445544554454,1093.4767206477734,20.455445544554454,1092.9757085020242
1279,20.455445544554454,1093.2262145748987,20.475247524752476,1093.248987854251
1280,20.475247524752476,1093.5222672064776,20.475247524752476,1092.9757085020242
1281,20.475247524752476,1093.248987854251,20.495049504950494,1092.9984817813765
1282,20.495049504950494,1092.9984817813765,20.514851485148515,1092.9984817813765
1283,20.514851485148515,1092.9984817813765,20.534653465346533,1092.9984817813765
1284,20.534653465346533,1092.9984817813765,20.554455445544555,1092.9984817813765
1285,20.554455445544555,1092.9984817813765,20.574257425742573,1092.9984817813765
1286,20.574257425742573,1092.9984817813765,20.594059405940595,1092.9757085020242
1287,20.594059405940595,1092.9757085020242,20.613861386138613,1092.9984817813765
1288,20.613861386138613,1092.9984817813765,20.633663366336634,1092.7707489878542
1289,20.633663366336634,1093.0212550607287,20.633663366336634,1092.5202429149797
1290,20.633663366336634,1092.7707489878542,20.653465346534652,1092.246963562753
1291,20.653465346534652,1092.7935222672065,20.653465346534652,1091.7004048582996
1292,20.653465346534652,1092.246963562753,20.673267326732674,1091.8825910931173
1293,20.673267326732674,1092.0647773279352,20.673267326732674,1091.7004048582996
1294,20.673267326732674,1091.8825910931173,20.693069306930692,1091.9736842105262
1295,20.693069306930692,1091.9736842105262,20.712871287128714,1091.9964574898786
1296,20.712871287128714,1091.9964574898786,20.73267326732673,1091.8598178137652
1297,20.73267326732673,1092.0192307692307,20.73267326732673,1091.7004048582996
1298,20.73267326732673,1091.8598178137652,20.752475247524753,1091.8825910931173
1299,20.752475247524753,1092.2925101214576,20.752475247524753,1092.1558704453441
1300,20.752475247524753,1092.0647773279352,20.752475247524753,1091.7004048582996
1301,20.752475247524753,1092.2241902834007,20.77227722772277,1092.0875506072875
1302,20.752475247524753,1091.8825910931173,20.77227722772277,1092.0875506072875
1303,20.77227722772277,1092.4746963562752,20.77227722772277,1091.7004048582996
1304,20.77227722772277,1092.0875506072875,20.792079207920793,1092.1103238866397
1305,20.792079207920793,1092.5202429149797,20.792079207920793,1091.7004048582996
1306,20.792079207920793,1092.1103238866397,20.81188118811881,1091.7687246963562
1307,20.81188118811881,1092.0192307692307,20.81188118811881,1091.5182186234817
1308,20.81188118811881,1091.7687246963562,20.831683168316832,1091.8598178137652
1309,20.81188118811881,1091.7687246963562,20.831683168316832,1091.5637651821862
1310,20.831683168316832,1091.745951417004,20.831683168316832,1091.3815789473683
1311,20.831683168316832,1091.5637651821862,20.85148514851485,1091.4498987854251
1312,20.85148514851485,1091.5182186234817,20.85148514851485,1091.3815789473683
1313,20.85148514851485,1091.4498987854251,20.871287128712872,1091.4726720647773
1314,20.871287128712872,1091.4726720647773,20.89108910891089,1091.4498987854251
1315,20.89108910891089,1091.5182186234817,20.89108910891089,1091.3815789473683
1316,20.89108910891089,1091.4498987854251,20.91089108910891,1091.1766194331983
1317,20.91089108910891,1091.4271255060728,20.91089108910891,1090.9261133603238
1318,20.91089108910891,1091.1766194331983,20.93069306930693,1090.8805668016194
1319,20.93069306930693,1091.0627530364372,20.93069306930693,1090.6983805668017
1320,20.93069306930693,1090.8805668016194,20.95049504950495,1090.538967611336
1321,20.95049504950495,1090.7439271255062,20.95049504950495,1090.334008097166
1322,20.95049504950495,1090.538967611336,20.97029702970297,1090.4478744939272
1323,20.97029702970297,1090.8350202429149,20.97029702970297,1090.0607287449393
1324,20.97029702970297,1090.4478744939272,20.99009900990099,1090.5617408906883
1325,20.99009900990099,1091.0627530364372,20.99009900990099,1090.0607287449393
1326,20.99009900990099,1090.5617408906883,21.00990099009901,1091.1766194331983
1327,21.00990099009901,1091.3815789473683,21.00990099009901,1090.9716599190283
1328,21.00990099009901,1091.1766194331983,21.02970297029703,1091.1993927125507
1329,21.02970297029703,1091.4271255060728,21.02970297029703,1090.9716599190283
1330,21.02970297029703,1090.8350202429149,21.02970297029703,1090.6983805668017
1331,21.02970297029703,1091.1993927125507,21.04950495049505,1090.7667004048583
1332,21.02970297029703,1090.7667004048583,21.04950495049505,1090.7667004048583
1333,21.04950495049505,1091.4271255060728,21.04950495049505,1090.1062753036438
1334,21.04950495049505,1090.7667004048583,21.06930693069307,1090.1973684210527
1335,21.06930693069307,1090.6072874493927,21.06930693069307,1089.7874493927125
1336,21.06930693069307,1090.1973684210527,21.08910891089109,1089.9013157894738
1337,21.06930693069307,1090.1973684210527,21.08910891089109,1089.7191295546559
1338,21.08910891089109,1089.9696356275304,21.08910891089109,1089.832995951417
1339,21.08910891089109,1089.7191295546559,21.10891089108911,1089.3775303643724
1340,21.10891089108911,1089.741902834008,21.10891089108911,1089.0131578947369
1341,21.10891089108911,1089.3775303643724,21.128712871287128,1089.4913967611335
1342,21.128712871287128,1090.0151821862348,21.128712871287128,1088.9676113360324
1343,21.128712871287128,1089.4913967611335,21.14851485148515,1089.9468623481782
1344,21.128712871287128,1089.4913967611335,21.14851485148515,1089.2636639676114
1345,21.14851485148515,1089.832995951417,21.14851485148515,1088.6943319838056
1346,21.14851485148515,1089.2636639676114,21.168316831683168,1088.1933198380566
1347,21.168316831683168,1088.6943319838056,21.168316831683168,1087.6923076923076
1348,21.168316831683168,1088.1933198380566,21.18811881188119,1087.5784412955466
1349,21.18811881188119,1087.92004048583,21.18811881188119,1087.2368421052631
1350,21.18811881188119,1087.5784412955466,21.207920792079207,1086.9635627530365
1351,21.18811881188119,1087.1457489878542,21.207920792079207,1086.9635627530365
1352,21.207920792079207,1087.419028340081,21.207920792079207,1086.508097165992
1353,21.207920792079207,1086.9635627530365,21.22772277227723,1086.7586032388665
1354,21.22772277227723,1087.009109311741,21.22772277227723,1086.508097165992
1355,21.22772277227723,1086.7586032388665,21.247524752475247,1086.7358299595141
1356,21.247524752475247,1087.009109311741,21.247524752475247,1086.4625506072875
1357,21.247524752475247,1086.7358299595141,21.26732673267327,1086.508097165992
1358,21.26732673267327,1087.009109311741,21.26732673267327,1086.0070850202428
1359,21.26732673267327,1086.508097165992,21.287128712871286,1086.4853238866397
1360,21.287128712871286,1087.009109311741,21.287128712871286,1085.9615384615386
1361,21.287128712871286,1086.4853238866397,21.306930693069308,1085.5743927125507
1362,21.306930693069308,1086.0526315789473,21.306930693069308,1085.0961538461538
1363,21.306930693069308,1085.5743927125507,21.326732673267326,1085.3238866396762
1364,21.306930693069308,1085.5743927125507,21.326732673267326,1084.4357287449393
1365,21.326732673267326,1085.1872469635628,21.326732673267326,1083.6842105263158
1366,21.326732673267326,1084.4357287449393,21.346534653465348,1083.31983805668
1367,21.346534653465348,1083.7753036437248,21.346534653465348,1082.8643724696356
1368,21.346534653465348,1083.31983805668,21.366336633663366,1082.70495951417
1369,21.366336633663366,1083.6842105263158,21.366336633663366,1081.7257085020242
1370,21.366336633663366,1082.70495951417,21.386138613861387,1083.3426113360324
1371,21.386138613861387,1085.0050607287449,21.386138613861387,1081.68016194332
1372,21.386138613861387,1083.3426113360324,21.405940594059405,1083.3881578947369
1373,21.405940594059405,1085.0050607287449,21.405940594059405,1081.7712550607287
1374,21.405940594059405,1083.3881578947369,21.425742574257427,1083.3426113360324
1375,21.425742574257427,1084.9595141700404,21.425742574257427,1081.7257085020242
1376,21.425742574257427,1083.3426113360324,21.445544554455445,1081.7257085020242
1377,21.445544554455445,1081.7257085020242,21.465346534653467,1081.6118421052631
1378,21.465346534653467,1081.7257085020242,21.465346534653467,1081.497975708502
1379,21.465346534653467,1081.6118421052631,21.485148514851485,1081.3613360323886
1380,21.465346534653467,1081.406882591093,21.485148514851485,1081.3613360323886
1381,21.485148514851485,1081.68016194332,21.485148514851485,1081.0425101214576
1382,21.485148514851485,1081.3613360323886,21.504950495049506,1080.5187246963562
1383,21.504950495049506,1081.0425101214576,21.504950495049506,1079.9949392712551
1384,21.504950495049506,1080.5187246963562,21.524752475247524,1080.495951417004
1385,21.524752475247524,1080.996963562753,21.524752475247524,1079.9949392712551
1386,21.524752475247524,1080.495951417004,21.544554455445546,1080.4731781376518
1387,21.544554455445546,1080.996963562753,21.544554455445546,1079.9493927125507
1388,21.544554455445546,1080.4731781376518,21.564356435643564,1080.9741902834007
1389,21.544554455445546,1080.4731781376518,21.564356435643564,1079.8582995951417
1390,21.564356435643564,1080.7236842105262,21.564356435643564,1078.9929149797572
1391,21.564356435643564,1079.8582995951417,21.584158415841586,1079.1978744939272
1392,21.584158415841586,1079.9038461538462,21.584158415841586,1078.491902834008
1393,21.584158415841586,1079.1978744939272,21.603960396039604,1077.7403846153845
1394,21.603960396039604,1079.5394736842106,21.603960396039604,1075.9412955465586
1395,21.603960396039604,1077.7403846153845,21.623762376237625,1076.169028340081
1396,21.623762376237625,1076.6244939271255,21.623762376237625,1075.7135627530365
1397,21.623762376237625,1076.169028340081,21.643564356435643,1075.8274291497976
1398,21.643564356435643,1075.9868421052631,21.643564356435643,1075.668016194332
1399,21.643564356435643,1075.8274291497976,21.663366336633665,1075.371963562753
1400,21.663366336633665,1075.7135627530365,21.663366336633665,1075.0303643724696
1401,21.663366336633665,1075.371963562753,21.683168316831683,1075.3491902834007
1402,21.683168316831683,1075.7135627530365,21.683168316831683,1074.9848178137652
1403,21.683168316831683,1075.3491902834007,21.702970297029704,1074.2332995951417
1404,21.702970297029704,1075.0759109311741,21.702970297029704,1073.3906882591093
1405,21.702970297029704,1074.2332995951417,21.722772277227723,1073.9372469635628
1406,21.722772277227723,1074.9848178137652,21.722772277227723,1072.8896761133603
1407,21.722772277227723,1073.9372469635628,21.742574257425744,1073.9600202429149
1408,21.742574257425744,1074.9848178137652,21.742574257425744,1072.9352226720648
1409,21.742574257425744,1073.9600202429149,21.762376237623762,1073.5728744939272
1410,21.762376237623762,1075.0303643724696,21.762376237623762,1072.1153846153845
1411,21.762376237623762,1073.5728744939272,21.782178217821784,1074.9848178137652
1412,21.762376237623762,1073.5728744939272,21.782178217821784,1072.7302631578948
1413,21.782178217821784,1073.7095141700404,21.782178217821784,1071.751012145749
1414,21.782178217821784,1072.7302631578948,21.801980198019802,1072.06983805668
1415,21.801980198019802,1072.4342105263158,21.801980198019802,1071.7054655870445
1416,21.801980198019802,1072.06983805668,21.821782178217823,1071.955971659919
1417,21.821782178217823,1072.3886639676114,21.821782178217823,1071.5232793522268
1418,21.821782178217823,1071.955971659919,21.84158415841584,1071.7737854251013
1419,21.84158415841584,1072.0242914979758,21.84158415841584,1071.5232793522268
1420,21.84158415841584,1071.7737854251013,21.861386138613863,1071.432186234818
1421,21.861386138613863,1072.0242914979758,21.861386138613863,1070.84008097166
1422,21.861386138613863,1071.432186234818,21.88118811881188,1071.9787449392713
1423,21.861386138613863,1071.432186234818,21.88118811881188,1070.953947368421
1424,21.88118811881188,1071.8876518218624,21.88118811881188,1070.0202429149797
1425,21.88118811881188,1070.953947368421,21.900990099009903,1070.4757085020242
1426,21.900990099009903,1070.9767206477732,21.900990099009903,1069.9746963562752
1427,21.900990099009903,1070.4757085020242,21.92079207920792,1070.4984817813765
1428,21.92079207920792,1071.0222672064776,21.92079207920792,1069.9746963562752
1429,21.92079207920792,1070.4984817813765,21.940594059405942,1071.2955465587045
1430,21.940594059405942,1071.6143724696356,21.940594059405942,1070.9767206477732
1431,21.940594059405942,1071.2955465587045,21.96039603960396,1071.2955465587045
1432,21.96039603960396,1071.6143724696356,21.96039603960396,1070.9767206477732
1433,21.96039603960396,1071.2955465587045,21.980198019801982,1070.657894736842
1434,21.980198019801982,1071.2044534412955,21.980198019801982,1070.1113360323886
1435,21.980198019801982,1070.657894736842,22.0,1070.1113360323886
1436,22.0,1070.5668016194331,22.0,1069.6558704453441
1437,22.0,1070.1113360323886,22.019801980198018,1068.0161943319838
1438,22.019801980198018,1070.0657894736842,22.019801980198018,1065.9665991902834
1439,22.019801980198018,1068.0161943319838,22.03960396039604,1068.6310728744938
1440,22.03960396039604,1071.25,22.03960396039604,1066.012145748988
1441,22.03960396039604,1068.6310728744938,22.059405940594058,1068.6538461538462
1442,22.059405940594058,1071.2044534412955,22.059405940594058,1066.1032388663969
1443,22.059405940594058,1068.6538461538462,22.07920792079208,1070.8173076923076
1444,22.07920792079208,1071.158906882591,22.07920792079208,1070.4757085020242
1445,22.07920792079208,1070.8173076923076,22.099009900990097,1070.9084008097166
1446,22.099009900990097,1071.2955465587045,22.099009900990097,1070.5212550607287
1447,22.099009900990097,1070.9084008097166,22.11881188118812,1071.432186234818
1448,22.11881188118812,1072.0242914979758,22.11881188118812,1070.84008097166
1449,22.11881188118812,1071.432186234818,22.138613861386137,1071.432186234818
1450,22.138613861386137,1072.0242914979758,22.138613861386137,1070.84008097166
1451,22.138613861386137,1071.432186234818,22.15841584158416,1070.862854251012
1452,22.15841584158416,1071.2955465587045,22.15841584158416,1070.43016194332
1453,22.15841584158416,1070.862854251012,22.178217821782177,1070.43016194332
1454,22.178217821782177,1070.43016194332,22.198019801980198,1070.43016194332
1455,22.198019801980198,1070.43016194332,22.217821782178216,1070.4073886639676
1456,22.217821782178216,1070.4073886639676,22.237623762376238,1070.43016194332
1457,22.237623762376238,1070.43016194332,22.257425742574256,1070.5212550607287
1458,22.257425742574256,1070.657894736842,22.257425742574256,1070.3846153846155
1459,22.257425742574256,1070.5212550607287,22.277227722772277,1071.1816801619434
1460,22.277227722772277,1071.9331983805669,22.277227722772277,1070.43016194332
1461,22.277227722772277,1071.1816801619434,22.297029702970296,1071.8193319838056
1462,22.297029702970296,1072.2975708502024,22.297029702970296,1071.341093117409
1463,22.297029702970296,1071.8193319838056,22.316831683168317,1072.343117408907
1464,22.316831683168317,1072.343117408907,22.336633663366335,1072.3886639676114
1465,22.336633663366335,1072.3886639676114,22.356435643564357,1072.4114372469635
1466,22.356435643564357,1072.4114372469635,22.376237623762375,1072.2292510121458
1467,22.376237623762375,1072.4342105263158,22.376237623762375,1072.0242914979758
1468,22.376237623762375,1072.2292510121458,22.396039603960396,1071.955971659919
1469,22.396039603960396,1072.252024291498,22.396039603960396,1071.65991902834
1470,22.396039603960396,1071.955971659919,22.415841584158414,1071.65991902834
1471,22.415841584158414,1071.65991902834,22.435643564356436,1071.7282388663969
1472,22.435643564356436,1071.842105263158,22.435643564356436,1071.6143724696356
1473,22.435643564356436,1071.7282388663969,22.455445544554454,1072.0015182186235
1474,22.455445544554454,1072.343117408907,22.455445544554454,1071.65991902834
1475,22.455445544554454,1072.0015182186235,22.475247524752476,1072.3203441295545
1476,22.475247524752476,1072.4342105263158,22.475247524752476,1072.2064777327935
1477,22.475247524752476,1072.3203441295545,22.495049504950494,1072.4114372469635
1478,22.495049504950494,1072.4114372469635,22.514851485148515,1072.5025303643724
1479,22.514851485148515,1072.6163967611335,22.514851485148515,1072.3886639676114
1480,22.514851485148515,1072.5025303643724,22.534653465346533,1072.3203441295545
1481,22.534653465346533,1072.6163967611335,22.534653465346533,1072.0242914979758
1482,22.534653465346533,1072.3203441295545,22.554455445544555,1072.343117408907
1483,22.554455445544555,1072.661943319838,22.554455445544555,1072.0242914979758
1484,22.554455445544555,1072.343117408907,22.574257425742573,1072.5708502024293
1485,22.574257425742573,1072.7074898785424,22.574257425742573,1072.4342105263158
1486,22.574257425742573,1072.5708502024293,22.594059405940595,1072.6391700404859
1487,22.594059405940595,1072.7985829959514,22.594059405940595,1072.4797570850203
1488,22.594059405940595,1072.9352226720648,22.613861386138613,1072.957995951417
1489,22.594059405940595,1072.6391700404859,22.613861386138613,1072.957995951417
1490,22.613861386138613,1073.3906882591093,22.613861386138613,1072.5253036437248
1491,22.613861386138613,1072.957995951417,22.633663366336634,1072.957995951417
1492,22.633663366336634,1073.3906882591093,22.633663366336634,1072.5253036437248
1493,22.633663366336634,1072.957995951417,22.653465346534652,1073.6867408906883
1494,22.653465346534652,1074.8481781376518,22.653465346534652,1072.5253036437248
1495,22.653465346534652,1073.6867408906883,22.673267326732674,1074.2788461538462
1496,22.673267326732674,1075.0759109311741,22.673267326732674,1073.4817813765183
1497,22.673267326732674,1074.2788461538462,22.693069306930692,1075.4402834008097
1498,22.693069306930692,1075.8957489878542,22.693069306930692,1074.9848178137652
1499,22.693069306930692,1075.4402834008097,22.712871287128714,1077.1027327935224
1500,22.712871287128714,1078.8107287449393,22.712871287128714,1075.3947368421052
1501,22.712871287128714,1077.1027327935224,22.73267326732673,1077.69483805668
1502,22.73267326732673,1078.8107287449393,22.73267326732673,1076.578947368421
1503,22.73267326732673,1077.69483805668,22.752475247524753,1077.2165991902834
1504,22.752475247524753,1078.8107287449393,22.752475247524753,1075.6224696356276
1505,22.752475247524753,1077.2165991902834,22.77227722772277,1076.0323886639676
1506,22.752475247524753,1077.2165991902834,22.77227722772277,1075.4175101214576
1507,22.77227722772277,1076.1234817813765,22.77227722772277,1075.9412955465586
1508,22.77227722772277,1075.8502024291497,22.77227722772277,1074.9848178137652
1509,22.77227722772277,1075.4175101214576,22.792079207920793,1075.371963562753
1510,22.792079207920793,1075.759109311741,22.792079207920793,1074.9848178137652
1511,22.792079207920793,1075.371963562753,22.81188118811881,1076.692813765182
1512,22.81188118811881,1078.4463562753037,22.81188118811881,1074.9392712550607
1513,22.81188118811881,1076.692813765182,22.831683168316832,1076.9433198380566
1514,22.81188118811881,1076.692813765182,22.831683168316832,1074.9848178137652
1515,22.831683168316832,1078.8107287449393,22.831683168316832,1075.0759109311741
1516,22.831683168316832,1076.9433198380566,22.85148514851485,1076.988866396761
1517,22.85148514851485,1078.8562753036438,22.85148514851485,1075.1214574898786
1518,22.85148514851485,1076.988866396761,22.871287128712872,1078.7196356275304
1519,22.871287128712872,1079.6761133603238,22.871287128712872,1077.7631578947369
1520,22.871287128712872,1078.7196356275304,22.89108910891089,1081.384109311741
1521,22.89108910891089,1083.1831983805669,22.89108910891089,1079.5850202429149
1522,22.89108910891089,1084.913967611336,22.91089108910891,1084.4357287449393
1523,22.89108910891089,1081.384109311741,22.91089108910891,1084.4357287449393
1524,22.91089108910891,1089.0131578947369,22.91089108910891,1079.8582995951417
1525,22.91089108910891,1084.4357287449393,22.93069306930693,1085.0733805668017
1526,22.93069306930693,1089.0131578947369,22.93069306930693,1081.1336032388665
1527,22.93069306930693,1085.0733805668017,22.95049504950495,1085.0961538461538
1528,22.95049504950495,1089.0587044534414,22.95049504950495,1081.1336032388665
1529,22.95049504950495,1085.0961538461538,22.97029702970297,1085.5060728744938
1530,22.97029702970297,1089.9240890688259,22.97029702970297,1081.088056680162
1531,22.97029702970297,1085.5060728744938,22.99009900990099,1083.8663967611335
1532,22.99009900990099,1086.826923076923,22.99009900990099,1080.9058704453441
1533,22.99009900990099,1083.8663967611335,23.00990099009901,1082.6594129554655
1534,22.99009900990099,1083.8663967611335,23.00990099009901,1081.088056680162
1535,23.00990099009901,1084.003036437247,23.00990099009901,1081.3157894736842
1536,23.00990099009901,1081.2246963562752,23.00990099009901,1080.9514170040486
1537,23.00990099009901,1082.6594129554655,23.02970297029703,1083.7525303643724
1538,23.02970297029703,1084.0485829959514,23.02970297029703,1083.4564777327935
1539,23.02970297029703,1083.7525303643724,23.04950495049505,1083.7525303643724
1540,23.04950495049505,1084.0485829959514,23.04950495049505,1083.4564777327935
1541,23.04950495049505,1083.7525303643724,23.06930693069307,1084.003036437247
1542,23.04950495049505,1083.7525303643724,23.06930693069307,1083.205971659919
1543,23.06930693069307,1083.911943319838,23.06930693069307,1082.5
1544,23.06930693069307,1083.205971659919,23.08910891089109,1083.205971659919
1545,23.08910891089109,1083.911943319838,23.08910891089109,1082.5
1546,23.08910891089109,1083.205971659919,23.10891089108911,1083.8436234817814
1547,23.08910891089109,1083.205971659919,23.10891089108911,1083.4792510121458
1548,23.10891089108911,1083.9574898785424,23.10891089108911,1083.7297570850203
1549,23.10891089108911,1083.8436234817814,23.128712871287128,1083.911943319838
1550,23.128712871287128,1084.003036437247,23.128712871287128,1083.8208502024293
1551,23.128712871287128,1083.911943319838,23.14851485148515,1082.9554655870445
1552,23.14851485148515,1084.003036437247,23.14851485148515,1081.907894736842
1553,23.14851485148515,1082.9554655870445,23.168316831683168,1082.5683198380566
1554,23.168316831683168,1084.003036437247,23.168316831683168,1081.1336032388665
1555,23.168316831683168,1082.5683198380566,23.18811881188119,1083.5475708502024
1556,23.18811881188119,1084.9595141700404,23.18811881188119,1082.1356275303644
1557,23.18811881188119,1083.5475708502024,23.207920792079207,1084.9595141700404
1558,23.207920792079207,1084.9595141700404,23.22772277227723,1084.9595141700404
1559,23.22772277227723,1084.9595141700404,23.247524752475247,1084.8911943319838
1560,23.247524752475247,1084.8911943319838,23.26732673267327,1084.8001012145749
1561,23.26732673267327,1084.913967611336,23.26732673267327,1084.6862348178138
1562,23.26732673267327,1084.8001012145749,23.287128712871286,1084.412955465587
1563,23.287128712871286,1084.7773279352227,23.287128712871286,1084.0485829959514
1564,23.287128712871286,1084.412955465587,23.306930693069308,1084.3901821862348
1565,23.306930693069308,1084.7773279352227,23.306930693069308,1084.003036437247
1566,23.306930693069308,1084.913967611336,23.326732673267326,1084.8456477732793
1567,23.306930693069308,1084.3901821862348,23.326732673267326,1084.8456477732793
1568,23.306930693069308,1084.3901821862348,23.326732673267326,1084.5268218623482
1569,23.326732673267326,1085.0050607287449,23.326732673267326,1084.6862348178138
1570,23.326732673267326,1084.5951417004048,23.326732673267326,1084.4585020242914
1571,23.326732673267326,1084.8456477732793,23.346534653465348,1085.3466599190283
1572,23.346534653465348,1085.7338056680162,23.346534653465348,1084.9595141700404
1573,23.346534653465348,1085.3466599190283,23.366336633663366,1085.4832995951417
1574,23.366336633663366,1086.0070850202428,23.366336633663366,1084.9595141700404
1575,23.366336633663366,1085.4832995951417,23.386138613861387,1085.1644736842106
1576,23.386138613861387,1085.7338056680162,23.386138613861387,1084.5951417004048
1577,23.386138613861387,1085.1644736842106,23.405940594059405,1084.913967611336
1578,23.386138613861387,1085.1644736842106,23.405940594059405,1084.6179149797572
1579,23.405940594059405,1084.6179149797572,23.425742574257427,1084.5951417004048
1580,23.425742574257427,1084.5951417004048,23.445544554455445,1084.6179149797572
1581,23.445544554455445,1084.6179149797572,23.465346534653467,1084.7773279352227
1582,23.465346534653467,1084.9595141700404,23.465346534653467,1084.5951417004048
1583,23.465346534653467,1084.7773279352227,23.485148514851485,1084.8228744939272
1584,23.485148514851485,1085.0050607287449,23.485148514851485,1084.6406882591093
1585,23.485148514851485,1084.8228744939272,23.504950495049506,1084.9367408906883
1586,23.485148514851485,1084.8228744939272,23.504950495049506,1084.709008097166
1587,23.504950495049506,1084.8228744939272,23.504950495049506,1084.5951417004048
1588,23.504950495049506,1084.709008097166,23.524752475247524,1084.6179149797572
1589,23.524752475247524,1084.6179149797572,23.544554455445546,1084.5723684210527
1590,23.544554455445546,1084.5723684210527,23.564356435643564,1084.4812753036438
1591,23.564356435643564,1084.5495951417004,23.564356435643564,1084.412955465587
1592,23.564356435643564,1084.4812753036438,23.584158415841586,1084.4585020242914
1593,23.584158415841586,1084.5495951417004,23.584158415841586,1084.3674089068827
1594,23.584158415841586,1084.4585020242914,23.603960396039604,1084.709008097166
1595,23.603960396039604,1085.0050607287449,23.603960396039604,1084.412955465587
1596,23.603960396039604,1084.709008097166,23.623762376237625,1084.9822874493927
1597,23.623762376237625,1085.0506072874493,23.623762376237625,1084.913967611336
1598,23.623762376237625,1084.9822874493927,23.643564356435643,1085.1417004048583
1599,23.643564356435643,1085.2783400809717,23.643564356435643,1085.0050607287449
1600,23.643564356435643,1085.1417004048583,23.663366336633665,1085.1644736842106
1601,23.663366336633665,1085.3238866396762,23.663366336633665,1085.0050607287449
1602,23.663366336633665,1085.1644736842106,23.683168316831683,1085.0278340080972
1603,23.683168316831683,1085.0961538461538,23.683168316831683,1084.9595141700404
1604,23.683168316831683,1085.0278340080972,23.702970297029704,1085.0050607287449
1605,23.702970297029704,1085.0050607287449,23.722772277227723,1085.0733805668017
1606,23.722772277227723,1085.0733805668017,23.742574257425744,1085.1189271255062
1607,23.742574257425744,1085.1189271255062,23.762376237623762,1085.1189271255062
1608,23.762376237623762,1085.1189271255062,23.782178217821784,1085.1189271255062
1609,23.782178217821784,1085.1189271255062,23.801980198019802,1085.2327935222672
1610,23.801980198019802,1085.3238866396762,23.801980198019802,1085.1417004048583
1611,23.801980198019802,1085.2327935222672,23.821782178217823,1085.3011133603238
1612,23.821782178217823,1085.3011133603238,23.84158415841584,1085.3011133603238
1613,23.84158415841584,1085.3011133603238,23.861386138613863,1085.3238866396762
1614,23.861386138613863,1085.3238866396762,23.88118811881188,1085.3694331983806
1615,23.88118811881188,1085.4605263157894,23.88118811881188,1085.2783400809717
1616,23.88118811881188,1085.3694331983806,23.900990099009903,1085.4605263157894
1617,23.900990099009903,1085.4605263157894,23.92079207920792,1085.4832995951417
1618,23.92079207920792,1085.4832995951417,23.940594059405942,1085.3694331983806
1619,23.940594059405942,1085.4605263157894,23.940594059405942,1085.2783400809717
1620,23.940594059405942,1085.3694331983806,23.96039603960396,1085.2327935222672
1621,23.96039603960396,1085.3694331983806,23.96039603960396,1085.0961538461538
1622,23.96039603960396,1085.2327935222672,23.980198019801982,1085.1189271255062
1623,23.980198019801982,1085.1189271255062,24.0,1085.0961538461538
1624,24.0,1085.0961538461538,24.019801980198018,1085.0506072874493
1625,24.019801980198018,1085.1417004048583,24.019801980198018,1084.9595141700404
1626,24.019801980198018,1085.0506072874493,24.03960396039604,1085.1872469635628
1627,24.03960396039604,1085.3694331983806,24.03960396039604,1085.0050607287449
1628,24.03960396039604,1085.1872469635628,24.059405940594058,1085.2783400809717
1629,24.059405940594058,1085.4149797570851,24.059405940594058,1085.1417004048583
1630,24.059405940594058,1085.2783400809717,24.07920792079208,1085.2327935222672
1631,24.07920792079208,1085.4149797570851,24.07920792079208,1085.0506072874493
1632,24.07920792079208,1085.2327935222672,24.099009900990097,1085.0961538461538
1633,24.099009900990097,1085.2327935222672,24.099009900990097,1084.9595141700404
1634,24.099009900990097,1085.0961538461538,24.11881188118812,1085.1189271255062
1635,24.11881188118812,1085.2783400809717,24.11881188118812,1084.9595141700404
1636,24.11881188118812,1085.1189271255062,24.138613861386137,1085.4832995951417
1637,24.138613861386137,1085.915991902834,24.138613861386137,1085.0506072874493
1638,24.138613861386137,1085.4832995951417,24.15841584158416,1085.8704453441296
1639,24.15841584158416,1086.0070850202428,24.15841584158416,1085.7338056680162
1640,24.15841584158416,1085.8704453441296,24.178217821782177,1085.8021255060728
1641,24.178217821782177,1086.0070850202428,24.178217821782177,1085.5971659919028
1642,24.178217821782177,1085.8021255060728,24.198019801980198,1085.1872469635628
1643,24.198019801980198,1086.0070850202428,24.198019801980198,1084.3674089068827
1644,24.198019801980198,1085.1872469635628,24.217821782178216,1084.913967611336
1645,24.198019801980198,1085.1872469635628,24.217821782178216,1084.3674089068827
1646,24.217821782178216,1084.7773279352227,24.217821782178216,1083.9574898785424
1647,24.217821782178216,1084.3674089068827,24.237623762376238,1084.1624493927125
1648,24.237623762376238,1084.3218623481782,24.237623762376238,1084.003036437247
1649,24.237623762376238,1084.1624493927125,24.257425742574256,1084.2763157894738
1650,24.257425742574256,1084.2763157894738,24.277227722772277,1084.3218623481782
1651,24.277227722772277,1084.3218623481782,24.297029702970296,1084.3218623481782
1652,24.297029702970296,1084.3218623481782,24.316831683168317,1084.2990890688259
1653,24.316831683168317,1084.2990890688259,24.336633663366335,1083.9347165991903
1654,24.336633663366335,1084.2763157894738,24.336633663366335,1083.593117408907
1655,24.336633663366335,1083.9347165991903,24.356435643564357,1083.0465587044534
1656,24.356435643564357,1084.1396761133603,24.356435643564357,1081.9534412955466
1657,24.356435643564357,1083.0465587044534,24.376237623762375,1082.0217611336031
1658,24.376237623762375,1082.591093117409,24.376237623762375,1081.4524291497976
1659,24.376237623762375,1082.0217611336031,24.396039603960396,1081.5662955465586
1660,24.396039603960396,1081.8168016194331,24.396039603960396,1081.3157894736842
1661,24.396039603960396,1081.5662955465586,24.415841584158414,1081.7712550607287
1662,24.415841584158414,1082.2267206477734,24.415841584158414,1081.3157894736842
1663,24.415841584158414,1081.7712550607287,24.435643564356436,1081.8395748987855
1664,24.435643564356436,1082.317813765182,24.435643564356436,1081.3613360323886
1665,24.435643564356436,1081.8395748987855,24.455445544554454,1081.201923076923
1666,24.455445544554454,1082.09008097166,24.455445544554454,1080.3137651821862
1667,24.455445544554454,1081.201923076923,24.475247524752476,1080.3820850202428
1668,24.475247524752476,1080.5414979757086,24.475247524752476,1080.2226720647773
1669,24.475247524752476,1080.3820850202428,24.495049504950494,1080.3820850202428
1670,24.495049504950494,1080.5414979757086,24.495049504950494,1080.2226720647773
1671,24.495049504950494,1080.3820850202428,24.514851485148515,1080.7236842105262
1672,24.514851485148515,1081.088056680162,24.514851485148515,1080.3593117408907
1673,24.514851485148515,1080.7236842105262,24.534653465346533,1081.0652834008097
1674,24.534653465346533,1081.2246963562752,24.534653465346533,1080.9058704453441
1675,24.534653465346533,1081.0652834008097,24.554455445544555,1081.0425101214576
1676,24.554455445544555,1081.2246963562752,24.554455445544555,1080.8603238866397
1677,24.554455445544555,1081.0425101214576,24.574257425742573,1080.7692307692307
1678,24.574257425742573,1080.996963562753,24.574257425742573,1080.5414979757086
1679,24.574257425742573,1080.7692307692307,24.594059405940595,1080.4276315789473
1680,24.594059405940595,1080.6325910931173,24.594059405940595,1080.2226720647773
1681,24.594059405940595,1080.4276315789473,24.613861386138613,1080.1315789473683
1682,24.613861386138613,1080.2682186234817,24.613861386138613,1079.9949392712551
1683,24.613861386138613,1080.1315789473683,24.633663366336634,1080.0177125506073
1684,24.633663366336634,1080.0177125506073,24.653465346534652,1080.0404858299596
1685,24.653465346534652,1080.0404858299596,24.673267326732674,1080.086032388664
1686,24.673267326732674,1080.1771255060728,24.673267326732674,1079.9949392712551
1687,24.673267326732674,1080.086032388664,24.693069306930692,1080.1771255060728
1688,24.693069306930692,1080.1771255060728,24.712871287128714,1080.1315789473683
1689,24.712871287128714,1080.1315789473683,24.73267326732673,1080.0404858299596
1690,24.73267326732673,1080.0404858299596,24.752475247524753,1080.0177125506073
1691,24.752475247524753,1080.0177125506073,24.77227722772277,1080.0404858299596
1692,24.77227722772277,1080.0404858299596,24.792079207920793,1080.2454453441296
1693,24.792079207920793,1080.495951417004,24.792079207920793,1079.9949392712551
1694,24.792079207920793,1080.2454453441296,24.81188118811881,1080.2454453441296
1695,24.81188118811881,1080.5414979757086,24.81188118811881,1079.9493927125507
1696,24.81188118811881,1080.2454453441296,24.831683168316832,1079.5850202429149
1697,24.831683168316832,1080.1315789473683,24.831683168316832,1079.0384615384614
1698,24.831683168316832,1079.5850202429149,24.85148514851485,1079.1751012145749
1699,24.85148514851485,1079.3572874493927,24.85148514851485,1078.9929149797572
1700,24.85148514851485,1079.1751012145749,24.871287128712872,1079.1523279352227
1701,24.871287128712872,1079.3117408906883,24.871287128712872,1078.9929149797572
1702,24.871287128712872,1079.1523279352227,24.89108910891089,1079.5622469635628
1703,24.89108910891089,1079.9949392712551,24.89108910891089,1079.1295546558704
1704,24.89108910891089,1079.5622469635628,24.91089108910891,1079.6761133603238
1705,24.91089108910891,1079.9949392712551,24.91089108910891,1079.3572874493927
1706,24.91089108910891,1079.6761133603238,24.93069306930693,1079.5622469635628
1707,24.93069306930693,1079.8127530364372,24.93069306930693,1079.3117408906883
1708,24.93069306930693,1079.5622469635628,24.95049504950495,1079.3345141700404
1709,24.95049504950495,1079.3345141700404,24.97029702970297,1079.3117408906883
1710,24.97029702970297,1079.3117408906883,24.99009900990099,1079.4028340080972
1711,24.99009900990099,1079.4939271255062,24.99009900990099,1079.3117408906883
1712,24.99009900990099,1079.4028340080972,25.00990099009901,1079.6305668016194
1713,25.00990099009901,1079.9038461538462,25.00990099009901,1079.3572874493927
1714,25.00990099009901,1079.6305668016194,25.02970297029703,1079.8810728744938
1715,25.02970297029703,1079.9949392712551,25.02970297029703,1079.7672064777328
1716,25.02970297029703,1079.8810728744938,25.04950495049505,1079.9721659919028
1717,25.04950495049505,1079.9721659919028,25.06930693069307,1079.9721659919028
1718,25.06930693069307,1079.9721659919028,25.08910891089109,1079.6077935222672
1719,25.08910891089109,1079.9949392712551,25.08910891089109,1079.2206477732793
1720,25.08910891089109,1079.6077935222672,25.10891089108911,1079.2206477732793
1721,25.10891089108911,1079.5394736842106,25.10891089108911,1078.9018218623482
1722,25.10891089108911,1079.2206477732793,25.128712871287128,1078.879048582996
1723,25.128712871287128,1078.9473684210527,25.128712871287128,1078.8107287449393
1724,25.128712871287128,1078.879048582996,25.14851485148515,1078.7196356275304
1725,25.14851485148515,1078.9018218623482,25.14851485148515,1078.5374493927125
1726,25.14851485148515,1078.7196356275304,25.168316831683168,1078.4235829959514
1727,25.168316831683168,1078.7196356275304,25.168316831683168,1078.1275303643724
1728,25.168316831683168,1078.4235829959514,25.18811881188119,1078.1503036437248
1729,25.18811881188119,1078.1503036437248,25.207920792079207,1078.0592105263158
1730,25.207920792079207,1078.1275303643724,25.207920792079207,1077.990890688259
1731,25.207920792079207,1078.0592105263158,25.22772277227723,1078.081983805668
1732,25.22772277227723,1078.081983805668,25.247524752475247,1078.081983805668
1733,25.247524752475247,1078.081983805668,25.26732673267327,1078.0592105263158
1734,25.26732673267327,1078.0592105263158,25.287128712871286,1078.0136639676114
1735,25.287128712871286,1078.0136639676114,25.306930693069308,1077.990890688259
1736,25.306930693069308,1077.990890688259,25.326732673267326,1077.5126518218624
1737,25.326732673267326,1077.990890688259,25.326732673267326,1077.0344129554655
1738,25.326732673267326,1077.5126518218624,25.346534653465348,1077.48987854251
1739,25.346534653465348,1077.9453441295545,25.346534653465348,1077.0344129554655
1740,25.346534653465348,1077.48987854251,25.366336633663366,1077.672064777328
1741,25.366336633663366,1078.0364372469635,25.366336633663366,1077.3076923076924
1742,25.366336633663366,1077.672064777328,25.386138613861387,1077.6492914979758
1743,25.386138613861387,1077.990890688259,25.386138613861387,1077.3076923076924
1744,25.386138613861387,1077.6492914979758,25.405940594059405,1077.376012145749
1745,25.405940594059405,1077.7176113360324,25.405940594059405,1077.0344129554655
1746,25.405940594059405,1077.376012145749,25.425742574257427,1076.8294534412955
1747,25.425742574257427,1077.0344129554655,25.425742574257427,1076.6244939271255
1748,25.425742574257427,1076.8294534412955,25.445544554455445,1076.3967611336031
1749,25.445544554455445,1076.8522267206479,25.445544554455445,1075.9412955465586
1750,25.445544554455445,1076.3967611336031,25.465346534653467,1075.8957489878542
1751,25.465346534653467,1076.3056680161944,25.465346534653467,1075.4858299595141
1752,25.465346534653467,1075.8957489878542,25.485148514851485,1075.3947368421052
1753,25.485148514851485,1075.668016194332,25.485148514851485,1075.1214574898786
1754,25.485148514851485,1075.3947368421052,25.504950495049506,1075.3036437246963
1755,25.485148514851485,1075.0075910931173,25.504950495049506,1075.3036437246963
1756,25.504950495049506,1075.6224696356276,25.504950495049506,1074.9848178137652
1757,25.504950495049506,1075.3036437246963,25.524752475247524,1075.7135627530365
1758,25.524752475247524,1076.4423076923076,25.524752475247524,1074.9848178137652
1759,25.524752475247524,1075.7135627530365,25.544554455445546,1076.26012145749
1760,25.544554455445546,1076.4423076923076,25.544554455445546,1076.077935222672
1761,25.544554455445546,1076.26012145749,25.564356435643564,1076.169028340081
1762,25.564356435643564,1076.169028340081,25.584158415841586,1076.1462550607287
1763,25.584158415841586,1076.2145748987855,25.584158415841586,1076.077935222672
1764,25.584158415841586,1076.1462550607287,25.603960396039604,1075.668016194332
1765,25.603960396039604,1076.2145748987855,25.603960396039604,1075.1214574898786
1766,25.603960396039604,1075.668016194332,25.623762376237625,1075.5996963562752
1767,25.623762376237625,1076.077935222672,25.623762376237625,1075.1214574898786
1768,25.623762376237625,1075.5996963562752,25.643564356435643,1076.556174089069
1769,25.643564356435643,1077.7631578947369,25.643564356435643,1075.3491902834007
1770,25.643564356435643,1076.556174089069,25.663366336633665,1076.8294534412955
1771,25.663366336633665,1077.8087044534414,25.663366336633665,1075.8502024291497
1772,25.663366336633665,1076.8294534412955,25.683168316831683,1076.3284412955466
1773,25.683168316831683,1076.988866396761,25.683168316831683,1075.668016194332
1774,25.683168316831683,1076.3284412955466,25.702970297029704,1075.6452429149797
1775,25.702970297029704,1075.759109311741,25.702970297029704,1075.5313765182186
1776,25.702970297029704,1075.6452429149797,25.722772277227723,1075.4402834008097
1777,25.722772277227723,1075.5313765182186,25.722772277227723,1075.3491902834007
1778,25.722772277227723,1075.4402834008097,25.742574257425744,1075.3491902834007
1779,25.742574257425744,1075.4402834008097,25.742574257425744,1075.258097165992
1780,25.742574257425744,1075.3491902834007,25.762376237623762,1075.2353238866397
1781,25.762376237623762,1075.3036437246963,25.762376237623762,1075.167004048583
1782,25.762376237623762,1075.2353238866397,25.782178217821784,1075.167004048583
1783,25.782178217821784,1075.167004048583,25.801980198019802,1075.167004048583
1784,25.801980198019802,1075.167004048583,25.821782178217823,1075.167004048583
1785,25.821782178217823,1075.167004048583,25.84158415841584,1075.3491902834007
1786,25.84158415841584,1075.576923076923,25.84158415841584,1075.1214574898786
1787,25.84158415841584,1075.3491902834007,25.861386138613863,1076.0096153846155
1788,25.861386138613863,1076.8977732793521,25.861386138613863,1075.1214574898786
1789,25.861386138613863,1076.0096153846155,25.88118811881188,1076.761133603239
1790,25.88118811881188,1076.988866396761,25.88118811881188,1076.5334008097166
1791,25.88118811881188,1076.761133603239,25.900990099009903,1077.0344129554655
1792,25.900990099009903,1077.0344129554655,25.92079207920792,1077.3304655870445
1793,25.92079207920792,1077.6265182186235,25.92079207920792,1077.0344129554655
1794,25.92079207920792,1077.3304655870445,25.940594059405942,1077.5581983805669
1795,25.940594059405942,1077.7176113360324,25.940594059405942,1077.3987854251013
1796,25.940594059405942,1077.5581983805669,25.96039603960396,1077.48987854251
1797,25.96039603960396,1077.7176113360324,25.96039603960396,1077.262145748988
1798,25.96039603960396,1077.48987854251,25.980198019801982,1077.0344129554655
1799,25.980198019801982,1077.580971659919,25.980198019801982,1076.487854251012
1800,25.980198019801982,1077.0344129554655,26.0,1076.6244939271255
1801,26.0,1077.0344129554655,26.0,1076.2145748987855
1802,26.0,1076.6244939271255,26.019801980198018,1076.2145748987855
1803,26.019801980198018,1076.3512145748987,26.019801980198018,1076.077935222672
1804,26.019801980198018,1076.2145748987855,26.03960396039604,1076.1007085020242
1805,26.03960396039604,1076.169028340081,26.03960396039604,1076.0323886639676
1806,26.03960396039604,1076.1007085020242,26.059405940594058,1076.0096153846155
1807,26.059405940594058,1076.0096153846155,26.07920792079208,1076.0096153846155
1808,26.07920792079208,1076.0096153846155,26.099009900990097,1076.0096153846155
1809,26.099009900990097,1076.0096153846155,26.11881188118812,1076.0096153846155
1810,26.11881188118812,1076.0096153846155,26.138613861386137,1076.0096153846155
1811,26.138613861386137,1076.0096153846155,26.15841584158416,1076.0096153846155
1812,26.15841584158416,1076.0096153846155,26.178217821782177,1076.0096153846155
1813,26.178217821782177,1076.0096153846155,26.198019801980198,1076.1234817813765
1814,26.198019801980198,1076.26012145749,26.198019801980198,1075.9868421052631
1815,26.198019801980198,1076.4423076923076,26.217821782178216,1076.6472672064776
1816,26.198019801980198,1076.1234817813765,26.217821782178216,1076.6472672064776
1817,26.217821782178216,1077.171052631579,26.217821782178216,1076.1234817813765
1818,26.217821782178216,1076.6472672064776,26.237623762376238,1077.2393724696356
1819,26.237623762376238,1077.48987854251,26.237623762376238,1076.988866396761
1820,26.237623762376238,1077.2393724696356,26.257425742574256,1077.262145748988
1821,26.257425742574256,1077.48987854251,26.257425742574256,1077.0344129554655
1822,26.257425742574256,1077.262145748988,26.277227722772277,1076.988866396761
1823,26.277227722772277,1077.2165991902834,26.277227722772277,1076.761133603239
1824,26.277227722772277,1076.988866396761,26.297029702970296,1076.8066801619434
1825,26.297029702970296,1076.988866396761,26.297029702970296,1076.6244939271255
1826,26.297029702970296,1076.8066801619434,26.316831683168317,1076.8066801619434
1827,26.316831683168317,1076.988866396761,26.316831683168317,1076.6244939271255
1828,26.316831683168317,1076.8066801619434,26.336633663366335,1076.966093117409
1829,26.336633663366335,1077.0344129554655,26.336633663366335,1076.8977732793521
1830,26.336633663366335,1076.966093117409,26.356435643564357,1076.8977732793521
1831,26.356435643564357,1076.988866396761,26.356435643564357,1076.8066801619434
1832,26.356435643564357,1076.8977732793521,26.376237623762375,1076.5334008097166
1833,26.376237623762375,1076.8066801619434,26.376237623762375,1076.26012145749
1834,26.376237623762375,1076.5334008097166,26.396039603960396,1076.373987854251
1835,26.396039603960396,1076.7155870445345,26.396039603960396,1076.0323886639676
1836,26.396039603960396,1076.373987854251,26.415841584158414,1076.5106275303644
1837,26.415841584158414,1076.988866396761,26.415841584158414,1076.0323886639676
1838,26.415841584158414,1076.5106275303644,26.435643564356436,1076.988866396761
1839,26.415841584158414,1076.5106275303644,26.435643564356436,1076.8522267206479
1840,26.435643564356436,1076.988866396761,26.455445544554454,1077.0116396761134
1841,26.455445544554454,1077.0116396761134,26.475247524752476,1077.0116396761134
1842,26.475247524752476,1077.0116396761134,26.495049504950494,1077.0116396761134
1843,26.495049504950494,1077.0116396761134,26.514851485148515,1077.0116396761134
1844,26.514851485148515,1077.0116396761134,26.534653465346533,1077.0116396761134
1845,26.534653465346533,1077.0116396761134,26.554455445544555,1077.0116396761134
1846,26.554455445544555,1077.0116396761134,26.574257425742573,1077.0116396761134
1847,26.574257425742573,1077.0116396761134,26.594059405940595,1077.0116396761134
1848,26.594059405940595,1077.0116396761134,26.613861386138613,1077.0344129554655
1849,26.613861386138613,1077.0344129554655,26.633663366336634,1077.0116396761134
1850,26.633663366336634,1077.0116396761134,26.653465346534652,1076.67004048583
1851,26.653465346534652,1077.0344129554655,26.653465346534652,1076.3056680161944
1852,26.653465346534652,1076.67004048583,26.673267326732674,1076.1462550607287
1853,26.653465346534652,1076.169028340081,26.673267326732674,1076.1462550607287
1854,26.673267326732674,1076.578947368421,26.673267326732674,1075.7135627530365
1855,26.673267326732674,1076.1462550607287,26.693069306930692,1075.8274291497976
1856,26.693069306930692,1075.9412955465586,26.693069306930692,1075.7135627530365
1857,26.693069306930692,1075.8274291497976,26.712871287128714,1075.9185222672065
1858,26.712871287128714,1075.9185222672065,26.73267326732673,1075.9185222672065
1859,26.73267326732673,1075.9185222672065,26.752475247524753,1075.9185222672065
1860,26.752475247524753,1075.9185222672065,26.77227722772277,1075.964068825911
1861,26.77227722772277,1076.0323886639676,26.77227722772277,1075.8957489878542
1862,26.77227722772277,1075.964068825911,26.792079207920793,1076.1462550607287
1863,26.792079207920793,1076.3056680161944,26.792079207920793,1075.9868421052631
1864,26.792079207920793,1076.1462550607287,26.81188118811881,1076.2373481781376
1865,26.81188118811881,1076.3056680161944,26.81188118811881,1076.169028340081
1866,26.81188118811881,1076.2373481781376,26.831683168316832,1076.26012145749
1867,26.831683168316832,1076.26012145749,26.85148514851485,1076.169028340081
1868,26.85148514851485,1076.26012145749,26.85148514851485,1076.077935222672
1869,26.85148514851485,1076.169028340081,26.871287128712872,1076.05516194332
1870,26.871287128712872,1076.05516194332,26.89108910891089,1076.0096153846155
1871,26.89108910891089,1076.0096153846155,26.91089108910891,1076.0323886639676
1872,26.91089108910891,1076.0323886639676,26.93069306930693,1076.3284412955466
1873,26.93069306930693,1076.6244939271255,26.93069306930693,1076.0323886639676
1874,26.93069306930693,1076.3284412955466,26.95049504950495,1076.4423076923076
1875,26.95049504950495,1076.8066801619434,26.95049504950495,1076.077935222672
1876,26.95049504950495,1076.4423076923076,26.97029702970297,1076.4195344129555
1877,26.97029702970297,1076.8066801619434,26.97029702970297,1076.0323886639676
1878,26.97029702970297,1076.4195344129555,26.99009900990099,1076.3967611336031
1879,26.99009900990099,1076.761133603239,26.99009900990099,1076.0323886639676
1880,26.99009900990099,1076.3967611336031,27.00990099009901,1077.1482793522266
1881,27.00990099009901,1077.990890688259,27.00990099009901,1076.3056680161944
1882,27.00990099009901,1077.1482793522266,27.02970297029703,1077.580971659919
1883,27.02970297029703,1078.0364372469635,27.02970297029703,1077.1255060728745
1884,27.02970297029703,1077.580971659919,27.04950495049505,1077.5581983805669
1885,27.04950495049505,1077.990890688259,27.04950495049505,1077.1255060728745
1886,27.04950495049505,1077.5581983805669,27.06930693069307,1077.171052631579
1887,27.06930693069307,1077.3532388663969,27.06930693069307,1076.988866396761
1888,27.06930693069307,1077.171052631579,27.08910891089109,1077.0116396761134
1889,27.08910891089109,1077.0116396761134,27.10891089108911,1076.761133603239
1890,27.10891089108911,1077.0344129554655,27.10891089108911,1076.487854251012
1891,27.10891089108911,1076.761133603239,27.128712871287128,1076.692813765182
1892,27.10891089108911,1076.761133603239,27.128712871287128,1076.4423076923076
1893,27.128712871287128,1076.578947368421,27.128712871287128,1076.3056680161944
1894,27.128712871287128,1076.4423076923076,27.14851485148515,1076.3967611336031
1895,27.14851485148515,1076.3967611336031,27.168316831683168,1076.4195344129555
1896,27.168316831683168,1076.4195344129555,27.18811881188119,1076.4423076923076
1897,27.18811881188119,1076.4423076923076,27.207920792079207,1076.3512145748987
1898,27.207920792079207,1076.5334008097166,27.207920792079207,1076.169028340081
1899,27.207920792079207,1076.3512145748987,27.22772277227723,1076.2145748987855
1900,27.22772277227723,1076.3967611336031,27.22772277227723,1076.0323886639676
1901,27.22772277227723,1076.2145748987855,27.247524752475247,1076.0096153846155
1902,27.247524752475247,1076.0096153846155,27.26732673267327,1076.0096153846155
1903,27.26732673267327,1076.0096153846155,27.287128712871286,1076.0096153846155
1904,27.287128712871286,1076.0096153846155,27.306930693069308,1076.0096153846155
1905,27.306930693069308,1076.0096153846155,27.326732673267326,1076.0096153846155
1906,27.326732673267326,1076.0096153846155,27.346534653465348,1076.0096153846155
1907,27.346534653465348,1076.0096153846155,27.366336633663366,1076.0096153846155
1908,27.366336633663366,1076.0096153846155,27.386138613861387,1076.0096153846155
1909,27.386138613861387,1076.0096153846155,27.405940594059405,1076.0096153846155
1910,27.405940594059405,1076.0096153846155,27.425742574257427,1076.0096153846155
1911,27.425742574257427,1076.0096153846155,27.445544554455445,1076.0096153846155
1912,27.445544554455445,1076.0096153846155,27.465346534653467,1076.0096153846155
1913,27.465346534653467,1076.0096153846155,27.485148514851485,1076.0096153846155
1914,27.485148514851485,1076.0096153846155,27.504950495049506,1076.0096153846155
1915,27.504950495049506,1076.0096153846155,27.524752475247524,1076.0096153846155
1916,27.524752475247524,1076.0096153846155,27.544554455445546,1076.0323886639676
1917,27.544554455445546,1076.0323886639676,27.564356435643564,1076.1007085020242
1918,27.564356435643564,1076.2145748987855,27.564356435643564,1075.9868421052631
1919,27.564356435643564,1076.1007085020242,27.584158415841586,1076.5334008097166
1920,27.584158415841586,1076.988866396761,27.584158415841586,1076.077935222672
1921,27.584158415841586,1076.5334008097166,27.603960396039604,1076.9433198380566
1922,27.603960396039604,1077.0344129554655,27.603960396039604,1076.8522267206479
1923,27.603960396039604,1076.9433198380566,27.623762376237625,1077.0344129554655
1924,27.623762376237625,1077.0344129554655,27.643564356435643,1077.0116396761134
1925,27.643564356435643,1077.0116396761134,27.663366336633665,1077.0116396761134
1926,27.663366336633665,1077.0116396761134,27.683168316831683,1077.0116396761134
1927,27.683168316831683,1077.0116396761134,27.702970297029704,1077.0116396761134
1928,27.702970297029704,1077.0116396761134,27.722772277227723,1076.761133603239
1929,27.722772277227723,1076.988866396761,27.722772277227723,1076.5334008097166
1930,27.722772277227723,1076.761133603239,27.742574257425744,1076.578947368421
1931,27.742574257425744,1076.67004048583,27.742574257425744,1076.487854251012
1932,27.742574257425744,1076.578947368421,27.762376237623762,1076.6017206477734
1933,27.762376237623762,1076.7155870445345,27.762376237623762,1076.487854251012
1934,27.762376237623762,1076.6017206477734,27.782178217821784,1076.761133603239
1935,27.782178217821784,1076.988866396761,27.782178217821784,1076.5334008097166
1936,27.782178217821784,1076.761133603239,27.801980198019802,1077.0116396761134
1937,27.801980198019802,1077.0116396761134,27.821782178217823,1077.0116396761134
1938,27.821782178217823,1077.0116396761134,27.84158415841584,1076.761133603239
1939,27.84158415841584,1076.988866396761,27.84158415841584,1076.5334008097166
1940,27.84158415841584,1076.761133603239,27.861386138613863,1076.578947368421
1941,27.861386138613863,1076.67004048583,27.861386138613863,1076.487854251012
1942,27.861386138613863,1076.578947368421,27.88118811881188,1076.487854251012
1943,27.88118811881188,1076.487854251012,27.900990099009903,1076.3967611336031
1944,27.900990099009903,1076.5334008097166,27.900990099009903,1076.26012145749
1945,27.900990099009903,1076.3967611336031,27.92079207920792,1076.487854251012
1946,27.92079207920792,1076.761133603239,27.92079207920792,1076.2145748987855
1947,27.92079207920792,1076.487854251012,27.940594059405942,1076.7383603238866
1948,27.940594059405942,1076.988866396761,27.940594059405942,1076.487854251012
1949,27.940594059405942,1076.7383603238866,27.96039603960396,1076.966093117409
1950,27.96039603960396,1077.0344129554655,27.96039603960396,1076.8977732793521
1951,27.96039603960396,1076.966093117409,27.980198019801982,1076.8522267206479
1952,27.980198019801982,1077.0344129554655,27.980198019801982,1076.67004048583
1953,27.980198019801982,1076.8522267206479,28.0,1076.4195344129555
1954,27.980198019801982,1076.4423076923076,28.0,1076.4195344129555
1955,27.980198019801982,1076.2145748987855,28.0,1076.4195344129555
1956,28.0,1076.7155870445345,28.0,1076.1234817813765
1957,28.0,1076.4195344129555,28.019801980198018,1076.1234817813765
1958,28.019801980198018,1076.1234817813765,28.03960396039604,1076.1234817813765
1959,28.03960396039604,1076.1234817813765,28.059405940594058,1076.6244939271255
1960,28.059405940594058,1077.1255060728745,28.059405940594058,1076.1234817813765
1961,28.059405940594058,1077.28491902834,28.07920792079208,1077.3304655870445
1962,28.059405940594058,1076.6244939271255,28.07920792079208,1077.3304655870445
1963,28.07920792079208,1077.990890688259,28.07920792079208,1076.67004048583
1964,28.07920792079208,1077.3304655870445,28.099009900990097,1077.8997975708503
1965,28.099009900990097,1078.0364372469635,28.099009900990097,1077.7631578947369
1966,28.099009900990097,1077.8997975708503,28.11881188118812,1077.8542510121458
1967,28.11881188118812,1077.8542510121458,28.138613861386137,1077.877024291498
1968,28.138613861386137,1077.9453441295545,28.138613861386137,1077.8087044534414
1969,28.138613861386137,1077.877024291498,28.15841584158416,1077.9453441295545
1970,28.15841584158416,1077.9453441295545,28.178217821782177,1078.0136639676114
1971,28.178217821782177,1078.0136639676114,28.198019801980198,1078.0136639676114
1972,28.198019801980198,1078.0136639676114,28.217821782178216,1078.0136639676114
1973,28.217821782178216,1078.0136639676114,28.237623762376238,1078.0136639676114
1974,28.237623762376238,1078.0136639676114,28.257425742574256,1078.0136639676114
1975,28.257425742574256,1078.0136639676114,28.277227722772277,1078.0136639676114
1976,28.277227722772277,1078.0136639676114,28.297029702970296,1078.0136639676114
1977,28.297029702970296,1078.0136639676114,28.316831683168317,1078.0136639676114
1978,28.316831683168317,1078.0136639676114,28.336633663366335,1078.0136639676114
1979,28.336633663366335,1078.0136639676114,28.356435643564357,1078.0136639676114
1980,28.356435643564357,1078.0136639676114,28.376237623762375,1078.0136639676114
1981,28.376237623762375,1078.0136639676114,28.396039603960396,1078.0136639676114
1982,28.396039603960396,1078.0136639676114,28.415841584158414,1078.0136639676114
1983,28.415841584158414,1078.0136639676114,28.435643564356436,1077.9453441295545
1984,28.435643564356436,1078.0364372469635,28.435643564356436,1077.8542510121458
1985,28.435643564356436,1077.9453441295545,28.455445544554454,1077.5126518218624
1986,28.435643564356436,1077.7631578947369,28.455445544554454,1077.5126518218624
1987,28.455445544554454,1077.8997975708503,28.455445544554454,1077.1255060728745
1988,28.455445544554454,1077.5126518218624,28.475247524752476,1077.3076923076924
1989,28.455445544554454,1077.5126518218624,28.475247524752476,1077.1027327935224
1990,28.475247524752476,1077.2165991902834,28.475247524752476,1076.988866396761
1991,28.475247524752476,1077.1027327935224,28.495049504950494,1077.0116396761134
1992,28.495049504950494,1077.0116396761134,28.514851485148515,1077.0116396761134
1993,28.514851485148515,1077.0116396761134,28.534653465346533,1077.0116396761134
1994,28.534653465346533,1077.0116396761134,28.554455445544555,1077.1027327935224
1995,28.554455445544555,1077.2165991902834,28.554455445544555,1076.988866396761
1996,28.554455445544555,1077.1027327935224,28.574257425742573,1077.5354251012145
1997,28.574257425742573,1077.990890688259,28.574257425742573,1077.07995951417
1998,28.574257425742573,1077.5354251012145,28.594059405940595,1077.6037449392713
1999,28.594059405940595,1077.990890688259,28.594059405940595,1077.2165991902834
2000,28.594059405940595,1077.6037449392713,28.613861386138613,1077.3532388663969
2001,28.613861386138613,1077.7176113360324,28.613861386138613,1076.988866396761
2002,28.613861386138613,1077.3532388663969,28.633663366336634,1077.0116396761134
2003,28.633663366336634,1077.0116396761134,28.653465346534652,1077.0116396761134
2004,28.653465346534652,1077.0116396761134,28.673267326732674,1076.988866396761
2005,28.673267326732674,1076.988866396761,28.693069306930692,1076.8522267206479
2006,28.693069306930692,1076.988866396761,28.693069306930692,1076.7155870445345
2007,28.693069306930692,1076.8522267206479,28.712871287128714,1076.7155870445345
2008,28.712871287128714,1076.7155870445345,28.73267326732673,1076.6017206477734
2009,28.73267326732673,1076.6017206477734,28.752475247524753,1076.556174089069
2010,28.752475247524753,1076.556174089069,28.77227722772277,1076.5106275303644
2011,28.77227722772277,1076.5106275303644,28.792079207920793,1076.5106275303644
2012,28.792079207920793,1076.5106275303644,28.81188118811881,1076.487854251012
2013,28.81188118811881,1076.487854251012,28.831683168316832,1076.5106275303644
2014,28.831683168316832,1076.5106275303644,28.85148514851485,1076.5106275303644
2015,28.85148514851485,1076.5106275303644,28.871287128712872,1076.7155870445345
2016,28.871287128712872,1076.8522267206479,28.871287128712872,1076.578947368421
2017,28.871287128712872,1076.7155870445345,28.89108910891089,1077.4215587044534
2018,28.89108910891089,1078.173076923077,28.89108910891089,1076.67004048583
2019,28.89108910891089,1077.4215587044534,28.91089108910891,1077.6492914979758
2020,28.91089108910891,1078.4008097165993,28.91089108910891,1076.8977732793521
2021,28.91089108910891,1077.6492914979758,28.93069306930693,1077.193825910931
2022,28.93069306930693,1078.2641700404859,28.93069306930693,1076.1234817813765
2023,28.93069306930693,1077.193825910931,28.95049504950495,1076.282894736842
2024,28.95049504950495,1076.5334008097166,28.95049504950495,1076.0323886639676
2025,28.95049504950495,1076.282894736842,28.97029702970297,1076.1234817813765
2026,28.97029702970297,1076.2145748987855,28.97029702970297,1076.0323886639676
2027,28.97029702970297,1076.1234817813765,28.99009900990099,1076.46508097166
2028,28.99009900990099,1076.8522267206479,28.99009900990099,1076.077935222672
2029,28.99009900990099,1076.46508097166,29.00990099009901,1077.1482793522266
2030,29.00990099009901,1077.8997975708503,29.00990099009901,1076.3967611336031
2031,29.00990099009901,1077.1482793522266,29.02970297029703,1077.3532388663969
2032,29.02970297029703,1077.9453441295545,29.02970297029703,1076.761133603239
2033,29.02970297029703,1077.3532388663969,29.04950495049505,1077.1482793522266
2034,29.04950495049505,1077.7176113360324,29.04950495049505,1076.578947368421
2035,29.04950495049505,1077.1482793522266,29.06930693069307,1076.3967611336031
2036,29.06930693069307,1076.67004048583,29.06930693069307,1076.1234817813765
2037,29.06930693069307,1076.3967611336031,29.08910891089109,1076.1918016194331
2038,29.08910891089109,1076.487854251012,29.08910891089109,1075.8957489878542
2039,29.08910891089109,1076.1918016194331,29.10891089108911,1076.3512145748987
2040,29.10891089108911,1076.8066801619434,29.10891089108911,1075.8957489878542
2041,29.10891089108911,1076.3512145748987,29.128712871287128,1076.3284412955466
2042,29.128712871287128,1076.8066801619434,29.128712871287128,1075.8502024291497
2043,29.128712871287128,1076.3284412955466,29.14851485148515,1075.7363360323886
2044,29.14851485148515,1076.0323886639676,29.14851485148515,1075.4402834008097
2045,29.14851485148515,1075.7363360323886,29.168316831683168,1075.3491902834007
2046,29.168316831683168,1075.7135627530365,29.168316831683168,1074.9848178137652
2047,29.168316831683168,1075.3491902834007,29.18811881188119,1075.371963562753
2048,29.18811881188119,1075.759109311741,29.18811881188119,1074.9848178137652
2049,29.18811881188119,1075.371963562753,29.207920792079207,1075.6452429149797
2050,29.18811881188119,1075.371963562753,29.207920792079207,1075.0303643724696
2051,29.207920792079207,1076.0323886639676,29.207920792079207,1075.258097165992
2052,29.207920792079207,1075.6452429149797,29.22772277227723,1076.0096153846155
2053,29.22772277227723,1076.0096153846155,29.247524752475247,1075.8957489878542
2054,29.247524752475247,1076.0323886639676,29.247524752475247,1075.759109311741
2055,29.247524752475247,1075.8957489878542,29.26732673267327,1075.5313765182186
2056,29.26732673267327,1076.0323886639676,29.26732673267327,1075.0303643724696
2057,29.26732673267327,1075.5313765182186,29.287128712871286,1075.5313765182186
2058,29.287128712871286,1076.0323886639676,29.287128712871286,1075.0303643724696
2059,29.287128712871286,1075.5313765182186,29.306930693069308,1076.2373481781376
2060,29.306930693069308,1076.487854251012,29.306930693069308,1075.9868421052631
2061,29.306930693069308,1076.2373481781376,29.326732673267326,1076.8522267206479
2062,29.326732673267326,1077.5354251012145,29.326732673267326,1076.169028340081
2063,29.326732673267326,1076.8522267206479,29.346534653465348,1077.376012145749
2064,29.346534653465348,1077.7176113360324,29.346534653465348,1077.0344129554655
2065,29.346534653465348,1077.376012145749,29.366336633663366,1077.7631578947369
2066,29.366336633663366,1077.8542510121458,29.366336633663366,1077.672064777328
2067,29.366336633663366,1077.7631578947369,29.386138613861387,1077.877024291498
2068,29.386138613861387,1077.990890688259,29.386138613861387,1077.7631578947369
2069,29.386138613861387,1077.877024291498,29.405940594059405,1078.0136639676114
2070,29.405940594059405,1078.0136639676114,29.425742574257427,1078.0136639676114
2071,29.425742574257427,1078.0136639676114,29.445544554455445,1078.2186234817814
2072,29.445544554455445,1078.4463562753037,29.445544554455445,1077.990890688259
2073,29.445544554455445,1078.2186234817814,29.465346534653467,1078.3324898785424
2074,29.465346534653467,1078.5374493927125,29.465346534653467,1078.1275303643724
2075,29.465346534653467,1078.3324898785424,29.485148514851485,1078.5146761133603
2076,29.485148514851485,1078.5146761133603,29.504950495049506,1078.5146761133603
2077,29.504950495049506,1078.5146761133603,29.524752475247524,1078.2413967611335
2078,29.524752475247524,1078.491902834008,29.524752475247524,1077.990890688259
2079,29.524752475247524,1078.2413967611335,29.544554455445546,1078.0364372469635
2080,29.544554455445546,1078.0364372469635,29.564356435643564,1078.0136639676114
2081,29.564356435643564,1078.0136639676114,29.584158415841586,1078.3324898785424
2082,29.584158415841586,1078.6740890688259,29.584158415841586,1077.990890688259
2083,29.584158415841586,1078.3324898785424,29.603960396039604,1078.4463562753037
2084,29.603960396039604,1078.9018218623482,29.603960396039604,1077.990890688259
2085,29.603960396039604,1078.4463562753037,29.623762376237625,1078.2413967611335
2086,29.623762376237625,1078.491902834008,29.623762376237625,1077.990890688259
2087,29.623762376237625,1078.2413967611335,29.643564356435643,1078.0136639676114
2088,29.643564356435643,1078.0136639676114,29.663366336633665,1078.0136639676114
2089,29.663366336633665,1078.0136639676114,29.683168316831683,1078.0136639676114
2090,29.683168316831683,1078.0136639676114,29.702970297029704,1078.0136639676114
2091,29.702970297029704,1078.0136639676114,29.722772277227723,1078.0592105263158
2092,29.722772277227723,1078.1275303643724,29.722772277227723,1077.990890688259
2093,29.722772277227723,1078.0592105263158,29.742574257425744,1078.2413967611335
2094,29.742574257425744,1078.491902834008,29.742574257425744,1077.990890688259
2095,29.742574257425744,1078.582995951417,29.762376237623762,1078.5146761133603
2096,29.742574257425744,1078.2413967611335,29.762376237623762,1078.5146761133603
2097,29.742574257425744,1078.2413967611335,29.762376237623762,1078.2641700404859
2098,29.762376237623762,1078.6285425101214,29.762376237623762,1078.4008097165993
2099,29.762376237623762,1078.5146761133603,29.782178217821784,1078.6057692307693
2100,29.782178217821784,1078.6057692307693,29.801980198019802,1078.6057692307693
2101,29.801980198019802,1078.6057692307693,29.821782178217823,1078.6057692307693
2102,29.821782178217823,1078.6057692307693,29.84158415841584,1078.6057692307693
2103,29.84158415841584,1078.6057692307693,29.861386138613863,1078.6057692307693
2104,29.861386138613863,1078.6057692307693,29.88118811881188,1078.6057692307693
2105,29.88118811881188,1078.6057692307693,29.900990099009903,1078.5374493927125
2106,29.900990099009903,1078.5374493927125,29.92079207920792,1078.5602226720648
2107,29.92079207920792,1078.5602226720648,29.940594059405942,1078.6513157894738
2108,29.940594059405942,1078.7196356275304,29.940594059405942,1078.582995951417
2109,29.940594059405942,1078.6513157894738,29.96039603960396,1079.0156882591093
2110,29.96039603960396,1079.3117408906883,29.96039603960396,1078.7196356275304
2111,29.96039603960396,1079.0156882591093,29.980198019801982,1079.1523279352227
2112,29.980198019801982,1079.3117408906883,29.980198019801982,1078.9929149797572
2113,29.980198019801982,1079.1523279352227,30.0,1079.1751012145749
2114,30.0,1079.3117408906883,30.0,1079.0384615384614
2115,30.0,1079.1751012145749,30.019801980198018,1079.3572874493927
2116,30.019801980198018,1079.4939271255062,30.019801980198018,1079.2206477732793
2117,30.019801980198018,1079.3572874493927,30.03960396039604,1079.4939271255062
2118,30.03960396039604,1079.4939271255062,30.059405940594058,1079.4939271255062
2119,30.059405940594058,1079.4939271255062,30.07920792079208,1079.3345141700404
2120,30.07920792079208,1079.4939271255062,30.07920792079208,1079.1751012145749
2121,30.07920792079208,1079.3345141700404,30.099009900990097,1079.1751012145749
2122,30.099009900990097,1079.2661943319838,30.099009900990097,1079.084008097166
2123,30.099009900990097,1079.1751012145749,30.11881188118812,1079.1067813765183
2124,30.11881188118812,1079.1067813765183,30.138613861386137,1079.1067813765183
2125,30.138613861386137,1079.1067813765183,30.15841584158416,1079.1067813765183
2126,30.15841584158416,1079.1067813765183,30.178217821782177,1079.1067813765183
2127,30.178217821782177,1079.1067813765183,30.198019801980198,1079.1067813765183
2128,30.198019801980198,1079.1067813765183,30.217821782178216,1079.1067813765183
2129,30.217821782178216,1079.1067813765183,30.237623762376238,1079.1067813765183
2130,30.237623762376238,1079.1067813765183,30.257425742574256,1079.0612348178138
2131,30.257425742574256,1079.0612348178138,30.277227722772277,1079.0156882591093
2132,30.277227722772277,1079.0156882591093,30.297029702970296,1079.0612348178138
2133,30.297029702970296,1079.0612348178138,30.316831683168317,1079.084008097166
2134,30.316831683168317,1079.084008097166,30.336633663366335,1079.0612348178138
2135,30.336633663366335,1079.0612348178138,30.356435643564357,1079.0156882591093
2136,30.356435643564357,1079.0156882591093,30.376237623762375,1079.0156882591093
2137,30.376237623762375,1079.0156882591093,30.396039603960396,1079.084008097166
2138,30.396039603960396,1079.084008097166,30.415841584158414,1079.084008097166
2139,30.415841584158414,1079.084008097166,30.435643564356436,1079.0156882591093
2140,30.435643564356436,1079.0156882591093,30.455445544554454,1079.0156882591093
2141,30.455445544554454,1079.0156882591093,30.475247524752476,1079.0156882591093
2142,30.475247524752476,1079.0156882591093,30.495049504950494,1079.0156882591093
2143,30.495049504950494,1079.0156882591093,30.514851485148515,1079.0156882591093
2144,30.514851485148515,1079.0156882591093,30.534653465346533,1079.084008097166
2145,30.534653465346533,1079.084008097166,30.554455445544555,1079.084008097166
2146,30.554455445544555,1079.084008097166,30.574257425742573,1079.0156882591093
2147,30.574257425742573,1079.0156882591093,30.594059405940595,1079.0156882591093
2148,30.594059405940595,1079.0156882591093,30.613861386138613,1079.0156882591093
2149,30.613861386138613,1079.0156882591093,30.633663366336634,1079.0384615384614
2150,30.633663366336634,1079.0384615384614,30.653465346534652,1079.2206477732793
2151,30.653465346534652,1079.3572874493927,30.653465346534652,1079.084008097166
2152,30.653465346534652,1079.2206477732793,30.673267326732674,1079.3117408906883
2153,30.673267326732674,1079.4939271255062,30.673267326732674,1079.1295546558704
2154,30.673267326732674,1079.3117408906883,30.693069306930692,1079.2661943319838
2155,30.693069306930692,1079.4939271255062,30.693069306930692,1079.0384615384614
2156,30.693069306930692,1079.2661943319838,30.712871287128714,1079.2661943319838
2157,30.712871287128714,1079.4939271255062,30.712871287128714,1079.0384615384614
2158,30.712871287128714,1079.2661943319838,30.73267326732673,1079.4711538461538
2159,30.712871287128714,1079.2661943319838,30.73267326732673,1079.1295546558704
2160,30.73267326732673,1079.7216599190283,30.73267326732673,1079.2206477732793
2161,30.73267326732673,1079.4711538461538,30.752475247524753,1079.6988866396762
2162,30.752475247524753,1079.6988866396762,30.77227722772277,1079.7216599190283
2163,30.77227722772277,1079.7216599190283,30.792079207920793,1079.6988866396762
2164,30.792079207920793,1079.6988866396762,30.81188118811881,1079.6988866396762
2165,30.81188118811881,1079.6988866396762,30.831683168316832,1079.6988866396762
2166,30.831683168316832,1079.6988866396762,30.85148514851485,1079.5167004048583
2167,30.85148514851485,1079.7216599190283,30.85148514851485,1079.3117408906883
2168,30.85148514851485,1079.5167004048583,30.871287128712872,1079.3117408906883
2169,30.871287128712872,1079.5394736842106,30.871287128712872,1079.084008097166
2170,30.871287128712872,1079.3117408906883,30.89108910891089,1079.0384615384614
2171,30.89108910891089,1079.0384615384614,30.91089108910891,1079.0156882591093
2172,30.91089108910891,1079.0156882591093,30.93069306930693,1079.1751012145749
2173,30.93069306930693,1079.3572874493927,30.93069306930693,1078.9929149797572
2174,30.93069306930693,1079.1751012145749,30.95049504950495,1079.4256072874493
2175,30.95049504950495,1079.7216599190283,30.95049504950495,1079.1295546558704
2176,30.95049504950495,1079.4256072874493,30.97029702970297,1079.6988866396762
2177,30.97029702970297,1079.6988866396762,30.99009900990099,1079.7216599190283
2178,30.99009900990099,1079.7216599190283,31.00990099009901,1079.8127530364372
2179,31.00990099009901,1079.9038461538462,31.00990099009901,1079.7216599190283
2180,31.00990099009901,1079.8127530364372,31.02970297029703,1079.8582995951417
2181,31.02970297029703,1079.8582995951417,31.04950495049505,1079.8127530364372
2182,31.04950495049505,1079.9038461538462,31.04950495049505,1079.7216599190283
2183,31.04950495049505,1079.8127530364372,31.06930693069307,1079.6761133603238
2184,31.06930693069307,1079.7672064777328,31.06930693069307,1079.5850202429149
2185,31.06930693069307,1079.6761133603238,31.08910891089109,1079.5850202429149
2186,31.08910891089109,1079.5850202429149,31.10891089108911,1079.5394736842106
2187,31.10891089108911,1079.5394736842106,31.128712871287128,1079.5850202429149
2188,31.128712871287128,1079.5850202429149,31.14851485148515,1079.6761133603238
2189,31.14851485148515,1079.7672064777328,31.14851485148515,1079.5850202429149
2190,31.14851485148515,1079.6761133603238,31.168316831683168,1079.7899797570851
2191,31.168316831683168,1079.8582995951417,31.168316831683168,1079.7216599190283
2192,31.168316831683168,1079.7899797570851,31.18811881188119,1079.9266194331983
2193,31.18811881188119,1079.9949392712551,31.18811881188119,1079.8582995951417
2194,31.18811881188119,1079.9266194331983,31.207920792079207,1079.9721659919028
2195,31.207920792079207,1079.9721659919028,31.22772277227723,1080.0177125506073
2196,31.22772277227723,1080.0177125506073,31.247524752475247,1080.0177125506073
2197,31.247524752475247,1080.0177125506073,31.26732673267327,1079.9949392712551
2198,31.26732673267327,1079.9949392712551,31.287128712871286,1079.9038461538462
2199,31.287128712871286,1079.9949392712551,31.287128712871286,1079.8127530364372
2200,31.287128712871286,1079.9038461538462,31.306930693069308,1079.7444331983806
2201,31.306930693069308,1079.8127530364372,31.306930693069308,1079.6761133603238
2202,31.306930693069308,1079.7444331983806,31.326732673267326,1079.6077935222672
2203,31.326732673267326,1079.6761133603238,31.326732673267326,1079.5394736842106
2204,31.326732673267326,1079.6077935222672,31.346534653465348,1079.4711538461538
2205,31.346534653465348,1079.5394736842106,31.346534653465348,1079.4028340080972
2206,31.346534653465348,1079.4711538461538,31.366336633663366,1079.3117408906883
2207,31.366336633663366,1079.4028340080972,31.366336633663366,1079.2206477732793
2208,31.366336633663366,1079.3117408906883,31.386138613861387,1079.1978744939272
2209,31.386138613861387,1079.2661943319838,31.386138613861387,1079.1295546558704
2210,31.386138613861387,1079.1978744939272,31.405940594059405,1079.0612348178138
2211,31.405940594059405,1079.0612348178138,31.425742574257427,1079.0156882591093
2212,31.425742574257427,1079.0156882591093,31.445544554455445,1078.9701417004048
2213,31.445544554455445,1078.9701417004048,31.465346534653467,1078.9929149797572
2214,31.465346534653467,1078.9929149797572,31.485148514851485,1078.9929149797572
2215,31.485148514851485,1078.9929149797572,31.504950495049506,1079.0156882591093
2216,31.504950495049506,1079.0156882591093,31.524752475247524,1079.0156882591093
2217,31.524752475247524,1079.0156882591093,31.544554455445546,1079.0156882591093
2218,31.544554455445546,1079.0156882591093,31.564356435643564,1079.0156882591093
2219,31.564356435643564,1079.0156882591093,31.584158415841586,1079.0156882591093
2220,31.584158415841586,1079.0156882591093,31.603960396039604,1079.0156882591093
2221,31.603960396039604,1079.0156882591093,31.623762376237625,1079.0156882591093
2222,31.623762376237625,1079.0156882591093,31.643564356435643,1079.0156882591093
2223,31.643564356435643,1079.0156882591093,31.663366336633665,1078.9929149797572
2224,31.663366336633665,1078.9929149797572,31.683168316831683,1078.9929149797572
2225,31.683168316831683,1078.9929149797572,31.702970297029704,1078.9701417004048
2226,31.702970297029704,1078.9701417004048,31.722772277227723,1079.0384615384614
2227,31.722772277227723,1079.0384615384614,31.742574257425744,1079.1978744939272
2228,31.742574257425744,1079.3572874493927,31.742574257425744,1079.0384615384614
2229,31.742574257425744,1079.1978744939272,31.762376237623762,1079.4939271255062
2230,31.762376237623762,1079.6761133603238,31.762376237623762,1079.3117408906883
2231,31.762376237623762,1079.4939271255062,31.782178217821784,1079.8127530364372
2232,31.782178217821784,1079.9949392712551,31.782178217821784,1079.6305668016194
2233,31.782178217821784,1079.8127530364372,31.801980198019802,1079.9721659919028
2234,31.801980198019802,1080.0404858299596,31.801980198019802,1079.9038461538462
2235,31.801980198019802,1079.9721659919028,31.821782178217823,1080.0177125506073
2236,31.821782178217823,1080.0177125506073,31.84158415841584,1080.0177125506073
2237,31.84158415841584,1080.0177125506073,31.861386138613863,1080.0177125506073
2238,31.861386138613863,1080.0177125506073,31.88118811881188,1080.0177125506073
2239,31.88118811881188,1080.0177125506073,31.900990099009903,1080.0404858299596
2240,31.900990099009903,1080.0404858299596,31.92079207920792,1080.086032388664
2241,31.92079207920792,1080.086032388664,31.940594059405942,1080.1543522267207
2242,31.940594059405942,1080.1543522267207,31.96039603960396,1080.1998987854251
