study,estimate,standard_error,z_value,p_value_two_sided,visible_under_rule
1,0.3350865637932574,0.2,1.675432818966287,0.09384934192462766,False
2,0.24883227364650623,0.2,1.244161368232531,0.2134401786703034,False
3,0.439889331583746,0.2,2.1994466579187297,0.027846178100893033,True
4,0.3847427973151563,0.2,1.9237139865757815,0.054390443900901836,False
5,0.4093353162406452,0.2,2.0466765812032257,0.040689850120252065,True
6,0.06430267898549974,0.2,0.3215133949274987,0.7478213629927476,False
7,-0.09386863696613734,0.2,-0.4693431848306867,0.6388243519950874,False
8,0.009528060385733061,0.2,0.04764030192866531,0.962002912183906,False
9,0.10954100719184906,0.2,0.5477050359592452,0.5838944536727713,False
10,0.6120872085047937,0.2,3.0604360425239685,0.0022101495929445067,True
11,0.3038056428882992,0.2,1.519028214441496,0.12875539423053617,False
12,-0.21385021914960262,0.2,-1.069251095748013,0.28495654046383695,False
13,0.3263833874682841,0.2,1.6319169373414204,0.10269698546854256,False
14,0.6706977724984589,0.2,3.353488862492294,0.0007979962530425366,True
15,-0.028719033398065863,0.2,-0.14359516699032931,0.8858201572874451,False
16,0.1177824433216223,0.2,0.5889122166081114,0.5559201621380903,False
17,0.24910400975278668,0.2,1.2455200487639333,0.21294065059408745,False
18,-0.037052074789509615,0.2,-0.18526037394754807,0.853024816989523,False
19,0.4594864022909908,0.2,2.297432011454954,0.021594137397092893,True
20,0.1323189329785681,0.2,0.6615946648928404,0.5082310276227546,False
21,0.29865034898467135,0.2,1.4932517449233567,0.135371301783714,False
22,0.05883392435320839,0.2,0.29416962176604194,0.7686282924877881,False
23,0.14108119948295955,0.2,0.7054059974147977,0.48055761277346337,False
24,0.0955449488292814,0.2,0.477724744146407,0.6328461303385089,False
25,-0.030071072437258373,0.2,-0.15035536218629186,0.8804842566626887,False
26,-0.20225229746276252,0.2,-1.0112614873138126,0.31189129371939317,False
27,0.6376497911897423,0.2,3.1882489559487115,0.0014313724075548713,True
28,0.03333101177606074,0.2,0.16665505888030369,0.8676414687153704,False
29,0.20399995049362,0.2,1.0199997524681,0.30772857814092985,False
30,0.3766797201532762,0.2,1.883398600766381,0.05964636984317137,False
31,0.2966469215222461,0.2,1.4832346076112304,0.1380120893895775,False
32,0.059811492426480345,0.2,0.2990574621324017,0.7648962020867498,False
33,0.014068252702161888,0.2,0.07034126351080944,0.9439220402933164,False
34,0.4733096950290112,0.2,2.366548475145056,0.017954822791134563,True
35,0.31973237049977654,0.2,1.5986618524988827,0.10989575820342681,False
36,0.24042037403124306,0.2,1.2021018701562152,0.2293240618946523,False
37,0.21751089682972286,0.2,1.0875544841486142,0.2767918335172091,False
38,0.3939744868557703,0.2,1.9698724342788514,0.04885299239591085,True
39,0.4127689125433411,0.2,2.0638445627167052,0.039032456366606766,True
40,-0.1497405684430098,0.2,-0.748702842215049,0.4540363302111942,False
41,0.19822232421863709,0.2,0.9911116210931854,0.32163107905932514,False
42,0.30617256465982917,0.2,1.5308628232991457,0.12580329902521414,False
43,-0.01271001038271477,0.2,-0.06355005191357385,0.9493285040939933,False
44,0.3538492419740209,0.2,1.7692462098701045,0.07685279568323794,False
45,0.3511057677334405,0.2,1.7555288386672023,0.07916889227835969,False
46,0.2737442491168629,0.2,1.3687212455843145,0.1710864265953002,False
47,-0.02373728494470767,0.2,-0.11868642472353835,0.9055237920226955,False
48,0.18522579262262834,0.2,0.9261289631131416,0.35437896385056805,False
49,0.09911555649114707,0.2,0.49557778245573536,0.6201923312504917,False
50,0.16903775303685922,0.2,0.8451887651842961,0.3980054540528019,False
51,0.1855402340457376,0.2,0.927701170228688,0.35356260128270545,False
52,0.046540155780163905,0.2,0.23270077890081953,0.8159937643418161,False
53,0.16571566432003604,0.2,0.8285783216001802,0.40734305908945573,False
54,0.3163028393668457,0.2,1.5815141968342286,0.1137605154714669,False
55,0.11452283584553484,0.2,0.5726141792276742,0.5669059569887664,False
56,0.1559400146610843,0.2,0.7797000733054213,0.43556743569011164,False
57,0.3855622908019671,0.2,1.9278114540098352,0.0538785825048659,False
58,0.013168281866493298,0.2,0.06584140933246649,0.9475040878637534,False
59,0.22622257898746673,0.2,1.1311128949373335,0.258007577549236,False
60,0.15164330178073754,0.2,0.7582165089036876,0.44832137969101965,False
61,0.5881822670784058,0.2,2.940911335392029,0.0032724818993048843,True
62,0.27990071568156727,0.2,1.3995035784078362,0.16166202602436236,False
63,0.3897607566659629,0.2,1.9488037833298144,0.0513188617887101,False
64,0.438953783639713,0.2,2.194768918198565,0.028180178145673224,True
65,0.4030987210923385,0.2,2.0154936054616925,0.043852955403189724,True
66,-0.08032577481353514,0.2,-0.4016288740676757,0.6879571767041315,False
67,0.3059336105229732,0.2,1.5296680526148658,0.12609891526377584,False
68,0.20818121142117774,0.2,1.0409060571058886,0.2979191502834417,False
69,-0.15800087487975628,0.2,-0.7900043743987814,0.4295252136497338,False
70,0.03003585427223754,0.2,0.1501792713611877,0.8806231794687106,False
71,-0.040429407254730876,0.2,-0.20214703627365438,0.8398017771858131,False
72,-0.029577368820109806,0.2,-0.14788684410054903,0.8824320709248406,False
73,0.25035746638851986,0.2,1.2517873319425992,0.21064736740198176,False
74,0.09919643579421465,0.2,0.4959821789710732,0.6199069843548446,False
75,0.20286368632820076,0.2,1.0143184316410037,0.31043083184570935,False
76,-0.10675636319378684,0.2,-0.5337818159689341,0.5934924960132049,False
77,0.02341121092988377,0.2,0.11705605464941884,0.9068156335642114,False
78,0.11890622082791845,0.2,0.5945311041395922,0.552156944948971,False
79,0.6246838197014082,0.2,3.123419098507041,0.0017876300219236332,True
80,0.43921841525143734,0.2,2.1960920762571865,0.02808535362632171,True
81,-0.04481083944564643,0.2,-0.22405419722823214,0.8227151317462894,False
82,0.5820171297402055,0.2,2.910085648701027,0.003613297226516092,True
83,0.25448516883321215,0.2,1.2724258441660607,0.20322185638720064,False
84,0.4525280073086167,0.2,2.2626400365430834,0.023657887992456328,True
85,0.22962531177082182,0.2,1.148126558854109,0.2509163215880174,False
86,0.17134268840648986,0.2,0.8567134420324493,0.3916032726306156,False
87,0.2021672859325857,0.2,1.0108364296629284,0.3120947240230722,False
88,0.3587449082080223,0.2,1.7937245410401115,0.07285714625518472,False
89,0.09675784892851427,0.2,0.48378924464257134,0.6285354488660833,False
90,0.2865212409118261,0.2,1.4326062045591306,0.15197040761875333,False
91,0.4481105823342969,0.2,2.240552911671484,0.025055049773652634,True
92,-0.052001367928591,0.2,-0.260006839642955,0.7948584977280923,False
93,-0.15098513803152053,0.2,-0.7549256901576026,0.45029357034672,False
94,-0.1144778718301675,0.2,-0.5723893591508374,0.5670582231319728,False
95,0.23146073893714797,0.2,1.1573036946857398,0.24714830456578055,False
96,0.21743132720715275,0.2,1.0871566360357636,0.27696759149068934,False
97,-0.03667488909787017,0.2,-0.18337444548935086,0.8545042254231081,False
98,0.35155083727755404,0.2,1.7577541863877701,0.07878934360799515,False
99,0.4563289359181618,0.2,2.281644679590809,0.02251032660134612,True
100,0.0020041272180488234,0.2,0.010020636090244117,0.992004822977876,False
101,0.2332270007910314,0.2,1.166135003955157,0.24355986610452127,False
102,0.24860689982832937,0.2,1.2430344991416469,0.21385512082161026,False
103,0.0015729636674320646,0.2,0.007864818337160323,0.9937248475673038,False
104,0.2644401655579041,0.2,1.3222008277895205,0.1861012855150149,False
105,0.495519210177316,0.2,2.47759605088658,0.013227080153593819,True
106,0.048059290235305724,0.2,0.24029645117652862,0.8101004459799953,False
107,0.3408899799801378,0.2,1.704449899900689,0.08829706828468104,False
108,-0.18323702090541483,0.2,-0.9161851045270741,0.3595698167347495,False
109,0.033784823781075474,0.2,0.16892411890537737,0.8658563276761776,False
110,0.48111296835666206,0.2,2.40556484178331,0.01614748610628047,True
111,0.4956900009764358,0.2,2.4784500048821787,0.0131954602411361,True
112,0.045905372763666824,0.2,0.22952686381833412,0.8184594435699342,False
113,-0.13508263169174167,0.2,-0.6754131584587083,0.49941330778116816,False
114,-0.008153968595678629,0.2,-0.040769842978393145,0.9674793811782111,False
115,0.07679197495633339,0.2,0.38395987478166693,0.7010081875112506,False
116,0.19095995584036962,0.2,0.9547997792018481,0.33967895909009604,False
117,-0.24929149376152554,0.2,-1.2464574688076275,0.21259649421599583,False
118,0.3024470246297925,0.2,1.5122351231489624,0.13047405879461335,False
119,0.14133105903637957,0.2,0.7066552951818978,0.4797807172622669,False
120,0.3611680569768039,0.2,1.8058402848840194,0.07094329088331405,False
121,0.41041053215941203,0.2,2.05205266079706,0.04016454487485249,True
122,-0.14307691955411944,0.2,-0.7153845977705972,0.4743714271030694,False
123,-0.07831260270233648,0.2,-0.3915630135116824,0.6953811208620975,False
124,0.2198216839504112,0.2,1.099108419752056,0.2717207777910191,False
125,0.46137889248134606,0.2,2.30689446240673,0.021060704321483777,True
126,0.2656505856925476,0.2,1.328252928462738,0.18409456442267697,False
127,-0.043059417884205586,0.2,-0.21529708942102793,0.8295356987281501,False
128,0.18187587134608627,0.2,0.9093793567304312,0.36314991462781643,False
129,0.15170094703689022,0.2,0.758504735184451,0.44814887936989123,False
130,-0.0028953316308591437,0.2,-0.014476658154295718,0.9884497014077455,False
131,-0.09579882872737555,0.2,-0.47899414363687776,0.6319427949120857,False
132,0.542541623148892,0.2,2.71270811574446,0.006673586076564505,True
133,0.059887228420696575,0.2,0.29943614210348285,0.764607289041162,False
134,0.10655974977911749,0.2,0.5327987488955874,0.594172899991163,False
135,0.11728229205302187,0.2,0.5864114602651094,0.5575990447864996,False
136,0.34400818763816954,0.2,1.7200409381908477,0.08542500034766037,False
137,0.4588817278091713,0.2,2.2944086390458565,0.02176703739546343,True
138,-0.038384647526866905,0.2,-0.19192323763433453,0.8478023348008861,False
139,-0.010489545341367063,0.2,-0.05244772670683531,0.9581719460077172,False
140,0.5710230883019438,0.2,2.855115441509719,0.00430211881694917,True
141,-0.016544294713611685,0.2,-0.08272147356805842,0.934073009950965,False
142,-0.05032726438102009,0.2,-0.25163632190510044,0.8013221809750827,False
143,0.25121715008776585,0.2,1.2560857504388292,0.2090848818954121,False
144,0.37057031292271403,0.2,1.8528515646135701,0.06390363703229565,False
145,0.13400905840298508,0.2,0.6700452920149254,0.5028289181342369,False
146,0.08554725148572423,0.2,0.42773625742862115,0.6688431494258865,False
147,0.22469541774661778,0.2,1.1234770887330887,0.26123492582314184,False
148,-0.15929538094019097,0.2,-0.7964769047009548,0.425754894102727,False
149,0.17672721388082527,0.2,0.8836360694041263,0.37689270148544685,False
150,0.4008913776235782,0.2,2.0044568881178906,0.04502114066289583,True
151,0.12214640391183867,0.2,0.6107320195591933,0.5413770046089854,False
152,0.28851216646208655,0.2,1.4425608323104326,0.14914422357058787,False
153,0.06695969677243888,0.2,0.33479848386219435,0.7377771042823891,False
154,0.34817694256953297,0.2,1.7408847128476648,0.08170378886509932,False
155,0.2898527381774084,0.2,1.449263690887042,0.14726395684217708,False
156,-0.026350209014440212,0.2,-0.13175104507220106,0.8951812092637773,False
157,0.14883606758974247,0.2,0.7441803379487123,0.4567673815146762,False
158,0.3235817621902763,0.2,1.6179088109513813,0.10568225116133019,False
159,0.1679353723246987,0.2,0.8396768616234935,0.4010895907971336,False
160,0.26090565567966073,0.2,1.3045282783983037,0.19205352426905142,False
161,0.2620680921218339,0.2,1.3103404606091695,0.19008068565473174,False
162,0.38119686816799486,0.2,1.9059843408399741,0.056652237331299246,False
163,0.6137996466240759,0.2,3.0689982331203796,0.0021477786154555844,True
164,0.14875568724463284,0.2,0.7437784362231642,0.457010527876746,False
165,0.08961797943724721,0.2,0.44808989718623604,0.6540883189593047,False
166,0.2046612998768891,0.2,1.0233064993844454,0.30616295171849445,False
167,0.27572553970407376,0.2,1.3786276985203687,0.1680095719590038,False
168,0.2979670718098206,0.2,1.4898353590491031,0.13626753141816866,False
169,-0.05140249573495825,0.2,-0.25701247867479127,0.7971691399854315,False
170,0.24170572804245233,0.2,1.2085286402122615,0.22684398619854074,False
171,0.43356532831302874,0.2,2.1678266415651435,0.030171879003891202,True
172,0.3606868342450872,0.2,1.8034341712254358,0.07132005509717115,False
173,0.4266267883826978,0.2,2.133133941913489,0.03291374013655805,True
174,0.0072215506557145315,0.2,0.03610775327857266,0.9711964401385083,False
175,0.5526010917602653,0.2,2.7630054588013264,0.005727180861347239,True
176,0.00828795077066341,0.2,0.04143975385331705,0.9669453210098232,False
177,0.3854597036823594,0.2,1.9272985184117968,0.053942438141768224,False
178,0.16016148134476724,0.2,0.8008074067238361,0.42324315045123584,False
179,0.24427346603884637,0.2,1.2213673301942318,0.22194697097972854,False
180,0.027064377622924796,0.2,0.13532188811462398,0.8923573800366101,False
181,0.19039283220012143,0.2,0.9519641610006071,0.34111515803234344,False
182,0.16223588047182297,0.2,0.8111794023591148,0.41726265246612065,False
183,0.3811254119024434,0.2,1.9056270595122171,0.05669860880514288,False
184,0.19409304780247819,0.2,0.9704652390123909,0.33181464360007057,False
185,0.3277946692649125,0.2,1.6389733463245626,0.10121881079882519,False
186,0.3772460105242394,0.2,1.8862300526211968,0.05926396040627418,False
187,0.26060288694600187,0.2,1.3030144347300092,0.19256983357206633,False
188,0.5048888969759988,0.2,2.524444484879994,0.011588130618511522,True
189,0.5831174935451184,0.2,2.915587467725592,0.0035501957778118066,True
190,0.2872063522339423,0.2,1.4360317611697115,0.15099330376646133,False
191,0.21964665891096358,0.2,1.0982332945548179,0.2721026311990951,False
192,0.3753272488562802,0.2,1.876636244281401,0.06056796627916752,False
193,0.3229018620354384,0.2,1.614509310177192,0.10641699904768917,False
194,0.10660570728653104,0.2,0.5330285364326551,0.5940138266596101,False
195,-0.07383401248536525,0.2,-0.36917006242682626,0.7120009689793934,False
196,0.614403552926047,0.2,3.072017764630235,0.002126170712340776,True
197,0.2928120478215409,0.2,1.4640602391077044,0.14317748990835902,False
198,0.2698891212896239,0.2,1.3494456064481193,0.17719388039443948,False
199,0.09449622652052446,0.2,0.47248113260262226,0.6365834057491848,False
200,0.2979526005769852,0.2,1.4897630028849258,0.13628656221393173,False
201,0.19144156410046312,0.2,0.9572078205023156,0.33846237053867506,False
202,-0.12393607446115351,0.2,-0.6196803723057676,0.5354682404071078,False
203,-0.007782464304250641,0.2,-0.03891232152125321,0.9689602928566416,False
204,0.2563968977066853,0.2,1.2819844885334264,0.19984808762534473,False
205,0.23756873717681617,0.2,1.1878436858840808,0.23489499954418175,False
206,0.5166813803000081,0.2,2.5834069015000405,0.009782986636740222,True
207,0.29251713696753356,0.2,1.4625856848376677,0.14358078266380753,False
208,0.06761030782305974,0.2,0.33805153911529867,0.7353243490072214,False
209,0.4733951376597333,0.2,2.366975688298666,0.017934110850337266,True
210,-0.2459520646323185,0.2,-1.2297603231615923,0.2187868700675102,False
211,0.5202967669405996,0.2,2.601483834702998,0.00928214395698251,True
212,0.2534515173696125,0.2,1.2672575868480624,0.20506320067062705,False
213,-0.19490924586749964,0.2,-0.9745462293374981,0.3297853969944652,False
214,0.2638794926503661,0.2,1.3193974632518304,0.18703626940122597,False
215,0.244777637259545,0.2,1.223888186297725,0.22099441077965837,False
216,0.3346791621823566,0.2,1.673395810911783,0.09424940198248367,False
217,0.015261272142700955,0.2,0.07630636071350477,0.9391753654831465,False
218,0.17284600680177098,0.2,0.8642300340088549,0.38746153643480985,False
219,0.35828163714100647,0.2,1.7914081857050324,0.07322781630442225,False
220,0.1329743943832619,0.2,0.6648719719163094,0.5061323840147419,False
221,0.05391883158198829,0.2,0.26959415790994146,0.7874724952992063,False
222,0.199662127052038,0.2,0.99831063526019,0.3181287520558527,False
223,0.1879486239466479,0.2,0.9397431197332395,0.3473493414145959,False
224,0.4307962502683337,0.2,2.1539812513416683,0.031241642256484792,True
225,0.271259755134047,0.2,1.356298775670235,0.17500412489200012,False
226,0.43098164676650064,0.2,2.154908233832503,0.031169015937200718,True
227,0.3798485547427411,0.2,1.8992427737137054,0.05753256318104406,False
228,0.27691389945007017,0.2,1.3845694972503508,0.16618414383969654,False
229,0.08689367798542831,0.2,0.43446838992714154,0.6639483443153491,False
230,0.3791193775368635,0.2,1.8955968876843172,0.058013369139619624,False
231,0.2696418909395867,0.2,1.3482094546979333,0.17759102452005446,False
232,0.19353841714562073,0.2,0.9676920857281036,0.33319817185585093,False
233,0.3746302172737011,0.2,1.8731510863685055,0.061047524557386317,False
234,-0.013762877191150824,0.2,-0.06881438595575412,0.9451373668969633,False
235,0.1808697626477807,0.2,0.9043488132389035,0.3658104709751392,False
236,0.16466871793429966,0.2,0.8233435896714982,0.41031263208489127,False
237,0.3959327155383743,0.2,1.9796635776918714,0.04774134380009051,True
238,0.09312650343531854,0.2,0.4656325171765927,0.6414785633648762,False
239,0.40968388131319144,0.2,2.048419406565957,0.040518921592159036,True
240,0.6434338792564209,0.2,3.2171693962821046,0.0012946213607188172,True
241,0.017568821490616504,0.2,0.08784410745308252,0.9300005805646895,False
242,0.1205069687309497,0.2,0.6025348436547484,0.5468181767829667,False
243,0.12991803514445788,0.2,0.6495901757222894,0.5159569806948234,False
244,0.5503959611979705,0.2,2.7519798059898526,0.005923617356265225,True
245,0.417010918201362,0.2,2.0850545910068097,0.03706434547775468,True
246,0.1655458073522177,0.2,0.8277290367610884,0.4078239709490879,False
247,0.05201026934175296,0.2,0.2600513467087648,0.7948241667176092,False
248,0.3084386648583899,0.2,1.5421933242919494,0.1230266218319104,False
249,0.20255379786470884,0.2,1.012768989323544,0.31117051621967073,False
250,0.16342047040734803,0.2,0.8171023520367401,0.41386993893893526,False
251,0.1170199317032129,0.2,0.5850996585160645,0.5584807084635526,False
252,0.17923163754019866,0.2,0.8961581877009933,0.37016828346164427,False
253,0.12252736379754484,0.2,0.6126368189877242,0.5401165072725699,False
254,0.5282325821769439,0.2,2.641162910884719,0.008262198002975767,True
255,0.26438242652922656,0.2,1.3219121326461327,0.186197411843266,False
256,-0.17590627576397533,0.2,-0.8795313788198766,0.37911322708486583,False
257,0.1770330575174752,0.2,0.8851652875873759,0.3760674912056052,False
258,0.39352936417263196,0.2,1.9676468208631597,0.0491086885533085,True
259,0.07423375624455053,0.2,0.37116878122275265,0.710511823909731,False
260,0.057846081722910864,0.2,0.2892304086145543,0.7724050630859377,False
261,-0.2331364085688331,0.2,-1.1656820428441654,0.24374302308135626,False
262,-0.15332520840442582,0.2,-0.766626042022129,0.44330388737477583,False
263,0.0026916480322232428,0.2,0.013458240161116214,0.9892622021067395,False
264,0.2900186004534519,0.2,1.4500930022672593,0.14703258625033716,False
265,0.07307064843664876,0.2,0.3653532421832438,0.71484773961244,False
266,0.3937825828507429,0.2,1.9689129142537145,0.04896309230198914,True
267,-0.0024161791144109712,0.2,-0.012080895572054856,0.9903610744066689,False
268,0.007848763711082618,0.2,0.03924381855541309,0.9686959983708725,False
269,0.146720316553885,0.2,0.733601582769425,0.4631915960124152,False
270,0.24254802551562904,0.2,1.212740127578145,0.2252291927310393,False
271,0.26461346613826675,0.2,1.3230673306913336,0.1858129878011066,False
272,0.1253597121255239,0.2,0.6267985606276195,0.530791287153246,False
273,-0.14616824282668323,0.2,-0.7308412141334161,0.4648761463167688,False
274,-0.19629529419594055,0.2,-0.9814764709797027,0.3263578318407064,False
275,0.5005943186155468,0.2,2.502971593077734,0.012315542847994172,True
276,0.14758047833982915,0.2,0.7379023916991457,0.46057376549309154,False
277,0.04180900244114813,0.2,0.20904501220574065,0.8344131001258404,False
278,0.18047408809071133,0.2,0.9023704404535566,0.36686011805252083,False
279,0.4187653986202294,0.2,2.0938269931011466,0.03627539466741455,True
280,-0.16952930037014163,0.2,-0.8476465018507081,0.39663486852245255,False
281,0.49847154747265393,0.2,2.4923577373632697,0.012689815450198602,True
282,0.07550896393611839,0.2,0.37754481968059195,0.705768763151308,False
283,0.5126294663715225,0.2,2.5631473318576123,0.010372802129202056,True
284,0.31605499206637216,0.2,1.5802749603318607,0.11404391159650867,False
285,0.14263447036464355,0.2,0.7131723518232177,0.475739112668514,False
286,0.3131463024413029,0.2,1.5657315122065145,0.11741148572293898,False
287,0.31265124344424755,0.2,1.5632562172212376,0.11799234199410755,False
288,0.5715084115234899,0.2,2.857542057617449,0.0042693605138882235,True
289,0.14727028855269755,0.2,0.7363514427634877,0.46151684707747337,False
290,0.23390341783070737,0.2,1.1695170891535367,0.24219536014989257,False
291,0.1958998488091955,0.2,0.9794992440459774,0.327333361950103,False
292,-0.06231474298557116,0.2,-0.3115737149278558,0.755364512936161,False
293,0.2463390437441262,0.2,1.231695218720631,0.21806295655028066,False
294,0.4489460410899162,0.2,2.244730205449581,0.02478545772342814,True
295,0.23260097064706856,0.2,1.1630048532353428,0.2448275333415071,False
296,0.08509000714441012,0.2,0.4254500357220506,0.6705086373999734,False
297,0.5874030567578863,0.2,2.937015283789431,0.0033138777114564083,True
298,0.3785477930814148,0.2,1.8927389654070739,0.05839259183694293,False
299,0.04677625144489772,0.2,0.2338812572244886,0.815077164282065,False
300,0.35253325783021894,0.2,1.7626662891510947,0.0779567895894802,False
301,-0.10690195773664779,0.2,-0.534509788683239,0.5929888788766762,False
302,0.2176283409775293,0.2,1.0881417048876465,0.2765325550345175,False
303,-0.15386182993652436,0.2,-0.7693091496826218,0.44170980683215844,False
304,0.24283607312870176,0.2,1.2141803656435086,0.22467885645343572,False
305,0.2712868067916215,0.2,1.3564340339581074,0.17496111070764767,False
306,0.1557191234652106,0.2,0.778595617326053,0.4362179615892164,False
307,0.2991863482126826,0.2,1.4959317410634128,0.1346714438163395,False
308,0.07062885039564834,0.2,0.3531442519782417,0.7239802990625078,False
309,0.2854569349986477,0.2,1.4272846749932384,0.15349785608494404,False
310,0.516321908910186,0.2,2.58160954455093,0.009834077595673313,True
311,0.1638626539756109,0.2,0.8193132698780544,0.4126077034945574,False
312,0.23677021510744,0.2,1.1838510755372,0.2364720197981885,False
313,0.27285173570443033,0.2,1.3642586785221515,0.17248616607551254,False
314,0.19953358316678418,0.2,0.9976679158339209,0.3184404160383211,False
315,-0.06519329018574033,0.2,-0.32596645092870163,0.744449738271931,False
316,0.15027493270765938,0.2,0.7513746635382968,0.4524272063661726,False
317,0.2416660797696318,0.2,1.208330398848159,0.226920200032573,False
318,0.4514276327457054,0.2,2.257138163728527,0.023999442842120192,True
319,0.409713209992551,0.2,2.048566049962755,0.040504567268619174,True
320,-0.05116255860053315,0.2,-0.25581279300266574,0.7980953951320416,False
321,0.32530665214015314,0.2,1.6265332607007656,0.10383626373790648,False
322,0.15924087233739975,0.2,0.7962043616869987,0.42591326280848624,False
323,-0.18080355426389044,0.2,-0.9040177713194522,0.3659859781537316,False
324,0.056565869613212416,0.2,0.2828293480660621,0.7773076559519176,False
325,0.1923339272693131,0.2,0.9616696363465654,0.33621557933242646,False
326,0.3974025991453093,0.2,1.9870129957265463,0.0469209567181268,True
327,0.12577922572984973,0.2,0.6288961286492486,0.5294170607171098,False
328,0.2918738084771773,0.2,1.4593690423858865,0.14446356183990824,False
329,-0.22074574510266548,0.2,-1.1037287255133272,0.26971083092712606,False
330,0.1767741122975297,0.2,0.8838705614876485,0.37676609034362357,False
331,-0.2292619944059709,0.2,-1.1463099720298544,0.2516669182688034,False
332,0.29415491680514894,0.2,1.4707745840257447,0.14135208805925895,False
333,0.39403922048565637,0.2,1.9701961024282817,0.04881590007697369,True
334,0.15765293032852878,0.2,0.7882646516426439,0.43054191938051883,False
335,-0.13784105295493537,0.2,-0.6892052647746768,0.49069410418008996,False
336,0.2067178332452356,0.2,1.033589166226178,0.30132826623930875,False
337,0.23673824837139262,0.2,1.183691241856963,0.23653530714050583,False
338,0.29214477702527863,0.2,1.460723885126393,0.1440912314653988,False
339,-0.15657816730418594,0.2,-0.7828908365209297,0.4336912190403745,False
340,-0.054044778430642704,0.2,-0.2702238921532135,0.7869880129084654,False
341,-0.012200917402372058,0.2,-0.06100458701186029,0.9513555559546348,False
342,0.3385593398291319,0.2,1.6927966991456593,0.09049417121597364,False
343,0.3629994015828871,0.2,1.8149970079144355,0.06952436930159057,False
344,-0.0310638954154438,0.2,-0.155319477077219,0.8765694614564156,False
345,0.43147077382257776,0.2,2.157353869112889,0.030978102675498304,True
346,-0.01701008303510959,0.2,-0.08505041517554796,0.9322213103588615,False
347,0.036225601672129265,0.2,0.18112800836064633,0.8562671006928027,False
348,0.13608107293407556,0.2,0.6804053646703778,0.49624782512700516,False
349,0.16927609167562874,0.2,0.8463804583781437,0.3973405363668088,False
350,0.4308135198568733,0.2,2.154067599284366,0.031234871024718225,True
351,0.11202266006890928,0.2,0.5601133003445463,0.5754021589391284,False
352,-0.055792011462608204,0.2,-0.278960057313041,0.7802754780338258,False
353,0.43564895157827566,0.2,2.178244757891378,0.029387819490142155,True
354,0.06112967872450675,0.2,0.30564839362253376,0.7598723698116837,False
355,0.5048946706620951,0.2,2.5244733533104755,0.011587178903020088,True
356,0.019833351440430635,0.2,0.09916675720215318,0.9210058686328592,False
357,0.17559826468023965,0.2,0.8779913234011982,0.37994842736259415,False
358,0.23766657178522071,0.2,1.1883328589261035,0.2347022969426044,False
359,-0.040742657391441645,0.2,-0.20371328695720822,0.8385775584329773,False
360,-0.21982654924574563,0.2,-1.0991327462287281,0.2717101683851737,False
361,0.06961762730271878,0.2,0.3480881365135939,0.7277739935724851,False
362,0.21069138157990785,0.2,1.0534569078995393,0.29213163414307614,False
363,0.19563454177010436,0.2,0.9781727088505218,0.32798891184373435,False
364,0.2575392028255788,0.2,1.287696014127894,0.19785180160650007,False
365,0.0605271536695175,0.2,0.3026357683475875,0.76216745275665,False
366,0.16864530975511174,0.2,0.8432265487755587,0.3991017530646439,False
367,0.3774077463447435,0.2,1.8870387317237174,0.05915511634458853,False
368,0.5413180749362565,0.2,2.7065903746812823,0.006797807695723056,True
369,0.16215064769759235,0.2,0.8107532384879618,0.41750739319597224,False
370,0.25200145563901244,0.2,1.2600072781950622,0.20766673670162056,False
371,0.23058652920574318,0.2,1.152932646028716,0.2489380311596692,False
372,0.10919721467917903,0.2,0.5459860733958951,0.5850755102930538,False
373,0.14225874410513992,0.2,0.7112937205256995,0.4769022420372633,False
374,0.09404813172196257,0.2,0.4702406586098128,0.6381830885900412,False
375,0.29982937825584804,0.2,1.49914689127924,0.13383552914521382,False
376,0.07048677886614793,0.2,0.3524338943307396,0.7245128865266259,False
377,0.2830889921233346,0.2,1.415444960616673,0.15693807510997998,False
378,0.13595897747489488,0.2,0.6797948873744744,0.4966343443689174,False
379,0.060505242330415626,0.2,0.3025262116520781,0.7622509549752545,False
380,0.3839057530134066,0.2,1.919528765067033,0.05491744949699556,False
381,0.1346929931206573,0.2,0.6734649656032865,0.5006515301023052,False
382,0.31091248098686797,0.2,1.5545624049343398,0.1200503233386944,False
383,0.22946695925756322,0.2,1.147334796287816,0.2512432781612011,False
384,-0.14071007521533668,0.2,-0.7035503760766834,0.48171282423456757,False
385,-0.20755248562550727,0.2,-1.0377624281275362,0.2993806727893289,False
386,0.3884886364018402,0.2,1.942443182009201,0.05208347199812834,False
387,0.18251981457944216,0.2,0.9125990728972108,0.36145344210649116,False
388,0.0958854422166168,0.2,0.47942721108308395,0.6316347391890766,False
389,0.4028182877050328,0.2,2.014091438525164,0.04399993423504465,True
390,0.1168021919764488,0.2,0.5840109598822439,0.5592129383433524,False
391,-0.02829802085031452,0.2,-0.1414901042515726,0.8874827770628518,False
392,0.14819093600161976,0.2,0.7409546800080987,0.4587209196213842,False
393,-0.03756608956073365,0.2,-0.18783044780366825,0.8510095666556847,False
394,0.28248816137186494,0.2,1.4124408068593246,0.15782020823467677,False
395,-0.015926214674017503,0.2,-0.07963107337008751,0.9365306807082746,False
396,0.190167462008388,0.2,0.9508373100419399,0.3416869694352287,False
397,0.06684229333209801,0.2,0.33421146666049006,0.7382199918628822,False
398,-0.11980964350277978,0.2,-0.5990482175138989,0.5491407312396406,False
399,0.4361829852999213,0.2,2.1809149264996064,0.029189709473527514,True
400,0.32778639452850433,0.2,1.6389319726425216,0.10122742808939884,False
401,-0.037496085579466654,0.2,-0.18748042789733327,0.8512839678885695,False
402,0.35673158819721484,0.2,1.7836579409860742,0.07447926437190289,False
403,0.24185882369388936,0.2,1.2092941184694468,0.22654986965118845,False
404,0.40288370534030693,0.2,2.0144185267015344,0.043965610850722266,True
405,0.07171408323255618,0.2,0.3585704161627809,0.7199164814622796,False
406,0.336703439245362,0.2,1.6835171962268098,0.0922750132851537,False
407,0.4606149587069848,0.2,2.303074793534924,0.021274635253796186,True
408,0.19381447326161677,0.2,0.9690723663080838,0.3325090840855248,False
409,0.5568965169350419,0.2,2.7844825846752097,0.00536132000941627,True
410,-0.022300686911205625,0.2,-0.11150343455602812,0.9112171422035293,False
411,0.41791317684177737,0.2,2.089565884208887,0.03665681382205657,True
412,0.034464371462210514,0.2,0.17232185731105257,0.86318450172962,False
413,0.15819119506959708,0.2,0.7909559753479853,0.428969682348317,False
414,-0.198966900158855,0.2,-0.9948345007942749,0.3198167633601126,False
415,0.14699209770472138,0.2,0.7349604885236068,0.46236355775775284,False
416,0.09883222542857893,0.2,0.4941611271428946,0.6211923906275909,False
417,0.16975873467505487,0.2,0.8487936733752743,0.39599611118969125,False
418,-0.11700916519475846,0.2,-0.5850458259737923,0.5585169038530826,False
419,0.3059850202964123,0.2,1.5299251014820614,0.12603526928925532,False
420,0.22308939170158126,0.2,1.1154469585079063,0.2646589361066195,False
421,0.11602045541427436,0.2,0.5801022770713717,0.5618456482885701,False
422,0.20741870710225707,0.2,1.0370935355112854,0.299692267635342,False
423,-0.2520715023918939,0.2,-1.2603575119594694,0.20754042159316324,False
424,0.04882943310775087,0.2,0.24414716553875435,0.807116844732349,False
425,0.2730435223683086,0.2,1.3652176118415429,0.17218466453700002,False
426,0.2731670600909001,0.2,1.3658353004545003,0.1719906638155581,False
427,0.19372762401887508,0.2,0.9686381200943753,0.3327257767575316,False
428,0.27413596399701,0.2,1.37067981998505,0.1704747882592625,False
429,-0.20275504808010397,0.2,-1.0137752404005198,0.3106900123133282,False
430,0.43610794789336105,0.2,2.180539739466805,0.029217476451577958,True
431,0.10135782542927846,0.2,0.5067891271463922,0.6123027861153432,False
432,0.5723827688770331,0.2,2.8619138443851653,0.004210913566378338,True
433,-0.19968161914099375,0.2,-0.9984080957049687,0.3180815095262809,False
434,0.29528430338402784,0.2,1.4764215169201391,0.13983076993832072,False
435,0.4723577390984141,0.2,2.3617886954920704,0.01818700514812053,True
436,0.5258013923772503,0.2,2.6290069618862515,0.008563460777577504,True
437,0.05137737365508424,0.2,0.2568868682754212,0.7972661080921315,False
438,0.07235595543364876,0.2,0.3617797771682438,0.7175166054431076,False
439,0.2983425751922771,0.2,1.4917128759613854,0.13577443216253746,False
440,-0.08143747686458319,0.2,-0.40718738432291596,0.6838703666180401,False
441,0.4954507116094427,0.2,2.4772535580472135,0.013239780669206915,True
442,-0.17921717406530813,0.2,-0.8960858703265406,0.3702069028991755,False
443,0.20719603456150032,0.2,1.0359801728075015,0.3002113925324675,False
444,0.08843741709187428,0.2,0.44218708545937135,0.6583538306420955,False
445,0.4565307145172752,0.2,2.282653572586376,0.02245078260499824,True
446,0.3540081293229027,0.2,1.7700406466145135,0.0767203697972624,False
447,0.16890534735978327,0.2,0.8445267367989163,0.39837512924665885,False
448,0.05059074432466501,0.2,0.252953721623325,0.8003039751596256,False
449,0.13157709211614976,0.2,0.6578854605807488,0.5106117339764186,False
450,0.1621709535704016,0.2,0.8108547678520079,0.41744907844154333,False
451,0.6214132643723516,0.2,3.107066321861758,0.0018895400197829985,True
452,0.24938950555154218,0.2,1.246947527757711,0.2124167381427071,False
453,0.29903936995003555,0.2,1.4951968497501777,0.1348630754605291,False
454,0.06214694094146819,0.2,0.31073470470734094,0.7560023118412631,False
455,0.2966286968053097,0.2,1.4831434840265483,0.1380362929666112,False
456,0.22123770349986482,0.2,1.106188517499324,0.2686449317792576,False
457,0.08701024520143799,0.2,0.43505122600718993,0.6635252451558971,False
458,-0.0214170063596974,0.2,-0.107085031798487,0.9147215217758783,False
459,0.18618499607247033,0.2,0.9309249803623516,0.35189237164646303,False
460,0.4482382380492571,0.2,2.2411911902462855,0.025013693266907115,True
461,0.4815465697816379,0.2,2.4077328489081893,0.016051922323949527,True
462,0.11880959304984126,0.2,0.5940479652492062,0.5524800323201309,False
463,-0.10702169021597235,0.2,-0.5351084510798617,0.5925748664179487,False
464,0.18820757584520184,0.2,0.9410378792260091,0.34668544792422856,False
465,0.42192824444753774,0.2,2.1096412222376886,0.03488927083845173,True
466,0.004395464949532857,0.2,0.021977324747664284,0.9824660433991469,False
467,0.42346200388416155,0.2,2.1173100194208074,0.034233545110685625,True
468,0.09671773723844515,0.2,0.4835886861922257,0.6286778057064353,False
469,0.4652808698303168,0.2,2.326404349151584,0.019996989832380036,True
470,0.03645380004160775,0.2,0.18226900020803877,0.8553716254039045,False
471,0.250609877366915,0.2,1.253049386834575,0.21018773394012788,False
472,0.03745984008859832,0.2,0.1872992004429916,0.851426049848111,False
473,0.1331205775113204,0.2,0.6656028875566019,0.5056649602497391,False
474,0.2608835852785493,0.2,1.3044179263927465,0.19209112633210448,False
475,0.25743310133100467,0.2,1.2871655066550232,0.19803660706906148,False
476,-0.1791641500740217,0.2,-0.8958207503701084,0.37034850554537885,False
477,0.17280581463336267,0.2,0.8640290731668133,0.38757191972634547,False
478,-0.1553036779071823,0.2,-0.7765183895359115,0.4374429670980918,False
479,0.556552850088843,0.2,2.782764250444215,0.005389795406163359,True
480,0.0688228726033337,0.2,0.3441143630166685,0.7307602816691392,False
481,0.18019842775716552,0.2,0.9009921387858275,0.3675924994427807,False
482,0.1219701574487721,0.2,0.6098507872438604,0.5419606549747216,False
483,0.032931696118454507,0.2,0.16465848059227253,0.8692127985079923,False
484,0.3351290123582129,0.2,1.6756450617910645,0.09380773676040706,False
485,0.29588298731536955,0.2,1.4794149365768476,0.13902945050736593,False
486,-0.001111564310178087,0.2,-0.005557821550890435,0.9955655228225676,False
487,0.24694917489203133,0.2,1.2347458744601565,0.2169250969487135,False
488,-0.3189543604369783,0.2,-1.5947718021848913,0.11076327483346227,False
489,0.34039859089498165,0.2,1.7019929544749082,0.08875668902462103,False
490,0.3156799695902263,0.2,1.5783998479511314,0.11447378012799556,False
491,0.13599841849390165,0.2,0.6799920924695082,0.4965094678567449,False
492,0.7103376988037373,0.2,3.5516884940186864,0.00038276772077171147,True
493,0.21592527369766118,0.2,1.0796263684883058,0.2803085944739713,False
494,-0.37969305257917,0.2,-1.89846526289585,0.057634819539580835,False
495,0.3648446987051047,0.2,1.8242234935255235,0.06811829121367444,False
496,0.15989503657696266,0.2,0.7994751828848132,0.42401493116428524,False
497,0.5648862397139749,0.2,2.8244311985698745,0.004736461597693484,True
498,0.38549044511543196,0.2,1.9274522255771598,0.05392329642635834,False
499,-0.1792099067662004,0.2,-0.896049533831002,0.3702263085170817,False
500,0.3809428374839896,0.2,1.904714187419948,0.0568172337700494,False
501,-0.012690503785962731,0.2,-0.06345251892981366,0.949406167412616,False
502,0.3779913778074179,0.2,1.8899568890370895,0.05876372606993616,False
503,-0.032892377697705755,0.2,-0.16446188848852877,0.8693675467670479,False
504,0.46224208080811946,0.2,2.311210404040597,0.020821235975084267,True
505,0.144775810573434,0.2,0.7238790528671699,0.46913999102616916,False
506,0.26393035724324054,0.2,1.3196517862162027,0.18695130426550835,False
507,0.5126424032125789,0.2,2.5632120160628946,0.01037086969456646,True
508,0.4091912063266075,0.2,2.0459560316330374,0.040760696772668276,True
509,-0.1623025007630831,0.2,-0.8115125038154155,0.41707141524837965,False
510,-0.08358478090055865,0.2,-0.41792390450279326,0.6760027544033316,False
511,0.09972924033001902,0.2,0.4986462016500951,0.6180286507776963,False
512,0.163342188943102,0.2,0.81671094471551,0.4140936352033285,False
513,0.11562422730770969,0.2,0.5781211365385484,0.5631823378218941,False
514,0.023174300748962845,0.2,0.11587150374481422,0.9077543802588346,False
515,0.17986446253183075,0.2,0.8993223126591537,0.36848100588126165,False
516,0.47080038049791517,0.2,2.3540019024895757,0.01857251602948092,True
517,-0.16165266400198336,0.2,-0.8082633200099167,0.41893901324068394,False
518,-0.0037056218830177623,0.2,-0.01852810941508881,0.9852175533414246,False
519,-0.1791407142029114,0.2,-0.8957035710145569,0.3704111026758185,False
520,0.3201430909533657,0.2,1.6007154547668283,0.10943995654242343,False
521,0.3992530070013879,0.2,1.9962650350069393,0.04590508179493822,True
522,0.3895435682912282,0.2,1.947717841456141,0.051448734089220634,False
523,0.2865151673844356,0.2,1.432575836922178,0.15197909114415475,False
524,0.288651577394241,0.2,1.443257886971205,0.14894783822268481,False
525,0.22897410775057103,0.2,1.144870538752855,0.25226278969454197,False
526,0.0011792160444476507,0.2,0.0058960802222382536,0.9952956358783359,False
527,-0.11600078161034355,0.2,-0.5800039080517178,0.5619119823667982,False
528,-0.04511035763336854,0.2,-0.2255517881668427,0.8215500419737979,False
529,0.01373691010504624,0.2,0.0686845505252312,0.9452407160541769,False
530,0.09772564767516936,0.2,0.4886282383758468,0.6251049172991769,False
531,-0.09868887157399298,0.2,-0.4934443578699649,0.6216986464151903,False
532,0.045295845429096676,0.2,0.22647922714548338,0.8208287138641308,False
533,0.0980362219478115,0.2,0.4901811097390575,0.6240057467897214,False
534,0.34281995999483594,0.2,1.7140997999741796,0.08651039854365256,False
535,0.15778534024017005,0.2,0.7889267012008502,0.4301548486337586,False
536,-0.20780619145342882,0.2,-1.0390309572671441,0.2987903389788489,False
537,0.07161798863289426,0.2,0.3580899431644713,0.720276004914965,False
538,0.21488832832337,0.2,1.0744416416168499,0.28262478741976377,False
539,0.35840093283458435,0.2,1.7920046641729217,0.07313221888109946,False
540,0.5094002043183989,0.2,2.5470010215919947,0.010865311511399536,True
541,0.10014508797690569,0.2,0.5007254398845284,0.6165643656650583,False
542,0.36592633187534074,0.2,1.8296316593767037,0.06730503630890378,False
543,0.023650613574324575,0.2,0.11825306787162287,0.9058671428093591,False
544,0.1630244899383499,0.2,0.8151224496917494,0.4150022224389834,False
545,0.3330003387488054,0.2,1.665001693744027,0.09591241790944754,False
546,0.1110185292370523,0.2,0.5550926461852614,0.5788312924946724,False
547,0.011925216384584159,0.2,0.05962608192292079,0.9524534449510372,False
548,0.2236544183114771,0.2,1.1182720915573854,0.2634508026255967,False
549,0.3389986640231655,0.2,1.6949933201158274,0.09007668797283075,False
550,0.546376792871562,0.2,2.73188396435781,0.006297331536007242,True
551,-0.03954093067726672,0.2,-0.19770465338633358,0.8432761487055767,False
552,0.10244258895335655,0.2,0.5122129447667827,0.6085019844368778,False
553,0.1398325850193778,0.2,0.6991629250968889,0.4844502174332328,False
554,0.454862755976831,0.2,2.274313779884155,0.02294712723400371,True
555,0.27844882831923456,0.2,1.3922441415961728,0.1638484800499204,False
556,0.2032364938888554,0.2,1.016182469444277,0.30954250282879914,False
557,0.34991031936745676,0.2,1.7495515968372837,0.08019571813616784,False
558,0.3136134156237651,0.2,1.5680670781188255,0.11686547873232979,False
559,0.2547711107550323,0.2,1.2738555537751612,0.2027146126091339,False
560,0.033351003450117045,0.2,0.16675501725058522,0.8675628140328255,False
561,0.218852200433106,0.2,1.09426100216553,0.2738405238011392,False
562,0.4649129261068727,0.2,2.3245646305343635,0.020095251905635235,True
563,0.035390387758768294,0.2,0.17695193879384147,0.859546141022218,False
564,0.23282545601313145,0.2,1.1641272800656572,0.2443724347395286,False
565,0.3351745938116344,0.2,1.675872969058172,0.09376307742632843,False
566,0.35280997486456656,0.2,1.7640498743228328,0.07772358262631207,False
567,0.1114056286232494,0.2,0.5570281431162469,0.5775082009683024,False
568,0.018369830924463232,0.2,0.09184915462231616,0.9268178893465987,False
569,0.20964740225228395,0.2,1.0482370112614197,0.29452942227350154,False
570,0.01990318451619122,0.2,0.0995159225809561,0.92072864626224,False
571,0.3371272121017065,0.2,1.6856360605085323,0.09186591914925807,False
572,0.09886264071934586,0.2,0.4943132035967293,0.6210850017260683,False
573,0.3160464471932717,0.2,1.5802322359663583,0.11405369196643778,False
574,-0.06942890296010262,0.2,-0.3471445148005131,0.7284827524765162,False
575,0.12124658313670625,0.2,0.6062329156835312,0.5443600982533461,False
576,0.1299120754821833,0.2,0.6495603774109165,0.5159762340695132,False
577,0.2041006836832004,0.2,1.0205034184160018,0.30748976886002394,False
578,0.5621713003748265,0.2,2.8108565018741327,0.00494098170466814,True
579,0.2870254718430539,0.2,1.4351273592152693,0.15125080853747203,False
580,0.297022447123383,0.2,1.4851122356169149,0.13751409539820675,False
581,0.00024193713233283676,0.2,0.0012096856616641838,0.9990348107225334,False
582,-0.07455676425028612,0.2,-0.3727838212514306,0.7093093450876145,False
583,0.10334367884526013,0.2,0.5167183942263006,0.6053527536826799,False
584,0.38451615192624655,0.2,1.9225807596312328,0.05453272226190299,False
585,0.18771470868692589,0.2,0.9385735434346294,0.34794974152221375,False
586,0.2762657851843944,0.2,1.3813289259219719,0.16717784817686288,False
587,0.06670166446857753,0.2,0.33350832234288763,0.7387506083816235,False
588,0.027543100910377205,0.2,0.13771550455188603,0.8904652653000346,False
589,0.2960138922387512,0.2,1.480069461193756,0.13885471046847583,False
590,0.10775801876333467,0.2,0.5387900938166733,0.5900316997268878,False
591,0.24554420072142658,0.2,1.2277210036071329,0.21955171905030757,False
592,0.5639151447176332,0.2,2.8195757235881658,0.004808718360841222,True
593,0.36776464242438217,0.2,1.8388232121219108,0.06594119295481476,False
594,0.668217515568784,0.2,3.3410875778439197,0.0008345089538641988,True
595,0.46118237671122997,0.2,2.3059118835561496,0.02111555648436033,True
596,0.15415176610939002,0.2,0.77075883054695,0.44084989388802687,False
597,0.1432577080208268,0.2,0.7162885401041339,0.47381320149172945,False
598,0.5560213353588448,0.2,2.7801066767942237,0.0054341044069498015,True
599,0.3606184590513891,0.2,1.8030922952569455,0.07137372098266485,False
600,0.2271134721624018,0.2,1.135567360812009,0.2561376753678233,False
601,-0.03735086578465491,0.2,-0.18675432892327454,0.8518532570531777,False
602,0.13227624163023532,0.2,0.6613812081511766,0.5083678741006505,False
603,0.12740831425992621,0.2,0.637041571299631,0.5240977656160419,False
604,-0.12981825275990183,0.2,-0.6490912637995091,0.5162793882772037,False
605,0.2598199122421996,0.2,1.299099561210998,0.19390976368209903,False
606,0.13271566399111695,0.2,0.6635783199555847,0.506960236980587,False
607,0.1629950985901797,0.2,0.8149754929508984,0.4150863382454482,False
608,-0.027714364222153398,0.2,-0.138571821110767,0.8897885119347816,False
609,-0.18361994661446318,0.2,-0.9180997330723158,0.35856665459813397,False
610,0.18079230232250648,0.2,0.9039615116125324,0.366015810361428,False
611,0.2073673670321841,0.2,1.0368368351609205,0.29981190553792253,False
612,0.38738988449325734,0.2,1.9369494224662867,0.052751526224387266,False
613,0.8461494887723127,0.2,4.230747443861563,2.329160679861073e-05,True
614,0.1559915747253704,0.2,0.779957873626852,0.43541567158585254,False
615,0.24699601968131857,0.2,1.2349800984065928,0.21683791101174016,False
616,-0.04333807748754662,0.2,-0.21669038743773308,0.8284496397438302,False
617,0.2722895115379721,0.2,1.3614475576898604,0.1733722956392611,False
618,0.21429388282372352,0.2,1.0714694141186176,0.28395841614486717,False
619,0.5961331695140105,0.2,2.9806658475700525,0.002876224478111696,True
620,0.49586409739298076,0.2,2.4793204869649035,0.013163297137208374,True
621,0.018210604262346164,0.2,0.09105302131173082,0.927450461074427,False
622,0.3981814094195747,0.2,1.9909070470978734,0.04649110732023825,True
623,0.131333384647716,0.2,0.6566669232385799,0.5113951071167315,False
624,0.2557726903172697,0.2,1.2788634515863484,0.2009451449511197,False
625,0.25583058213906884,0.2,1.279152910695344,0.2008432143983797,False
626,0.0006661985231157241,0.2,0.0033309926155786207,0.9973422573347183,False
627,-0.11435562652263204,0.2,-0.5717781326131601,0.5674722936888801,False
628,0.48717675408163275,0.2,2.4358837704081635,0.014855457024177801,True
629,0.10549948710259574,0.2,0.5274974355129787,0.5978481968361165,False
630,0.025607788824733774,0.2,0.12803894412366887,0.898118153712717,False
631,-0.02013957880238798,0.2,-0.1006978940119399,0.9197902832124635,False
632,0.3720118191081014,0.2,1.8600590955405067,0.062877165537424,False
633,0.36442344289158857,0.2,1.8221172144579427,0.06843720225664629,False
634,-0.1313733893524966,0.2,-0.6568669467624829,0.5112664729804377,False
635,0.14877331048003842,0.2,0.7438665524001921,0.4569572122841196,False
636,0.366136529898278,0.2,1.83068264949139,0.06714792427922252,False
637,0.4407214958685753,0.2,2.2036074793428764,0.027551960834213376,True
638,-0.21978769643888135,0.2,-1.0989384821944066,0.27179489986899685,False
639,0.42038717983374496,0.2,2.1019358991687245,0.03555889130816716,True
640,0.19493208559851607,0.2,0.9746604279925803,0.329728728276705,False
641,0.16211599919735686,0.2,0.8105799959867843,0.41760690843800197,False
642,0.6143918133802836,0.2,3.071959066901418,0.0021265888490978177,True
643,0.2587742821298464,0.2,1.2938714106492317,0.19570984116430817,False
644,0.20715191492724855,0.2,1.0357595746362427,0.30031432141272457,False
645,-0.009171624291229336,0.2,-0.04585812145614668,0.9634233332741676,False
646,0.25628546185111645,0.2,1.2814273092555821,0.2000436170155105,False
647,0.3427574810318482,0.2,1.713787405159241,0.08656777735754055,False
648,0.36214929624332903,0.2,1.8107464812166452,0.07018010418795646,False
649,0.1441520800504344,0.2,0.7207604002521719,0.47105694338963505,False
650,0.17672607157002054,0.2,0.8836303578501027,0.3768957856967342,False
651,0.21074713203251763,0.2,1.053735660162588,0.29200395766821485,False
652,0.27983009714331464,0.2,1.399150485716573,0.1617678610145596,False
653,0.41768259127327334,0.2,2.0884129563663665,0.03676059974771319,True
654,0.42870792587264855,0.2,2.1435396293632425,0.03206979248687921,True
655,-0.08926136556860886,0.2,-0.4463068278430443,0.6553756248569559,False
656,0.27655475607146784,0.2,1.3827737803573392,0.16673424092022415,False
657,0.34597022915989617,0.2,1.7298511457994807,0.08365687372423658,False
658,0.1470217327424424,0.2,0.735108663712212,0.4622733183690666,False
659,0.20715505196926998,0.2,1.0357752598463499,0.300307002075264,False
660,0.05778586598680732,0.2,0.2889293299340366,0.7726354584220718,False
661,0.18962138153770366,0.2,0.9481069076885182,0.3430750320249733,False
662,0.30124680543221566,0.2,1.5062340271610781,0.13200710720846287,False
663,0.22542359224037894,0.2,1.1271179612018947,0.2596926102951849,False
664,0.2434229888544775,0.2,1.2171149442723874,0.22356048554141061,False
665,0.38957289842482284,0.2,1.9478644921241142,0.051431179475850845,False
666,0.423231774467088,0.2,2.11615887233544,0.0343312977962316,True
667,-0.0032245379271434726,0.2,-0.016122689635717363,0.9871365121550342,False
668,0.46377283700861843,0.2,2.318864185043092,0.020402401621696264,True
669,-0.11987337861360137,0.2,-0.5993668930680068,0.5489282492328319,False
670,-0.11747182042933452,0.2,-0.5873591021466725,0.5569625551569091,False
671,0.22503849491216887,0.2,1.1251924745608444,0.26050748137522506,False
672,0.2601201914502292,0.2,1.3006009572511459,0.19339507922325555,False
673,0.24338691008722438,0.2,1.2169345504361218,0.223629118747416,False
674,0.20635386075609582,0.2,1.0317693037804792,0.3021802024494043,False
675,0.13132319755539962,0.2,0.656615987776998,0.5114278661588412,False
676,-0.06759010432940826,0.2,-0.3379505216470413,0.7354004742376985,False
677,0.43601426593126597,0.2,2.1800713296563297,0.02925217459375001,True
678,-0.006863131266931333,0.2,-0.03431565633465666,0.9726254402727421,False
679,0.23208081095347488,0.2,1.1604040547673744,0.24588433667399448,False
680,0.07479856197261428,0.2,0.3739928098630714,0.7084096655696437,False
681,0.2505927487995203,0.2,1.2529637439976016,0.21021890161546763,False
682,0.01766819668190836,0.2,0.0883409834095418,0.929605666217344,False
683,0.12831029926184534,0.2,0.6415514963092267,0.5211644345995956,False
684,0.029926742038921483,0.2,0.14963371019460742,0.8810536107068858,False
685,0.05403566354376932,0.2,0.2701783177188466,0.7870230725704422,False
686,0.19687636806029568,0.2,0.9843818403014784,0.32492780346345046,False
687,0.16201525178733542,0.2,0.810076258936677,0.41789634820382987,False
688,0.23799686980100654,0.2,1.1899843490050326,0.2340525435861796,False
689,0.16266719788476774,0.2,0.8133359894238387,0.4160254482017589,False
690,0.1723139846307775,0.2,0.8615699231538874,0.3889242278624592,False
691,0.02568724968008035,0.2,0.12843624840040174,0.8978037466175599,False
692,0.6692068080927043,0.2,3.3460340404635214,0.0008197633121732489,True
693,0.15848980608628702,0.2,0.792449030431435,0.4280989001576306,False
694,0.17415262767937326,0.2,0.8707631383968663,0.3838834960283315,False
695,-0.13607719838178312,0.2,-0.6803859919089156,0.49626008838379737,False
696,0.49100889497173705,0.2,2.4550444748586853,0.01408671591080594,True
697,0.3087696986953987,0.2,1.5438484934769936,0.12262504031184016,False
698,0.25024359870929286,0.2,1.2512179935464642,0.21085495515901503,False
699,0.13737156112252502,0.2,0.6868578056126251,0.49217233852492,False
700,0.1896468678428435,0.2,0.9482343392142174,0.3430101692393183,False
701,0.11000373331376356,0.2,0.5500186665688178,0.5823065704722752,False
702,0.6128114594742173,0.2,3.0640572973710865,0.002183570849478701,True
703,0.11853198367959676,0.2,0.5926599183979838,0.5534087706589583,False
704,0.3564274538075147,0.2,1.7821372690375736,0.0747268495086803,False
705,-0.18772734535261892,0.2,-0.9386367267630946,0.3479172896114816,False
706,0.2866512205571413,0.2,1.4332561027857065,0.15178466190714307,False
707,0.4464720929861478,0.2,2.232360464930739,0.025591148566141385,True
708,-0.04246850860473422,0.2,-0.21234254302367112,0.831839807562847,False
709,-0.31939997447398044,0.2,-1.5969998723699022,0.11026573567379211,False
710,0.105852219206889,0.2,0.5292610960344449,0.5966243393791268,False
711,0.2751416820017442,0.2,1.375708410008721,0.16891192716977974,False
712,0.19696458036569375,0.2,0.9848229018284688,0.3247110691773438,False
713,0.08920581345763368,0.2,0.4460290672881684,0.6555762493877608,False
714,0.19890308100634752,0.2,0.9945154050317375,0.31997200933131814,False
715,0.46502871981017924,0.2,2.325143599050896,0.020064283005426606,True
716,0.5152040232310213,0.2,2.5760201161551066,0.009994483153407467,True
717,0.11161826159956212,0.2,0.5580913079978106,0.5767820356739459,False
718,0.1324438820386789,0.2,0.6622194101933945,0.5078306163412591,False
719,0.37257870779948604,0.2,1.8628935389974302,0.06247724602093917,False
720,-0.03086016583122214,0.2,-0.1543008291561107,0.8773725435744717,False
721,0.1869659137605508,0.2,0.9348295688027539,0.3498761385939411,False
722,0.11456374143239922,0.2,0.5728187071619961,0.5667674513347059,False
723,0.2527934495594463,0.2,1.2639672477972315,0.206241782808352,False
724,-0.06485463723291884,0.2,-0.3242731861645942,0.7457312181576081,False
725,0.48578105854390297,0.2,2.4289052927195147,0.015144487784866411,True
726,0.15876442775374353,0.2,0.7938221387687175,0.4272989824166451,False
727,0.2319078254325388,0.2,1.1595391271626938,0.24623649730923652,False
728,0.04626846068131085,0.2,0.23134230340655426,0.8170488845351024,False
729,0.22595766633652445,0.2,1.1297883316826223,0.2585654260592566,False
730,0.06673533515434735,0.2,0.3336766757717367,0.7386235518419872,False
731,0.2943388580524967,0.2,1.4716942902624834,0.14110345016079007,False
732,-0.09128888753597175,0.2,-0.45644443767985876,0.6480704169125759,False
733,0.215470125683098,0.2,1.07735062841549,0.28132365198108816,False
734,0.1397813768757835,0.2,0.6989068843789173,0.4846102248603032,False
735,0.18383115381542298,0.2,0.9191557690771148,0.3580141024986156,False
736,0.478621332262696,0.2,2.39310666131348,0.01670638363048504,True
737,-0.05639401787624154,0.2,-0.2819700893812077,0.7779664453079931,False
738,0.15220703665346288,0.2,0.7610351832673143,0.4466360529022527,False
739,0.35547324640708045,0.2,1.7773662320354022,0.07550800288687529,False
740,-0.04871471572505234,0.2,-0.24357357862526172,0.8075610932668703,False
741,0.3667044274562995,0.2,1.8335221372814974,0.0667249595435313,False
742,0.3712743343285449,0.2,1.8563716716427243,0.06340059966610684,False
743,0.3409646546124078,0.2,1.704823273062039,0.08822738962726137,False
744,0.09172201507591096,0.2,0.4586100753795548,0.6465142000852823,False
745,0.05178560317831343,0.2,0.25892801589156716,0.7956907815681871,False
746,0.14462430090417455,0.2,0.7231215045208728,0.46960523859414843,False
747,-0.049220382599570345,0.2,-0.24610191299785172,0.805603342255478,False
748,0.07669375667645746,0.2,0.3834687833822873,0.7013722117864549,False
749,0.07261982615897536,0.2,0.36309913079487677,0.7165308339027054,False
750,-0.15917000451628344,0.2,-0.7958500225814171,0.426119212800091,False
751,0.399743948051955,0.2,1.998719740259775,0.04563868592061148,True
752,0.05456349894453058,0.2,0.2728174947226529,0.7849935106854465,False
753,-0.360289040118045,0.2,-1.801445200590225,0.0716327372293939,False
754,-0.054748223130482,0.2,-0.27374111565241,0.7842835784209058,False
755,0.499881079310475,0.2,2.499405396552375,0.012440190926780701,True
756,0.4703614385127348,0.2,2.351807192563674,0.01868245603552788,True
757,0.2566660514473838,0.2,1.283330257236919,0.19937639649643704,False
758,0.012103361728477091,0.2,0.060516808642385456,0.951744029024068,False
759,0.24477159552307542,0.2,1.223857977615377,0.22100580840881462,False
760,0.08034960774472336,0.2,0.40174803872361675,0.6878694665180987,False
761,0.18638854133568794,0.2,0.9319427066784397,0.35136613529169924,False
762,0.301857557178809,0.2,1.509287785894045,0.1312252546732876,False
763,0.6276304932872919,0.2,3.1381524664364595,0.0017001641594194328,True
764,0.42811071913634335,0.2,2.1405535956817165,0.03231005434239947,True
765,0.11599295165104516,0.2,0.5799647582552258,0.561938383659059,False
766,0.26849700025358153,0.2,1.3424850012679075,0.1794387903420429,False
767,0.09428949772903111,0.2,0.47144748864515557,0.6373212104216672,False
768,0.5549590600451331,0.2,2.7747953002256653,0.005523646234603137,True
769,0.04536615313886455,0.2,0.22683076569432276,0.8205553396037353,False
770,0.05217946044610733,0.2,0.26089730223053664,0.7941717053268522,False
771,0.1905582872245496,0.2,0.952791436122748,0.3406957542135895,False
772,-0.0527519572130265,0.2,-0.2637597860651325,0.7919650235727471,False
773,0.2611260472692856,0.2,1.305630236346428,0.19167833276304033,False
774,0.25634806785116293,0.2,1.2817403392558147,0.19993374907167488,False
775,0.41238870347925083,0.2,2.061943517396254,0.039213113764784396,True
776,0.30310531127554363,0.2,1.515526556377718,0.129639110322649,False
777,0.15430382818281846,0.2,0.7715191409140922,0.4403992814198998,False
778,-0.09515097421919905,0.2,-0.47575487109599524,0.6342490242735743,False
779,-0.23732519624688314,0.2,-1.1866259812344155,0.23537518304708244,False
780,0.14399979154394385,0.2,0.7199989577197192,0.4715256372933395,False
781,0.24164710744848422,0.2,1.208235537242421,0.22695667600776134,False
782,0.6057017912203431,0.2,3.028508956101715,0.0024576379239799463,True
783,0.30940975462100684,0.2,1.5470487731050342,0.12185148515971364,False
784,0.32527381308964115,0.2,1.6263690654482057,0.10387116745185207,False
785,0.4946572761053587,0.2,2.4732863805267935,0.01338768142322037,True
786,0.3103923339204985,0.2,1.5519616696024923,0.12067139537222145,False
787,0.29568683205613083,0.2,1.478434160280654,0.13929160767019053,False
788,0.500206743027772,0.2,2.5010337151388597,0.012383138903933735,True
789,0.21348069808319048,0.2,1.0674034904159524,0.28578967299402364,False
790,-0.017424205337909948,0.2,-0.08712102668954974,0.9305753120490567,False
791,0.01731391445955277,0.2,0.08656957229776385,0.9310136528615618,False
792,0.3296277899257483,0.2,1.6481389496287415,0.0993241612198447,False
793,0.21434951994630683,0.2,1.071747599731534,0.28383341476014295,False
794,0.03723935047560578,0.2,0.1861967523780289,0.8522904706545578,False
795,0.08683588445031996,0.2,0.4341794222515998,0.6641581548377942,False
796,0.4327821681120264,0.2,2.1639108405601317,0.030471192794567774,True
797,0.0970794413797258,0.2,0.485397206898629,0.6273946132783934,False
798,-0.019987288050645896,0.2,-0.09993644025322948,0.920394786013066,False
799,0.5087969644045633,0.2,2.5439848220228165,0.01095958467031072,True
800,0.1880586436642689,0.2,0.9402932183213444,0.3470671772402415,False
801,0.19276745427650605,0.2,0.9638372713825302,0.3351275171990994,False
802,0.09037903786130702,0.2,0.4518951893065351,0.6513444902537959,False
803,0.110634210475,0.2,0.553171052375,0.5801462869363379,False
804,0.26218563615703117,0.2,1.3109281807851558,0.18988202890894462,False
805,0.1980928396705637,0.2,0.9904641983528185,0.3219472799597978,False
806,0.05670355580639344,0.2,0.2835177790319672,0.7767799548432245,False
807,0.02271447368358301,0.2,0.11357236841791504,0.9095767924004453,False
808,0.3282155878898456,0.2,1.641077939449228,0.1007812374518305,False
809,0.3280738741506261,0.2,1.6403693707531304,0.10092838983070747,False
810,0.15268686075756774,0.2,0.7634343037878386,0.4452044283282661,False
811,0.3356550765801011,0.2,1.6782753829005053,0.0932933514639404,False
812,0.16439030710275335,0.2,0.8219515355137667,0.411104480407558,False
813,0.08436364529892726,0.2,0.4218182264946363,0.6731577009276228,False
814,0.5737232408838422,0.2,2.8686162044192107,0.004122717241047873,True
815,-0.2752439649480041,0.2,-1.3762198247400206,0.16875358617548622,False
816,0.43982639425685993,0.2,2.1991319712842996,0.027868539791430627,True
817,-0.09495539818705756,0.2,-0.4747769909352878,0.6349459347013237,False
818,0.09879745674596725,0.2,0.49398728372983625,0.6213151601695441,False
819,0.4547275115730968,0.2,2.273637557865484,0.022987787343762126,True
820,0.3045074295485136,0.2,1.522537147742568,0.12787454479748622,False
821,0.6873030590228846,0.2,3.4365152951144227,0.0005892490818714798,True
822,0.12196333956646355,0.2,0.6098166978323177,0.5419832390917914,False
823,0.20607702772688802,0.2,1.03038513863444,0.30282924675936396,False
824,0.26091862089346496,0.2,1.3045931044673247,0.19203143753474147,False
825,0.26003566946170553,0.2,1.3001783473085275,0.19353985000278817,False
826,0.2297172473403707,0.2,1.1485862367018533,0.2507266349655296,False
827,0.15424971133518584,0.2,0.7712485566759292,0.4405596180577208,False
828,0.1340201776613492,0.2,0.6701008883067459,0.5027934786639323,False
829,0.3177622462170702,0.2,1.588811231085351,0.11210301688991935,False
830,0.16531809538579256,0.2,0.8265904769289628,0.40846921681796533,False
831,0.10129232678985113,0.2,0.5064616339492556,0.61253261643331,False
832,0.5397543706833048,0.2,2.698771853416524,0.006959586957115145,True
833,0.3027589586125274,0.2,1.5137947930626368,0.13007789366022757,False
834,-0.018519414947169605,0.2,-0.09259707473584802,0.9262236677874689,False
835,0.05614774635474981,0.2,0.28073873177374903,0.7789107992388111,False
836,0.35421161934006756,0.2,1.7710580967003378,0.07655104122175595,False
837,0.46496867888293675,0.2,2.3248433944146836,0.020080335682745334,True
838,0.026263057183811916,0.2,0.13131528591905958,0.8955259000841638,False
839,0.1258861528453499,0.2,0.6294307642267495,0.5290670825859111,False
840,0.09966415052954213,0.2,0.4983207526477106,0.618257982959997,False
841,0.25384547214699477,0.2,1.2692273607349738,0.20435998523513935,False
842,0.47520715314259654,0.2,2.3760357657129827,0.0174997664800317,True
843,-0.051334465537602125,0.2,-0.2566723276880106,0.7974317353292467,False
844,0.3098388361958124,0.2,1.5491941809790617,0.12133504789145962,False
845,0.24620085916407322,0.2,1.231004295820366,0.21832125760560833,False
846,0.1478996844686857,0.2,0.7394984223434284,0.4596043973775288,False
847,0.26393621702479214,0.2,1.3196810851239607,0.1869415178120025,False
848,0.12703367571283197,0.2,0.6351683785641599,0.5253186043518806,False
849,0.26078469115302244,0.2,1.303923455765112,0.19225968195642004,False
850,0.3040648446833446,0.2,1.520324223416723,0.12842950887935345,False
851,0.2292171250832225,0.2,1.1460856254161125,0.25175972472326685,False
852,0.16980887103896336,0.2,0.8490443551948168,0.39585661163850205,False
853,0.3062966338472067,0.2,1.5314831692360333,0.12565002296942585,False
854,0.49239462909116355,0.2,2.4619731454558176,0.01381750121332962,True
855,0.19921901533991349,0.2,0.9960950766995674,0.31920395176660726,False
856,0.2910178777751492,0.2,1.455089388875746,0.1456445164016195,False
857,0.22476099587587886,0.2,1.1238049793793943,0.26109576862455397,False
858,0.26639916791000906,0.2,1.3319958395500453,0.18286155565851353,False
859,0.7649214187250719,0.2,3.8246070936253593,0.00013098080244428785,True
860,0.22788308657225798,0.2,1.1394154328612898,0.2545299220555961,False
861,0.14030617176706311,0.2,0.7015308588353155,0.48297178349407793,False
862,0.30659116332653163,0.2,1.532955816632658,0.12528674165973594,False
863,0.19108080170003588,0.2,0.9554040085001794,0.3393734276792686,False
864,0.18655792193395607,0.2,0.9327896096697803,0.35092860695512074,False
865,0.22789721946532426,0.2,1.1394860973266212,0.2545004637038988,False
866,0.24729475385586086,0.2,1.2364737692793042,0.21628251010310753,False
867,0.2930533554233012,0.2,1.4652667771165058,0.14284814699139503,False
868,0.396438896543333,0.2,1.9821944827166649,0.0474574779546096,True
869,0.38178565786124186,0.2,1.9089282893062092,0.05627134308105412,False
870,-0.19557950585900602,0.2,-0.97789752929503,0.32812500724419735,False
871,0.04078939358486486,0.2,0.2039469679243243,0.8383949412470814,False
872,0.164411498887248,0.2,0.8220574944362399,0.41104417544301636,False
873,0.2818754306401852,0.2,1.409377153200926,0.1587236760150768,False
874,0.08095224533556378,0.2,0.4047612266778189,0.6856530320252257,False
875,0.4726600203339668,0.2,2.363300101669834,0.018112995400744403,True
876,0.028454209647808648,0.2,0.14227104823904324,0.8868659140352986,False
877,-0.19209625461717245,0.2,-0.9604812730858622,0.3368130515925882,False
878,0.20621652792998466,0.2,1.0310826396499233,0.3025020680795569,False
879,0.02167314016897537,0.2,0.10836570084487684,0.9137056076372072,False
880,0.29427464471850956,0.2,1.4713732235925476,0.14119021067819207,False
881,0.5246793818089428,0.2,2.623396909044714,0.008705778707080255,True
882,0.43596828041612806,0.2,2.17984140208064,0.029269219785379746,True
883,0.14973684093738004,0.2,0.7486842046869002,0.45404756612054814,False
884,0.21617640508953762,0.2,1.080882025447688,0.27974959514010483,False
885,0.31721772014084704,0.2,1.5860886007042352,0.11271921236505852,False
886,0.2120035528070112,0.2,1.0600177640350559,0.2891365178468563,False
887,0.2135119032496659,0.2,1.0675595162483293,0.2857192533785515,False
888,-0.06386588094771667,0.2,-0.31932940473858334,0.7494767372124621,False
889,0.19160719893104394,0.2,0.9580359946552197,0.3380446083901468,False
890,-0.2663630492929829,0.2,-1.3318152464649142,0.1829209066491649,False
891,0.18492859030223524,0.2,0.9246429515111761,0.3551516632377889,False
892,0.34587254504713516,0.2,1.7293627252356758,0.08374419685956608,False
893,-0.10926175290190049,0.2,-0.5463087645095024,0.5848537125933673,False
894,0.062138476816802846,0.2,0.31069238408401423,0.756034487547731,False
895,0.2619123460952818,0.2,1.309561730476409,0.19034414189606957,False
896,-0.17581274349719272,0.2,-0.8790637174859636,0.3793667288902075,False
897,0.28482256384819504,0.2,1.424112819240975,0.15441381611448568,False
898,0.1977906173225278,0.2,0.988953086612639,0.3226860952599595,False
899,0.21625971366699745,0.2,1.0812985683349872,0.2795643240766504,False
900,-0.024470297607718156,0.2,-0.12235148803859078,0.9026206567045953,False
901,-0.4983749899709375,0.2,-2.4918749498546875,0.012707076687669143,True
902,0.11672664675362007,0.2,0.5836332337681003,0.5594670957764363,False
903,0.20249853069456325,0.2,1.0124926534728163,0.3113025575568,False
904,0.27838291605022963,0.2,1.3919145802511481,0.1639482661295339,False
905,0.3603330139639522,0.2,1.8016650698197607,0.07159811689676482,False
906,0.11959441669567737,0.2,0.5979720834783868,0.5498585604825714,False
907,0.3000023680780042,0.2,1.500011840390021,0.13361133548725812,False
908,0.5118821122702903,0.2,2.5594105613514517,0.01048498316725495,True
909,-0.09416046877913165,0.2,-0.4708023438956582,0.6377818905788233,False
910,0.1686637817312692,0.2,0.843318908656346,0.39905011046566524,False
911,0.2117317926216194,0.2,1.058658963108097,0.28975512330955977,False
912,0.23180121266374593,0.2,1.1590060633187296,0.24645371355371476,False
913,0.3519836541960163,0.2,1.7599182709800814,0.07842166494948556,False
914,0.21911869388323246,0.2,1.0955934694161622,0.2732567209077259,False
915,0.35000891677195284,0.2,1.750044583859764,0.0801106208759788,False
916,-0.13810018114262468,0.2,-0.6905009057131234,0.4898792405648736,False
917,0.4987457710173279,0.2,2.4937288550866397,0.012640906610057826,True
918,0.8003518986415279,0.2,4.001759493207639,6.287319053566302e-05,True
919,0.26096869308255416,0.2,1.3048434654127707,0.1919461551941453,False
920,0.682003453652609,0.2,3.4100172682630445,0.0006495876641380289,True
921,0.1944292908584954,0.2,0.9721464542924769,0.3309776944561349,False
922,0.07610356723460097,0.2,0.38051783617300483,0.7035610591774777,False
923,-0.03562759883048977,0.2,-0.17813799415244885,0.8586146041823499,False
924,0.19165690590804266,0.2,0.9582845295402133,0.3379193026939717,False
925,0.10032960802980795,0.2,0.5016480401490397,0.6159151203695741,False
926,0.05918328092607256,0.2,0.2959164046303628,0.7672939227494048,False
927,0.4154761154565396,0.2,2.077380577282698,0.037766447388076156,True
928,0.04027175409921954,0.2,0.2013587704960977,0.8404180512781492,False
929,0.16748384019283705,0.2,0.8374192009641852,0.40235697659815606,False
930,0.29847895635597815,0.2,1.4923947817798906,0.1355956822112131,False
931,0.14995662041922725,0.2,0.7497831020961362,0.45338534753409715,False
932,-0.3084619659816355,0.2,-1.5423098299081774,0.12299832136892543,False
933,0.1941969946313355,0.2,0.9709849731566774,0.33155576157642513,False
934,0.16174860094044002,0.2,0.8087430047022001,0.4186629861655427,False
935,0.18901152129510893,0.2,0.9450576064755446,0.34462946693275387,False
936,0.059671489717643966,0.2,0.29835744858821983,0.7654303619911103,False
937,0.13995214311302592,0.2,0.6997607155651295,0.48407675197249744,False
938,0.7477753663561317,0.2,3.7388768317806584,0.0001848442574069308,True
939,0.15041943211586042,0.2,0.7520971605793021,0.45199263137502366,False
940,0.36666882272937995,0.2,1.8333441136468998,0.06675141299017796,False
941,-0.05667487883687089,0.2,-0.28337439418435445,0.776889854755365,False
942,0.291700671899761,0.2,1.458503359498805,0.14470184981549358,False
943,0.2313905932040738,0.2,1.1569529660203688,0.2472915770862265,False
944,0.45711016038714053,0.2,2.2855508019357025,0.022280551171649076,True
945,0.39992075731979826,0.2,1.9996037865989913,0.04554306474019889,True
946,0.33896877106086776,0.2,1.6948438553043388,0.09010504557448215,False
947,0.17717175411643363,0.2,0.8858587705821681,0.37569363562123026,False
948,0.1990599995017882,0.2,0.995299997508941,0.3195903789981938,False
949,0.53223484616905,0.2,2.66117423084525,0.0077868651840767925,True
950,0.23597207229587444,0.2,1.1798603614793721,0.2380557573896557,False
951,0.23236399850012163,0.2,1.161819992500608,0.24530859135389696,False
952,0.31046858464276444,0.2,1.5523429232138222,0.12058019261945348,False
953,-0.08166519606568945,0.2,-0.40832598032844725,0.6830343679209225,False
954,0.2080500938733443,0.2,1.0402504693667214,0.2982235492505802,False
955,0.3947895273494385,0.2,1.9739476367471924,0.04838769732664444,True
956,0.5596929427685731,0.2,2.7984647138428653,0.005134617933811051,True
957,0.07631882462728662,0.2,0.3815941231364331,0.7027624440187448,False
958,0.28793155191126574,0.2,1.4396577595563287,0.1499642495725588,False
959,0.3229204426507099,0.2,1.6146022132535494,0.1063968658464742,False
960,0.5387926539488412,0.2,2.693963269744206,0.007060794525434305,True
961,0.022102440898355724,0.2,0.11051220449177862,0.9120031713705753,False
962,0.12636733976854586,0.2,0.6318366988427293,0.5274935903673683,False
963,0.4476643159710807,0.2,2.2383215798554033,0.025200091838763452,True
964,0.12003411769468547,0.2,0.6001705884734273,0.5483925527660556,False
965,0.050837284761418994,0.2,0.25418642380709494,0.7993515384737089,False
966,0.21865212905253556,0.2,1.0932606452626776,0.2742793767567673,False
967,-0.1937093429266099,0.2,-0.9685467146330495,0.33277140049960113,False
968,0.3611968817935647,0.2,1.8059844089678234,0.07092077494183448,False
969,0.2500052705804535,0.2,1.2500263529022675,0.2112899208252735,False
970,0.2299319128374432,0.2,1.1496595641872158,0.2502841148846172,False
971,0.1436264941780934,0.2,0.718132470890467,0.4726756106678043,False
972,-0.029369000368728193,0.2,-0.14684500184364097,0.8832543633428055,False
973,0.1275840549203271,0.2,0.6379202746016355,0.5235255791287273,False
974,0.11919008085385041,0.2,0.595950404269252,0.5512083594011199,False
975,0.41652211824232716,0.2,2.0826105912116355,0.03728673302802349,True
976,0.1401963916428307,0.2,0.7009819582141535,0.4833142746286584,False
977,0.07451065078488775,0.2,0.3725532539244387,0.7094809698769899,False
978,0.3433330487249747,0.2,1.7166652436248735,0.08604035408275251,False
979,0.17899766810014894,0.2,0.8949883405007447,0.3707933207576508,False
980,0.48653644856543954,0.2,2.4326822428271977,0.014987447163380758,True
981,0.33342832779966436,0.2,1.6671416389983218,0.09548624416538641,False
982,0.2595683426185209,0.2,1.2978417130926045,0.1943417324945265,False
983,0.0975639922811244,0.2,0.487819961405622,0.6256773710945966,False
984,0.25240997154300904,0.2,1.2620498577150452,0.20693084645659462,False
985,0.08231644987840095,0.2,0.4115822493920047,0.6806456443020403,False
986,0.4373289155465628,0.2,2.186644577732814,0.028768480426314427,True
987,-0.2254580891699483,0.2,-1.1272904458497415,0.2596197005561898,False
988,0.26079282262387005,0.2,1.3039641131193502,0.19224581853683534,False
989,0.2550504439669129,0.2,1.2752522198345644,0.20221998351229864,False
990,0.21664836087597789,0.2,1.0832418043798893,0.2787011087037919,False
991,0.14838696133399848,0.2,0.7419348066699923,0.45812683588144,False
992,-0.05716946218362928,0.2,-0.2858473109181464,0.7749950703489744,False
993,0.15541620100221676,0.2,0.7770810050110838,0.4371109799825721,False
994,0.4492740672113141,0.2,2.2463703360565703,0.024680296750965967,True
995,0.3551909556334919,0.2,1.7759547781674594,0.07574037107125084,False
996,-0.0005870213386211243,0.2,-0.0029351066931056213,0.9976581270477436,False
997,0.2561664214373388,0.2,1.280832107186694,0.20025264391547468,False
998,0.2575865177799579,0.2,1.2879325888997895,0.19776943005491926,False
999,0.23552830584140017,0.2,1.1776415292070008,0.23893954622911454,False
1000,-0.0403063680653552,0.2,-0.201531840326776,0.8402827351542941,False
1001,0.03394569450192958,0.2,0.1697284725096479,0.8652236811202355,False
1002,0.12074137003927454,0.2,0.6037068501963727,0.546038558994614,False
1003,0.3462348554132395,0.2,1.7311742770661975,0.08342068573586899,False
1004,0.21271733958227254,0.2,1.0635866979113626,0.28751597101431947,False
1005,0.010532378621007199,0.2,0.052661893105035995,0.9580013017686552,False
1006,0.21342027752500553,0.2,1.0671013876250275,0.2859260553102199,False
1007,0.24591359457955037,0.2,1.2295679728977518,0.21885892938908405,False
1008,0.16020314782341463,0.2,0.8010157391170731,0.42312253422495916,False
1009,0.09386394409222275,0.2,0.4693197204611137,0.6388411213938514,False
1010,0.30515439275666,0.2,1.5257719637833,0.12706666522029034,False
1011,0.0047360327024891236,0.2,0.023680163512445618,0.9811077287932645,False
1012,-0.09872683926782028,0.2,-0.4936341963391014,0.6215645456246635,False
1013,0.10007591794904268,0.2,0.5003795897452133,0.6168078220456774,False
1014,0.29686784868675414,0.2,1.4843392434337705,0.13771894424054484,False
1015,0.49728583201648136,0.2,2.4864291600824067,0.012903225606704384,True
1016,0.16954875652552637,0.2,0.8477437826276318,0.39658067743131326,False
1017,0.5848935581170271,0.2,2.9244677905851355,0.0034504578629598525,True
1018,0.27867060620150297,0.2,1.3933530310075148,0.16351306154933712,False
1019,0.11708278852074572,0.2,0.5854139426037286,0.5582694160124504,False
1020,0.499242383298953,0.2,2.4962119164947647,0.012552758462561745,True
1021,0.1821626008062511,0.2,0.9108130040312554,0.36239390951435857,False
1022,0.33849557522924467,0.2,1.6924778761462234,0.09055489492708046,False
1023,0.3331557393940394,0.2,1.665778696970197,0.09575750068429223,False
1024,-0.010633073827115064,0.2,-0.05316536913557532,0.9576001480003195,False
1025,0.1396288798360305,0.2,0.6981443991801525,0.4850868940347629,False
1026,-0.010000060568857438,0.2,-0.05000030284428719,0.9601221469903306,False
1027,0.2791418948245519,0.2,1.3957094741227594,0.16280200016214605,False
1028,0.12398238623644735,0.2,0.6199119311822368,0.5353157702054007,False
1029,0.07661435183014093,0.2,0.3830717591507046,0.7016665583636013,False
1030,0.1375671730811081,0.2,0.6878358654055405,0.49155614776160284,False
1031,0.2955734065336726,0.2,1.477867032668363,0.1394433719330148,False
1032,0.2388554218206379,0.2,1.1942771091031894,0.23236958881865194,False
1033,0.0597300230194574,0.2,0.298650115097287,0.7652070231340115,False
1034,0.3490282644461093,0.2,1.7451413222305463,0.08096027218576093,False
1035,0.4799420219113522,0.2,2.399710109556761,0.016408060287381995,True
1036,0.03283115254845162,0.2,0.1641557627422581,0.8696085248293451,False
1037,0.23361572173188283,0.2,1.1680786086594142,0.2427750580443072,False
1038,0.12585311778166097,0.2,0.6292655889083049,0.5291751955375195,False
1039,0.360743721762745,0.2,1.803718608813725,0.07127543079448902,False
1040,0.13960050350842568,0.2,0.6980025175421284,0.4851756196422416,False
1041,0.09957242179009199,0.2,0.4978621089504599,0.6185812357840177,False
1042,0.6341466520989607,0.2,3.1707332604948033,0.0015205469745431619,True
1043,0.1422404869359964,0.2,0.7112024346799819,0.47695880008353114,False
1044,0.23288813344475856,0.2,1.1644406672237928,0.24424547507723204,False
1045,0.2765130304396878,0.2,1.3825651521984388,0.1667982403866297,False
1046,0.4354308370147477,0.2,2.1771541850737384,0.029469065336383635,True
1047,-0.03357587720340921,0.2,-0.16787938601704605,0.8666781675295746,False
1048,0.2369461919503917,0.2,1.1847309597519584,0.23612383743391607,False
1049,0.13925107100038617,0.2,0.6962553550019308,0.4862689268865359,False
1050,0.06590764191872986,0.2,0.32953820959364927,0.7417489181503356,False
1051,0.4133851352366964,0.2,2.066925676183482,0.03874115789441547,True
1052,0.23398371474529114,0.2,1.1699185737264557,0.2420337385408826,False
1053,0.09719509551329371,0.2,0.48597547756646853,0.6269845526316217,False
1054,0.4384410468881449,0.2,2.192205234440724,0.028364690677652685,True
1055,0.542170144763757,0.2,2.710850723818785,0.006711083204517607,True
1056,0.19630519876991614,0.2,0.9815259938495807,0.3263334223775021,False
1057,0.2582949534074208,0.2,1.291474767037104,0.19653909930376154,False
1058,0.4669722928741036,0.2,2.3348614643705177,0.019550659030457013,True
1059,0.5737978353087739,0.2,2.8689891765438693,0.004117858895611118,True
1060,0.3434482147745642,0.2,1.717241073872821,0.08593513365007302,False
1061,0.30146658908089125,0.2,1.5073329454044562,0.13172533695529212,False
1062,0.3326426254619912,0.2,1.663213127309956,0.0962697808299459,False
1063,0.3127216380467819,0.2,1.5636081902339094,0.11790961027844375,False
1064,0.10588457581425702,0.2,0.529422879071285,0.5965121303643452,False
1065,0.22090349121297748,0.2,1.1045174560648874,0.269368735573667,False
1066,0.15842053006621643,0.2,0.7921026503310821,0.4283008248605103,False
1067,0.13147124877124994,0.2,0.6573562438562497,0.5109518796859325,False
1068,0.0626039361182516,0.2,0.313019680591258,0.7542657100162982,False
1069,0.14718505202727708,0.2,0.7359252601363854,0.4617761836599267,False
1070,0.6502580573138448,0.2,3.251290286569224,0.0011488249426140405,True
1071,0.22879775787581075,0.2,1.1439887893790537,0.2526282862621989,False
1072,0.10644495466899764,0.2,0.5322247733449882,0.5945703269040719,False
1073,0.030190009427618097,0.2,0.1509500471380905,0.8800151208589311,False
1074,0.6190670024235533,0.2,3.0953350121177663,0.001965907111466666,True
1075,-0.202940897868075,0.2,-1.014704489340375,0.31024671349994926,False
1076,0.14258375184337374,0.2,0.7129187592168686,0.4758960302535238,False
1077,-0.057124214843047916,0.2,-0.2856210742152396,0.7751683606866328,False
1078,0.014871179272192836,0.2,0.07435589636096418,0.9407272012161367,False
1079,0.18619018329701398,0.2,0.9309509164850699,0.35187895464575997,False
1080,0.03839978233131586,0.2,0.19199891165657929,0.8477430579382907,False
1081,0.47957450165096355,0.2,2.397872508254818,0.016490603818516893,True
1082,0.19812297367787865,0.2,0.9906148683893932,0.3218736746901747,False
1083,0.38135915943118387,0.2,1.9067957971559193,0.056547035813673,False
1084,0.16367890226275272,0.2,0.8183945113137636,0.41313195480050435,False
1085,0.6206840868739816,0.2,3.103420434369908,0.00191297665280955,True
1086,0.5453446953882685,0.2,2.726723476941342,0.00639666204039473,True
1087,0.27575077035749773,0.2,1.3787538517874887,0.16797065959290616,False
1088,0.6287175315584304,0.2,3.1435876577921515,0.0016689042260765626,True
1089,0.10682207663251209,0.2,0.5341103831625604,0.5932651664489907,False
1090,0.29040334510316124,0.2,1.452016725515806,0.14649695471640467,False
1091,-0.16638523738821187,0.2,-0.8319261869410594,0.40545060957287066,False
1092,0.043068501172303486,0.2,0.21534250586151743,0.8295002920126884,False
1093,0.18872936709413637,0.2,0.9436468354706818,0.34535015018655285,False
1094,0.42010901438859355,0.2,2.1005450719429675,0.035680920111419843,True
1095,0.3396632181664607,0.2,1.6983160908323036,0.08944811936468057,False
1096,0.3188214597989404,0.2,1.5941072989947018,0.11091200439216799,False
1097,0.3986890821099482,0.2,1.9934454105497408,0.04621269554516083,True
1098,0.23173466974161272,0.2,1.1586733487080636,0.2465893582601056,False
1099,0.17315893043213437,0.2,0.8657946521606719,0.38660278241409074,False
1100,0.22824191649951947,0.2,1.1412095824975972,0.2537827176160283,False
1101,-0.08294359980709903,0.2,-0.41471799903549517,0.6783483545458397,False
1102,0.562273453933879,0.2,2.8113672696693945,0.004933143978366577,True
1103,0.5119188308579117,0.2,2.559594154289558,0.010479446440380444,True
1104,0.39987731852039365,0.2,1.9993865926019683,0.045566541455607935,True
1105,0.19005120606415862,0.2,0.9502560303207931,0.3419821747949064,False
1106,0.3655408075784919,0.2,1.8277040378924594,0.06759398180925902,False
1107,0.15259370275655576,0.2,0.7629685137827787,0.44548217386194777,False
1108,0.3508101379284355,0.2,1.7540506896421775,0.07942182188204948,False
1109,0.14579031846870005,0.2,0.7289515923435003,0.4660312740114168,False
1110,0.39500864696578625,0.2,1.975043234828931,0.048263241808776315,True
1111,0.6242166558035823,0.2,3.1210832790179115,0.0018018706991202703,True
1112,0.268395263892861,0.2,1.3419763194643048,0.17960367394098406,False
1113,0.3210330509565268,0.2,1.6051652547826338,0.1084574416654668,False
1114,0.04712091195076229,0.2,0.23560455975381145,0.8137395348872235,False
1115,-0.056422442610300216,0.2,-0.2821122130515011,0.777857468767174,False
1116,-0.03836562210074987,0.2,-0.19182811050374934,0.8478768508646783,False
1117,0.08852166576576292,0.2,0.4426083288288146,0.6580490593854218,False
1118,0.44071560288402717,0.2,2.2035780144201356,0.02755403487473321,True
1119,0.26146403073815505,0.2,1.3073201536907753,0.19110400232200808,False
1120,0.26161073967501186,0.2,1.3080536983750592,0.1908550964925427,False
1121,0.09627800354768973,0.2,0.48139001773844864,0.630239329966941,False
1122,0.10822122074882962,0.2,0.541106103744148,0.5884344513880181,False
1123,0.0046171841310610195,0.2,0.023085920655305098,0.981581736383884,False
1124,0.35624730265389726,0.2,1.7812365132694863,0.0748738210225892,False
1125,0.09816338406999932,0.2,0.4908169203499966,0.6235559415312539,False
1126,0.2037819357379036,0.2,1.018909678689518,0.3082458483315682,False
1127,0.5733941651560922,0.2,2.8669708257804607,0.0041442121357644045,True
1128,0.06510445945816931,0.2,0.32552229729084653,0.7447858099534815,False
1129,0.14148016572152916,0.2,0.7074008286076457,0.4793174221393631,False
1130,0.2727856105591564,0.2,1.363928052795782,0.1725902107423467,False
1131,0.1798326996370127,0.2,0.8991634981850635,0.36856557984288457,False
1132,0.3125525870423246,0.2,1.5627629352116228,0.11810836520122185,False
1133,-0.1236097404872405,0.2,-0.6180487024362025,0.5365432352576514,False
1134,0.2536136894380029,0.2,1.2680684471900143,0.20477350825157392,False
1135,0.220595136819892,0.2,1.10297568409946,0.27003772488594535,False
1136,0.2521608346614449,0.2,1.2608041733072244,0.20737940984729303,False
1137,0.4440818750242603,0.2,2.220409375121301,0.026390991230876706,True
1138,0.09234930111973227,0.2,0.46174650559866137,0.6442631167672042,False
1139,0.31028279473052184,0.2,1.5514139736526091,0.12080250861704206,False
1140,0.55240924303337,0.2,2.76204621516685,0.005744034717708292,True
1141,0.2961494627342885,0.2,1.4807473136714424,0.1386739208813244,False
1142,0.04961603316683663,0.2,0.24808016583418316,0.8040723813935267,False
1143,0.20994160748593865,0.2,1.0497080374296932,0.29385236728873926,False
1144,0.4222188503041703,0.2,2.1110942515208513,0.034764211444546035,True
1145,0.22934256282522697,0.2,1.1467128141261347,0.2515003326962316,False
1146,0.11941768589936322,0.2,0.5970884294968161,0.5504483424873373,False
1147,0.11126201578984676,0.2,0.5563100789492338,0.5779988982076311,False
1148,0.2025456426603504,0.2,1.012728213301752,0.31118999786953866,False
1149,0.33473343705345565,0.2,1.6736671852672782,0.09419602636348917,False
1150,0.1592540089437148,0.2,0.796270044718574,0.42587509271079094,False
1151,0.10925288841758513,0.2,0.5462644420879256,0.5848841747394342,False
1152,0.08022543170187518,0.2,0.4011271585093759,0.6883265064350452,False
1153,0.17506211628692542,0.2,0.875310581434627,0.381404938204589,False
1154,0.29637341578136245,0.2,1.4818670789068122,0.13837566626589282,False
1155,-0.006242141864663653,0.2,-0.031210709323318264,0.9751014992711825,False
1156,0.4871223607492545,0.2,2.4356118037462724,0.01486662951425455,True
1157,-0.03403714147785858,0.2,-0.1701857073892929,0.8648640916028598,False
1158,-0.12738143566662075,0.2,-0.6369071783331037,0.5241853067306426,False
1159,0.3438351705470965,0.2,1.7191758527354823,0.08558235630541842,False
1160,0.27423192855648776,0.2,1.3711596427824386,0.17032519573923458,False
1161,0.05403789785379698,0.2,0.2701894892689849,0.7870144784409165,False
1162,0.38275986413385893,0.2,1.9137993206692945,0.05564580234993201,False
1163,0.16001874779299227,0.2,0.8000937389649613,0.42365648843060855,False
1164,0.38800683029332816,0.2,1.9400341514666408,0.0523755395791135,False
1165,0.2949688760034243,0.2,1.4748443800171214,0.1402543865657385,False
1166,0.1762964943813713,0.2,0.8814824719068565,0.3780567370119252,False
1167,0.34346190235086305,0.2,1.7173095117543151,0.08592263503396999,False
1168,-0.023842450762792344,0.2,-0.11921225381396172,0.9051071987418562,False
1169,0.16214771182620422,0.2,0.810738559131021,0.4175158248790735,False
1170,0.24850391128586663,0.2,1.242519556429333,0.2140449295626805,False
1171,0.21514380925690504,0.2,1.0757190462845252,0.2820529266912364,False
1172,0.16286420470568003,0.2,0.8143210235284001,0.4154610689378625,False
1173,0.3268802909205516,0.2,1.6344014546027579,0.10217458302520148,False
1174,-0.110805868314447,0.2,-0.5540293415722349,0.5795587652610564,False
1175,0.31853002420268944,0.2,1.5926501210134472,0.111238702942557,False
1176,-0.1284037043745036,0.2,-0.642018521872518,0.520861156975055,False
1177,0.361613814725957,0.2,1.8080690736297849,0.07059575078009611,False
1178,-0.14529662286168255,0.2,-0.7264831143084127,0.4675426553634917,False
1179,0.13787600762902108,0.2,0.6893800381451054,0.49058414199051803,False
1180,0.13367081136642855,0.2,0.6683540568321428,0.5039076149050294,False
1181,0.24859588033929758,0.2,1.242979401696488,0.2138754240286488,False
1182,0.4632491694556543,0.2,2.3162458472782714,0.02054484922329428,True
1183,0.4248796836893519,0.2,2.1243984184467593,0.03363684214280451,True
1184,-0.0673554365911973,0.2,-0.3367771829559865,0.7362848746880979,False
1185,0.619584656683285,0.2,3.0979232834164248,0.0019488187009694092,True
1186,0.22712189359754492,0.2,1.1356094679877244,0.2561200445868283,False
1187,0.6437218233398041,0.2,3.2186091166990205,0.0012881394972551414,True
1188,0.19342744868871425,0.2,0.9671372434435712,0.3334754294401348,False
1189,0.09464990003604334,0.2,0.4732495001802167,0.6360351860816247,False
1190,0.07307319429128645,0.2,0.36536597145643224,0.714838238877642,False
1191,0.39398614032644913,0.2,1.9699307016322456,0.04884631322066007,True
1192,0.45239661159090505,0.2,2.261983057954525,0.02369845006196002,True
1193,0.06860864868117125,0.2,0.34304324340585624,0.7315659282441747,False
1194,0.11957991031243836,0.2,0.5978995515621918,0.5499069591225952,False
1195,0.22989622968683662,0.2,1.1494811484341831,0.2503576357437534,False
1196,0.18347077857502717,0.2,0.9173538928751358,0.35895722520189977,False
1197,0.025376427321811224,0.2,0.12688213660905612,0.8990336852807365,False
1198,0.19867718765006417,0.2,0.9933859382503208,0.32052191161882926,False
1199,0.30369200878051067,0.2,1.5184600439025533,0.12889846485965614,False
1200,0.12836153078298335,0.2,0.6418076539149167,0.5209980794082307,False
1201,0.17384490514680245,0.2,0.8692245257340122,0.38472433520295835,False
1202,0.04748049451045183,0.2,0.23740247255225916,0.8123445717370142,False
1203,0.24824161361522482,0.2,1.241208068076124,0.2145288951196408,False
1204,-0.15587824088639374,0.2,-0.7793912044319686,0.4357493034398829,False
1205,0.337548044373851,0.2,1.687740221869255,0.09146110713048984,False
1206,-0.1935879851590589,0.2,-0.9679399257952944,0.3330743729670484,False
1207,0.10866393972721862,0.2,0.5433196986360931,0.5869097037242087,False
1208,0.33890092626085844,0.2,1.6945046313042922,0.09016943239212302,False
1209,0.5802019595070894,0.2,2.9010097975354467,0.0037196224827606137,True
1210,0.1325300518062871,0.2,0.6626502590314355,0.5075545735228786,False
1211,-0.17774047869573084,0.2,-0.8887023934786542,0.37416304441964554,False
1212,-0.10447435484486794,0.2,-0.5223717742243397,0.6014115045024457,False
1213,-0.05054095768086647,0.2,-0.25270478840433236,0.8004963473510405,False
1214,-0.0166382996004662,0.2,-0.083191498002331,0.9336992729178436,False
1215,0.7022361192135651,0.2,3.5111805960678253,0.00044612121156322826,True
1216,0.21415512732800826,0.2,1.0707756366400412,0.2842703241194858,False
1217,-0.07521227124916308,0.2,-0.3760613562458154,0.7068712824113724,False
1218,0.21334465455496496,0.2,1.0667232727748248,0.2860968147317047,False
1219,0.05328161711706009,0.2,0.26640808558530044,0.7899249387787667,False
1220,0.3039619570436943,0.2,1.5198097852184713,0.12855878909218332,False
1221,0.10231100530861323,0.2,0.5115550265430661,0.6089624677737571,False
1222,0.078955397759575,0.2,0.394776988797875,0.6930074787387499,False
1223,0.22971518425829995,0.2,1.1485759212914997,0.2507308905338899,False
1224,0.27889685742017867,0.2,1.3944842871008933,0.1631714111585596,False
1225,0.15272202691785852,0.2,0.7636101345892926,0.4450996079990143,False
1226,0.33221813730286553,0.2,1.6610906865143276,0.09669523469696271,False
1227,0.31261757025931164,0.2,1.563087851296558,0.11803193272326008,False
1228,0.12097925352709148,0.2,0.6048962676354573,0.5452479232655895,False
1229,0.29022290990994604,0.2,1.4511145495497302,0.14674796574335586,False
1230,-0.026105525975296306,0.2,-0.13052762987648153,0.8961489956531318,False
1231,0.2864383028441319,0.2,1.4321915142206594,0.15208901959694812,False
1232,0.5012533252089085,0.2,2.5062666260445425,0.012201357379521043,True
1233,0.03988941043501923,0.2,0.19944705217509615,0.8419130574271553,False
1234,0.19531241591297108,0.2,0.9765620795648553,0.3287860000720323,False
1235,-0.06682717543182953,0.2,-0.33413587715914767,0.7382770282838457,False
1236,0.008250939618789699,0.2,0.041254698093948494,0.9670928479834403,False
1237,0.016560738875960573,0.2,0.08280369437980287,0.9340076315280827,False
1238,0.159824942915602,0.2,0.79912471457801,0.4242181002813199,False
1239,0.2766372413405527,0.2,1.3831862067027634,0.16660777796061768,False
1240,0.10263817996881623,0.2,0.5131908998440812,0.6078177909705349,False
1241,0.3134449126745835,0.2,1.5672245633729176,0.11706221087968066,False
1242,0.30588585883176395,0.2,1.5294292941588197,0.12615805490661333,False
1243,-0.11798731384442035,0.2,-0.5899365692221017,0.5552331759706655,False
1244,0.019697707028740158,0.2,0.09848853514370079,0.9215443753286716,False
1245,0.5730279873901871,0.2,2.8651399369509356,0.004168249987836266,True
1246,0.514201097329686,0.2,2.57100548664843,0.010140372041289994,True
1247,0.4738759407248888,0.2,2.369379703624444,0.017817950376764626,True
1248,0.11152375423590118,0.2,0.5576187711795059,0.5771047357015457,False
1249,0.7319236088089438,0.2,3.659618044044719,0.0002525914660895706,True
1250,0.17576593483281092,0.2,0.8788296741640546,0.3794936342023083,False
1251,0.31394462528161265,0.2,1.569723126408063,0.11647953855050559,False
1252,0.28691739028428603,0.2,1.43458695142143,0.15140483511370867,False
1253,0.20819982768879663,0.2,1.0409991384439832,0.2978759480926792,False
1254,0.22312037600362084,0.2,1.115601880018104,0.26459258702724087,False
1255,0.09416915755031559,0.2,0.4708457877515779,0.6377508641174594,False
1256,0.4486987082980388,0.2,2.243493541490194,0.024865005876075,True
1257,0.4695808391499618,0.2,2.347904195749809,0.018879376630570138,True
1258,0.43248490044017407,0.2,2.1624245022008703,0.030585470636844594,True
1259,0.059014961778609515,0.2,0.29507480889304755,0.7679367329936246,False
1260,0.04100556051829393,0.2,0.20502780259146966,0.8375504030911323,False
1261,0.004379042379927867,0.2,0.021895211899639333,0.9825315442114241,False
1262,0.16502232681710344,0.2,0.8251116340855171,0.40930821524683825,False
1263,0.13121905350311458,0.2,0.6560952675155729,0.5117628292188995,False
1264,0.5829399376875288,0.2,2.914699688437644,0.003560309579710897,True
1265,0.2444840341861183,0.2,1.2224201709305915,0.22154877521542413,False
1266,0.0842047478305684,0.2,0.42102373915284197,0.6737377471864172,False
1267,0.1573639651913778,0.2,0.7868198259568889,0.43138734584010735,False
1268,0.3715221636874547,0.2,1.8576108184372735,0.06322430110728659,False
1269,0.08173516962054561,0.2,0.40867584810272806,0.6827775602506626,False
1270,0.3773769444626539,0.2,1.8868847223132694,0.059175832421839894,False
1271,0.41277658685827134,0.2,2.0638829342913567,0.0390288171850716,True
1272,0.35162252449082254,0.2,1.7581126224541126,0.07872834847714068,False
1273,0.33122184611855204,0.2,1.65610923059276,0.09769970038710954,False
1274,0.2491485181573917,0.2,1.2457425907869584,0.21285891203030743,False
1275,-0.07708496106631163,0.2,-0.38542480533155815,0.6999227074867496,False
1276,0.5194824726313796,0.2,2.5974123631568977,0.009392908552325045,True
1277,0.08960672235904324,0.2,0.44803361179521617,0.6541289390990419,False
1278,0.033671133344107956,0.2,0.16835566672053978,0.8663034830513221,False
1279,0.3399032309833164,0.2,1.6995161549165818,0.08922197332085609,False
1280,0.40523597449661564,0.2,2.026179872483078,0.04274635543936031,True
1281,0.32160700468052317,0.2,1.6080350234026157,0.10782750840894055,False
1282,0.3916203283378849,0.2,1.9581016416894244,0.050218087170429415,False
1283,0.1943373085351469,0.2,0.9716865426757345,0.3312065136488793,False
1284,-0.06695202274927825,0.2,-0.33476011374639125,0.7378060507731712,False
1285,0.42003250557015015,0.2,2.1001625278507507,0.03571454644663647,True
1286,0.6575461421288842,0.2,3.287730710644421,0.0010099839672682578,True
1287,-0.04877370693557345,0.2,-0.24386853467786726,0.8073326392300701,False
1288,-0.1563036088273061,0.2,-0.7815180441365305,0.43449786826256453,False
1289,0.24119751991346067,0.2,1.2059875995673033,0.22782227181156675,False
1290,0.08074220201906096,0.2,0.4037110100953048,0.6864252422927093,False
1291,0.2918922961451448,0.2,1.4594614807257238,0.14443813503266334,False
1292,0.3546997674121562,0.2,1.773498837060781,0.07614608442150489,False
1293,-0.003080971676568234,0.2,-0.015404858382841169,0.9877091874583269,False
1294,0.12111274871647566,0.2,0.6055637435823783,0.5448044842386354,False
1295,0.21286753621572232,0.2,1.0643376810786116,0.2871757538549171,False
1296,0.3506326678327193,0.2,1.7531633391635963,0.07957397387384747,False
1297,0.3797534979088149,0.2,1.8987674895440745,0.05759505347849566,False
1298,0.2558800901942741,0.2,1.2794004509713703,0.20075607513772306,False
1299,0.27527076436425024,0.2,1.3763538218212512,0.16871211726689378,False
1300,-0.21276104927198541,0.2,-1.063805246359927,0.28741693418348646,False
1301,0.21438186134475662,0.2,1.071909306723783,0.2837607696167287,False
1302,0.06596684397717115,0.2,0.3298342198858557,0.7415252292231673,False
1303,0.29202587419924736,0.2,1.4601293709962366,0.14425452186038687,False
1304,0.5657091158911854,0.2,2.828545579455927,0.004676004201658765,True
1305,0.4979439238825677,0.2,2.4897196194128384,0.012784390561988546,True
1306,0.23065280113163064,0.2,1.1532640056581531,0.24880203929658665,False
1307,0.12303888551842422,0.2,0.6151944275921211,0.5384263273872847,False
1308,0.3451653228870445,0.2,1.7258266144352223,0.08437861024403906,False
1309,0.21401542020627454,0.2,1.0700771010313725,0.2845846054371474,False
1310,0.340902949035789,0.2,1.7045147451789449,0.08828496371850139,False
1311,-0.029063430316488365,0.2,-0.14531715158244182,0.8844604734589131,False
1312,0.18287490791533736,0.2,0.9143745395766868,0.36052007542372216,False
1313,0.16496920762516412,0.2,0.8248460381258206,0.4094590054988883,False
1314,0.3422300455061761,0.2,1.7111502275308803,0.08705338405315881,False
1315,0.35976943354573687,0.2,1.7988471677286844,0.07204285976453492,False
1316,0.06894317198036581,0.2,0.34471585990182907,0.7303079936865758,False
1317,0.07538819037542724,0.2,0.37694095187713617,0.7062174870808636,False
1318,0.21978977202449032,0.2,1.0989488601224515,0.2717903729059813,False
1319,0.5678368912850047,0.2,2.8391844564250235,0.004522900337161727,True
1320,-0.128057025704297,0.2,-0.640285128521485,0.5219872472549888,False
1321,-0.027548613635546004,0.2,-0.13774306817773002,0.8904434803150899,False
1322,0.15577293222091554,0.2,0.7788646611045776,0.4360594429089231,False
1323,0.31968843567599303,0.2,1.5984421783799652,0.10994460405963215,False
1324,0.16328992443634943,0.2,0.8164496221817471,0.4142430255075819,False
1325,0.31836006137462797,0.2,1.5918003068731397,0.11142958119340861,False
1326,-0.0373912893260287,0.2,-0.1869564466301435,0.851694781330445,False
1327,0.24997884622541758,0.2,1.2498942311270878,0.21133818706368274,False
1328,0.42378779325649263,0.2,2.118938966282463,0.034095625313408116,True
1329,0.30812905968000837,0.2,1.5406452984000418,0.12340313680593645,False
1330,0.3134623767543927,0.2,1.5673118837719635,0.11704180898226484,False
1331,0.04032775442407388,0.2,0.2016387721203694,0.8401991319776744,False
1332,0.23847414969978378,0.2,1.1923707484989188,0.23311590472134452,False
1333,0.6969900952259809,0.2,3.4849504761299044,0.0004922281355617626,True
1334,0.15312527211963187,0.2,0.7656263605981593,0.44389865489339597,False
1335,0.43340895682576575,0.2,2.1670447841288287,0.030231439490289048,True
1336,0.4166664289779132,0.2,2.0833321448895656,0.037220958632760606,True
1337,0.3660478343899348,0.2,1.830239171949674,0.06721418267963453,False
1338,0.3212076710823109,0.2,1.6060383554115545,0.10826548283270156,False
1339,0.38733675522923283,0.2,1.9366837761461642,0.052784010144015424,False
1340,-0.08796370681381244,0.2,-0.4398185340690622,0.6600685428547561,False
1341,0.03911208812608047,0.2,0.19556044063040234,0.8449542261425984,False
1342,0.06126235005886396,0.2,0.3063117502943198,0.7593672934947253,False
1343,0.3574261898850246,0.2,1.787130949425123,0.07391632633293702,False
1344,0.31807357462707997,0.2,1.5903678731353998,0.11175190758759836,False
1345,0.08648057158529975,0.2,0.4324028579264987,0.6654486413379942,False
1346,0.007089752986570053,0.2,0.03544876493285026,0.9717219003316092,False
1347,-0.04752919046528348,0.2,-0.2376459523264174,0.8121557065158111,False
1348,0.3439927850955824,0.2,1.719963925477912,0.08543899919476237,False
1349,0.30469416548684347,0.2,1.5234708274342172,0.12764095383574459,False
1350,-0.0016014453954527885,0.2,-0.008007226977263943,0.9936112254901777,False
1351,0.18671108380964097,0.2,0.9335554190482048,0.35053327078799984,False
1352,0.144117418420233,0.2,0.720587092101165,0.4711635978804756,False
1353,0.08775957002154533,0.2,0.43879785010772665,0.6608080182433076,False
1354,0.11206865056374245,0.2,0.5603432528187122,0.5752453303471001,False
1355,0.3354148840469736,0.2,1.677074420234868,0.0935279301205445,False
1356,-0.18772201971978464,0.2,-0.9386100985989232,0.34793096600370466,False
1357,0.4055951610253453,0.2,2.0279758051267263,0.04256271742116756,True
1358,0.25484456382851306,0.2,1.2742228191425653,0.20258446029845495,False
1359,0.10553472854096445,0.2,0.5276736427048222,0.5977258700638906,False
1360,0.2112991157446558,0.2,1.0564955787232788,0.29074185972528016,False
1361,0.07191778424832238,0.2,0.35958892124161185,0.719154569718093,False
1362,0.13613239091350152,0.2,0.6806619545675076,0.4960854150146002,False
1363,-0.14489946705133677,0.2,-0.7244973352566838,0.4687604625372539,False
1364,0.29794299713788774,0.2,1.4897149856894387,0.13629919261508752,False
1365,0.20966616044343653,0.2,1.0483308022171827,0.2944862228347305,False
1366,-0.12713607725761827,0.2,-0.6356803862880913,0.5249847628688272,False
1367,0.19235408721596756,0.2,0.9617704360798377,0.33616493174269474,False
1368,0.11398444960774508,0.2,0.5699222480387254,0.5687304344221222,False
1369,0.009531234101021413,0.2,0.047656170505107065,0.9619902652564168,False
1370,0.5011734794420808,0.2,2.505867397210404,0.012215142055249243,True
1371,0.14703529250681668,0.2,0.7351764625340834,0.4622320318442344,False
1372,0.17824779570761307,0.2,0.8912389785380653,0.37280097742867085,False
1373,-0.22896543164365618,0.2,-1.1448271582182807,0.25228076286350787,False
1374,0.27688232848125577,0.2,1.3844116424062787,0.16623244605773316,False
1375,-0.020741878578417916,0.2,-0.10370939289208958,0.9173999724044113,False
1376,0.12151774073676652,0.2,0.6075887036838326,0.5434602948058179,False
1377,0.040632144971913864,0.2,0.20316072485956932,0.8390094096606162,False
1378,0.23212632447782428,0.2,1.1606316223891213,0.24579173981194277,False
1379,0.3990079662461828,0.2,1.9950398312309139,0.04603853581158645,True
1380,0.02079881522404442,0.2,0.1039940761202221,0.9171740496526415,False
1381,0.2522030918891591,0.2,1.2610154594457956,0.20730327735152923,False
1382,0.1278721843155106,0.2,0.6393609215775529,0.522588164894765,False
1383,0.09612751521162957,0.2,0.48063757605814783,0.630774104371999,False
1384,0.15563917855355008,0.2,0.7781958927677504,0.4364535377766514,False
1385,0.15256640545259242,0.2,0.7628320272629621,0.4455635779985132,False
1386,0.2413825624481643,0.2,1.2069128122408215,0.22746572296683398,False
1387,0.5210370413243238,0.2,2.605185206621619,0.009182460927089044,True
1388,0.20138842070695245,0.2,1.006942103534762,0.31396259737248583,False
1389,0.2355747954041582,0.2,1.1778739770207909,0.23884685093294902,False
1390,0.32194911881141663,0.2,1.609745594057083,0.10745340691373506,False
1391,0.14532838989496308,0.2,0.7266419494748153,0.46744532324174853,False
1392,0.7096600213779505,0.2,3.5483001068897524,0.0003877261735147705,True
1393,0.4061439036846482,0.2,2.0307195184232407,0.04228345521183214,True
1394,0.10063812628296055,0.2,0.5031906314148027,0.6148302509585688,False
1395,0.29883795491719034,0.2,1.4941897745859516,0.1351260244829929,False
1396,0.4249824751525553,0.2,2.124912375762776,0.03359392511665893,True
1397,-0.4876791295669794,0.2,-2.4383956478348967,0.014752617403245884,True
1398,0.20644185253081226,0.2,1.0322092626540613,0.30197409678712933,False
1399,0.2954817262343132,0.2,1.4774086311715657,0.13956613390670014,False
1400,0.15559919154999013,0.2,0.7779959577499507,0.4365713962368898,False
1401,-0.07159875238166113,0.2,-0.3579937619083057,0.7203479818815484,False
1402,0.1626468975883278,0.2,0.8132344879416389,0.4160836295955207,False
1403,0.23055491164100397,0.2,1.1527745582050197,0.24900292960434706,False
1404,0.2858514291025424,0.2,1.4292571455127119,0.1529303383350311,False
1405,0.11887507020390972,0.2,0.5943753510195485,0.5522610909235425,False
1406,-0.11299389978071356,0.2,-0.5649694989035677,0.572094510469124,False
1407,-0.24806607582864126,0.2,-1.2403303791432063,0.21485322033772333,False
1408,-0.08595409802471404,0.2,-0.4297704901235702,0.6673626011548459,False
1409,0.11515434618722145,0.2,0.5757717309361072,0.5647694835464618,False
1410,0.2293780983739298,0.2,1.146890491869649,0.25142688282775993,False
1411,0.3121000978944179,0.2,1.5605004894720893,0.11864165438966245,False
1412,0.4144866757671793,0.2,2.072433378835896,0.03822504320967439,True
1413,0.03621227212828548,0.2,0.18106136064142742,0.8563194130087841,False
1414,0.04112489719518475,0.2,0.20562448597592375,0.8370842491856867,False
1415,0.26837402082577877,0.2,1.3418701041288938,0.17963811667957608,False
1416,-0.025527711997101493,0.2,-0.12763855998550747,0.8984350142397346,False
1417,0.022210204199637096,0.2,0.11105102099818548,0.9115758879967248,False
1418,0.01813035544777869,0.2,0.09065177723889345,0.9277692889761152,False
1419,-0.018859027243871118,0.2,-0.09429513621935559,0.9248747134364194,False
1420,0.20310050693871384,0.2,1.015502534693569,0.30986633891862686,False
1421,0.1242799171136375,0.2,0.6213995855681875,0.5343367446689886,False
1422,0.31220946328219445,0.2,1.5610473164109722,0.11851258715761481,False
1423,0.5850249213931734,0.2,2.9251246069658667,0.003443183204397099,True
1424,-0.00940507171670607,0.2,-0.04702535858353035,0.9624930166551773,False
1425,0.20121155365443227,0.2,1.0060577682721612,0.31438778214545343,False
1426,0.45772584624824114,0.2,2.2886292312412055,0.022100904007845402,True
1427,0.23437760321543485,0.2,1.1718880160771743,0.24124201904654122,False
1428,0.48693471990985215,0.2,2.4346735995492605,0.014905228131718302,True
1429,0.1618552706906955,0.2,0.8092763534534775,0.41835620464320267,False
1430,0.22404014954486473,0.2,1.1202007477243237,0.2626282254096428,False
1431,0.23417334973659185,0.2,1.1708667486829591,0.24165234253951934,False
1432,0.3325593840051232,0.2,1.6627969200256159,0.09635309338190062,False
1433,-0.03022024875644852,0.2,-0.1511012437822426,0.8798958513703861,False
1434,0.12817321477271393,0.2,0.6408660738635696,0.5216096996126933,False
1435,0.13296601859018126,0.2,0.6648300929509062,0.5061591726805781,False
1436,0.5536944468383083,0.2,2.7684722341915413,0.005631978432252554,True
1437,0.010800548448643782,0.2,0.05400274224321891,0.956932979437626,False
1438,0.21381002191935064,0.2,1.069050109596753,0.28504709055114097,False
1439,0.15211494842298026,0.2,0.7605747421149013,0.4469111107978361,False
1440,0.33447271265140366,0.2,1.6723635632570182,0.0944526525206592,False
1441,0.338129644131381,0.2,1.6906482206569051,0.09090400913239874,False
1442,0.25080272880519117,0.2,1.2540136440259557,0.20983704623639407,False
1443,0.1127800495683719,0.2,0.5639002478418594,0.5728220213764404,False
1444,0.5992634285956653,0.2,2.9963171429783264,0.002732620716193401,True
1445,-0.07135216512927978,0.2,-0.3567608256463989,0.7212708654993906,False
1446,0.3064782792095938,0.2,1.532391396047969,0.12542587937008137,False
1447,0.07677132981908433,0.2,0.3838566490954216,0.7010846984399914,False
1448,0.05742856397645338,0.2,0.28714281988226686,0.7740029664969736,False
1449,0.6740274566843751,0.2,3.3701372834218755,0.0007513074347684331,True
1450,0.5557768075435265,0.2,2.7788840377176327,0.005454599363311106,True
1451,0.4883170676180696,0.2,2.4415853380903476,0.014622931806210068,True
1452,-0.021712095048638608,0.2,-0.10856047524319304,0.9135511115945487,False
1453,0.23815187450459105,0.2,1.1907593725229553,0.23374806235443563,False
1454,0.16558623758375016,0.2,0.8279311879187508,0.4077094711552796,False
1455,0.16280823379922485,0.2,0.8140411689961242,0.415621366709462,False
1456,0.328856670437803,0.2,1.6442833521890148,0.10011768648667703,False
1457,0.21905827391370306,0.2,1.0952913695685151,0.2733890072965901,False
1458,-0.04035787831613852,0.2,-0.2017893915806926,0.840081375247625,False
1459,0.3678133318720453,0.2,1.8390666593602263,0.065905382150173,False
1460,0.10854841862866899,0.2,0.5427420931433449,0.5873073880175694,False
1461,0.4836548689641392,0.2,2.418274344820696,0.015594314500650049,True
1462,0.4713507414168461,0.2,2.35675370708423,0.018435469572237857,True
1463,0.15563412201094406,0.2,0.7781706100547203,0.436468440514491,False
1464,0.32245040723425394,0.2,1.6122520361712696,0.10690710596287101,False
1465,0.3401540481836962,0.2,1.700770240918481,0.08898613944874294,False
1466,0.39034964053890375,0.2,1.9517482026945188,0.050968106655933015,False
1467,0.22389989952174488,0.2,1.1194994976087242,0.262927105101972,False
1468,0.4344442372492525,0.2,2.1722211862462624,0.029838983398380106,True
1469,0.04847753932903359,0.2,0.24238769664516796,0.8084797668394963,False
1470,0.17063572011557512,0.2,0.8531786005778755,0.39356026855484555,False
1471,0.4646505826842824,0.2,2.323252913421412,0.020165569729289613,True
1472,0.35872082612498735,0.2,1.7936041306249366,0.07287637677917438,False
1473,0.2355313087030221,0.2,1.1776565435151105,0.2389335580723777,False
1474,0.23991208310580772,0.2,1.1995604155290385,0.23031010782246633,False
1475,0.5308394781346457,0.2,2.6541973906732284,0.007949730797987713,True
1476,0.23762274500380942,0.2,1.188113725019047,0.23478860770876955,False
1477,0.32169704455036563,0.2,1.608485222751828,0.1077289500517104,False
1478,0.23832483788640882,0.2,1.191624189432044,0.2334086358134004,False
1479,0.3559248442609386,0.2,1.779624221304693,0.07513747953764473,False
1480,0.03497907040057696,0.2,0.1748953520028848,0.8611618625496368,False
1481,0.29849083814961486,0.2,1.4924541907480742,0.1355801177775425,False
1482,-0.003109383707831981,0.2,-0.015546918539159904,0.9875958534257303,False
1483,0.3515839599711551,0.2,1.7579197998557754,0.07876115635738394,False
1484,0.15656371070776348,0.2,0.7828185535388174,0.43373367072653907,False
1485,0.24203286986653502,0.2,1.210164349332675,0.22621583498159056,False
1486,0.1531353586326582,0.2,0.765676793163291,0.4438686387731551,False
1487,0.37702292577356505,0.2,1.885114628867825,0.059414363405215095,False
1488,0.3530126138678979,0.2,1.7650630693394893,0.07755316654798586,False
1489,0.4263589655090545,0.2,2.1317948275452725,0.0330237170528127,True
1490,0.34492746198700375,0.2,1.7246373099350187,0.08459285521057756,False
1491,0.2142729219761677,0.2,1.0713646098808385,0.28400551909565647,False
1492,0.01509979561115471,0.2,0.07549897805577355,0.9398177106111314,False
1493,-0.06580164349257955,0.2,-0.32900821746289777,0.7421494768697963,False
1494,-0.35570871795285713,0.2,-1.7785435897642856,0.07531461945079412,False
1495,0.31388072002971446,0.2,1.5694036001485723,0.11655392572474166,False
1496,0.7641661220878577,0.2,3.8208306104392884,0.00013300298117054014,True
1497,0.2568461286885504,0.2,1.284230643442752,0.19906126615493686,False
1498,0.2422593553925042,0.2,1.211296776962521,0.2257816835576713,False
1499,0.09379021347491519,0.2,0.4689510673745759,0.6391046127835992,False
1500,0.03722301475501111,0.2,0.18611507377505554,0.8523545212743605,False
1501,0.07605854313165124,0.2,0.3802927156582562,0.70372814213463,False
1502,0.3145394580452475,0.2,1.5726972902262375,0.11578892760212452,False
1503,0.08085761722064572,0.2,0.4042880861032286,0.686000885410022,False
1504,0.15934468632870158,0.2,0.7967234316435079,0.4256116723682056,False
1505,-0.17856225035128104,0.2,-0.8928112517564052,0.3719582597643053,False
1506,0.3077916551176354,0.2,1.538958275588177,0.12381448277855481,False
1507,0.2058148957991715,0.2,1.0290744789958575,0.3034446777021885,False
1508,0.32624261638290186,0.2,1.6312130819145092,0.10284536590124124,False
1509,0.15517653268804307,0.2,0.7758826634402153,0.43781826976621857,False
1510,0.7187704092224396,0.2,3.593852046112198,0.0003258249012544825,True
1511,0.024326923528135064,0.2,0.12163461764067532,0.9031883961224136,False
1512,0.19570154853282926,0.2,0.9785077426641462,0.3278232638012643,False
1513,0.05253140267409537,0.2,0.2626570133704768,0.7928149520386503,False
1514,0.3218281656792765,0.2,1.6091408283963826,0.1075855514099038,False
1515,0.2363868309962065,0.2,1.1819341549810325,0.23723182838287413,False
1516,-0.31100040827157466,0.2,-1.5550020413578731,0.11994558315389194,False
1517,0.009237302521256652,0.2,0.04618651260628326,0.9631615923841977,False
1518,-0.03730113093354365,0.2,-0.18650565466771823,0.85204824487362,False
1519,0.09039329217721237,0.2,0.45196646088606185,0.6512931443298321,False
1520,-0.3298566039851813,0.2,-1.6492830199259063,0.09908966665639747,False
1521,0.634927491558225,0.2,3.174637457791125,0.0015002381460140638,True
1522,-0.09996243456547405,0.2,-0.4998121728273702,0.6172073385314694,False
1523,0.14747638892695125,0.2,0.7373819446347563,0.46089011221695936,False
1524,0.0870533712882422,0.2,0.435266856441211,0.6633687393764096,False
1525,0.27458423611341953,0.2,1.3729211805670976,0.16977685122575573,False
1526,0.299744653923002,0.2,1.49872326961501,0.13394543742793294,False
1527,0.3405321950326853,0.2,1.7026609751634263,0.08863153198334826,False
1528,0.12137026269305667,0.2,0.6068513134652833,0.5439495908847207,False
1529,0.15293780842400817,0.2,0.7646890421200409,0.44445673281325826,False
1530,0.18271918439087512,0.2,0.9135959219543756,0.36092921002910705,False
1531,0.192377547761737,0.2,0.9618877388086849,0.3361059982792208,False
1532,0.15464235529001147,0.2,0.7732117764500573,0.4393970577499626,False
1533,0.3931648927213612,0.2,1.9658244636068058,0.04931889090343863,True
1534,-0.02783834268800392,0.2,-0.1391917134400196,0.8892986564789568,False
1535,0.16975209373445171,0.2,0.8487604686722585,0.39601459118684484,False
1536,0.36186857008598655,0.2,1.8093428504299327,0.07039775577629684,False
1537,0.07364117669478798,0.2,0.3682058834739399,0.7127197236687,False
1538,0.7950290544013372,0.2,3.975145272006686,7.033630896854695e-05,True
1539,0.006219928193702845,0.2,0.031099640968514225,0.97519007599792,False
1540,0.09581105212396213,0.2,0.47905526061981063,0.6318993164324249,False
1541,0.2339212517882159,0.2,1.1696062589410794,0.24215945740793185,False
1542,-0.03599712275008221,0.2,-0.17998561375041106,0.8571638623245967,False
1543,0.38649400231138165,0.2,1.9324700115569082,0.05330151997711431,False
1544,0.4707089365999262,0.2,2.353544682999631,0.018595372811743022,True
1545,0.32120174562184284,0.2,1.6060087281092141,0.10827199224484528,False
1546,0.32852702432874975,0.2,1.6426351216437487,0.10045844951457274,False
1547,0.38239076450895715,0.2,1.9119538225447856,0.05588211722728932,False
1548,0.49608610143700177,0.2,2.480430507185009,0.013122384001346677,True
1549,0.09383347192822754,0.2,0.46916735964113765,0.6389500143580662,False
1550,0.1268676848421288,0.2,0.6343384242106439,0.5258599854120183,False
1551,0.00772954611061355,0.2,0.03864773055306775,0.9691712472186937,False
1552,0.19655381325334195,0.2,0.9827690662667097,0.3257211096715539,False
1553,0.23400267256197926,0.2,1.1700133628098963,0.2419955913274338,False
1554,-0.03449529936034729,0.2,-0.17247649680173643,0.8630629372948421,False
1555,0.29583368935029464,0.2,1.4791684467514732,0.1390953003746072,False
1556,0.012301300842349733,0.2,0.061506504211748664,0.9509558346037403,False
1557,-0.10545181969717249,0.2,-0.5272590984858624,0.5980136735494015,False
1558,0.21973164728780256,0.2,1.0986582364390127,0.2719171655813948,False
1559,0.5443818943400488,0.2,2.721909471700244,0.006490592003322523,True
1560,0.24075567728289954,0.2,1.2037783864144975,0.22867524568456887,False
1561,-0.003975090881540799,0.2,-0.019875454407703996,0.9841427258222746,False
1562,0.01001330427222813,0.2,0.05006652136114065,0.9600693783484441,False
1563,0.13293598953323052,0.2,0.6646799476661526,0.5062552220590855,False
1564,0.2776370603979562,0.2,1.388185301989781,0.1650806267376797,False
1565,0.31219003593371786,0.2,1.5609501796685892,0.11853550623880389,False
1566,0.06922042418674748,0.2,0.3461021209337374,0.7292659695474076,False
1567,0.3109372652091679,0.2,1.5546863260458395,0.12002079278768366,False
1568,0.19626644438407664,0.2,0.9813322219203832,0.3264289379163959,False
1569,0.36766421700473206,0.2,1.8383210850236602,0.06601510591380341,False
1570,0.19911451627059334,0.2,0.9955725813529667,0.31945786236177204,False
1571,0.09766963543794843,0.2,0.48834817718974216,0.6253032421568206,False
1572,0.4508741628008131,0.2,2.2543708140040652,0.02417284979448629,True
1573,-0.0019656409021169274,0.2,-0.009828204510584637,0.9921583536029424,False
1574,0.0355024641461113,0.2,0.1775123207305565,0.8591059883707616,False
1575,0.4122997556600907,0.2,2.0614987783004532,0.039255479903884644,True
1576,0.5527813004518951,0.2,2.7639065022594753,0.005711390213073655,True
1577,0.14233721036775693,0.2,0.7116860518387846,0.4766592068140376,False
1578,0.3475443976833768,0.2,1.737721988416884,0.08225981234056993,False
1579,0.1072522617915384,0.2,0.536261308957692,0.5917779668069505,False
1580,0.07107716920215548,0.2,0.3553858460107774,0.7223005509716579,False
1581,0.40668477148383797,0.2,2.03342385741919,0.042009719050909514,True
1582,0.6430983335524424,0.2,3.215491667762212,0.001302212751276093,True
1583,0.06858348459171021,0.2,0.34291742295855104,0.731660584007011,False
1584,-0.012563009749052167,0.2,-0.06281504874526084,0.949913782368727,False
1585,0.028543840218309302,0.2,0.1427192010915465,0.8865119516781551,False
1586,0.02683173254446622,0.2,0.1341586627223311,0.8932771127117498,False
1587,0.10268098372072088,0.2,0.5134049186036044,0.6076681056920246,False
1588,0.13680600182111674,0.2,0.6840300091055836,0.49395621641508375,False
1589,0.16588514985275737,0.2,0.8294257492637869,0.4068635360540899,False
1590,-0.339289725891551,0.2,-1.6964486294577548,0.08980095090362976,False
1591,0.5269930838129249,0.2,2.634965419064624,0.008414585539613413,True
1592,0.26896827673807355,0.2,1.3448413836903677,0.17867646280923558,False
1593,-0.10857580635715058,0.2,-0.5428790317857529,0.5872130937919782,False
1594,0.19365626727054655,0.2,0.9682813363527327,0.33290388319892983,False
1595,0.2955962277402852,0.2,1.477981138701426,0.13941282675062797,False
1596,0.39540214205484947,0.2,1.9770107102742474,0.04804041957005598,True
1597,-0.11606760351247225,0.2,-0.5803380175623613,0.5616866946590102,False
1598,0.15887494338457336,0.2,0.7943747169228668,0.42697731846731285,False
1599,0.041626659790658216,0.2,0.20813329895329108,0.8351248876322233,False
1600,0.1336765182762888,0.2,0.668382591381444,0.5038894049914442,False
1601,0.10082589916257101,0.2,0.504129495812855,0.6141703808913,False
1602,0.0399382277121354,0.2,0.199691138560677,0.8417221445974368,False
1603,0.4140511656730054,0.2,2.0702558283650268,0.03842839368113931,True
1604,0.17442467399264022,0.2,0.8721233699632011,0.38314107820434995,False
1605,0.07948047947332691,0.2,0.3974023973666345,0.6910707479098164,False
1606,0.117497899827262,0.2,0.58748949913631,0.5568750009108682,False
1607,0.28365550573310927,0.2,1.4182775286655462,0.156109754650541,False
1608,0.2450227134120107,0.2,1.2251135670600535,0.2205324341146438,False
1609,0.3311643268509046,0.2,1.655821634254523,0.09775794524373647,False
1610,0.11158187805404202,0.2,0.55790939027021,0.5769062590034815,False
1611,0.07480220427083217,0.2,0.37401102135416087,0.7083961164346891,False
1612,0.16842677448945986,0.2,0.8421338724472993,0.39971302319727503,False
1613,0.6865881305912707,0.2,3.4329406529563533,0.0005970727743160637,True
1614,0.45628732258126153,0.2,2.2814366129063077,0.022522623577876006,True
1615,0.2684288289540051,0.2,1.3421441447700255,0.17954926277409636,False
1616,0.057146745213544875,0.2,0.28573372606772435,0.775082071441389,False
1617,-0.1312474932377834,0.2,-0.656237466188917,0.5116713458967388,False
1618,0.6159290882334338,0.2,3.079645441167169,0.0020724715343272446,True
1619,0.2631787886127123,0.2,1.3158939430635614,0.1882096419885362,False
1620,0.12488542082449232,0.2,0.6244271041224616,0.5323471295329711,False
1621,0.14985030199855728,0.2,0.7492515099927863,0.45370562798415287,False
1622,0.3206605287208681,0.2,1.6033026436043403,0.10886785313245287,False
1623,0.09626565439025812,0.2,0.4813282719512906,0.6302832065640773,False
1624,0.30288311640253723,0.2,1.5144155820126861,0.12992046969553792,False
1625,0.24768608099229203,0.2,1.23843040496146,0.21555651251923522,False
1626,0.11076133672496583,0.2,0.5538066836248291,0.5797111537013566,False
1627,0.21628728304244646,0.2,1.0814364152122322,0.2795030305457672,False
1628,0.3915895055590855,0.2,1.9579475277954275,0.050236170136849355,False
1629,0.1664048685006675,0.2,0.8320243425033375,0.4053952045188728,False
1630,0.07830754534726313,0.2,0.3915377267363156,0.6953998079789386,False
1631,0.16064189720149685,0.2,0.8032094860074842,0.4218536635849807,False
1632,0.4584676735373425,0.2,2.2923383676867126,0.021886125472691854,True
1633,0.34637864405222957,0.2,1.7318932202611477,0.08329257609353774,False
1634,0.19781151982095715,0.2,0.9890575991047857,0.322634961268571,False
1635,-0.18994264892891277,0.2,-0.9497132446445639,0.34225797805323055,False
1636,0.33044745423397226,0.2,1.6522372711698612,0.0984861912686508,False
1637,0.09260066204578757,0.2,0.4630033102289378,0.6433619943748164,False
1638,0.02953431309091445,0.2,0.14767156545457225,0.8826019730463804,False
1639,0.01803143693508391,0.2,0.09015718467541955,0.9281623073924589,False
1640,0.1327165778465847,0.2,0.6635828892329234,0.5069573116891896,False
1641,0.23168427004341216,0.2,1.1584213502170608,0.2466921305504181,False
1642,0.15427884842453665,0.2,0.7713942421226833,0.44047328693910404,False
1643,0.26405455984680787,0.2,1.3202727992340393,0.18674395379069778,False
1644,-0.11571749327651298,0.2,-0.5785874663825649,0.5628675637983416,False
1645,0.13837681680712027,0.2,0.6918840840356013,0.48901012653572007,False
1646,0.35211796715575683,0.2,1.7605898357787841,0.0783078502104495,False
1647,0.07886899421508131,0.2,0.39434497107540656,0.6933263655030686,False
1648,0.6359690633442351,0.2,3.1798453167211753,0.0014735368633232867,True
1649,0.21408002832453557,0.2,1.0704001416226778,0.284439235573321,False
1650,0.11396269030812615,0.2,0.5698134515406308,0.5688042310554119,False
1651,0.30020791823380305,0.2,1.501039591169015,0.13334532174387007,False
1652,0.07987024902813684,0.2,0.3993512451406842,0.6896344128367522,False
1653,0.056174872093055106,0.2,0.28087436046527553,0.778806766730415,False
1654,-0.03226130476756617,0.2,-0.16130652383783084,0.8718519852692997,False
1655,0.36178637055744245,0.2,1.8089318527872122,0.07046159112959864,False
1656,0.2782944118720273,0.2,1.3914720593601364,0.1640823266283094,False
1657,0.0009281337179685156,0.2,0.004640668589842578,0.996297295470487,False
1658,0.1328190496199912,0.2,0.6640952480999559,0.5066293513190362,False
1659,0.04300125194440746,0.2,0.2150062597220373,0.8297624381397362,False
1660,0.1555420061616782,0.2,0.777710030808391,0.43673997740349807,False
1661,0.20797262245476653,0.2,1.0398631122738327,0.2984035024064815,False
1662,0.24322811302112052,0.2,1.2161405651056025,0.22393138003406315,False
1663,0.24235836264180452,0.2,1.2117918132090226,0.22559208293995772,False
1664,0.1978815016282468,0.2,0.989407508141234,0.32246380254234475,False
1665,0.31635627642588027,0.2,1.5817813821294013,0.11369948665254513,False
1666,0.5961405987527844,0.2,2.980702993763922,0.002875875647855534,True
1667,0.24063642065836086,0.2,1.2031821032918042,0.22890585889570608,False
1668,0.28535512540276714,0.2,1.4267756270138356,0.15364457863764433,False
1669,0.5458650135152627,0.2,2.7293250675763137,0.006346411034290384,True
1670,0.033574731155618986,0.2,0.16787365577809493,0.8666826756243322,False
1671,0.43137122129401345,0.2,2.1568561064700673,0.031016877883115433,True
1672,0.17989056115880747,0.2,0.8994528057940373,0.3684115230093074,False
1673,0.25253883188237564,0.2,1.2626941594118781,0.20669911383744263,False
1674,-0.11940690623790778,0.2,-0.5970345311895389,0.5504843262037469,False
1675,0.3049067033045472,0.2,1.524533516522736,0.12737549089445216,False
1676,0.54729760401385,0.2,2.73648802006925,0.0062098856009522455,True
1677,0.04918062815087082,0.2,0.2459031407543541,0.8057572125014189,False
1678,0.540047897543195,0.2,2.700239487715975,0.0069289578477796975,True
1679,-0.01098085380695829,0.2,-0.05490426903479145,0.9562147308133049,False
1680,0.0558061420781579,0.2,0.27903071039078947,0.7802212568809616,False
1681,0.12808991530128375,0.2,0.6404495765064186,0.5218803607262372,False
1682,-0.1800891966385898,0.2,-0.900445983192949,0.36788295922848135,False
1683,0.1967369599702585,0.2,0.9836847998512924,0.325270515757725,False
1684,0.1547508091596168,0.2,0.773754045798084,0.43907625271669337,False
1685,0.2668418540607477,0.2,1.3342092703037383,0.18213528223300268,False
1686,0.3132372479023051,0.2,1.5661862395115256,0.1173050232060546,False
1687,0.5886664760483395,0.2,2.9433323802416975,0.0032469960215278214,True
1688,0.14501206932980512,0.2,0.7250603466490255,0.46841500963373267,False
1689,0.3258464381261673,0.2,1.6292321906308365,0.10326387480375511,False
1690,0.07169914474808173,0.2,0.3584957237404086,0.7199723674852295,False
1691,0.1680622989462392,0.2,0.8403114947311959,0.40073375813096584,False
1692,0.2980206341194883,0.2,1.4901031705974415,0.1361971106655482,False
1693,-0.07084202087443053,0.2,-0.35421010437215267,0.7231814316736112,False
1694,-0.09631335344536418,0.2,-0.4815667672268209,0.6301137388740216,False
1695,0.24746052697528853,0.2,1.2373026348764427,0.21597475003929043,False
1696,0.031892133100839076,0.2,0.15946066550419538,0.8733059461165189,False
1697,0.34397741377001745,0.2,1.7198870688500871,0.0854529715185381,False
1698,0.4217545170986415,0.2,2.1087725854932073,0.03496421601721495,True
1699,0.21974962326841174,0.2,1.0987481163420587,0.2718779486459116,False
1700,0.2935741097791572,0.2,1.467870548895786,0.14213938944113366,False
1701,0.0009855384431366743,0.2,0.004927692215683371,0.9960682863724679,False
1702,0.3046128501003138,0.2,1.523064250501569,0.1277426317207433,False
1703,-0.20068688451667133,0.2,-1.0034344225833565,0.3156513025229483,False
1704,0.1920152901603998,0.2,0.960076450801999,0.337016739522248,False
1705,0.3784443465336408,0.2,1.8922217326682038,0.0584614439341677,False
1706,0.13652309202373308,0.2,0.6826154601186654,0.4948498623450232,False
1707,0.5685150255848908,0.2,2.8425751279244538,0.00447506826880141,True
1708,0.4043185731038614,0.2,2.021592865519307,0.043218429724573945,True
1709,-0.09793291655197023,0.2,-0.48966458275985114,0.6243712678738105,False
1710,0.29847594973032004,0.2,1.4923797486516002,0.13559962092843145,False
1711,0.310715523097153,0.2,1.553577615485765,0.12028520216930651,False
1712,0.14819375949067454,0.2,0.7409687974533726,0.4587123595563779,False
1713,0.4244136198758706,0.2,2.122068099379353,0.0338320197950996,True
1714,0.12183221630372934,0.2,0.6091610815186467,0.5424176739513112,False
1715,0.3256104864337438,0.2,1.6280524321687189,0.10351376856120412,False
1716,0.1905999371278135,0.2,0.9529996856390675,0.34059022997980415,False
1717,0.3999586863279187,0.2,1.9997934316395933,0.04552257415533485,True
1718,0.22196551025860667,0.2,1.1098275512930333,0.2670733445606157,False
1719,0.0107185484591249,0.2,0.053592742295624496,0.9572596390126709,False
1720,0.23796343818664153,0.2,1.1898171909332076,0.23411825131977232,False
1721,0.5652349971485735,0.2,2.8261749857428673,0.004710752232911572,True
1722,0.18525514966627227,0.2,0.9262757483313613,0.3543026958345566,False
1723,0.26572020955877895,0.2,1.3286010477938948,0.18397962619350236,False
1724,0.12212208545337701,0.2,0.610610427266885,0.5414575179226042,False
1725,0.5311967998205345,0.2,2.655983999102672,0.007907736639612894,True
1726,0.36952247373516073,0.2,1.8476123686758035,0.06465843911467116,False
1727,-0.23102414880885863,0.2,-1.155120744044293,0.24804098451044235,False
1728,-0.2260642879094813,0.2,-1.1303214395474064,0.2583408037412799,False
1729,0.18320224083538444,0.2,0.9160112041769222,0.35966101840105724,False
1730,0.40436103311505756,0.2,2.0218051655752878,0.04319648392339834,True
1731,-0.06242047450453719,0.2,-0.31210237252268597,0.7549627235213452,False
1732,-0.07000178028207027,0.2,-0.35000890141035135,0.7263320173225517,False
1733,0.1916788110940686,0.2,0.958394055470343,0.3378640916572674,False
1734,0.017542247172984055,0.2,0.08771123586492027,0.9301061891159763,False
1735,0.48164375001943993,0.2,2.4082187500971997,0.016030572569092565,True
1736,0.2836198875471609,0.2,1.4180994377358043,0.156161735409124,False
1737,0.36484011917657144,0.2,1.824200595882857,0.06812175155703157,False
1738,0.02634094004845261,0.2,0.13170470024226305,0.8952178676518903,False
1739,0.10841077659820043,0.2,0.5420538829910021,0.5877813869597355,False
1740,0.3141499486357586,0.2,1.5707497431787931,0.11624078986650126,False
1741,0.19436550871613922,0.2,0.9718275435806961,0.33113635079104053,False
1742,0.4892388390916094,0.2,2.446194195458047,0.014437321435007588,True
1743,0.39102472780671504,0.2,1.9551236390335751,0.05056847873509793,False
1744,0.5041218656767886,0.2,2.520609328383943,0.011715183889752364,True
1745,0.16573589804258212,0.2,0.8286794902129105,0.40728579439545726,False
1746,-0.008312038415600742,0.2,-0.04156019207800371,0.9668493079246422,False
1747,0.05249722668349871,0.2,0.26248613341749355,0.7929466746142972,False
1748,0.013555511404297976,0.2,0.06777755702148988,0.9459627095733373,False
1749,-0.12954962735929004,0.2,-0.6477481367964502,0.5171478645874366,False
1750,0.33584868116886507,0.2,1.6792434058443253,0.09310461570130471,False
1751,0.059776022682884594,0.2,0.29888011341442294,0.7650315211512382,False
1752,0.10441547620112085,0.2,0.5220773810056042,0.601616454440028,False
1753,0.1646473570562065,0.2,0.8232367852810325,0.41037335397832986,False
1754,-0.10110667868729334,0.2,-0.5055333934364666,0.6131842502355829,False
1755,0.2622713817134201,0.2,1.3113569085671006,0.1897372100890385,False
1756,-0.018580209402625558,0.2,-0.09290104701312779,0.9259821739503765,False
1757,0.1817485906445284,0.2,0.9087429532226419,0.36348582533125157,False
1758,0.27681462892068254,0.2,1.3840731446034127,0.1663360590522105,False
1759,0.5035854076137534,0.2,2.5179270380687666,0.011804777182946565,True
1760,0.481716312505993,0.2,2.4085815625299647,0.016014647428914734,True
1761,0.1470416918916535,0.2,0.7352084594582675,0.4622125478280047,False
1762,0.6481605977629479,0.2,3.2408029888147394,0.0011919352892590005,True
1763,0.10578876177942509,0.2,0.5289438088971254,0.5968444303800937,False
1764,0.6207940251125752,0.2,3.103970125562876,0.0019094261003499012,True
1765,-0.18397912196102034,0.2,-0.9198956098051017,0.35762731330408476,False
1766,0.08284305584641301,0.2,0.414215279232065,0.6787164529500658,False
1767,0.01744803322680777,0.2,0.08724016613403884,0.9304806130881091,False
1768,0.607224696989616,0.2,3.03612348494808,0.0023964119809024996,True
1769,0.42277237183585903,0.2,2.113861859179295,0.03452706768204323,True
1770,0.27588097070233797,0.2,1.3794048535116898,0.1677699636534728,False
1771,0.11199515570237195,0.2,0.5599757785118598,0.5754959590831498,False
1772,0.3126606059052591,0.2,1.5633030295262955,0.11798133607582277,False
1773,0.33587409719948536,0.2,1.6793704859974268,0.09307986161067228,False
1774,0.3512179448883257,0.2,1.7560897244416285,0.07907308939021183,False
1775,-0.07982576945284875,0.2,-0.39912884726424375,0.6897982675847327,False
1776,0.37358005281281365,0.2,1.867900264064068,0.061775974084516946,False
1777,0.1373100936558569,0.2,0.6865504682792845,0.4923660506778504,False
1778,0.31962206371775276,0.2,1.5981103185887637,0.11001842760586107,False
1779,0.40492359627962216,0.2,2.0246179813981104,0.0429066064105253,True
1780,0.047914514694474525,0.2,0.23957257347237262,0.8106616288382092,False
1781,0.13291120123900035,0.2,0.6645560061950018,0.506334515829368,False
1782,0.29758530074717315,0.2,1.4879265037358658,0.13677027720435825,False
1783,-0.2033957303031338,0.2,-1.016978651515669,0.3091635853213829,False
1784,0.17638512145845897,0.2,0.8819256072922949,0.3778170382508841,False
1785,0.5219442491899412,0.2,2.609721245949706,0.009061602846355751,True
1786,0.2126341824067844,0.2,1.0631709120339219,0.2877044509985737,False
1787,0.031205528321944398,0.2,0.156027641609722,0.8760112331914883,False
1788,0.23188374325433667,0.2,1.1594187162716834,0.2462855513688943,False
1789,0.27167758522919194,0.2,1.3583879261459597,0.17434062339777642,False
1790,0.07279964749385223,0.2,0.36399823746926113,0.7158593255319606,False
1791,0.42740316119740135,0.2,2.137015805987007,0.03259670605796938,True
1792,0.3258231225624918,0.2,1.6291156128124589,0.10328854667715856,False
1793,0.26051978685069943,0.2,1.3025989342534972,0.19271172182334093,False
1794,0.41647715014626546,0.2,2.0823857507313273,0.03730724893453559,True
1795,0.25334431939735985,0.2,1.266721596986799,0.20525485484770328,False
1796,0.1123720309131705,0.2,0.5618601545658525,0.5742113032817605,False
1797,0.3466310062960982,0.2,1.733155031480491,0.08306811726462551,False
1798,0.019951577687737226,0.2,0.09975788843868613,0.9205365413730141,False
1799,0.5205877672048738,0.2,2.602938836024369,0.009242844161011945,True
1800,0.06240180923844593,0.2,0.31200904619222963,0.7550336484195199,False
1801,0.4056418803454624,0.2,2.028209401727312,0.042538880765523854,True
1802,0.015080155648355686,0.2,0.07540077824177843,0.9398958400267294,False
1803,0.4256221742438941,0.2,2.1281108712194703,0.033327892182245404,True
1804,0.17794792931222586,0.2,0.8897396465611292,0.37360570030027,False
1805,0.09002480762178162,0.2,0.4501240381089081,0.6526210049068464,False
1806,0.498885261611387,0.2,2.494426308056935,0.012616092006151748,True
1807,0.182731923583022,0.2,0.91365961791511,0.3608957292356044,False
1808,-0.15849153838370705,0.2,-0.7924576919185352,0.42809385159330465,False
1809,0.004251745081476271,0.2,0.021258725407381357,0.9830392687448981,False
1810,0.32499072719241806,0.2,1.6249536359620902,0.10417243829120278,False
1811,0.37544114222435293,0.2,1.8772057111217646,0.06048990508509493,False
1812,0.3100301661988156,0.2,1.5501508309940781,0.12110531808199394,False
1813,0.017864110632185903,0.2,0.08932055316092952,0.9288271602931039,False
1814,0.1616504834415068,0.2,0.8082524172075339,0.4189452883324677,False
1815,0.20007821363184414,0.2,1.0003910681592205,0.3171212907768919,False
1816,0.23416103807859565,0.2,1.1708051903929781,0.2416770910361291,False
1817,0.2699608650053827,0.2,1.3498043250269134,0.1770787571718281,False
1818,-0.33922654802056734,0.2,-1.6961327401028365,0.0898607445627845,False
1819,0.34343756270849385,0.2,1.7171878135424692,0.08594486144950816,False
1820,-0.3568866402325756,0.2,-1.7844332011628778,0.07435330012811671,False
1821,0.2684831334064488,0.2,1.342415667032244,0.17946125764393567,False
1822,0.5111751560908532,0.2,2.5558757804542656,0.010592092362770455,True
1823,0.16160624749109823,0.2,0.8080312374554911,0.4190725999507937,False
1824,0.2566143622994067,0.2,1.2830718114970334,0.1994669184108896,False
1825,0.11331424149717287,0.2,0.5665712074858643,0.5710055413877153,False
1826,0.05961652523267763,0.2,0.29808262616338815,0.7656401014755585,False
1827,0.5122004744831967,0.2,2.5610023724159836,0.01043706434680262,True
1828,0.09659326308690422,0.2,0.48296631543452107,0.6291196537597646,False
1829,0.21415524924300997,0.2,1.0707762462150499,0.2842700499654573,False
1830,-0.05354756890210316,0.2,-0.2677378445105158,0.788901117211036,False
1831,0.14134317003159086,0.2,0.7067158501579542,0.47974307761115714,False
1832,0.14466048855687977,0.2,0.7233024427843988,0.4694940923604614,False
1833,0.5405548174967701,0.2,2.7027740874838506,0.006876346496905582,True
1834,0.2600759398280428,0.2,1.300379699140214,0.19347086427333515,False
1835,0.06958755941557745,0.2,0.34793779707788725,0.727886898687551,False
1836,0.13622758119831618,0.2,0.6811379059915809,0.49578423381262926,False
1837,0.27886665431465635,0.2,1.3943332715732817,0.1632169881670548,False
1838,-0.10559541429461372,0.2,-0.5279770714730686,0.5975152500300239,False
1839,0.4663039147706483,0.2,2.3315195738532415,0.019725979168858775,True
1840,0.30764097041934046,0.2,1.5382048520967022,0.12399853500206817,False
1841,0.2978005687812756,0.2,1.4890028439063778,0.13648661985375454,False
1842,0.417760744072321,0.2,2.088803720361605,0.03672539538350113,True
1843,0.20981887789983014,0.2,1.0490943894991507,0.2941346780787161,False
1844,0.17827827350741615,0.2,0.8913913675370807,0.3727192472159688,False
1845,0.21136968164081746,0.2,1.0568484082040872,0.29058077738249705,False
1846,0.19017152708975354,0.2,0.9508576354487677,0.34167665004305425,False
1847,0.21696941819861487,0.2,1.0848470909930743,0.27798938478714474,False
1848,0.07777287657389907,0.2,0.3888643828694953,0.6973764709144452,False
1849,0.6300071979300423,0.2,3.1500359896502115,0.0016325035082915558,True
1850,0.3475669876060608,0.2,1.737834938030304,0.08223990251265004,False
1851,0.13376185442846678,0.2,0.6688092721423339,0.5036171512554954,False
1852,0.30193300894924624,0.2,1.5096650447462312,0.13112891495344936,False
1853,-0.17796133974498313,0.2,-0.8898066987249156,0.37356968905067556,False
1854,0.15508447933944017,0.2,0.7754223966972008,0.4380901050796701,False
1855,0.25298251583975656,0.2,1.2649125791987827,0.20590266753881475,False
1856,-0.08200921347805279,0.2,-0.41004606739026395,0.6817721545158231,False
1857,0.2791911918390512,0.2,1.395955959195256,0.16272775774866416,False
1858,0.07909329465829072,0.2,0.39546647329145357,0.692498659793203,False
1859,0.05044190046957436,0.2,0.2522095023478718,0.8008791336319541,False
1860,0.09424048576041943,0.2,0.4712024288020972,0.6374961844363115,False
1861,0.39302959257643627,0.2,1.9651479628821813,0.04939711472255655,True
1862,0.5509097402363884,0.2,2.7545487011819416,0.005877314223049593,True
1863,0.20210850347362957,0.2,1.0105425173681477,0.31223543999105546,False
1864,0.08598722575255885,0.2,0.42993612876279425,0.6672421035042049,False
1865,0.07169886752111493,0.2,0.35849433760557464,0.7199734046268451,False
1866,0.23324307753544488,0.2,1.1662153876772243,0.2435273726702137,False
1867,0.3647768657053582,0.2,1.823884328526791,0.06816956138022243,False
1868,-0.09354502634094597,0.2,-0.46772513170472985,0.6399811664707893,False
1869,-0.16697501750687987,0.2,-0.8348750875343993,0.40378804281762315,False
1870,0.34997212470679295,0.2,1.7498606235339647,0.08014236671639918,False
1871,-0.07198922634955907,0.2,-0.35994613174779533,0.7188874177761886,False
1872,0.6864001207470827,0.2,3.432000603735413,0.0005991462244967018,True
1873,-0.4030329038343862,0.2,-2.015164519171931,0.043887413811541376,True
1874,0.3922066773444757,0.2,1.9610333867223784,0.04987512836397283,True
1875,0.19057405836028873,0.2,0.9528702918014437,0.34065579398598955,False
1876,0.22059297787770016,0.2,1.1029648893885007,0.2700424128257356,False
1877,0.0703435900618967,0.2,0.35171795030948344,0.7250497972781449,False
1878,0.1905268688912646,0.2,0.952634344456323,0.340775369587927,False
1879,0.37602905922645324,0.2,1.8801452961322662,0.06008827863356021,False
1880,0.31669060200409876,0.2,1.5834530100204938,0.11331824880825217,False
1881,0.18713879734940023,0.2,0.9356939867470011,0.34943076755479635,False
1882,0.4485203351665071,0.2,2.2426016758325353,0.024922512089804918,True
1883,0.5430115208426267,0.2,2.7150576042131336,0.0066264243383377976,True
1884,0.31945817383692593,0.2,1.5972908691846295,0.11020088519419058,False
1885,0.463915453128334,0.2,2.3195772656416698,0.020363756876418164,True
1886,0.35255022901699107,0.2,1.7627511450849553,0.07794247051454344,False
1887,0.21951524001027908,0.2,1.0975762000513953,0.272389590122916,False
1888,0.40270551185602366,0.2,2.013527559280118,0.04405915868501868,True
1889,0.3917069895827733,0.2,1.9585349479138663,0.05016727438058427,False
1890,-0.42832932645981797,0.2,-2.1416466322990897,0.03222192822277169,True
1891,0.30776289170150317,0.2,1.5388144585075159,0.1238495990726538,False
1892,0.33450147871425917,0.2,1.6725073935712957,0.09442431114807476,False
1893,0.12161087839054704,0.2,0.6080543919527351,0.5431513997530706,False
1894,-0.13531811252377718,0.2,-0.6765905626188858,0.49866576854913647,False
1895,0.4074196936501393,0.2,2.0370984682506963,0.04164017537925123,True
1896,0.27732795186130776,0.2,1.3866397593065387,0.16555163816392135,False
1897,0.3163283404140188,0.2,1.581641702070094,0.11373138829397847,False
1898,0.30445476313220754,0.2,1.5222738156610376,0.12794048612231734,False
1899,0.45919590780697495,0.2,2.2959795390348745,0.021677051304951143,True
1900,0.4776489657783956,0.2,2.388244828891978,0.016929059835227276,True
1901,0.23324095699108716,0.2,1.1662047849554358,0.24353165842381114,False
1902,-0.01004469728102042,0.2,-0.0502234864051021,0.9599442957237796,False
1903,0.09844145334223642,0.2,0.4922072667111821,0.6225728279165555,False
1904,0.0035120220061153062,0.2,0.01756011003057653,0.9859897793503225,False
1905,0.5103689301495575,0.2,2.5518446507477877,0.010715428484554214,True
1906,0.3399509630445845,0.2,1.6997548152229225,0.08917705393358578,False
1907,0.5582915742855512,0.2,2.791457871427756,0.005247118775887399,True
1908,0.2046311714726125,0.2,1.0231558573630624,0.30623416034202566,False
1909,0.07273412042690966,0.2,0.36367060213454827,0.7161039984050414,False
1910,0.3394916380791655,0.2,1.6974581903958275,0.08961006916057468,False
1911,0.3806325281075963,0.2,1.9031626405379813,0.05701932634194972,False
1912,0.007106446889238921,0.2,0.035532234446194605,0.9716553432256877,False
1913,0.5926385141004835,0.2,2.9631925705024176,0.0030446602732327093,True
1914,0.11271302586276272,0.2,0.5635651293138135,0.5730501240057864,False
1915,0.004173285684845263,0.2,0.020866428424226313,0.9833522070265609,False
1916,0.02578477713677868,0.2,0.1289238856838934,0.8974178763510909,False
1917,0.33990975499151366,0.2,1.6995487749575682,0.08921583267330206,False
1918,0.1992815971329002,0.2,0.996407985664501,0.3190519545221651,False
1919,0.2556215898412241,0.2,1.2781079492061203,0.20121136647310636,False
1920,0.09965197162023841,0.2,0.498259858101192,0.6183008972836801,False
1921,0.2262580545186485,0.2,1.1312902725932423,0.25793293719929256,False
1922,0.1706529376788207,0.2,0.8532646883941034,0.3935125374654847,False
1923,0.2307101248486858,0.2,1.153550624243429,0.2486844513197888,False
1924,0.031590515015220894,0.2,0.15795257507610447,0.8744941690914698,False
1925,0.11910031148102355,0.2,0.5955015574051178,0.5515082583826001,False
1926,0.07691475752976036,0.2,0.3845737876488018,0.7005532176657829,False
1927,0.2068859384188619,0.2,1.0344296920943095,0.3009353295004664,False
1928,0.1760677806499325,0.2,0.8803389032496625,0.37867574357066874,False
1929,0.0208794311042787,0.2,0.1043971555213935,0.9168541799142925,False
1930,0.1289342890910708,0.2,0.6446714454553539,0.5191401245426239,False
1931,0.4223570544645172,0.2,2.111785272322586,0.0347048710829084,True
1932,0.28009892869743724,0.2,1.400494643487186,0.16136524631808663,False
1933,0.34233561449279604,0.2,1.7116780724639802,0.08695601172875213,False
1934,-0.00391666860357312,0.2,-0.0195833430178656,0.9843757516324673,False
1935,0.017570265271214164,0.2,0.08785132635607082,0.929994842895649,False
1936,0.07810597073372577,0.2,0.39052985366862886,0.6961447842856113,False
1937,0.10321063165027608,0.2,0.5160531582513803,0.6058172823747296,False
1938,0.38888599073843244,0.2,1.944429953692162,0.05184362467003174,False
1939,0.17193342049463092,0.2,0.8596671024731546,0.3899725740364284,False
1940,0.16537689256791993,0.2,0.8268844628395996,0.4083025506083659,False
1941,0.1725554642024799,0.2,0.8627773210123996,0.3882599106618414,False
1942,0.21469640752042707,0.2,1.0734820376021352,0.28305489370429193,False
1943,0.47126582353877894,0.2,2.3563291176938947,0.018456557221560147,True
1944,0.36652001758429387,0.2,1.8326000879214692,0.06686206507988804,False
1945,-0.039855878590000504,0.2,-0.19927939295000252,0.8420441979309236,False
1946,0.16670685121145834,0.2,0.8335342560572917,0.40454348640764304,False
1947,0.3416715010018132,0.2,1.708357505009066,0.08757002717213609,False
1948,0.0642372763491148,0.2,0.321186381745574,0.748069151663734,False
1949,0.1757750752750593,0.2,0.8788753763752966,0.3794688510408399,False
1950,0.4068008840035974,0.2,2.0340044200179865,0.0419511498062465,True
1951,-0.0956273320467943,0.2,-0.4781366602339715,0.6325529407611481,False
1952,0.23102765195735434,0.2,1.1551382597867716,0.24803381278257663,False
1953,0.40866466723061917,0.2,2.0433233361530956,0.04102044098422161,True
1954,0.542433826317877,0.2,2.7121691315893846,0.006684447672448043,True
1955,-0.04046642619888727,0.2,-0.20233213099443634,0.839657082498227,False
1956,-0.0376713743851525,0.2,-0.1883568719257625,0.8505969057403926,False
1957,0.0792136588790585,0.2,0.39606829439529245,0.6920546471867182,False
1958,0.30719742816504436,0.2,1.5359871408252217,0.12454153420916375,False
1959,0.27616641058001784,0.2,1.380832052900089,0.16733060564710187,False
1960,0.141333232716306,0.2,0.7066661635815299,0.47977396158372654,False
1961,0.09329969576648521,0.2,0.466498478832426,0.6408587361652354,False
1962,-0.15054168768154702,0.2,-0.752708438407735,0.4516251380258148,False
1963,-0.04076679907890099,0.2,-0.20383399539450495,0.8384832260224008,False
1964,0.09299532079154507,0.2,0.46497660395772533,0.6419482111207571,False
1965,-0.07865274083966273,0.2,-0.39326370419831364,0.6941247228856333,False
1966,-0.0298470016904952,0.2,-0.149235008452476,0.881368196537712,False
1967,-0.21657388789281623,0.2,-1.082869439464081,0.2788663783299577,False
1968,-0.10862312108292393,0.2,-0.5431156054146197,0.5870502086848027,False
1969,0.22668032989922265,0.2,1.1334016494961132,0.2570456217224866,False
1970,0.505824098474036,0.2,2.5291204923701796,0.011434876322826805,True
1971,-0.09505342159169644,0.2,-0.4752671079584822,0.6345966002238874,False
1972,0.050891135621563444,0.2,0.2544556781078172,0.7991435411246046,False
1973,0.39807015857878336,0.2,1.9903507928939168,0.04655230641072711,True
1974,0.2421798181705,0.2,1.2108990908525,0.22593408110866184,False
1975,0.3310478208142835,0.2,1.6552391040714176,0.09787600598765055,False
1976,-0.07374839697539659,0.2,-0.36874198487698295,0.7123200511754413,False
1977,0.12476762923891328,0.2,0.6238381461945663,0.5327338849991665,False
1978,0.3670431568695199,0.2,1.8352157843475994,0.06647372330199854,False
1979,0.22001158777862007,0.2,1.1000579388931002,0.2713068784692113,False
1980,-0.173073037422315,0.2,-0.865365187111575,0.3868383822391183,False
1981,0.1163473730315331,0.2,0.5817368651576654,0.5607439359540877,False
1982,0.34471435321009514,0.2,1.7235717660504757,0.08478517915276616,False
1983,0.2731249654757698,0.2,1.365624827378849,0.17205674982609115,False
1984,0.048664230502954625,0.2,0.24332115251477313,0.8077566193736683,False
1985,0.09042949647439671,0.2,0.45214748237198354,0.6511627391169947,False
1986,0.13606268624258988,0.2,0.6803134312129494,0.49630602185996864,False
1987,-0.25730682221962314,0.2,-1.2865341110981157,0.1982567220349673,False
1988,-0.1302137196701169,0.2,-0.6510685983505845,0.515002205947785,False
1989,0.41475290204422227,0.2,2.0737645102211113,0.03810118668964637,True
1990,0.3131805961497777,0.2,1.5659029807488885,0.1173713319403318,False
1991,0.0572050384622772,0.2,0.286025192311386,0.7748588265562892,False
1992,-0.11795658959226318,0.2,-0.5897829479613159,0.5553361762404012,False
1993,-0.02732467963623325,0.2,-0.13662339818116626,0.8913284808516735,False
1994,0.30784974254171776,0.2,1.5392487127085888,0.12374358947575956,False
1995,0.3967398509770028,0.2,1.983699254885014,0.04728937668983757,True
1996,0.3407413300835843,0.2,1.7037066504179215,0.08843590507504566,False
1997,0.20966516537786625,0.2,1.0483258268893312,0.29448851432822987,False
1998,-0.019020684040605,0.2,-0.09510342020302501,0.9242326814628997,False
1999,0.2291313043371494,0.2,1.1456565216857468,0.25193730043742124,False
2000,0.2302029675746889,0.2,1.1510148378734444,0.2497261313079604,False
