"source_path","source_group","format","size_bytes","sha256","slides_or_pages","hidden_slides","notes_present","duplicate_of","role","content_summary","examples_activities","quant_claims","citations_urls","visuals_rights","current_destination","gap_status","recommended_destination","disposition","verification_notes"
".DS_Store","Lecture Notes root","none","10244","83f428d34f7911848d652683a0ae8dcd9a0308aa05c9d7a68729e96c5e93a635","not applicable","not applicable","not applicable","","macOS administrative artifact","Finder metadata only; no teaching content.","None.","None.","None.","No visual content.","None.","not applicable","none","omit/delete only if the user later authorizes cleanup","Binary plist not treated as a lecture source."
"01 - Foundations and Neuroscience/01. Introduction to Behavioral Economics.pdf","01 Foundations — introduction to behavioral economics","pdf","2998488","302fd4c490847b8665319c3936a8b4af1f20ff09e41b800573e1886e6d4177af","36 pages","not applicable (flattened PDF)","not available in flattened PDF","36-page visible-core export/earlier state of 01. Introduction to Behavioral Economics.pptx","flattened/print lecture export","Contrasts the neoclassical rational-choice benchmark with behavioral description; covers constrained optimization, prescriptive/descriptive questions, Homo economicus versus bounded humans, a short intellectual history, and a decision-process preview.","Attention arrow; honesty-box eyes; Economist-style decoy; survival/mortality frame; organ-donation default; Mars/Mars-bar salience; museum motive; classroom raffle and polls. Hidden appendix adds model-building, Friedman/Chicago methodology, Sheldon PlayStation/Xbox, and model-evaluation exercises.","Raffle conversion uses 10 francs per ticket and a DKK 50 teaching stake; Nobel/history dates and the organ/default examples require edition-specific checking. Course logistics and poll numbers are historical, not textbook evidence.","Key sources include Simon; Kahneman and Tversky; Thaler; Ariely; Friedman; Box; and Nobel biographies. Embedded hyperlinks (1): http://econ-experiment.herokuapp.com/room/be","42 PDF image XObject(s). Rights are not established merely by inclusion in lecture notes. Use facts/data, not reproduced journal figures; redraw plots/tables from verified numeric results and cite the original study. Link to videos unless licensed. Replace commercial screenshots, celebrity/news photos, UI captures, cartoons, and textbook art with licensed/public-domain/original assets. Modification alone does not extinguish copyright.","Substantially covered by chapters/01-the-choice-is-the-tip-of-the-iceberg.qmd and chapters/02-a-rational-benchmark-not-a-portrait.qmd; examples also appear in chapters 14–16 and 36.","Partial: the benchmark/history is covered, but the hidden model-science/Friedman discussion and explicit seven-properties-of-models exercise are not developed. Old course administration should not transfer.","Open the foundations part with decision process, then rational benchmark; retain a short boxed history/methods section in the rational-benchmark chapter and move model-science depth to an optional methods box.","Use for page-level visual/order comparison only; prefer editable PPTX or verified modern deck for integration.","Container/content extraction succeeded; no parser error."
"01 - Foundations and Neuroscience/01. Introduction to Behavioral Economics.pptx","01 Foundations — introduction to behavioral economics","pptx","19131309","b89c92f9008a421772f28d61c67f5fbf2eee7fed58278f918107f26a910849d4","57 slides","42–57","yes — 21 slide(s) with nonempty notes","Editable/near-version companion to 01 - Foundations and Neuroscience/01. Introduction to Behavioral Economics.pdf","supporting lecture source","Contrasts the neoclassical rational-choice benchmark with behavioral description; covers constrained optimization, prescriptive/descriptive questions, Homo economicus versus bounded humans, a short intellectual history, and a decision-process preview.","Attention arrow; honesty-box eyes; Economist-style decoy; survival/mortality frame; organ-donation default; Mars/Mars-bar salience; museum motive; classroom raffle and polls. Hidden appendix adds model-building, Friedman/Chicago methodology, Sheldon PlayStation/Xbox, and model-evaluation exercises.","Raffle conversion uses 10 francs per ticket and a DKK 50 teaching stake; Nobel/history dates and the organ/default examples require edition-specific checking. Course logistics and poll numbers are historical, not textbook evidence.","Key sources include Simon; Kahneman and Tversky; Thaler; Ariely; Friedman; Box; and Nobel biographies. Embedded hyperlinks (6): http://econ-experiment.herokuapp.com/room/be; https://doi.org/10.1093/acprof:oso/9780195328318.003.0012; https://www.polleverywhere.com/multiple_choice_polls/fOA89GLsZwxpKGLiq8rXJ?flow=Default&onscreen=persist; https://www.polleverywhere.com/multiple_choice_polls/jufHLsxl1SfqRRa0o3WOD?flow=Default&onscreen=persist; https://www.polleverywhere.com/ranking_polls/Jr7sRQ0kV8iJc6yPbvcNI; https://youtu.be/gZA2770_f84","53 packaged media item(s). Rights are not established merely by inclusion in lecture notes. Use facts/data, not reproduced journal figures; redraw plots/tables from verified numeric results and cite the original study. Link to videos unless licensed. Replace commercial screenshots, celebrity/news photos, UI captures, cartoons, and textbook art with licensed/public-domain/original assets. Modification alone does not extinguish copyright.","Substantially covered by chapters/01-the-choice-is-the-tip-of-the-iceberg.qmd and chapters/02-a-rational-benchmark-not-a-portrait.qmd; examples also appear in chapters 14–16 and 36.","Partial: the benchmark/history is covered, but the hidden model-science/Friedman discussion and explicit seven-properties-of-models exercise are not developed. Old course administration should not transfer.","Open the foundations part with decision process, then rational benchmark; retain a short boxed history/methods section in the rational-benchmark chapter and move model-science depth to an optional methods box.","Integrate distinctive, verified concepts/examples; preserve source unchanged.","Container/content extraction succeeded; no parser error. Slides 42–57 are hidden; audit includes them, but obsolete polls/course links must not enter the book."
"01 - Foundations and Neuroscience/02. Anatomy of Decision-Making.pptx","01 Foundations — anatomy/predictive evaluation manuscripts","pptx","117888520","2c9f14c4b3e6f422c281e5e427f9345f2ada2962be1760850d946a0098166e71","111 slides","19–20, 67, 82–111","yes — 40 slide(s) with nonempty notes","Large editable companion to Anatomy of Decision-Making.pdf, the two Anatomy DOCX drafts, and the repaired predictive-evaluation deck","supporting lecture source","Long-form synthesis of prediction, valuation, attention, influence, bounded rationality, constructed preference, neural value, self/social relevance, emotion, habit, predictive coding, precision, active inference, persuasion, communication, and negotiation.","DVD opportunity cost; cigarette wanting-without-liking; red-car/name salience; professional identity/honesty; moral tagging; premortem; persuasion as precision and simulation; BATNA inference; questions as epistemic moves; fixed-pie reframing.","Contains formulas for expected utility and active-inference constructs plus study-specific results. Treat equations and empirical numbers as source-led content requiring notation and original-paper checks, not as self-validating because they appear in a draft manuscript.","Extensive DOI-linked bibliography: Simon; Kahneman and Tversky; Rangel et al.; Bartra et al.; Schultz et al.; Friston; Clark; Parr; Frith; Saxe; Pessiglione; Cohn; Klein. Embedded hyperlinks (4): NULL; https://doi.org/10.1016/j.neuron.2024.11.008; https://www.youtube.com/watch?v=GOF-saZ1XSQ; https://youtu.be/E26V363_k8o","74 packaged media item(s). Rights are not established merely by inclusion in lecture notes. Use facts/data, not reproduced journal figures; redraw plots/tables from verified numeric results and cite the original study. Link to videos unless licensed. Replace commercial screenshots, celebrity/news photos, UI captures, cartoons, and textbook art with licensed/public-domain/original assets. Modification alone does not extinguish copyright.","Many paragraphs have conceptual counterparts in chapters 01–08, 18–20, 25, 28, and 30–35. The current book is more calibrated than some claims in these drafts.","Partial/reference source: mine distinctive synthesis and citations, but do not merge wholesale. Missing high-value material is the explicit diagnostic matrix linking prediction, valuation, attention, precision, and updating.","Integrate selectively across foundation/predictive/valuation chapters; use the five diagnostic questions as a reusable end-of-part tool.","Integrate distinctive, verified concepts/examples; preserve source unchanged.","Container/content extraction succeeded; no parser error."
"01 - Foundations and Neuroscience/02. Neuroscience of Decision-Making.pdf","01 Foundations — neuroscience of judgment and decision","pdf","3180991","8cee6ebe05d1e57df1ab045f21b88eaf16dc0e578698ed7b1aea5ca86f19b022","45 pages","not applicable (flattened PDF)","not available in flattened PDF","PDF export/near-version of the same-named PPTX family; not byte- or page-identical","flattened/print lecture export","Introduces brain-method cautions and distributed systems for valuation, attention, learning, emotion, self-relevance, social relevance/mentalizing, and habit. Older decks also cover EEG/MEG/PET/fMRI/TMS, temporal/spatial resolution, reward prediction error, default-mode and prefrontal systems, and automatic evaluation.","Prosopagnosia/Capgras contrasts; subliminal incentive grip; prediction-error cue transfer; self-name/red-car salience; social approval/rejection; bank-identity coin flips; lesion evidence; liking versus wanting; imaging-method comparison.","Legacy claims include ~2% body mass/~20% resting energy, ~100 billion cells, and small task-energy changes; use current neuroscience sources and avoid a single 'value center.' Bank-identity and implicit-egoism percentages require original-data verification.","Rangel et al. (2008); Bartra et al. (2013); Levy and Glimcher (2012); Schultz et al. (1997); Berridge and Robinson; Damasio; Frith and Frith; Saxe and Kanwisher; Pessiglione et al. (2007). Embedded hyperlinks (1): https://youtu.be/E26V363_k8o","27 PDF image XObject(s). Rights are not established merely by inclusion in lecture notes. Use facts/data, not reproduced journal figures; redraw plots/tables from verified numeric results and cite the original study. Link to videos unless licensed. Replace commercial screenshots, celebrity/news photos, UI captures, cartoons, and textbook art with licensed/public-domain/original assets. Modification alone does not extinguish copyright.","Distributed valuation is covered in chapters/07-value-is-constructed.qmd; predictive perception in chapter 06; expectation in chapter 08; dopamine/habit in chapters 19–20. Imaging methods and inference limits receive little explicit treatment.","Partial: the book has the core mechanisms, but lacks a compact 'how neuroscience knows' box comparing methods, reverse-inference limits, spatial/temporal resolution, and lesion versus correlational evidence. Several legacy claims need deletion or recalibration.","Place a short methods-and-claims box before constructed value; integrate distributed valuation into the valuation chapter, prediction error into habits, and mentalizing into communication/negotiation rather than creating a brain-region catalogue.","Use for page-level visual/order comparison only; prefer editable PPTX or verified modern deck for integration.","Container/content extraction succeeded; no parser error."
"01 - Foundations and Neuroscience/02. Science of Decision-Making.pdf","01 Foundations — science of decision making","pdf","3862412","d578a69604cbe6418ba98d7e0d009766a531fc9aca73d8592709c6b2c5161711","75 pages","not applicable (flattened PDF)","not available in flattened PDF","75-page active-slide export/subset of 02. Science of Decision-Making.pptx (110 slides; 35 hidden)","flattened/print lecture export","Bridges formal decision theory to behavioral and neural mechanisms: judgment/choice, decide-as-sacrifice, EUT benchmark, constructed preference, value networks, prediction error, self/social relevance, emotion and moral intuition, rationalization, then predictive coding/free energy/active inference and implications for persuasion and negotiation.","Automatic evaluation, subliminal motivation, implicit egoism, bank identity, moral intuition, sexual/context cues, prediction-error learning, premortem, source precision, BATNA as hidden state, anchoring as prior, and questions as epistemic actions.","Legacy implicit-egoism occupation/name percentages, bank-identity coin-flip rates (58.2% vs 51.6%), brain-energy figures, and contextual-cue effects must be traced to originals; do not use them as settled general laws.","Simon; Kahneman and Tversky; Rangel et al.; Bartra et al.; Schultz et al.; Haidt; Zajonc; Cohn et al.; Friston; Clark; Parr et al.; Klein. No extractable embedded hyperlink; bibliography text still requires source verification.","51 PDF image XObject(s). Rights are not established merely by inclusion in lecture notes. Use facts/data, not reproduced journal figures; redraw plots/tables from verified numeric results and cite the original study. Link to videos unless licensed. Replace commercial screenshots, celebrity/news photos, UI captures, cartoons, and textbook art with licensed/public-domain/original assets. Modification alone does not extinguish copyright.","Distributed across chapters 01–08, 18–20, 25, 28, and 30. Current prose already adds important caution against a single value center, mind-reading, and over-neuralized explanation.","Partial: most durable ideas are present, but no visible map shows exactly how prediction, precision, valuation, action, and feedback connect. Formal active-inference content should remain bounded/optional.","Use as a cross-chapter synthesis after predictive mind and valuation; place formal free-energy material in an optional appendix/toolbox.","Use for page-level visual/order comparison only; prefer editable PPTX or verified modern deck for integration.","Container/content extraction succeeded; no parser error."
"01 - Foundations and Neuroscience/02. Science of Decision-Making.pptx","01 Foundations — science of decision making","pptx","49159204","1d5c96138e908acbc2e75cb6d370a96c1c4e9c0d3b688dfb8c2e2eefec07abcc","110 slides","69–70, 78–110","yes — 44 slide(s) with nonempty notes","Editable/near-version companion to 01 - Foundations and Neuroscience/02. Science of Decision-Making.pdf","supporting lecture source","Bridges formal decision theory to behavioral and neural mechanisms: judgment/choice, decide-as-sacrifice, EUT benchmark, constructed preference, value networks, prediction error, self/social relevance, emotion and moral intuition, rationalization, then predictive coding/free energy/active inference and implications for persuasion and negotiation.","Automatic evaluation, subliminal motivation, implicit egoism, bank identity, moral intuition, sexual/context cues, prediction-error learning, premortem, source precision, BATNA as hidden state, anchoring as prior, and questions as epistemic actions.","Legacy implicit-egoism occupation/name percentages, bank-identity coin-flip rates (58.2% vs 51.6%), brain-energy figures, and contextual-cue effects must be traced to originals; do not use them as settled general laws.","Simon; Kahneman and Tversky; Rangel et al.; Bartra et al.; Schultz et al.; Haidt; Zajonc; Cohn et al.; Friston; Clark; Parr et al.; Klein. Embedded hyperlinks (3): https://doi.org/10.1037/a0028954; https://doi.org/10.1068/p7290; https://doi.org/10.1098/rsbl.2003.0134","53 packaged media item(s). Rights are not established merely by inclusion in lecture notes. Use facts/data, not reproduced journal figures; redraw plots/tables from verified numeric results and cite the original study. Link to videos unless licensed. Replace commercial screenshots, celebrity/news photos, UI captures, cartoons, and textbook art with licensed/public-domain/original assets. Modification alone does not extinguish copyright.","Distributed across chapters 01–08, 18–20, 25, 28, and 30. Current prose already adds important caution against a single value center, mind-reading, and over-neuralized explanation.","Partial: most durable ideas are present, but no visible map shows exactly how prediction, precision, valuation, action, and feedback connect. Formal active-inference content should remain bounded/optional.","Use as a cross-chapter synthesis after predictive mind and valuation; place formal free-energy material in an optional appendix/toolbox.","Integrate distinctive, verified concepts/examples; preserve source unchanged.","Container/content extraction succeeded; no parser error."
"01 - Foundations and Neuroscience/0x. Neuroscience of Decision-Making.pptx","01 Foundations — neuroscience of judgment and decision","pptx","114741897","2886e863afc305fc803ed58bc09928ebba8547086072a5092dd9932a38fa6442","99 slides","6, 55, 70–99","yes — 39 slide(s) with nonempty notes","Legacy editable companion to 02. Neuroscience of Decision-Making.pdf and BE02 neuroscience revision","supporting lecture source","Introduces brain-method cautions and distributed systems for valuation, attention, learning, emotion, self-relevance, social relevance/mentalizing, and habit. Older decks also cover EEG/MEG/PET/fMRI/TMS, temporal/spatial resolution, reward prediction error, default-mode and prefrontal systems, and automatic evaluation.","Prosopagnosia/Capgras contrasts; subliminal incentive grip; prediction-error cue transfer; self-name/red-car salience; social approval/rejection; bank-identity coin flips; lesion evidence; liking versus wanting; imaging-method comparison.","Legacy claims include ~2% body mass/~20% resting energy, ~100 billion cells, and small task-energy changes; use current neuroscience sources and avoid a single 'value center.' Bank-identity and implicit-egoism percentages require original-data verification.","Rangel et al. (2008); Bartra et al. (2013); Levy and Glimcher (2012); Schultz et al. (1997); Berridge and Robinson; Damasio; Frith and Frith; Saxe and Kanwisher; Pessiglione et al. (2007). Embedded hyperlinks (4): NULL; https://doi.org/10.1016/j.neuron.2024.11.008; https://www.youtube.com/watch?v=GOF-saZ1XSQ; https://youtu.be/E26V363_k8o","62 packaged media item(s). Rights are not established merely by inclusion in lecture notes. Use facts/data, not reproduced journal figures; redraw plots/tables from verified numeric results and cite the original study. Link to videos unless licensed. Replace commercial screenshots, celebrity/news photos, UI captures, cartoons, and textbook art with licensed/public-domain/original assets. Modification alone does not extinguish copyright.","Distributed valuation is covered in chapters/07-value-is-constructed.qmd; predictive perception in chapter 06; expectation in chapter 08; dopamine/habit in chapters 19–20. Imaging methods and inference limits receive little explicit treatment.","Partial: the book has the core mechanisms, but lacks a compact 'how neuroscience knows' box comparing methods, reverse-inference limits, spatial/temporal resolution, and lesion versus correlational evidence. Several legacy claims need deletion or recalibration.","Place a short methods-and-claims box before constructed value; integrate distributed valuation into the valuation chapter, prediction error into habits, and mentalizing into communication/negotiation rather than creating a brain-region catalogue.","Integrate distinctive, verified concepts/examples; preserve source unchanged.","Container/content extraction succeeded; no parser error."
"01 - Foundations and Neuroscience/Active Inference  -  Repaired.pptx","01 Foundations — predictive processing, free energy, and active inference || ADDITIONAL AUDIT: Foundations and neuroscience / active inference","pptx","85456","bb345a1efb5263028e311e5451afffb9838fc4196e0d59a4669d3abd408114a4","20 slides || ADDITIONAL AUDIT: 20","none || ADDITIONAL AUDIT: 0","yes — 20 slide(s) with nonempty notes || ADDITIONAL AUDIT: yes (20/20 slides)","20-slide concise companion to the 24- and 32-slide FEP variants","concise decision-making active-inference lecture || ADDITIONAL AUDIT: canonical concise teaching deck","Defines priors, likelihood, prediction error, precision, generative models, Markov blankets, variational free energy, expected free energy, policies, epistemic/pragmatic value, active sampling, and habit as policy prior; applies them to framing, bias, interoception, identity, communication, persuasion, negotiation, and exploration/exploitation. || ADDITIONAL AUDIT: Predictive coding, priors, likelihood, prediction error, precision, variational free energy, expected free energy, epistemic/pragmatic value, action as policy selection, and applications to judgment, persuasion, negotiation, and AI trust; ends with an explicit falsifiability/model-comparison caution.","Ambiguous perception; eye movements as experiments; asking for evidence about AI advice; negotiation questions that reveal hidden states; source credibility as precision; framing as prior/model selection; habitual policies; uncertainty-reducing action. || ADDITIONAL AUDIT: Ambiguous performance-data evidence-weighting exercise; negotiation under hidden constraints; AI-advice calibration mini-case.","Advanced variants include Bayes, variational-free-energy and expected-free-energy notation. Mathematical equivalences and empirical applications must be stated with assumptions; broad high-level applications are hypotheses/metaphors unless operationalized. || ADDITIONAL AUDIT: 20 slides; equations for F[q] and expected free energy are teaching-level; no empirical effect-size table. Claims about precision and bias are presented as hypotheses/translation devices rather than measurements.","Friston (2010, 2023); Clark (2013); Rao and Ballard (1999); Parr, Pezzulo, and Friston (2022); Buckley et al.; Sajid et al.; Gottlieb and Oudeyer; Friston and Frith. No extractable embedded hyperlink; bibliography text still requires source verification. || ADDITIONAL AUDIT: Rao & Ballard (1999); Friston (2005, 2010, 2015); Clark (2013); Parr, Pezzulo & Friston (2022); Da Costa et al. (2020); Hodson et al. (2024); Markovic et al. (2021); Gijsen et al. (2022). No external hyperlinks embedded.","0 packaged media item(s). Rights are not established merely by inclusion in lecture notes. Use facts/data, not reproduced journal figures; redraw plots/tables from verified numeric results and cite the original study. Link to videos unless licensed. Replace commercial screenshots, celebrity/news photos, UI captures, cartoons, and textbook art with licensed/public-domain/original assets. Modification alone does not extinguish copyright. Native-shape diagrams are the safest reusable elements, subject to source attribution and an independent layout/redraw. || ADDITIONAL AUDIT: All-native shapes and text; no embedded raster media. Recreate selected diagrams in the book style rather than screenshotting the slide.","Chapter 06 covers predictive inference and precision but not a formal active-inference treatment; related language appears in communication and negotiation chapters. || ADDITIONAL AUDIT: chapters/06-the-predictive-mind.qmd (basic predictive-processing material already present)","Partial: priors/prediction error/precision are strong, but epistemic versus pragmatic action and the limits/testability of active inference could be clearer. Formal Markov-blanket/free-energy derivations are not needed in the main teaching journey. || ADDITIONAL AUDIT: partial: framework present, but expected free energy, epistemic value, exploration/exploitation, and identification caveats are thin","After chapter 06, add a bounded optional toolkit; integrate epistemic action into probability/decision hygiene and negotiation questions. || ADDITIONAL AUDIT: chapters/06-the-predictive-mind.qmd plus a short application box in chapters/35-decision-hygiene.qmd","Integrate distinctive, verified concepts/examples; preserve source unchanged. || ADDITIONAL AUDIT: incorporate selectively and redraw natively","Container/content extraction succeeded; no parser error. || ADDITIONAL AUDIT: Scientifically careful relative to the other repaired FEP deck; retain the deck’s warning that active inference is not a universal post-hoc explanation. || ADDITIONAL AUDIT: Overlapping assignments reconciled from: lecture-audit-foundations-risk.csv, lecture-audit-methods-happiness.csv."
"01 - Foundations and Neuroscience/Anatomy of Decision 1.docx","01 Foundations — anatomy/predictive evaluation manuscripts","docx","52935","9eaae6859cbbeb9a0f09e00c0bfbb0fbd52ed253ade76d7cae065f487e505855","26 stored pages","not applicable (DOCX)","not applicable (DOCX prose)","Close earlier/later variant of Anatomy of Decision.docx (high text overlap; 26 versus 28 stored pages)","long-form draft/reference manuscript","Long-form synthesis of prediction, valuation, attention, influence, bounded rationality, constructed preference, neural value, self/social relevance, emotion, habit, predictive coding, precision, active inference, persuasion, communication, and negotiation.","DVD opportunity cost; cigarette wanting-without-liking; red-car/name salience; professional identity/honesty; moral tagging; premortem; persuasion as precision and simulation; BATNA inference; questions as epistemic moves; fixed-pie reframing.","Contains formulas for expected utility and active-inference constructs plus study-specific results. Treat equations and empirical numbers as source-led content requiring notation and original-paper checks, not as self-validating because they appear in a draft manuscript.","Extensive DOI-linked bibliography: Simon; Kahneman and Tversky; Rangel et al.; Bartra et al.; Schultz et al.; Friston; Clark; Parr; Frith; Saxe; Pessiglione; Cohn; Klein. Embedded hyperlinks (52): https://doi.org/10.1002/bdm.567; https://doi.org/10.1007/BF00122574; https://doi.org/10.1016/S0165-0173(98)00019-8; https://doi.org/10.1016/S1053-8119(03)00230-1; https://doi.org/10.1016/S1364-6613(97)01080-2; https://doi.org/10.1016/j.conb.2012.06.001; https://doi.org/10.1016/j.conb.2012.12.012; https://doi.org/10.1016/j.coph.2008.12.014; https://doi.org/10.1016/j.neuroimage.2005.12.002; https://doi.org/10.1016/j.neuroimage.2011.05.028; https://doi.org/10.1016/j.neuroimage.2013.02.063; https://doi.org/10.1016/j.neuron.2006.05.001; https://doi.org/10.1016/j.neuron.2008.03.020; https://doi.org/10.1016/j.neuron.2012.10.038; https://doi.org/10.1016/j.neuron.2013.09.007; https://doi.org/10.1016/j.neuron.2024.11.008; https://doi.org/10.1016/j.tics.2017.11.005; https://doi.org/10.1017/S0140525X12000477; https://doi.org/10.1037/0003-066X.35.2.151; https://doi.org/10.1037/0022-3514.82.4.469; https://doi.org/10.1037/0033-295X.108.4.814; https://doi.org/10.1037/a0021990; https://doi.org/10.1037/a0028954; https://doi.org/10.1037/h0042769; https://doi.org/10.1038/4580; https://doi.org/10.1038/nature13977; https://doi.org/10.1038/nn1560; https://doi.org/10.1038/nrn1919; https://doi.org/10.1038/nrn2357; https://doi.org/10.1038/nrn2787; https://doi.org/10.1038/nrn3950; https://doi.org/10.1038/srep00080; https://doi.org/10.1068/p281059; https://doi.org/10.1068/p7290; https://doi.org/10.1080/17470215908416289; https://doi.org/10.1080/17588928.2015.1020053; https://doi.org/10.1086/599764; https://doi.org/10.1093/scan/nsu063; https://doi.org/10.1098/rsbl.2003.0134; https://doi.org/10.1098/rstb.2005.1622; https://doi.org/10.1111/j.1467-9280.1997.tb00427.x; https://doi.org/10.1126/science.1089134; https://doi.org/10.1126/science.1140459; https://doi.org/10.1126/science.275.5306.1593; https://doi.org/10.1162/jocn.2010.21479; https://doi.org/10.1177/0146167202250221; https://doi.org/10.1177/0956797617752641; https://doi.org/10.1177/1745691610369469; https://doi.org/10.1509/jmkr.46.3.384; https://doi.org/10.1521/soco.1999.17.1.76; https://doi.org/10.2307/1884852; https://doi.org/10.2307/1914185","0 embedded media item(s). Rights are not established merely by inclusion in lecture notes. Use facts/data, not reproduced journal figures; redraw plots/tables from verified numeric results and cite the original study. Link to videos unless licensed. Replace commercial screenshots, celebrity/news photos, UI captures, cartoons, and textbook art with licensed/public-domain/original assets. Modification alone does not extinguish copyright.","Many paragraphs have conceptual counterparts in chapters 01–08, 18–20, 25, 28, and 30–35. The current book is more calibrated than some claims in these drafts.","Partial/reference source: mine distinctive synthesis and citations, but do not merge wholesale. Missing high-value material is the explicit diagnostic matrix linking prediction, valuation, attention, precision, and updating.","Integrate selectively across foundation/predictive/valuation chapters; use the five diagnostic questions as a reusable end-of-part tool.","Mine distinctive prose, synthesis, and DOI bibliography; do not merge wholesale or treat draft statements as verified evidence.","Container/content extraction succeeded; no parser error."
"01 - Foundations and Neuroscience/Anatomy of Decision-Making.pdf","01 Foundations — anatomy/predictive evaluation manuscripts","pdf","3244272","c450ed2d0cd5f27b9d924b58bba167fcfb1ef93636f81948dd5907786c77d86f","53 pages","not applicable (flattened PDF)","not available in flattened PDF","PDF export/near-version of the same-named PPTX family; not byte- or page-identical","flattened/print lecture export","Long-form synthesis of prediction, valuation, attention, influence, bounded rationality, constructed preference, neural value, self/social relevance, emotion, habit, predictive coding, precision, active inference, persuasion, communication, and negotiation.","DVD opportunity cost; cigarette wanting-without-liking; red-car/name salience; professional identity/honesty; moral tagging; premortem; persuasion as precision and simulation; BATNA inference; questions as epistemic moves; fixed-pie reframing.","Contains formulas for expected utility and active-inference constructs plus study-specific results. Treat equations and empirical numbers as source-led content requiring notation and original-paper checks, not as self-validating because they appear in a draft manuscript.","Extensive DOI-linked bibliography: Simon; Kahneman and Tversky; Rangel et al.; Bartra et al.; Schultz et al.; Friston; Clark; Parr; Frith; Saxe; Pessiglione; Cohn; Klein. Embedded hyperlinks (1): https://youtu.be/E26V363_k8o","51 PDF image XObject(s). Rights are not established merely by inclusion in lecture notes. Use facts/data, not reproduced journal figures; redraw plots/tables from verified numeric results and cite the original study. Link to videos unless licensed. Replace commercial screenshots, celebrity/news photos, UI captures, cartoons, and textbook art with licensed/public-domain/original assets. Modification alone does not extinguish copyright.","Many paragraphs have conceptual counterparts in chapters 01–08, 18–20, 25, 28, and 30–35. The current book is more calibrated than some claims in these drafts.","Partial/reference source: mine distinctive synthesis and citations, but do not merge wholesale. Missing high-value material is the explicit diagnostic matrix linking prediction, valuation, attention, precision, and updating.","Integrate selectively across foundation/predictive/valuation chapters; use the five diagnostic questions as a reusable end-of-part tool.","Use for page-level visual/order comparison only; prefer editable PPTX or verified modern deck for integration.","Container/content extraction succeeded; no parser error."
"01 - Foundations and Neuroscience/Anatomy of Decision.docx","01 Foundations — anatomy/predictive evaluation manuscripts","docx","54635","ed92aa9be609433b01377bc6dd4021a665858a5addd4579d216595b5fe1bfb50","28 stored pages","not applicable (DOCX)","not applicable (DOCX prose)","Close companion version of Anatomy of Decision 1.docx (high text overlap; 28 versus 26 stored pages)","long-form draft/reference manuscript","Long-form synthesis of prediction, valuation, attention, influence, bounded rationality, constructed preference, neural value, self/social relevance, emotion, habit, predictive coding, precision, active inference, persuasion, communication, and negotiation.","DVD opportunity cost; cigarette wanting-without-liking; red-car/name salience; professional identity/honesty; moral tagging; premortem; persuasion as precision and simulation; BATNA inference; questions as epistemic moves; fixed-pie reframing.","Contains formulas for expected utility and active-inference constructs plus study-specific results. Treat equations and empirical numbers as source-led content requiring notation and original-paper checks, not as self-validating because they appear in a draft manuscript.","Extensive DOI-linked bibliography: Simon; Kahneman and Tversky; Rangel et al.; Bartra et al.; Schultz et al.; Friston; Clark; Parr; Frith; Saxe; Pessiglione; Cohn; Klein. Embedded hyperlinks (47): https://doi.org/10.1001/jamainternmed.2013.13018; https://doi.org/10.1002/bdm.567; https://doi.org/10.1007/BF00122574; https://doi.org/10.1016/S0165-0173(98)00019-8; https://doi.org/10.1016/S1053-8119(03)00230-1; https://doi.org/10.1016/S1364-6613(97)01080-2; https://doi.org/10.1016/j.conb.2012.06.001; https://doi.org/10.1016/j.coph.2008.12.014; https://doi.org/10.1016/j.jmp.2017.09.004; https://doi.org/10.1016/j.neubiorev.2017.04.009; https://doi.org/10.1016/j.neuroimage.2013.02.063; https://doi.org/10.1016/j.neuron.2006.05.001; https://doi.org/10.1016/j.neuron.2008.03.020; https://doi.org/10.1016/j.neuron.2012.10.038; https://doi.org/10.1016/j.neuron.2013.09.007; https://doi.org/10.1016/j.neuron.2024.11.008; https://doi.org/10.1016/j.tics.2017.11.005; https://doi.org/10.1017/S0140525X12000477; https://doi.org/10.1037/0003-066X.35.2.151; https://doi.org/10.1037/0022-3514.82.4.469; https://doi.org/10.1037/0033-295X.108.4.814; https://doi.org/10.1037/h0042769; https://doi.org/10.1038/4580; https://doi.org/10.1038/nature13977; https://doi.org/10.1038/nn1560; https://doi.org/10.1038/nrn1884; https://doi.org/10.1038/nrn1919; https://doi.org/10.1038/nrn2357; https://doi.org/10.1038/nrn2787; https://doi.org/10.1068/p281059; https://doi.org/10.1093/scan/nsu063; https://doi.org/10.1098/rstb.2005.1622; https://doi.org/10.1111/j.1467-9280.1997.tb00427.x; https://doi.org/10.1124/pr.118.017160; https://doi.org/10.1126/science.1089134; https://doi.org/10.1126/science.1140459; https://doi.org/10.1126/science.185.4157.1124; https://doi.org/10.1126/science.275.5306.1593; https://doi.org/10.1162/NECO_a_00699; https://doi.org/10.1162/jocn.2010.21479; https://doi.org/10.1371/journal.pcbi.1002327; https://doi.org/10.1521/soco.1999.17.1.76; https://doi.org/10.2307/1884852; https://doi.org/10.2307/1914185; https://doi.org/10.3389/fncom.2018.00090; https://doi.org/10.3389/fnhum.2014.00457; https://doi.org/10.3389/fpsyg.2012.00151","0 embedded media item(s). Rights are not established merely by inclusion in lecture notes. Use facts/data, not reproduced journal figures; redraw plots/tables from verified numeric results and cite the original study. Link to videos unless licensed. Replace commercial screenshots, celebrity/news photos, UI captures, cartoons, and textbook art with licensed/public-domain/original assets. Modification alone does not extinguish copyright.","Many paragraphs have conceptual counterparts in chapters 01–08, 18–20, 25, 28, and 30–35. The current book is more calibrated than some claims in these drafts.","Partial/reference source: mine distinctive synthesis and citations, but do not merge wholesale. Missing high-value material is the explicit diagnostic matrix linking prediction, valuation, attention, precision, and updating.","Integrate selectively across foundation/predictive/valuation chapters; use the five diagnostic questions as a reusable end-of-part tool.","Mine distinctive prose, synthesis, and DOI bibliography; do not merge wholesale or treat draft statements as verified evidence.","Container/content extraction succeeded; no parser error."
"01 - Foundations and Neuroscience/Anatomy_of_Decision_Making_with_Predictive_Evaluation  -  Repaired.pptx","01 Foundations — anatomy/predictive evaluation manuscripts","pptx","13649342","77bfd746b2247c8c23d5ed6b78803715c0b91935af9e020d727561ccd5dfdb1c","68 slides","18–19","yes — 16 slide(s) with nonempty notes","Repaired 68-slide synthesis/companion to 02. Anatomy of Decision-Making.pptx and the Anatomy DOCX drafts","repaired/generated editable teaching source","Long-form synthesis of prediction, valuation, attention, influence, bounded rationality, constructed preference, neural value, self/social relevance, emotion, habit, predictive coding, precision, active inference, persuasion, communication, and negotiation.","DVD opportunity cost; cigarette wanting-without-liking; red-car/name salience; professional identity/honesty; moral tagging; premortem; persuasion as precision and simulation; BATNA inference; questions as epistemic moves; fixed-pie reframing.","Contains formulas for expected utility and active-inference constructs plus study-specific results. Treat equations and empirical numbers as source-led content requiring notation and original-paper checks, not as self-validating because they appear in a draft manuscript.","Extensive DOI-linked bibliography: Simon; Kahneman and Tversky; Rangel et al.; Bartra et al.; Schultz et al.; Friston; Clark; Parr; Frith; Saxe; Pessiglione; Cohn; Klein. No extractable embedded hyperlink; bibliography text still requires source verification.","52 packaged media item(s). Rights are not established merely by inclusion in lecture notes. Use facts/data, not reproduced journal figures; redraw plots/tables from verified numeric results and cite the original study. Link to videos unless licensed. Replace commercial screenshots, celebrity/news photos, UI captures, cartoons, and textbook art with licensed/public-domain/original assets. Modification alone does not extinguish copyright.","Many paragraphs have conceptual counterparts in chapters 01–08, 18–20, 25, 28, and 30–35. The current book is more calibrated than some claims in these drafts.","Partial/reference source: mine distinctive synthesis and citations, but do not merge wholesale. Missing high-value material is the explicit diagnostic matrix linking prediction, valuation, attention, precision, and updating.","Integrate selectively across foundation/predictive/valuation chapters; use the five diagnostic questions as a reusable end-of-part tool.","Content is readable; compare against underlying legacy/source deck and validate references before integration.","Container/content extraction succeeded; no parser error."
"01 - Foundations and Neuroscience/Neuroeconomics.pptx","01 Foundations — neuroeconomics","pptx","13469474","fdcbf87f0cc2e10a2c5d555319c01bdc57ae3a568bb9e5b984df7b9299de9256","83 slides","none","yes — 4 slide(s) with nonempty notes","none identified","supporting lecture source","Survey of the neurobiology of value-based choice: option representation, common-currency/subjective-value signals, comparison, action selection, reward prediction error, risk/delay/social value, and methodological interpretation.","Food and money comparison, purchase prediction, risk/delay tasks, dopamine cue learning, social reward, lesion cases, and neural-method demonstrations.","Brain-localization and purchase-prediction performance are task- and sample-specific. Keep only effect estimates verified against original studies; explicitly reject 'brain scan reads preference' language.","Rangel, Camerer, and Montague (2008); Levy and Glimcher; Bartra et al.; Knutson et al.; Schultz et al.; Damasio; neuroeconomics handbooks. No extractable embedded hyperlink; bibliography text still requires source verification.","64 packaged media item(s). Rights are not established merely by inclusion in lecture notes. Use facts/data, not reproduced journal figures; redraw plots/tables from verified numeric results and cite the original study. Link to videos unless licensed. Replace commercial screenshots, celebrity/news photos, UI captures, cartoons, and textbook art with licensed/public-domain/original assets. Modification alone does not extinguish copyright.","Core content is covered in chapter 07, especially 'Value is distributed, not a single center' and 'Prediction is not preference-reading.'","Mostly covered; retain only a short methods-based comparison of neural prediction, correlation, causation, and reverse inference.","Chapter 07 valuation, with a compact evidence-boundary box rather than a separate anatomy catalogue.","Integrate distinctive, verified concepts/examples; preserve source unchanged.","Container/content extraction succeeded; no parser error."
"01 - Foundations and Neuroscience/Science_of_Decision_Making_Updated_Lecture  -  Repaired.pptx","01 Foundations — science of decision making","pptx","145601","8c4a4fb86b9670117ccc0a4cbbdc8a9dcc1bbcf20be24357f21589a5f50de0ab","39 slides","none","yes — 39 slide(s) with nonempty notes","Repaired 39-slide concise companion to 02. Science of Decision-Making.pptx/PDF","repaired/generated editable teaching source","Bridges formal decision theory to behavioral and neural mechanisms: judgment/choice, decide-as-sacrifice, EUT benchmark, constructed preference, value networks, prediction error, self/social relevance, emotion and moral intuition, rationalization, then predictive coding/free energy/active inference and implications for persuasion and negotiation.","Automatic evaluation, subliminal motivation, implicit egoism, bank identity, moral intuition, sexual/context cues, prediction-error learning, premortem, source precision, BATNA as hidden state, anchoring as prior, and questions as epistemic actions.","Legacy implicit-egoism occupation/name percentages, bank-identity coin-flip rates (58.2% vs 51.6%), brain-energy figures, and contextual-cue effects must be traced to originals; do not use them as settled general laws.","Simon; Kahneman and Tversky; Rangel et al.; Bartra et al.; Schultz et al.; Haidt; Zajonc; Cohn et al.; Friston; Clark; Parr et al.; Klein. No extractable embedded hyperlink; bibliography text still requires source verification.","0 packaged media item(s). Rights are not established merely by inclusion in lecture notes. Use facts/data, not reproduced journal figures; redraw plots/tables from verified numeric results and cite the original study. Link to videos unless licensed. Replace commercial screenshots, celebrity/news photos, UI captures, cartoons, and textbook art with licensed/public-domain/original assets. Modification alone does not extinguish copyright.","Distributed across chapters 01–08, 18–20, 25, 28, and 30. Current prose already adds important caution against a single value center, mind-reading, and over-neuralized explanation.","Partial: most durable ideas are present, but no visible map shows exactly how prediction, precision, valuation, action, and feedback connect. Formal active-inference content should remain bounded/optional.","Use as a cross-chapter synthesis after predictive mind and valuation; place formal free-energy material in an optional appendix/toolbox.","Content is readable; compare against underlying legacy/source deck and validate references before integration.","Container/content extraction succeeded; no parser error."
"01 - Foundations and Neuroscience/The Predictive Brain in Behavioral Economics.docx","01 Foundations — predictive processing, free energy, and active inference","docx","1564868","6dae0da616c9b8cd38c7551922c92c6792015c2edeab7a34c3b2da8ad74920c2","18 stored pages","not applicable (DOCX)","not applicable (DOCX prose)","Thematic companion to active-inference decks; broader essay with 2 embedded images","long-form draft/reference manuscript","Defines priors, likelihood, prediction error, precision, generative models, Markov blankets, variational free energy, expected free energy, policies, epistemic/pragmatic value, active sampling, and habit as policy prior; applies them to framing, bias, interoception, identity, communication, persuasion, negotiation, and exploration/exploitation.","Ambiguous perception; eye movements as experiments; asking for evidence about AI advice; negotiation questions that reveal hidden states; source credibility as precision; framing as prior/model selection; habitual policies; uncertainty-reducing action.","Advanced variants include Bayes, variational-free-energy and expected-free-energy notation. Mathematical equivalences and empirical applications must be stated with assumptions; broad high-level applications are hypotheses/metaphors unless operationalized.","Friston (2010, 2023); Clark (2013); Rao and Ballard (1999); Parr, Pezzulo, and Friston (2022); Buckley et al.; Sajid et al.; Gottlieb and Oudeyer; Friston and Frith. Embedded hyperlinks (47): https://doi.org/10.1007/BF00055564; https://doi.org/10.1007/s00422-010-0364-z; https://doi.org/10.1016/0749-5978(90)90048-E; https://doi.org/10.1016/j.cell.2021.02.028; https://doi.org/10.1016/j.concog.2014.01.009; https://doi.org/10.1016/j.concog.2014.12.003; https://doi.org/10.1016/j.cortex.2015.03.025; https://doi.org/10.1016/j.neubiorev.2016.06.022; https://doi.org/10.1016/j.pneurobio.2015.09.001; https://doi.org/10.1016/j.tics.2009.09.004; https://doi.org/10.1016/j.tics.2018.01.001; https://doi.org/10.1017/S0140525X12000477; https://doi.org/10.1017/S0140525X12001495; https://doi.org/10.1037/0003-066X.50.5.364; https://doi.org/10.1037/0022-3514.78.5.889; https://doi.org/10.1037/0022-3514.81.4.657; https://doi.org/10.1037/0033-2909.116.1.75; https://doi.org/10.1037/1089-2680.2.2.175; https://doi.org/10.1038/4580; https://doi.org/10.1038/nn.2949; https://doi.org/10.1038/nrn2357; https://doi.org/10.1038/nrn2787; https://doi.org/10.1038/nrn3950; https://doi.org/10.1038/s41583-018-0078-0; https://doi.org/10.1080/17588928.2015.1020053; https://doi.org/10.1080/23273798.2015.1102299; https://doi.org/10.1086/209535; https://doi.org/10.1086/586910; https://doi.org/10.1098/rstb.2008.0300; https://doi.org/10.1098/rstb.2016.0007; https://doi.org/10.1111/j.0956-7976.2004.00715.x; https://doi.org/10.1111/j.1467-9280.2008.02096.x; https://doi.org/10.1111/nous.12062; https://doi.org/10.1126/science.1082976; https://doi.org/10.1126/science.1091721; https://doi.org/10.1126/science.185.4157.1124; https://doi.org/10.1126/science.7455683; https://doi.org/10.1146/annurev.psych.55.090902.142015; https://doi.org/10.1162/003355301753265543; https://doi.org/10.1162/NECO_a_00912; https://doi.org/10.1287/mksc.4.3.199; https://doi.org/10.1371/journal.pcbi.1005020; https://doi.org/10.1371/journal.pone.0193955; https://doi.org/10.2307/1914185; https://doi.org/10.3389/fnhum.2014.00160; https://doi.org/10.3389/fpsyg.2012.00151; https://doi.org/10.3389/fpsyg.2021.708780","2 embedded media item(s). Rights are not established merely by inclusion in lecture notes. Use facts/data, not reproduced journal figures; redraw plots/tables from verified numeric results and cite the original study. Link to videos unless licensed. Replace commercial screenshots, celebrity/news photos, UI captures, cartoons, and textbook art with licensed/public-domain/original assets. Modification alone does not extinguish copyright.","Chapter 06 covers predictive inference and precision but not a formal active-inference treatment; related language appears in communication and negotiation chapters.","Partial: priors/prediction error/precision are strong, but epistemic versus pragmatic action and the limits/testability of active inference could be clearer. Formal Markov-blanket/free-energy derivations are not needed in the main teaching journey.","After chapter 06, add a bounded optional toolkit; integrate epistemic action into probability/decision hygiene and negotiation questions.","Mine distinctive prose, synthesis, and DOI bibliography; do not merge wholesale or treat draft statements as verified evidence.","Container/content extraction succeeded; no parser error."
"01 - Foundations and Neuroscience/You_Do_Not_See_the_World_Directly_Presentation  -  Repaired.pptx","01–02 Perception — optical illusions and indirect seeing","pptx","73530","b3bcc4e117aac6273f74426eeabe52111fe1f60ec786a3f83f78cd2a89ddc8f7","15 slides","none","yes — 15 slide(s) with nonempty notes","Concise predictive-perception companion to the optical-illusion and predictive-mind sources","repaired/generated editable teaching source","Demonstrates perception as inference: size/shape/color/motion constancies, context-sensitive appearance, hollow-face and Adelson-style effects, microsaccade/motion cues, and the distinction between sensation, perception, and higher judgment.","Müller–Lyer, Ponzo/size constancy, leaning towers, hollow face, simultaneous contrast/checker shadow, no-red/colour-grid filling, same-colour balls, rotating snakes, line-crossing, and restored-sight illustrations. Use as predict-first demonstrations.","Primarily qualitative demonstrations; do not attach prevalence or cultural-universality claims without source evidence.","Helmholtz; Adelson; Gregory; Purves and Lotto; predictive-perception sources including Rao and Ballard and Clark. No extractable embedded hyperlink; bibliography text still requires source verification.","0 packaged media item(s). Rights are not established merely by inclusion in lecture notes. Use facts/data, not reproduced journal figures; redraw plots/tables from verified numeric results and cite the original study. Link to videos unless licensed. Replace commercial screenshots, celebrity/news photos, UI captures, cartoons, and textbook art with licensed/public-domain/original assets. Modification alone does not extinguish copyright. Basic geometry can be recreated; copyrighted illusion artwork/photos (for example checker-shadow or rotating-snakes originals) need permission or a new independent demonstration.","Chapter 06 contains extensive predictive-perception and illusion material; chapter 05 covers selective seeing.","Conceptually covered. Visual asset rights and accessibility are the main gaps; too many illusions can dilute the causal teaching arc.","Use 3–5 carefully redrawn, accessible demonstrations in chapter 06; move the remainder to an optional visual lab.","Content is readable; compare against underlying legacy/source deck and validate references before integration.","Container/content extraction succeeded; no parser error."
"01. Decision Making Process.pptx","01 Foundations — decision process","pptx","2515971","c6df8a6a315e946ef913285c8ea27fa2db3d39ef1e83d78f095b6a2bb6b99f30","26 slides","none","yes — 26 slide(s) with nonempty notes","Condensed synthesis drawing selected slides from the detailed decision_process lecture family","recent 26-slide synthesis; unsafe as citation authority","Decision anatomy: judgment separates prediction from valuation; choice commits and sacrifices alternatives; outcomes feed learning. Adds rationality as conditional coherence, bounded rationality/satisficing, process-versus-outcome evaluation, hindsight and self-serving bias, choice blindness, rationalization, and decision journaling.","Project deadline and candidate-fit forecasts; DVD versus saving; magazine decoy; organ default; poker/chess; Johansson face switch; Nisbett stockings; 65% launch forecast. Activities: draw the actual process, separate fact from value claims, set a stopping rule, keep a decision record, and diagnose the feedback loop.","Uses a 65% deadline forecast as an illustrative journal entry; examples from choice-blindness, opportunity-cost, decoy, default, and outcome-bias studies should inherit verified original effect sizes rather than slide summaries.","Simon (1955, 1956); Rangel, Camerer, and Montague (2008); Kahneman; Klein; Milkman et al.; Nisbett and Wilson; Johansson et al.; Kunda; Mercier and Sperber. No extractable embedded hyperlink; bibliography text still requires source verification.","13 packaged media item(s). Rights are not established merely by inclusion in lecture notes. Use facts/data, not reproduced journal figures; redraw plots/tables from verified numeric results and cite the original study. Link to videos unless licensed. Replace commercial screenshots, celebrity/news photos, UI captures, cartoons, and textbook art with licensed/public-domain/original assets. Modification alone does not extinguish copyright.","Strongly covered by chapters 01–03 and chapter 18; chapter 01 already contains the requested 'To Decide Is to Cut Off' text and the decision loop; chapter 02 distinguishes normative/descriptive/prescriptive models.","Mostly covered. Preserve the lecture's cumulative studio and the sharper stopping-rule/forecast-review activities; avoid repeating the same arrow/eyes/default examples in several chapters.","Chapters 01–03, followed by the narrator/decision-record material later; make the studio cumulative across those chapters.","Use only as a high-level teaching outline after repairing notes and source attributions; validate every claim against originals.","Container/content extraction succeeded; no parser error. Walnut-exported deck contains stale habit-lecture notes and/or mismatched templated per-slide source footers; examples are documented in the audit report. The 26-slide synthesis is structurally readable but editorially unvalidated."
"02 - Attention, Heuristics and Biases/02. Limited attention.pptx","02 Attention — selection, prediction, and expectation","pptx","67335500","18eb073abbfb67e8f88cdb700575357f66776e4b7c24b70a80062cdc224f94f9","18 slides","none","yes — 9 slide(s) with nonempty notes","none identified","supporting lecture source","Attention as evidence selection under limited capacity; top-down goals versus bottom-up capture; inattentional/change blindness, task switching, expert tunnel vision; then predictive perception, priors and precision, placebo/nocebo, mindsets, identity expectations, and social expectation loops.","Invisible gorilla and radiologist gorilla; HUD/pilot misses; card/color/change-blindness videos; magic/Focus; Shirl Jennings restored sight; bunny/Easter context; open-label placebo; stress/growth mindset; wine/beer/energy-drink description and price. Activities: attention audit, expectation loop, calibration disagreement.","Radiologist gorilla miss rate 83% is study-specific. The 6–10 billion sensory bits/s versus ~10 conscious bits/s claim derives from Zheng and Meister (2025) and should be presented as an order-of-magnitude argument, not a fixed human bandwidth. Brain 2%/20% and <~5% task-energy changes need precise sources.","Simons and Chabris; Drew, Võ, and Wolfe (2013); Mack and Rock; Rensink et al.; Zheng and Meister (2025); predictive-processing sources; placebo/nocebo and mindset literatures. Embedded hyperlinks (3): NULL; https://www.youtube.com/watch?v=GOF-saZ1XSQ; https://youtu.be/E26V363_k8o","17 packaged media item(s). Rights are not established merely by inclusion in lecture notes. Use facts/data, not reproduced journal figures; redraw plots/tables from verified numeric results and cite the original study. Link to videos unless licensed. Replace commercial screenshots, celebrity/news photos, UI captures, cartoons, and textbook art with licensed/public-domain/original assets. Modification alone does not extinguish copyright.","Chapters 05–08 provide substantial coverage, including the expert gorilla, divided demand, predictive inference, and expectation boundary conditions.","Mostly covered; retain the integrated teaching sequence and explicit forecast-calibration activity. Avoid fixed-capacity numerology and overgeneralized mindset/stereotype claims.","Attention → predictive mind → constructed value → expectation, before two-process thinking and heuristics.","Integrate distinctive, verified concepts/examples; preserve source unchanged.","Container/content extraction succeeded; no parser error."
"02 - Attention, Heuristics and Biases/03&04. Two systems of thinking.pdf","02 Heuristics — two-process thinking","pdf","5418120","64c0dbef5e6ee0d3a7bd7644eb69f22797da4d4406390798d79931971497b47a","57 pages","not applicable (flattened PDF)","not available in flattened PDF","PDF export/near-version of the same-named PPTX family; not byte- or page-identical","flattened/print lecture export","Contrasts fast, automatic, associative, affective processing with slower, effortful inspection while rejecting literal 'two brains.' Covers substitution, WYSIATI, CRT, Stroop, practice/expertise, cognitive load, emotional input, and post-hoc rationalization.","Bat-and-ball, machines/widgets, lily pads, keyboard/monitor price, Stroop, sea star versus panda concern, sunny-day life satisfaction, markets/sports/lottery, process versus outcome visualization, choice blindness, misattributed arousal, and scope-insensitivity birds.","Legacy class CRT rates (for example 29/58 and 35/42), Raven correlation .447 with p<.1, choice-blindness percentages, and bird WTP around $80/$78/$88 must be labeled sample-specific or rechecked. Triune/caveman-brain language is scientifically obsolete.","Kahneman; Evans and Stanovich; Frederick; Stroop; Nisbett and Wilson; Johansson et al.; Damasio; Hsee and Rottenstreich. No extractable embedded hyperlink; bibliography text still requires source verification.","53 PDF image XObject(s). Rights are not established merely by inclusion in lecture notes. Use facts/data, not reproduced journal figures; redraw plots/tables from verified numeric results and cite the original study. Link to videos unless licensed. Replace commercial screenshots, celebrity/news photos, UI captures, cartoons, and textbook art with licensed/public-domain/original assets. Modification alone does not extinguish copyright.","Chapter 04 is a well-calibrated treatment; chapters 09–10 unpack heuristics and affect.","Mostly covered. Preserve the live CRT/Stroop sequence and the lesson that slow thought can rationalize; exclude triune-brain simplification and stale classroom percentages.","After attention/prediction/expectation, then transition directly to ecological-fit heuristics.","Use for page-level visual/order comparison only; prefer editable PPTX or verified modern deck for integration.","Container/content extraction succeeded; no parser error."
"02 - Attention, Heuristics and Biases/03. Two systems of thinking.pdf","02 Heuristics — two-process thinking","pdf","2969444","d337c1c223d237d4b5d887ab8984d1af8c30e37a406a33c3d8dafabfd93fc4c4","25 pages","not applicable (flattened PDF)","not available in flattened PDF","25-page active-slide export of 03. Two systems of thinking.pptx (74 slides; slides 26–74 hidden)","flattened/print lecture export","Contrasts fast, automatic, associative, affective processing with slower, effortful inspection while rejecting literal 'two brains.' Covers substitution, WYSIATI, CRT, Stroop, practice/expertise, cognitive load, emotional input, and post-hoc rationalization.","Bat-and-ball, machines/widgets, lily pads, keyboard/monitor price, Stroop, sea star versus panda concern, sunny-day life satisfaction, markets/sports/lottery, process versus outcome visualization, choice blindness, misattributed arousal, and scope-insensitivity birds.","Legacy class CRT rates (for example 29/58 and 35/42), Raven correlation .447 with p<.1, choice-blindness percentages, and bird WTP around $80/$78/$88 must be labeled sample-specific or rechecked. Triune/caveman-brain language is scientifically obsolete.","Kahneman; Evans and Stanovich; Frederick; Stroop; Nisbett and Wilson; Johansson et al.; Damasio; Hsee and Rottenstreich. No extractable embedded hyperlink; bibliography text still requires source verification.","16 PDF image XObject(s). Rights are not established merely by inclusion in lecture notes. Use facts/data, not reproduced journal figures; redraw plots/tables from verified numeric results and cite the original study. Link to videos unless licensed. Replace commercial screenshots, celebrity/news photos, UI captures, cartoons, and textbook art with licensed/public-domain/original assets. Modification alone does not extinguish copyright.","Chapter 04 is a well-calibrated treatment; chapters 09–10 unpack heuristics and affect.","Mostly covered. Preserve the live CRT/Stroop sequence and the lesson that slow thought can rationalize; exclude triune-brain simplification and stale classroom percentages.","After attention/prediction/expectation, then transition directly to ecological-fit heuristics.","Use for page-level visual/order comparison only; prefer editable PPTX or verified modern deck for integration.","Container/content extraction succeeded; no parser error."
"02 - Attention, Heuristics and Biases/03. Two systems of thinking.pptx","02 Heuristics — two-process thinking","pptx","106341922","80ed51f81db2606819e97518829f33392b2222ae2ab50229207ea916095f6e1e","74 slides","26–74","yes — 35 slide(s) with nonempty notes","Editable/near-version companion to 02 - Attention, Heuristics and Biases/03. Two systems of thinking.pdf","supporting lecture source","Contrasts fast, automatic, associative, affective processing with slower, effortful inspection while rejecting literal 'two brains.' Covers substitution, WYSIATI, CRT, Stroop, practice/expertise, cognitive load, emotional input, and post-hoc rationalization.","Bat-and-ball, machines/widgets, lily pads, keyboard/monitor price, Stroop, sea star versus panda concern, sunny-day life satisfaction, markets/sports/lottery, process versus outcome visualization, choice blindness, misattributed arousal, and scope-insensitivity birds.","Legacy class CRT rates (for example 29/58 and 35/42), Raven correlation .447 with p<.1, choice-blindness percentages, and bird WTP around $80/$78/$88 must be labeled sample-specific or rechecked. Triune/caveman-brain language is scientifically obsolete.","Kahneman; Evans and Stanovich; Frederick; Stroop; Nisbett and Wilson; Johansson et al.; Damasio; Hsee and Rottenstreich. Embedded hyperlinks (11): https://app.peergrade.io/join/ECU2EV; https://doi.org/10.1017/S1930297500003673; https://doi.org/10.1037/xge0000489; https://doi.org/10.1126/science.1111709; https://econ-experiment.herokuapp.com/room/be; https://syddanskuni-my.sharepoint.com/:x:/g/personal/huanren_sam_sdu_dk/EZM0FaCWfBZInOtUQUsLBJoBYxNSTwBwnq-5VvBeoeFmoQ?e=17JRSS; https://www.polleverywhere.com/multiple_choice_polls/8chpPWcx0DUTK02TXimuc; https://www.polleverywhere.com/multiple_choice_polls/fOA89GLsZwxpKGLiq8rXJ?flow=Default&onscreen=persist; https://www.polleverywhere.com/multiple_choice_polls/hUhmmXLRQuPENw3v1dDx8; https://www.polleverywhere.com/multiple_choice_polls/jufHLsxl1SfqRRa0o3WOD?flow=Default&onscreen=persist; https://zecon.herokuapp.com/room/1/","70 packaged media item(s). Rights are not established merely by inclusion in lecture notes. Use facts/data, not reproduced journal figures; redraw plots/tables from verified numeric results and cite the original study. Link to videos unless licensed. Replace commercial screenshots, celebrity/news photos, UI captures, cartoons, and textbook art with licensed/public-domain/original assets. Modification alone does not extinguish copyright.","Chapter 04 is a well-calibrated treatment; chapters 09–10 unpack heuristics and affect.","Mostly covered. Preserve the live CRT/Stroop sequence and the lesson that slow thought can rationalize; exclude triune-brain simplification and stale classroom percentages.","After attention/prediction/expectation, then transition directly to ecological-fit heuristics.","Integrate distinctive, verified concepts/examples; preserve source unchanged.","Container/content extraction succeeded; no parser error."
"02 - Attention, Heuristics and Biases/04. Heuristics.pdf","02 Heuristics — adaptive shortcuts","pdf","4454887","7b83a60e98daabdd3db76a21292032b5ec98113551cb5ce91f5cf094d682a9c4","47 pages","not applicable (flattened PDF)","not available in flattened PDF","PDF export/near-version of the same-named PPTX family; not byte- or page-identical","flattened/print lecture export","Heuristics as adaptive cue-based rules rather than automatic defects; trigger features, substitution, affect/availability/representativeness, recognition, fast-and-frugal strategies, expertise, environment fit, and guardrails.","Turkey/polecat call, robin/bluethroat territorial cues, moth/ant/frog triggers, cuckoo and herring gull, medical-student syndrome, politician faces, fatal-risk availability, bridge/arousal, Linda/Bill, dinnerware, custody, decoy, Wason, and confidence intervals.","Facial-competence election prediction near 70%, fatal-risk estimates, arousal study effects, and experimental percentages require original-paper checks. Do not generalize animal fixed-action examples directly to human policy.","Tversky and Kahneman (1974); Gigerenzer and colleagues; Slovic; Dutton and Aron; Schachter and Singer; Todorov et al.; Wason. No extractable embedded hyperlink; bibliography text still requires source verification.","48 PDF image XObject(s). Rights are not established merely by inclusion in lecture notes. Use facts/data, not reproduced journal figures; redraw plots/tables from verified numeric results and cite the original study. Link to videos unless licensed. Replace commercial screenshots, celebrity/news photos, UI captures, cartoons, and textbook art with licensed/public-domain/original assets. Modification alone does not extinguish copyright.","Chapters 09–12 cover ecological fit, affect/availability, resemblance, base rates, and probability errors.","Mostly covered. Some vivid animal demonstrations and the heuristic-detector activity can enrich chapter 09; causal and universality claims need bounds.","Chapter 09 general toolkit, then chapters 10–12 for the three major probability-related families.","Use for page-level visual/order comparison only; prefer editable PPTX or verified modern deck for integration.","Container/content extraction succeeded; no parser error."
"02 - Attention, Heuristics and Biases/04. Heuristics.pptx","02 Heuristics — adaptive shortcuts","pptx","62777170","ba8dd61c695ce8078ae3a70b8bf0d5ebc024aed61b92c6d9ba6ede76fb720c08","106 slides","61–106","yes — 50 slide(s) with nonempty notes","Editable/near-version companion to 02 - Attention, Heuristics and Biases/04. Heuristics.pdf","supporting lecture source","Heuristics as adaptive cue-based rules rather than automatic defects; trigger features, substitution, affect/availability/representativeness, recognition, fast-and-frugal strategies, expertise, environment fit, and guardrails.","Turkey/polecat call, robin/bluethroat territorial cues, moth/ant/frog triggers, cuckoo and herring gull, medical-student syndrome, politician faces, fatal-risk availability, bridge/arousal, Linda/Bill, dinnerware, custody, decoy, Wason, and confidence intervals.","Facial-competence election prediction near 70%, fatal-risk estimates, arousal study effects, and experimental percentages require original-paper checks. Do not generalize animal fixed-action examples directly to human policy.","Tversky and Kahneman (1974); Gigerenzer and colleagues; Slovic; Dutton and Aron; Schachter and Singer; Todorov et al.; Wason. Embedded hyperlinks (7): https://www.polleverywhere.com/multiple_choice_polls/4Mr1owwmq09phk6dUeFdV?display_state=instructions&activity_state=opened&state=opened&flow=Engagement&onscreen=persist; https://www.polleverywhere.com/multiple_choice_polls/X3nPq8hoC7d8djsKO9NKc?display_state=instructions&activity_state=opened&state=opened&flow=Engagement&onscreen=persist; https://www.polleverywhere.com/multiple_choice_polls/kfAytS5uIQN5ZIoTPlQRD?flow=Default&onscreen=persist; https://www.polleverywhere.com/multiple_choice_polls/twuzoTo8Fz32lfqx8kxnw?display_state=instructions&activity_state=opened&state=opened&flow=Instructor&onscreen=persist; https://www.polleverywhere.com/multiple_choice_polls/twuzoTo8Fz32lfqx8kxnw?state=opened&flow=Default&onscreen=persist; https://youtu.be/tyDQFmA1SpU; https://youtu.be/voAntzB7EwE","97 packaged media item(s). Rights are not established merely by inclusion in lecture notes. Use facts/data, not reproduced journal figures; redraw plots/tables from verified numeric results and cite the original study. Link to videos unless licensed. Replace commercial screenshots, celebrity/news photos, UI captures, cartoons, and textbook art with licensed/public-domain/original assets. Modification alone does not extinguish copyright.","Chapters 09–12 cover ecological fit, affect/availability, resemblance, base rates, and probability errors.","Mostly covered. Some vivid animal demonstrations and the heuristic-detector activity can enrich chapter 09; causal and universality claims need bounds.","Chapter 09 general toolkit, then chapters 10–12 for the three major probability-related families.","Integrate distinctive, verified concepts/examples; preserve source unchanged.","Container/content extraction succeeded; no parser error."
"02 - Attention, Heuristics and Biases/04.1. Optical Illusions.pdf","01–02 Perception — optical illusions and indirect seeing","pdf","4167425","8ed2e0bb9bb46160ccb10ee5d86d667c4606e64d38159bfc8b5f81146adfdf0c","26 pages","not applicable (flattened PDF)","not available in flattened PDF","PDF export/near-version of the same-named PPTX family; not byte- or page-identical","flattened/print lecture export","Demonstrates perception as inference: size/shape/color/motion constancies, context-sensitive appearance, hollow-face and Adelson-style effects, microsaccade/motion cues, and the distinction between sensation, perception, and higher judgment.","Müller–Lyer, Ponzo/size constancy, leaning towers, hollow face, simultaneous contrast/checker shadow, no-red/colour-grid filling, same-colour balls, rotating snakes, line-crossing, and restored-sight illustrations. Use as predict-first demonstrations.","Primarily qualitative demonstrations; do not attach prevalence or cultural-universality claims without source evidence.","Helmholtz; Adelson; Gregory; Purves and Lotto; predictive-perception sources including Rao and Ballard and Clark. No extractable embedded hyperlink; bibliography text still requires source verification.","38 PDF image XObject(s). Rights are not established merely by inclusion in lecture notes. Use facts/data, not reproduced journal figures; redraw plots/tables from verified numeric results and cite the original study. Link to videos unless licensed. Replace commercial screenshots, celebrity/news photos, UI captures, cartoons, and textbook art with licensed/public-domain/original assets. Modification alone does not extinguish copyright. Basic geometry can be recreated; copyrighted illusion artwork/photos (for example checker-shadow or rotating-snakes originals) need permission or a new independent demonstration.","Chapter 06 contains extensive predictive-perception and illusion material; chapter 05 covers selective seeing.","Conceptually covered. Visual asset rights and accessibility are the main gaps; too many illusions can dilute the causal teaching arc.","Use 3–5 carefully redrawn, accessible demonstrations in chapter 06; move the remainder to an optional visual lab.","Use for page-level visual/order comparison only; prefer editable PPTX or verified modern deck for integration.","Container/content extraction succeeded; no parser error."
"02 - Attention, Heuristics and Biases/04.1. Optical Illusions.pptx","01–02 Perception — optical illusions and indirect seeing","pptx","44358421","ff915790dbd910e04596d8e076323eff85faa6e10af199ed68b9a1018993037c","27 slides","none","yes — 2 slide(s) with nonempty notes","Editable/near-version companion to 02 - Attention, Heuristics and Biases/04.1. Optical Illusions.pdf","supporting lecture source","Demonstrates perception as inference: size/shape/color/motion constancies, context-sensitive appearance, hollow-face and Adelson-style effects, microsaccade/motion cues, and the distinction between sensation, perception, and higher judgment.","Müller–Lyer, Ponzo/size constancy, leaning towers, hollow face, simultaneous contrast/checker shadow, no-red/colour-grid filling, same-colour balls, rotating snakes, line-crossing, and restored-sight illustrations. Use as predict-first demonstrations.","Primarily qualitative demonstrations; do not attach prevalence or cultural-universality claims without source evidence.","Helmholtz; Adelson; Gregory; Purves and Lotto; predictive-perception sources including Rao and Ballard and Clark. No extractable embedded hyperlink; bibliography text still requires source verification.","39 packaged media item(s). Rights are not established merely by inclusion in lecture notes. Use facts/data, not reproduced journal figures; redraw plots/tables from verified numeric results and cite the original study. Link to videos unless licensed. Replace commercial screenshots, celebrity/news photos, UI captures, cartoons, and textbook art with licensed/public-domain/original assets. Modification alone does not extinguish copyright. Basic geometry can be recreated; copyrighted illusion artwork/photos (for example checker-shadow or rotating-snakes originals) need permission or a new independent demonstration.","Chapter 06 contains extensive predictive-perception and illusion material; chapter 05 covers selective seeing.","Conceptually covered. Visual asset rights and accessibility are the main gaps; too many illusions can dilute the causal teaching arc.","Use 3–5 carefully redrawn, accessible demonstrations in chapter 06; move the remainder to an optional visual lab.","Integrate distinctive, verified concepts/examples; preserve source unchanged.","Container/content extraction succeeded; no parser error."
"02 - Attention, Heuristics and Biases/05. Biases.pdf","02 Biases — story protection and contextual judgment","pdf","5770295","0db3462baa71dbe532f2077620b8c88f30547ee3202cf2ff7383a847839555e7","75 pages","not applicable (flattened PDF)","not available in flattened PDF","PDF export/near-version of the same-named PPTX family; not byte- or page-identical","flattened/print lecture export","Confirmation/myside bias, Barnum effects, expectancy and stereotypes, overconfidence forms, planning fallacy, self-serving bias, anchoring, left-digit effects, halo, decoys, choice overload, sunk cost, order and wording effects, priming, mere exposure, and debiasing procedures.","Wason rule test; Forer personality feedback; teacher expectation; aging stereotypes; entrepreneurs/drivers; confidence-interval quiz; litigation settlement; anchoring arithmetic and prices; Asian disease; ramen eggs/order calories; Loftus wording; jam display; decoy.","Forer 4.30/5 and class 6.20 or 6.80/10; confidence coverage 54%/49%; settlement 72% versus 94%; jam purchase 30% versus 3%; Flyvbjerg 16,000 projects/136 countries; healthy-prime 75%. Each needs exact study/sample verification and context; apparent conflicts among deck versions must not be averaged.","Nickerson; Forer; Rosenthal and Jacobson; Lichtenstein et al.; Buehler et al.; Flyvbjerg; Kunda; Mussweiler and Strack; Iyengar and Lepper; Chernev et al.; replication reviews. Embedded hyperlinks (1): https://youtu.be/gZA2770_f84","60 PDF image XObject(s). Rights are not established merely by inclusion in lecture notes. Use facts/data, not reproduced journal figures; redraw plots/tables from verified numeric results and cite the original study. Link to videos unless licensed. Replace commercial screenshots, celebrity/news photos, UI captures, cartoons, and textbook art with licensed/public-domain/original assets. Modification alone does not extinguish copyright.","Chapters 13–17 cover the durable mechanisms and include replication cautions for priming and fluency.","Mostly covered. Add source-specific numbers only after verification; keep choice overload conditional and fragile social/embodied priming out of the core text.","Chapters 13–17, with evidence-boundary boxes and an end-of-part debiasing/decision-hygiene bridge.","Use for page-level visual/order comparison only; prefer editable PPTX or verified modern deck for integration.","Container/content extraction succeeded; no parser error."
"02 - Attention, Heuristics and Biases/05. Biases.pptx","02 Biases — story protection and contextual judgment","pptx","32241748","09d3b400cb866ab3b521b0a06fce5db225c3d6f559bb4ac951436068d9df1835","126 slides","70, 85–126","yes — 55 slide(s) with nonempty notes","Editable/near-version companion to 02 - Attention, Heuristics and Biases/05. Biases.pdf","supporting lecture source","Confirmation/myside bias, Barnum effects, expectancy and stereotypes, overconfidence forms, planning fallacy, self-serving bias, anchoring, left-digit effects, halo, decoys, choice overload, sunk cost, order and wording effects, priming, mere exposure, and debiasing procedures.","Wason rule test; Forer personality feedback; teacher expectation; aging stereotypes; entrepreneurs/drivers; confidence-interval quiz; litigation settlement; anchoring arithmetic and prices; Asian disease; ramen eggs/order calories; Loftus wording; jam display; decoy.","Forer 4.30/5 and class 6.20 or 6.80/10; confidence coverage 54%/49%; settlement 72% versus 94%; jam purchase 30% versus 3%; Flyvbjerg 16,000 projects/136 countries; healthy-prime 75%. Each needs exact study/sample verification and context; apparent conflicts among deck versions must not be averaged.","Nickerson; Forer; Rosenthal and Jacobson; Lichtenstein et al.; Buehler et al.; Flyvbjerg; Kunda; Mussweiler and Strack; Iyengar and Lepper; Chernev et al.; replication reviews. Embedded hyperlinks (9): http://www; http://www.craniofacial.net/; https://twitter.com/realDonaldTrump/; https://www.polleverywhere.com/multiple_choice_polls/4Mr1owwmq09phk6dUeFdV?flow=Default&onscreen=persist; https://www.polleverywhere.com/multiple_choice_polls/X3nPq8hoC7d8djsKO9NKc?flow=Default&onscreen=persist; https://www.polleverywhere.com/multiple_choice_polls/kfAytS5uIQN5ZIoTPlQRD?flow=Default&onscreen=persist; https://youtu.be/gZA2770_f84; https://youtu.be/tyDQFmA1SpU; https://youtu.be/voAntzB7EwE","103 packaged media item(s). Rights are not established merely by inclusion in lecture notes. Use facts/data, not reproduced journal figures; redraw plots/tables from verified numeric results and cite the original study. Link to videos unless licensed. Replace commercial screenshots, celebrity/news photos, UI captures, cartoons, and textbook art with licensed/public-domain/original assets. Modification alone does not extinguish copyright.","Chapters 13–17 cover the durable mechanisms and include replication cautions for priming and fluency.","Mostly covered. Add source-specific numbers only after verification; keep choice overload conditional and fragile social/embodied priming out of the core text.","Chapters 13–17, with evidence-boundary boxes and an end-of-part debiasing/decision-hygiene bridge.","Integrate distinctive, verified concepts/examples; preserve source unchanged.","Container/content extraction succeeded; no parser error."
"02 - Attention, Heuristics and Biases/07. Cognitive Ease.pdf","02 Context — cognitive ease and familiarity","pdf","2862485","7a7eb22d1b5b6a7cb7ff2325118c7d5d38e0e726cc83d3c83efd46b6efbca8cf","24 pages","not applicable (flattened PDF)","not available in flattened PDF","24-page active-slide export of 07. Cognitive Ease.pptx (87 slides; slides 25–87 hidden)","flattened/print lecture export","Processing fluency as a metacognitive cue for truth, trust, familiarity, liking, safety, and reduced scrutiny; mere exposure, repetition, rhyme, legibility, pronounceability, proximity/touch, and the limits of deliberate disfluency.","Mars/Zoom/Tweeter/Signal ticker confusion; alcohol advertising; prenatal taste and familiar faces/rhythm; Midas touch; rhyming aphorisms; pronounceable tickers; Johnny Cochran and Theresa May; true/false repetition lab.","Ticker, touch, exposure, truth, and advertising effects are design- and replication-dependent; avoid old hidden claims about current AI models without live verification.","Zajonc; Reber, Schwarz, and Winkielman; Alter and Oppenheimer; Hasher et al.; Fazio et al.; Unkelbach and Greifeneder; replication work. Embedded hyperlinks (4): https://www.youtube.com/watch?v=43Mw-f6vIbo; https://youtu.be/BuCMSuLGyJ4; https://youtu.be/HxtpMqr7xWw; https://youtu.be/WAps0fJdPa4","31 PDF image XObject(s). Rights are not established merely by inclusion in lecture notes. Use facts/data, not reproduced journal figures; redraw plots/tables from verified numeric results and cite the original study. Link to videos unless licensed. Replace commercial screenshots, celebrity/news photos, UI captures, cartoons, and textbook art with licensed/public-domain/original assets. Modification alone does not extinguish copyright.","Chapter 17 is comprehensive and scientifically bounded.","Conceptually covered; select only a few rights-safe examples and retain the warning that difficulty is not a universal debiasing tool.","Chapter 17 after framing and priming; retain a short communication/design application.","Use for page-level visual/order comparison only; prefer editable PPTX or verified modern deck for integration.","Container/content extraction succeeded; no parser error."
"02 - Attention, Heuristics and Biases/07. Cognitive Ease.pptx","02 Context — cognitive ease and familiarity","pptx","25412556","6f21154d27b3b5df17d70de313d26fde492df2fe7b9e8c60f635b126f6b4a005","87 slides","25–87","yes — 39 slide(s) with nonempty notes","Editable/near-version companion to 02 - Attention, Heuristics and Biases/07. Cognitive Ease.pdf","supporting lecture source","Processing fluency as a metacognitive cue for truth, trust, familiarity, liking, safety, and reduced scrutiny; mere exposure, repetition, rhyme, legibility, pronounceability, proximity/touch, and the limits of deliberate disfluency.","Mars/Zoom/Tweeter/Signal ticker confusion; alcohol advertising; prenatal taste and familiar faces/rhythm; Midas touch; rhyming aphorisms; pronounceable tickers; Johnny Cochran and Theresa May; true/false repetition lab.","Ticker, touch, exposure, truth, and advertising effects are design- and replication-dependent; avoid old hidden claims about current AI models without live verification.","Zajonc; Reber, Schwarz, and Winkielman; Alter and Oppenheimer; Hasher et al.; Fazio et al.; Unkelbach and Greifeneder; replication work. Embedded hyperlinks (14): https://app.peergrade.io/join/ECU2EV; https://syddanskuni-my.sharepoint.com/:x:/g/personal/huanren_sam_sdu_dk/EZM0FaCWfBZInOtUQUsLBJoBYxNSTwBwnq-5VvBeoeFmoQ?e=17JRSS; https://www.polleverywhere.com/free_text_polls/6wNQJVytyp4Ol2PfXktlh; https://www.polleverywhere.com/free_text_polls/CKmaE3zjZYKCpZjAVBlVY; https://www.polleverywhere.com/free_text_polls/bhGVGCvGEidHuuTb9tdGm; https://www.polleverywhere.com/multiple_choice_polls/8chpPWcx0DUTK02TXimuc; https://www.polleverywhere.com/multiple_choice_polls/hUhmmXLRQuPENw3v1dDx8; https://www.polleverywhere.com/multiple_choice_polls/m51Qi9JJBMWfyIiAYiQyJ; https://www.polleverywhere.com/multiple_choice_polls/rMGz1PT4zULftgcFmFGIJ; https://www.youtube.com/watch?v=43Mw-f6vIbo; https://youtu.be/BuCMSuLGyJ4; https://youtu.be/HxtpMqr7xWw; https://youtu.be/WAps0fJdPa4; https://zecon.herokuapp.com/room/1/","83 packaged media item(s). Rights are not established merely by inclusion in lecture notes. Use facts/data, not reproduced journal figures; redraw plots/tables from verified numeric results and cite the original study. Link to videos unless licensed. Replace commercial screenshots, celebrity/news photos, UI captures, cartoons, and textbook art with licensed/public-domain/original assets. Modification alone does not extinguish copyright.","Chapter 17 is comprehensive and scientifically bounded.","Conceptually covered; select only a few rights-safe examples and retain the warning that difficulty is not a universal debiasing tool.","Chapter 17 after framing and priming; retain a short communication/design application.","Integrate distinctive, verified concepts/examples; preserve source unchanged.","Container/content extraction succeeded; no parser error."
"02. Neuroscience of Judgment.pptx","01 Foundations — neuroscience of judgment and decision","pptx","88771662","05c3187eb9fb0c93303a06503eb238da99b19539df4266f4941f4af7d7397ae7","479 slides","none","yes — 479 slide(s) with nonempty notes","Compilation of many original lecture slides, largely as full-slide images, with source-file notes; not an independent lecture","479-slide rasterized preservation/compilation archive","Introduces brain-method cautions and distributed systems for valuation, attention, learning, emotion, self-relevance, social relevance/mentalizing, and habit. Older decks also cover EEG/MEG/PET/fMRI/TMS, temporal/spatial resolution, reward prediction error, default-mode and prefrontal systems, and automatic evaluation.","Prosopagnosia/Capgras contrasts; subliminal incentive grip; prediction-error cue transfer; self-name/red-car salience; social approval/rejection; bank-identity coin flips; lesion evidence; liking versus wanting; imaging-method comparison.","Legacy claims include ~2% body mass/~20% resting energy, ~100 billion cells, and small task-energy changes; use current neuroscience sources and avoid a single 'value center.' Bank-identity and implicit-egoism percentages require original-data verification.","Rangel et al. (2008); Bartra et al. (2013); Levy and Glimcher (2012); Schultz et al. (1997); Berridge and Robinson; Damasio; Frith and Frith; Saxe and Kanwisher; Pessiglione et al. (2007). No extractable embedded hyperlink; bibliography text still requires source verification.","458 packaged media item(s). Rights are not established merely by inclusion in lecture notes. Use facts/data, not reproduced journal figures; redraw plots/tables from verified numeric results and cite the original study. Link to videos unless licensed. Replace commercial screenshots, celebrity/news photos, UI captures, cartoons, and textbook art with licensed/public-domain/original assets. Modification alone does not extinguish copyright. This compilation contains 458 rasterized source-slide images and should not be treated as a reusable image library.","Distributed valuation is covered in chapters/07-value-is-constructed.qmd; predictive perception in chapter 06; expectation in chapter 08; dopamine/habit in chapters 19–20. Imaging methods and inference limits receive little explicit treatment.","Partial: the book has the core mechanisms, but lacks a compact 'how neuroscience knows' box comparing methods, reverse-inference limits, spatial/temporal resolution, and lesion versus correlational evidence. Several legacy claims need deletion or recalibration.","Place a short methods-and-claims box before constructed value; integrate distributed valuation into the valuation chapter, prediction error into habits, and mentalizing into communication/negotiation rather than creating a brain-region catalogue.","Archive/audit aid only; integrate from editable originals, not from 458 raster slide images.","Container/content extraction succeeded; no parser error."
"03 - Context, Habits and Choice Architecture/00. Choice Architecture.pptx","03 Choice architecture and nudge","pptx","5328721","a27184154813c22c9f59e7f75cd3311757125b058e3229160332a4bafcd863dd","19 slides","none","yes — 1 slide(s) with nonempty notes","Exact SHA-256 duplicate of BE06. Choice Architecture.pptx","legacy visual-led source; exact-duplicate representative","Defines choice architecture and distinguishes nudge, boost, information, incentive, mandate, sludge, and deceptive design. Covers menu construction, defaults/active choice, mapping and metrics, simplification/friction, timely prompts, feedback/error-proofing, heterogeneous effects, welfare, governance, transparency, and experiment-as-hypothesis.","Organ donation; deceptive defaults; Copenhagen airport door-flow redesign; eight health plans plus calculator; wine order and menu eye tracking; MPG versus GPM; labels/warnings; choice engines; missed appointments, course registration, subscription cancellation, and default A/B ethics hearing.","CPH airport slide says ~90% used the right door and imbalance was substantially reduced; verify denominator, period, and intervention. Default and nudge meta-analytic effect sizes are heterogeneous and contested; report mechanisms and uncertainty.","Thaler and Sunstein; Johnson and Goldstein; Madrian and Shea; Benartzi et al.; Mertens et al.; Maier et al.; Szaszi et al.; Chernev et al.; Gigerenzer; Sunstein; sludge/dark-pattern research. No extractable embedded hyperlink; bibliography text still requires source verification.","19 packaged media item(s). Rights are not established merely by inclusion in lecture notes. Use facts/data, not reproduced journal figures; redraw plots/tables from verified numeric results and cite the original study. Link to videos unless licensed. Replace commercial screenshots, celebrity/news photos, UI captures, cartoons, and textbook art with licensed/public-domain/original assets. Modification alone does not extinguish copyright.","Chapter 36 is comprehensive and well bounded; chapters 03 and 21 provide opportunity-cost and behavior-design bridges.","Mostly covered, but the lecture's concrete mapping examples (health-plan calculator, GPM, airport flow) and default-mechanism heterogeneity would make the chapter more teachable.","Move the choice-architecture chapter directly after behavior design; keep governance/ethics as the culminating test.","Use as the representative copy for content audit; preserve the second path only in the ledger.","Container/content extraction succeeded; no parser error. Exact duplicate group confirmed by SHA-256."
"03 - Context, Habits and Choice Architecture/05. Habit and Behavior Design.pdf","03 Habits and behavior design","pdf","738011","50adae7948cffb60351265ceef95126a484626391ae652c93e53581139f51c13","13 pages","not applicable (flattened PDF)","not available in flattened PDF","Text-equivalent export of conscious_decisions_vs_habits  -  Repaired.pptx (13 pages/slides)","flattened/print lecture export","Habit as cue–response tendency learned by repetition in stable context; goal-directed versus habitual control; reward prediction error, wanting versus liking, variable reinforcement, intention–behavior gap, self-control without moralizing, urge surfing, implementation intentions, WOOP, B=MAP, friction/defaults, temptation bundling, fresh starts, relapse, and ethics.","Stale popcorn; defensive email/meeting loop; phone checking/snacking/procrastination autopsy; one-minute urge surfing; 25-minute design studio; flu-vaccination date/time prompt; temptation bundling and fresh-start planning.","Lally et al. median 66 days with 18–254-day range to 95% asymptote; vaccination date/time prompt +4.2 percentage points. Ego-depletion and marshmallow-test interpretations require replication/context caveats.","Wood and Neal; Wood and Rünger; Lally et al. (2010); Graybiel; Schultz; Berridge; Gollwitzer; Oettingen; Milkman et al.; Fogg; ego-depletion and marshmallow reassessments. No extractable embedded hyperlink; bibliography text still requires source verification.","169 PDF image XObject(s). Rights are not established merely by inclusion in lecture notes. Use facts/data, not reproduced journal figures; redraw plots/tables from verified numeric results and cite the original study. Link to videos unless licensed. Replace commercial screenshots, celebrity/news photos, UI captures, cartoons, and textbook art with licensed/public-domain/original assets. Modification alone does not extinguish copyright.","Chapters 19–21 cover the full loop, wanting/self-control, and behavior design with appropriate caveats.","Mostly covered. Preserve the complete deck's richer studios and exact quantitative examples; avoid presenting 66 days as a deadline or dopamine as pleasure.","Habits → wanting/self-control → behavior design; immediately follow with choice architecture so individual and environmental design remain connected.","Use for page-level visual/order comparison only; prefer editable PPTX or verified modern deck for integration.","Container/content extraction succeeded; no parser error."
"03 - Context, Habits and Choice Architecture/06&07. Contextual Influence.pdf","03 Context — framing, priming, and contextual influence","pdf","7373980","8e64e978629af841aab584d7171a699eff12db53ea4ef37554516afdf2e805e5","59 pages","not applicable (flattened PDF)","not available in flattened PDF","PDF export/near-version of the same-named PPTX family; not byte- or page-identical","flattened/print lecture export","Context changes retrieval, interpretation, reference points, affect, fluency, and action. Covers gain/loss framing, associative and context-dependent memory, semantic/affective/goal priming, mere exposure, placebo, embodied claims, replication failure, and ethical influence.","Asian disease; land/water memory; word completion; brand/price associations; market-ticker name errors; placebo and subliminal cues; embodied warmth/posture; healthy-food goal prime; classroom reframing and replication audit.","Transfer robust equivalence/framing, semantic priming, and mere exposure. Exclude or sharply qualify elderly-walking, warmth/personality, posture/power, cleanliness/morality, and other fragile embodied/social priming claims.","Tversky and Kahneman (1981); Tulving; Bargh and Chartrand; Cesario; Zajonc; Open Science Collaboration; Many Labs/replication reviews; placebo sources. Embedded hyperlinks (4): https://www.youtube.com/watch?v=43Mw-f6vIbo; https://youtu.be/BuCMSuLGyJ4; https://youtu.be/HxtpMqr7xWw; https://youtu.be/WAps0fJdPa4","61 PDF image XObject(s). Rights are not established merely by inclusion in lecture notes. Use facts/data, not reproduced journal figures; redraw plots/tables from verified numeric results and cite the original study. Link to videos unless licensed. Replace commercial screenshots, celebrity/news photos, UI captures, cartoons, and textbook art with licensed/public-domain/original assets. Modification alone does not extinguish copyright.","Chapters 15–17 provide substantial framing, priming, fluency, evidence, and ethics coverage.","Mostly covered. The main need is source verification and careful separation of semantic/perceptual priming from broad behavioral 'mind-control' claims.","After prospect theory/reference dependence, then framing → priming → fluency, followed by narrator/habits.","Use for page-level visual/order comparison only; prefer editable PPTX or verified modern deck for integration.","Container/content extraction succeeded; no parser error."
"03 - Context, Habits and Choice Architecture/06&07. Contextual Influence.pptx","03 Context — framing, priming, and contextual influence","pptx","34093123","e2e75194dede9d5f240f352e09a5679919676c19eedb28df3175c36c422efe9d","124 slides","62–124","yes — 62 slide(s) with nonempty notes","Editable/near-version companion to 03 - Context, Habits and Choice Architecture/06&07. Contextual Influence.pdf","supporting lecture source","Context changes retrieval, interpretation, reference points, affect, fluency, and action. Covers gain/loss framing, associative and context-dependent memory, semantic/affective/goal priming, mere exposure, placebo, embodied claims, replication failure, and ethical influence.","Asian disease; land/water memory; word completion; brand/price associations; market-ticker name errors; placebo and subliminal cues; embodied warmth/posture; healthy-food goal prime; classroom reframing and replication audit.","Transfer robust equivalence/framing, semantic priming, and mere exposure. Exclude or sharply qualify elderly-walking, warmth/personality, posture/power, cleanliness/morality, and other fragile embodied/social priming claims.","Tversky and Kahneman (1981); Tulving; Bargh and Chartrand; Cesario; Zajonc; Open Science Collaboration; Many Labs/replication reviews; placebo sources. Embedded hyperlinks (23): https://app.peergrade.io/join/ECU2EV; https://doi.org/10.1002/(SICI)1520-6793(199608)13:5; https://doi.org/10.1016/j.cognition.2009.12.012; https://doi.org/10.1016/j.jcps.2010.11.004; https://doi.org/10.1016/j.jesp.2005.12.002; https://doi.org/10.1037/bul0000030; https://doi.org/10.1038/30976; https://doi.org/10.1126/science.1140459; https://doi.org/10.1177/0956797611412041; https://doi.org/10.1523/JNEUROSCI.18-01-00411.1998; https://syddanskuni-my.sharepoint.com/:x:/g/personal/huanren_sam_sdu_dk/EZM0FaCWfBZInOtUQUsLBJoBYxNSTwBwnq-5VvBeoeFmoQ?e=17JRSS; https://www.polleverywhere.com/free_text_polls/6wNQJVytyp4Ol2PfXktlh; https://www.polleverywhere.com/free_text_polls/CKmaE3zjZYKCpZjAVBlVY; https://www.polleverywhere.com/free_text_polls/bhGVGCvGEidHuuTb9tdGm; https://www.polleverywhere.com/multiple_choice_polls/8chpPWcx0DUTK02TXimuc; https://www.polleverywhere.com/multiple_choice_polls/hUhmmXLRQuPENw3v1dDx8; https://www.polleverywhere.com/multiple_choice_polls/m51Qi9JJBMWfyIiAYiQyJ; https://www.polleverywhere.com/multiple_choice_polls/rMGz1PT4zULftgcFmFGIJ; https://www.youtube.com/watch?v=43Mw-f6vIbo; https://youtu.be/BuCMSuLGyJ4; https://youtu.be/HxtpMqr7xWw; https://youtu.be/WAps0fJdPa4; https://zecon.herokuapp.com/room/1/","111 packaged media item(s). Rights are not established merely by inclusion in lecture notes. Use facts/data, not reproduced journal figures; redraw plots/tables from verified numeric results and cite the original study. Link to videos unless licensed. Replace commercial screenshots, celebrity/news photos, UI captures, cartoons, and textbook art with licensed/public-domain/original assets. Modification alone does not extinguish copyright.","Chapters 15–17 provide substantial framing, priming, fluency, evidence, and ethics coverage.","Mostly covered. The main need is source verification and careful separation of semantic/perceptual priming from broad behavioral 'mind-control' claims.","After prospect theory/reference dependence, then framing → priming → fluency, followed by narrator/habits.","Integrate distinctive, verified concepts/examples; preserve source unchanged.","Container/content extraction succeeded; no parser error."
"03 - Context, Habits and Choice Architecture/06. Framing & Priming.pdf","03 Context — framing, priming, and contextual influence","pdf","4926169","5a616dabb044b86d5063234c69f9d6774fc2bc912bd3169539082c81716c3e71","39 pages","not applicable (flattened PDF)","not available in flattened PDF","PDF export/near-version of the same-named PPTX family; not byte- or page-identical","flattened/print lecture export","Context changes retrieval, interpretation, reference points, affect, fluency, and action. Covers gain/loss framing, associative and context-dependent memory, semantic/affective/goal priming, mere exposure, placebo, embodied claims, replication failure, and ethical influence.","Asian disease; land/water memory; word completion; brand/price associations; market-ticker name errors; placebo and subliminal cues; embodied warmth/posture; healthy-food goal prime; classroom reframing and replication audit.","Transfer robust equivalence/framing, semantic priming, and mere exposure. Exclude or sharply qualify elderly-walking, warmth/personality, posture/power, cleanliness/morality, and other fragile embodied/social priming claims.","Tversky and Kahneman (1981); Tulving; Bargh and Chartrand; Cesario; Zajonc; Open Science Collaboration; Many Labs/replication reviews; placebo sources. No extractable embedded hyperlink; bibliography text still requires source verification.","31 PDF image XObject(s). Rights are not established merely by inclusion in lecture notes. Use facts/data, not reproduced journal figures; redraw plots/tables from verified numeric results and cite the original study. Link to videos unless licensed. Replace commercial screenshots, celebrity/news photos, UI captures, cartoons, and textbook art with licensed/public-domain/original assets. Modification alone does not extinguish copyright.","Chapters 15–17 provide substantial framing, priming, fluency, evidence, and ethics coverage.","Mostly covered. The main need is source verification and careful separation of semantic/perceptual priming from broad behavioral 'mind-control' claims.","After prospect theory/reference dependence, then framing → priming → fluency, followed by narrator/habits.","Use for page-level visual/order comparison only; prefer editable PPTX or verified modern deck for integration.","Container/content extraction succeeded; no parser error."
"03 - Context, Habits and Choice Architecture/06. Framing & Priming.pptx","03 Context — framing, priming, and contextual influence","pptx","31391533","1275594c5f2e69eb36e4f59fd2e2d49bad431f307c4b8a1ed77ffb83460e765d","106 slides","44–106","yes — 49 slide(s) with nonempty notes","Editable/near-version companion to 03 - Context, Habits and Choice Architecture/06. Framing & Priming.pdf","supporting lecture source","Context changes retrieval, interpretation, reference points, affect, fluency, and action. Covers gain/loss framing, associative and context-dependent memory, semantic/affective/goal priming, mere exposure, placebo, embodied claims, replication failure, and ethical influence.","Asian disease; land/water memory; word completion; brand/price associations; market-ticker name errors; placebo and subliminal cues; embodied warmth/posture; healthy-food goal prime; classroom reframing and replication audit.","Transfer robust equivalence/framing, semantic priming, and mere exposure. Exclude or sharply qualify elderly-walking, warmth/personality, posture/power, cleanliness/morality, and other fragile embodied/social priming claims.","Tversky and Kahneman (1981); Tulving; Bargh and Chartrand; Cesario; Zajonc; Open Science Collaboration; Many Labs/replication reviews; placebo sources. Embedded hyperlinks (20): https://app.peergrade.io/join/ECU2EV; https://doi.org/10.1002/(SICI)1520-6793(199608)13:5; https://doi.org/10.1016/j.cognition.2009.12.012; https://doi.org/10.1016/j.jcps.2010.11.004; https://doi.org/10.1016/j.jesp.2005.12.002; https://doi.org/10.1037/bul0000030; https://doi.org/10.1038/30976; https://doi.org/10.1126/science.1140459; https://doi.org/10.1177/0956797611412041; https://doi.org/10.1523/JNEUROSCI.18-01-00411.1998; https://syddanskuni-my.sharepoint.com/:x:/g/personal/huanren_sam_sdu_dk/EZM0FaCWfBZInOtUQUsLBJoBYxNSTwBwnq-5VvBeoeFmoQ?e=17JRSS; https://www.polleverywhere.com/free_text_polls/6wNQJVytyp4Ol2PfXktlh; https://www.polleverywhere.com/free_text_polls/CKmaE3zjZYKCpZjAVBlVY; https://www.polleverywhere.com/free_text_polls/bhGVGCvGEidHuuTb9tdGm; https://www.polleverywhere.com/multiple_choice_polls/8chpPWcx0DUTK02TXimuc; https://www.polleverywhere.com/multiple_choice_polls/hUhmmXLRQuPENw3v1dDx8; https://www.polleverywhere.com/multiple_choice_polls/m51Qi9JJBMWfyIiAYiQyJ; https://www.polleverywhere.com/multiple_choice_polls/rMGz1PT4zULftgcFmFGIJ; https://www.youtube.com/watch?v=DALbj2rW7CY; https://zecon.herokuapp.com/room/1/","85 packaged media item(s). Rights are not established merely by inclusion in lecture notes. Use facts/data, not reproduced journal figures; redraw plots/tables from verified numeric results and cite the original study. Link to videos unless licensed. Replace commercial screenshots, celebrity/news photos, UI captures, cartoons, and textbook art with licensed/public-domain/original assets. Modification alone does not extinguish copyright.","Chapters 15–17 provide substantial framing, priming, fluency, evidence, and ethics coverage.","Mostly covered. The main need is source verification and careful separation of semantic/perceptual priming from broad behavioral 'mind-control' claims.","After prospect theory/reference dependence, then framing → priming → fluency, followed by narrator/habits.","Integrate distinctive, verified concepts/examples; preserve source unchanged.","Container/content extraction succeeded; no parser error."
"03 - Context, Habits and Choice Architecture/06. Nudge and Choice Architecture.pdf","03 Choice architecture and nudge","pdf","701179","6d631a7dbf73d9b4d870f8fd9569aa5b51d836671c29e75b83b59c706cae49cc","10 pages","not applicable (flattened PDF)","not available in flattened PDF","PDF export/near-version of the same-named PPTX family; not byte- or page-identical","flattened/print lecture export","Defines choice architecture and distinguishes nudge, boost, information, incentive, mandate, sludge, and deceptive design. Covers menu construction, defaults/active choice, mapping and metrics, simplification/friction, timely prompts, feedback/error-proofing, heterogeneous effects, welfare, governance, transparency, and experiment-as-hypothesis.","Organ donation; deceptive defaults; Copenhagen airport door-flow redesign; eight health plans plus calculator; wine order and menu eye tracking; MPG versus GPM; labels/warnings; choice engines; missed appointments, course registration, subscription cancellation, and default A/B ethics hearing.","CPH airport slide says ~90% used the right door and imbalance was substantially reduced; verify denominator, period, and intervention. Default and nudge meta-analytic effect sizes are heterogeneous and contested; report mechanisms and uncertainty.","Thaler and Sunstein; Johnson and Goldstein; Madrian and Shea; Benartzi et al.; Mertens et al.; Maier et al.; Szaszi et al.; Chernev et al.; Gigerenzer; Sunstein; sludge/dark-pattern research. No extractable embedded hyperlink; bibliography text still requires source verification.","50 PDF image XObject(s). Rights are not established merely by inclusion in lecture notes. Use facts/data, not reproduced journal figures; redraw plots/tables from verified numeric results and cite the original study. Link to videos unless licensed. Replace commercial screenshots, celebrity/news photos, UI captures, cartoons, and textbook art with licensed/public-domain/original assets. Modification alone does not extinguish copyright.","Chapter 36 is comprehensive and well bounded; chapters 03 and 21 provide opportunity-cost and behavior-design bridges.","Mostly covered, but the lecture's concrete mapping examples (health-plan calculator, GPM, airport flow) and default-mechanism heterogeneity would make the chapter more teachable.","Move the choice-architecture chapter directly after behavior design; keep governance/ethics as the culminating test.","Use for page-level visual/order comparison only; prefer editable PPTX or verified modern deck for integration.","Container/content extraction succeeded; no parser error."
"03 - Context, Habits and Choice Architecture/conscious_decisions_vs_habits  -  Repaired.pptx","03 Habits and behavior design","pptx","2895057","26caf87869412380fcb8de82b94a1e3bc517ef09a9df3983d8690438ffc79695","13 slides","none","yes — 13 slide(s) with nonempty notes","Text-equivalent editable counterpart of 05. Habit and Behavior Design.pdf (13 slides/pages)","repaired/generated editable teaching source","Habit as cue–response tendency learned by repetition in stable context; goal-directed versus habitual control; reward prediction error, wanting versus liking, variable reinforcement, intention–behavior gap, self-control without moralizing, urge surfing, implementation intentions, WOOP, B=MAP, friction/defaults, temptation bundling, fresh starts, relapse, and ethics.","Stale popcorn; defensive email/meeting loop; phone checking/snacking/procrastination autopsy; one-minute urge surfing; 25-minute design studio; flu-vaccination date/time prompt; temptation bundling and fresh-start planning.","Lally et al. median 66 days with 18–254-day range to 95% asymptote; vaccination date/time prompt +4.2 percentage points. Ego-depletion and marshmallow-test interpretations require replication/context caveats.","Wood and Neal; Wood and Rünger; Lally et al. (2010); Graybiel; Schultz; Berridge; Gollwitzer; Oettingen; Milkman et al.; Fogg; ego-depletion and marshmallow reassessments. Embedded hyperlinks (22): https://guilfordjournals.com/doi/10.1521/soco.1999.17.1.76; https://journals.physiology.org/doi/10.1152/jn.1998.80.1.1; https://kahneman.scholar.princeton.edu/document/7; https://onlinelibrary.wiley.com/doi/abs/10.1111/j.1460-9568.2005.04218.x; https://pmc.ncbi.nlm.nih.gov/articles/PMC2899886/; https://pmc.ncbi.nlm.nih.gov/articles/PMC5171207/; https://pmc.ncbi.nlm.nih.gov/articles/PMC6608360/; https://pmc.ncbi.nlm.nih.gov/articles/PMC6668632/; https://pmc.ncbi.nlm.nih.gov/articles/PMC7655589/; https://pubmed.ncbi.nlm.nih.gov/14750976/; https://pubmed.ncbi.nlm.nih.gov/19096369/; https://pubmed.ncbi.nlm.nih.gov/20512370/; https://pubmed.ncbi.nlm.nih.gov/9054347/; https://upload.wikimedia.org/wikipedia/commons/8/8c/Cortical_surface_with_an_overlay_of_the_basal_ganglia_and_thalamus.jpg; https://upload.wikimedia.org/wikipedia/commons/b/b4/Sobo_1909_633.png; https://www.jneurosci.org/content/34/12/4239; https://www.nature.com/articles/nrn2555; https://www.pnas.org/doi/10.1073/pnas.1500247112; https://www.pnas.org/doi/10.1073/pnas.1615259114; https://www.protevi.com/john/Morality/HaidtEmotionalDog.pdf; https://www.researchgate.net/figure/Dopaminergic-pathways-in-the-brain-Dopaminergic-pathways-in-the-brain-include-the_fig2_365194389; https://www.sciencedirect.com/science/article/abs/pii/S0166432808005998","3 packaged media item(s). Rights are not established merely by inclusion in lecture notes. Use facts/data, not reproduced journal figures; redraw plots/tables from verified numeric results and cite the original study. Link to videos unless licensed. Replace commercial screenshots, celebrity/news photos, UI captures, cartoons, and textbook art with licensed/public-domain/original assets. Modification alone does not extinguish copyright.","Chapters 19–21 cover the full loop, wanting/self-control, and behavior design with appropriate caveats.","Mostly covered. Preserve the complete deck's richer studios and exact quantitative examples; avoid presenting 66 days as a deadline or dopamine as pleasure.","Habits → wanting/self-control → behavior design; immediately follow with choice architecture so individual and environmental design remain connected.","Content is readable; compare against underlying legacy/source deck and validate references before integration.","Container/content extraction succeeded; no parser error."
"03. Two Systems of Thinking.pptx","02 Heuristics — two-process thinking","pptx","7407228","442085c82b41ebf4c852c8511875e9166492c567f80f3e1cef075d79fd53ce3c","26 slides","none","yes — 26 slide(s) with nonempty notes","Condensed synthesis drawing selected slides from the detailed two_systems lecture family","recent 26-slide synthesis; unsafe as citation authority","Contrasts fast, automatic, associative, affective processing with slower, effortful inspection while rejecting literal 'two brains.' Covers substitution, WYSIATI, CRT, Stroop, practice/expertise, cognitive load, emotional input, and post-hoc rationalization.","Bat-and-ball, machines/widgets, lily pads, keyboard/monitor price, Stroop, sea star versus panda concern, sunny-day life satisfaction, markets/sports/lottery, process versus outcome visualization, choice blindness, misattributed arousal, and scope-insensitivity birds.","Legacy class CRT rates (for example 29/58 and 35/42), Raven correlation .447 with p<.1, choice-blindness percentages, and bird WTP around $80/$78/$88 must be labeled sample-specific or rechecked. Triune/caveman-brain language is scientifically obsolete.","Kahneman; Evans and Stanovich; Frederick; Stroop; Nisbett and Wilson; Johansson et al.; Damasio; Hsee and Rottenstreich. No extractable embedded hyperlink; bibliography text still requires source verification.","20 packaged media item(s). Rights are not established merely by inclusion in lecture notes. Use facts/data, not reproduced journal figures; redraw plots/tables from verified numeric results and cite the original study. Link to videos unless licensed. Replace commercial screenshots, celebrity/news photos, UI captures, cartoons, and textbook art with licensed/public-domain/original assets. Modification alone does not extinguish copyright.","Chapter 04 is a well-calibrated treatment; chapters 09–10 unpack heuristics and affect.","Mostly covered. Preserve the live CRT/Stroop sequence and the lesson that slow thought can rationalize; exclude triune-brain simplification and stale classroom percentages.","After attention/prediction/expectation, then transition directly to ecological-fit heuristics.","Use only as a high-level teaching outline after repairing notes and source attributions; validate every claim against originals.","Container/content extraction succeeded; no parser error. Walnut-exported deck contains stale habit-lecture notes and/or mismatched templated per-slide source footers; examples are documented in the audit report. The 26-slide synthesis is structurally readable but editorially unvalidated."
"04 - Risk, Probability and Prospect Theory/08. Probability Judgment.pdf","04 Probability judgment","pdf","5323465","a460cd549923c865cb19873c15dd7a401bddfecf5769dae4fcc402219261e224","64 pages","not applicable (flattened PDF)","not available in flattened PDF","64-page visible-core export/earlier version of 08. Probability Judgment.pptx (93 slides; 22 hidden)","flattened/print lecture export","Moves from intuitive probability errors—availability, representativeness, conjunction/disjunction, dilution, gambler's fallacy, hot hand, base-rate neglect, regression, illusory causation—to probability axioms, complements/AND/OR, conditional independence, total probability, Bayes, natural frequencies, Monty Hall, and calibration/Brier scoring.","Linda and tall Bill; dinnerware joint/separate evaluation; drug side-effect dilution; Maryland lottery betting; batting-average regression; Israeli flight instructor; Skinner pigeons; LeBron ritual; cycad detox tradition; 6/49 lottery; Schwarzenegger acrostic; two-child problem; Down-screen and cab Bayes tasks; Monty Hall; forecast log.","Dinnerware DKK 555/488 jointly versus 467/739 separately; consecutive batting correlation ~0.4; Down example prior 1/1000, sensitivity 86%, false-positive 5%; cab 85/15 and 80% witness; 6/49 odds 1/13,983,816. The slide's 'once a year → 268,920 years' is inconsistent unless an unstated draw frequency is supplied. Schwarzenegger 1/26^8 and '3.8 billion years' depend on a highly artificial independence model.","Tversky and Kahneman; Kahneman and Tversky; Clotfelter and Cook (1993); Miller and Sanjurjo (2018); Gigerenzer and Hoffrage (1995); Brier (1950); Lichtenstein et al.; Murphy; Skinner; Sivanathan and Kakkar; Bayes. No extractable embedded hyperlink; bibliography text still requires source verification.","51 PDF image XObject(s). Rights are not established merely by inclusion in lecture notes. Use facts/data, not reproduced journal figures; redraw plots/tables from verified numeric results and cite the original study. Link to videos unless licensed. Replace commercial screenshots, celebrity/news photos, UI captures, cartoons, and textbook art with licensed/public-domain/original assets. Modification alone does not extinguish copyright.","Chapters 11–12 cover resemblance, streaks, base rates, natural frequencies, regression, calibration, and Brier scoring; chapter 35 reinforces calibrated forecasts.","Substantive partial gap: formal AND/OR/complement/total-probability structure, joint-versus-separate evaluation, dilution, two-child/Monty Hall, correlation-versus-causation, and worked forecast scoring are absent or thin.","After heuristics/biases, expand chapter 12 into two movements: intuitive probability failures, then representation/Bayes/calibration with worked problems and a forecast ledger.","Use for page-level visual/order comparison only; prefer editable PPTX or verified modern deck for integration.","Container/content extraction succeeded; no parser error."
"04 - Risk, Probability and Prospect Theory/08. Probability Judgment.pptx","04 Probability judgment","pptx","48760889","d8a45f8ab5cb9dfbe2683a68bec34cca00981bde64ea29ca9742ee14f61b8a5d","93 slides","72–93","yes — 35 slide(s) with nonempty notes","Editable/near-version companion to 04 - Risk, Probability and Prospect Theory/08. Probability Judgment.pdf","primary detailed legacy lecture deck","Moves from intuitive probability errors—availability, representativeness, conjunction/disjunction, dilution, gambler's fallacy, hot hand, base-rate neglect, regression, illusory causation—to probability axioms, complements/AND/OR, conditional independence, total probability, Bayes, natural frequencies, Monty Hall, and calibration/Brier scoring.","Linda and tall Bill; dinnerware joint/separate evaluation; drug side-effect dilution; Maryland lottery betting; batting-average regression; Israeli flight instructor; Skinner pigeons; LeBron ritual; cycad detox tradition; 6/49 lottery; Schwarzenegger acrostic; two-child problem; Down-screen and cab Bayes tasks; Monty Hall; forecast log.","Dinnerware DKK 555/488 jointly versus 467/739 separately; consecutive batting correlation ~0.4; Down example prior 1/1000, sensitivity 86%, false-positive 5%; cab 85/15 and 80% witness; 6/49 odds 1/13,983,816. The slide's 'once a year → 268,920 years' is inconsistent unless an unstated draw frequency is supplied. Schwarzenegger 1/26^8 and '3.8 billion years' depend on a highly artificial independence model.","Tversky and Kahneman; Kahneman and Tversky; Clotfelter and Cook (1993); Miller and Sanjurjo (2018); Gigerenzer and Hoffrage (1995); Brier (1950); Lichtenstein et al.; Murphy; Skinner; Sivanathan and Kakkar; Bayes. Embedded hyperlinks (8): https://www.polleverywhere.com/multiple_choice_polls/5D2cLEaxzLQ1SrwwLepmW; https://www.polleverywhere.com/multiple_choice_polls/D8Ngpx4IvRWlxw4epBTMw; https://www.polleverywhere.com/multiple_choice_polls/PvLRP6tXxORtNhRe4BQ7D; https://www.polleverywhere.com/multiple_choice_polls/YgpFUzDn9vwZnEbpYbP4b; https://www.polleverywhere.com/multiple_choice_polls/yQqzYiMBsengsJbz612fl; https://www.polleverywhere.com/multiple_choice_polls/zQ5WvL0fUkGNVp3qZmbxq; https://www.youtube.com/watch?v=NeK8GNLylkc&t=100s; https://zecon.herokuapp.com/room/be","102 packaged media item(s). Rights are not established merely by inclusion in lecture notes. Use facts/data, not reproduced journal figures; redraw plots/tables from verified numeric results and cite the original study. Link to videos unless licensed. Replace commercial screenshots, celebrity/news photos, UI captures, cartoons, and textbook art with licensed/public-domain/original assets. Modification alone does not extinguish copyright.","Chapters 11–12 cover resemblance, streaks, base rates, natural frequencies, regression, calibration, and Brier scoring; chapter 35 reinforces calibrated forecasts.","Substantive partial gap: formal AND/OR/complement/total-probability structure, joint-versus-separate evaluation, dilution, two-child/Monty Hall, correlation-versus-causation, and worked forecast scoring are absent or thin.","After heuristics/biases, expand chapter 12 into two movements: intuitive probability failures, then representation/Bayes/calibration with worked problems and a forecast ledger.","Primary evidence inventory for examples and progression; verify quantitative claims/citations and redraw rights-sensitive figures.","Container/content extraction succeeded; no parser error. Hidden slides 72–93 include Monty Hall and additional exercises; audit includes hidden content. Lottery waiting-time arithmetic is flagged for correction."
"04 - Risk, Probability and Prospect Theory/09. Risky Decision-Making.pdf","04 Risky decision making","pdf","2653650","54e348769fc51f72231616bfbb463e55e12e73d7f413de44d0a8d331b6e482a8","44 pages","not applicable (flattened PDF)","not available in flattened PDF","44-page visible-core export/earlier version of 09. Risky Decision-Making.pptx (66 slides; 21 hidden)","flattened/print lecture export","Separates expected monetary value from expected utility; develops St Petersburg, diminishing marginal utility, certainty equivalents, risk premia and concavity; measures risk preference with CE/MPL/BRET/Eckel–Grossman/Holt–Laury; then tests EUT with insurance+lottery, Allais, final-wealth/reference sensitivity, Asian disease, Ellsberg ambiguity, competence, and risk communication.","St Petersburg coin game; car worth 10,000 with 10% crash risk and insurance; class CE elicitation; multiple price list; bomb-risk task; investment task; Allais pair; Jack/Jill wealth states; Ellsberg urn; Deal or No Deal; contraceptive absolute/relative risk communication.","Illustrative class CE 45.7 versus EV 50; car example value 10,000, crash probability 10%, CE 7,000, premium 1,000; stated St Petersburg CE 5.83 under the slide's utility specification. All task parameters and ambiguity/gender/neural estimates require exact source and sample labels.","Bernoulli; von Neumann and Morgenstern; Savage; Allais; Ellsberg; Holt and Laury; Eckel and Grossman; Crosetto and Filippin/BRET; Charness et al.; Rabin; Camerer; Gigerenzer and Edwards. No extractable embedded hyperlink; bibliography text still requires source verification.","38 PDF image XObject(s). Rights are not established merely by inclusion in lecture notes. Use facts/data, not reproduced journal figures; redraw plots/tables from verified numeric results and cite the original study. Link to videos unless licensed. Replace commercial screenshots, celebrity/news photos, UI captures, cartoons, and textbook art with licensed/public-domain/original assets. Modification alone does not extinguish copyright.","Chapter 02 gives only the EUT formula, concavity intuition, and a brief Allais mention; no dedicated risky-choice chapter exists.","Major gap: EV versus EU, CE/risk premium, elicitation tasks, insurance-plus-lottery, Allais logic, ambiguity/Ellsberg, and risk communication are not taught in a coherent progression.","Create a dedicated chapter immediately after probability judgment and before prospect theory: benchmark → measurement → paradoxes/ambiguity → communication and decision hygiene.","Use for page-level visual/order comparison only; prefer editable PPTX or verified modern deck for integration.","Container/content extraction succeeded; no parser error."
"04 - Risk, Probability and Prospect Theory/09. Risky Decision-Making.pptx","04 Risky decision making","pptx","8607191","3cc29b373c85e827be916ae1868625fd5bcde073a915038b735617feee860565","66 slides","46–66","yes — 16 slide(s) with nonempty notes","Editable/near-version companion to 04 - Risk, Probability and Prospect Theory/09. Risky Decision-Making.pdf","primary detailed legacy lecture deck","Separates expected monetary value from expected utility; develops St Petersburg, diminishing marginal utility, certainty equivalents, risk premia and concavity; measures risk preference with CE/MPL/BRET/Eckel–Grossman/Holt–Laury; then tests EUT with insurance+lottery, Allais, final-wealth/reference sensitivity, Asian disease, Ellsberg ambiguity, competence, and risk communication.","St Petersburg coin game; car worth 10,000 with 10% crash risk and insurance; class CE elicitation; multiple price list; bomb-risk task; investment task; Allais pair; Jack/Jill wealth states; Ellsberg urn; Deal or No Deal; contraceptive absolute/relative risk communication.","Illustrative class CE 45.7 versus EV 50; car example value 10,000, crash probability 10%, CE 7,000, premium 1,000; stated St Petersburg CE 5.83 under the slide's utility specification. All task parameters and ambiguity/gender/neural estimates require exact source and sample labels.","Bernoulli; von Neumann and Morgenstern; Savage; Allais; Ellsberg; Holt and Laury; Eckel and Grossman; Crosetto and Filippin/BRET; Charness et al.; Rabin; Camerer; Gigerenzer and Edwards. Embedded hyperlinks (5): https://www.polleverywhere.com/multiple_choice_polls/CXS4fdpQa3qX7vxha9Rrd; https://www.polleverywhere.com/multiple_choice_polls/VVe7qW4wWmmKS7db0H3eU; https://www.polleverywhere.com/multiple_choice_polls/wvYn8Tr9HxXQrakIrsXP9; https://www.polleverywhere.com/multiple_choice_polls/xT32gEy8bWilKZKIy3QnF; https://youtu.be/8q2eBffgdvs","65 packaged media item(s). Rights are not established merely by inclusion in lecture notes. Use facts/data, not reproduced journal figures; redraw plots/tables from verified numeric results and cite the original study. Link to videos unless licensed. Replace commercial screenshots, celebrity/news photos, UI captures, cartoons, and textbook art with licensed/public-domain/original assets. Modification alone does not extinguish copyright.","Chapter 02 gives only the EUT formula, concavity intuition, and a brief Allais mention; no dedicated risky-choice chapter exists.","Major gap: EV versus EU, CE/risk premium, elicitation tasks, insurance-plus-lottery, Allais logic, ambiguity/Ellsberg, and risk communication are not taught in a coherent progression.","Create a dedicated chapter immediately after probability judgment and before prospect theory: benchmark → measurement → paradoxes/ambiguity → communication and decision hygiene.","Primary evidence inventory for examples and progression; verify quantitative claims/citations and redraw rights-sensitive figures.","Container/content extraction succeeded; no parser error. Hidden slides 46–66 include extended ambiguity, gender, Deal-or-No-Deal, and communication material; distinguish optional extensions from core."
"04 - Risk, Probability and Prospect Theory/10. Prospect Theory.pdf","04 Prospect theory and reference-dependent choice","pdf","1542683","06461d883136882268f09e66016ccbd3190c61c20404a4ce051c3277e5ce59aa","33 pages","not applicable (flattened PDF)","not available in flattened PDF","33-page visible-core export/earlier version of 10. Prospect Theory.pptx (76 slides; 42 hidden)","flattened/print lecture export","Builds prospect theory from the fourfold pattern: reference dependence, concavity for gains, convexity for losses, loss aversion, nonlinear probability weighting and certainty/possibility effects. Extends to endowment/status quo, ownership/identity, affective forecasting, hedonic editing, narrow versus broad framing, and myopic loss aversion.","Asian disease; Tom/neural loss illustration; capuchin token exchange; silver versus bronze medalists and medalist lifespan; mug WTA/WTP; experienced traders; chimp trade; IKEA effect; Toy Yoda; Samuelson repeated gamble; portfolio review frequency; separating gains/integrating losses; rare vivid risks.","Loss-aversion coefficient often summarized near 2 or 1.5–2.5, but it is not universal. Medal-life figures 73.2/70.8/74.8 need source/model checks. Student stock-choice slides report ~40% under annual returns versus ~90% under long-horizon returns; label the actual classroom/sample. WTA/WTP and trader-experience effects require design-specific estimates.","Kahneman and Tversky (1979); Tversky and Kahneman (1992); Kahneman, Knetsch, and Thaler (1990); List; Plott and Zeiler; Samuelson and Zeckhauser; Benartzi and Thaler; Camerer et al.; Knutson et al.; medal studies. Embedded hyperlinks (1): https://youtu.be/xK9rbwM3omA","21 PDF image XObject(s). Rights are not established merely by inclusion in lecture notes. Use facts/data, not reproduced journal figures; redraw plots/tables from verified numeric results and cite the original study. Link to videos unless licensed. Replace commercial screenshots, celebrity/news photos, UI captures, cartoons, and textbook art with licensed/public-domain/original assets. Modification alone does not extinguish copyright.","Chapter 02 names prospect theory; chapter 15 explains gain/loss framing; chapter 07 briefly covers endowment. There is no full value function, weighting function, fourfold pattern, or integrated applications chapter.","Major gap: the descriptive model, reference-point formation, diminishing sensitivity, probability weighting, fourfold pattern, loss-aversion boundaries, endowment/status quo mechanisms, hedonic editing, and narrow framing need a dedicated chapter.","Create a dedicated chapter after risky decision making and before framing/context; let framing then become an application of reference-dependent representation rather than the first exposure to it.","Use for page-level visual/order comparison only; prefer editable PPTX or verified modern deck for integration.","Container/content extraction succeeded; no parser error."
"04 - Risk, Probability and Prospect Theory/10. Prospect Theory.pptx","04 Prospect theory and reference-dependent choice","pptx","35970469","37a0dd8e2aeabfdb442c6311383980f2f06b3714622189763ff0cb3841220a66","76 slides","34–44, 46–76","yes — 27 slide(s) with nonempty notes","Editable/near-version companion to 04 - Risk, Probability and Prospect Theory/10. Prospect Theory.pdf","primary detailed legacy lecture deck","Builds prospect theory from the fourfold pattern: reference dependence, concavity for gains, convexity for losses, loss aversion, nonlinear probability weighting and certainty/possibility effects. Extends to endowment/status quo, ownership/identity, affective forecasting, hedonic editing, narrow versus broad framing, and myopic loss aversion.","Asian disease; Tom/neural loss illustration; capuchin token exchange; silver versus bronze medalists and medalist lifespan; mug WTA/WTP; experienced traders; chimp trade; IKEA effect; Toy Yoda; Samuelson repeated gamble; portfolio review frequency; separating gains/integrating losses; rare vivid risks.","Loss-aversion coefficient often summarized near 2 or 1.5–2.5, but it is not universal. Medal-life figures 73.2/70.8/74.8 need source/model checks. Student stock-choice slides report ~40% under annual returns versus ~90% under long-horizon returns; label the actual classroom/sample. WTA/WTP and trader-experience effects require design-specific estimates.","Kahneman and Tversky (1979); Tversky and Kahneman (1992); Kahneman, Knetsch, and Thaler (1990); List; Plott and Zeiler; Samuelson and Zeckhauser; Benartzi and Thaler; Camerer et al.; Knutson et al.; medal studies. Embedded hyperlinks (9): NULL; https://doi.org/10.1016/j.ehb.2018.10.001; https://www.polleverywhere.com/multiple_choice_polls/CXS4fdpQa3qX7vxha9Rrd; https://www.polleverywhere.com/multiple_choice_polls/Y9lYM4Jh437Dr0UroZdvg; https://www.polleverywhere.com/multiple_choice_polls/cr7uKf8n2VMLux2shXtil?state=opened&flow=Default&onscreen=persist; https://www.polleverywhere.com/multiple_choice_polls/mbX8QP3pJhBM2qy8q8jTc?flow=Default&onscreen=persist; https://www.polleverywhere.com/multiple_choice_polls/qxz75iNspudgud2fNDdGE; https://www.polleverywhere.com/multiple_choice_polls/xT32gEy8bWilKZKIy3QnF; https://youtu.be/xK9rbwM3omA","61 packaged media item(s). Rights are not established merely by inclusion in lecture notes. Use facts/data, not reproduced journal figures; redraw plots/tables from verified numeric results and cite the original study. Link to videos unless licensed. Replace commercial screenshots, celebrity/news photos, UI captures, cartoons, and textbook art with licensed/public-domain/original assets. Modification alone does not extinguish copyright.","Chapter 02 names prospect theory; chapter 15 explains gain/loss framing; chapter 07 briefly covers endowment. There is no full value function, weighting function, fourfold pattern, or integrated applications chapter.","Major gap: the descriptive model, reference-point formation, diminishing sensitivity, probability weighting, fourfold pattern, loss-aversion boundaries, endowment/status quo mechanisms, hedonic editing, and narrow framing need a dedicated chapter.","Create a dedicated chapter after risky decision making and before framing/context; let framing then become an application of reference-dependent representation rather than the first exposure to it.","Primary evidence inventory for examples and progression; verify quantitative claims/citations and redraw rights-sensitive figures.","Container/content extraction succeeded; no parser error. Hidden material includes social comparison, repeated gamble, narrow framing, and portfolio-review examples; slide 45 is visible amid hidden ranges and was retained."
"04. Heuristics & Biases.pptx","02 Heuristics and biases — combined lecture","pptx","1373832","cdb37060a5c91748b594289a51abff7c4c6a2ad5fc085597adc456faa25e6cc1","26 slides","none","yes — 26 slide(s) with nonempty notes","Condensed synthesis drawing selected slides from the detailed heuristics_biases lecture family","recent 26-slide synthesis; unsafe as citation authority","Combined progression from fast/slow processing and heuristic substitution to availability, affect, representativeness, confirmation, overconfidence, anchoring, halo, framing, planning, and decision guardrails.","CRT/Stroop; vivid risk; Linda and base rates; Forer/Barnum; planning overruns; above-average driving; confidence intervals; anchoring arithmetic/prices; halo; decoy and choice-overload demonstrations.","Class Forer ratings and confidence-interval coverage, project-overrun and above-average percentages are sample/source dependent and must be verified before reuse.","Kahneman; Tversky and Kahneman; Gigerenzer; Forer; Lichtenstein et al.; Flyvbjerg; Ariely; Iyengar and Lepper; Chernev et al. No extractable embedded hyperlink; bibliography text still requires source verification.","8 packaged media item(s). Rights are not established merely by inclusion in lecture notes. Use facts/data, not reproduced journal figures; redraw plots/tables from verified numeric results and cite the original study. Link to videos unless licensed. Replace commercial screenshots, celebrity/news photos, UI captures, cartoons, and textbook art with licensed/public-domain/original assets. Modification alone does not extinguish copyright.","Covered across chapters 04 and 09–17.","Mostly covered; use this deck only as a sequencing bridge and activity source, not as a reason to collapse distinct mechanisms into one catalogue.","Two-process thinking → heuristics → affect/availability → resemblance/base rates → story-protecting biases → anchors/frames/priming/fluency.","Use only as a high-level teaching outline after repairing notes and source attributions; validate every claim against originals.","Container/content extraction succeeded; no parser error. Walnut-exported deck contains stale habit-lecture notes and/or mismatched templated per-slide source footers; examples are documented in the audit report. The 26-slide synthesis is structurally readable but editorially unvalidated."
"05 - Strategic and Social Decisions/11. Behavioral Game Theory.pdf","05/Strategic interdependence and behavioral game theory","pdf","5642106","4770047ca75ec93e3d537b7896c2238093e3d6e316cb8607dc1a8ee4c6913d7c","101 pages","","","Handout/export derivative of 05 - Strategic and Social Decisions/11. Behavioral Game Theory.pptx (not byte-identical)","student-facing PDF handout/export","Broad behavioral-game-theory sequence: strategic interdependence; coordination versus conflict; focal points; beauty-contest and p-beauty-contest reasoning; level-k/cognitive-hierarchy models; Nash equilibrium; price competition and Prisoner's Dilemma; one-shot versus repeated interaction; cooperation, reciprocity, ultimatum bargaining, coordination games, auctions, escalation, commitments, and links to negotiation.","Odense meeting-point/focal-point prompt; celebrity beauty contest; 2/3-guessing game; price-war payoff matrix; repeated Prisoner's Dilemma; ultimatum game; 50-kr/dollar auction; competitive-acquisition and Ford price-promise cases; classroom payoff-matrix exercises.","Level-k path 0/random -> 33 -> 22 -> 15 -> ... -> 0 in the 2/3 game; cognitive-hierarchy tau examples range from about 1 for students/CEOs to 3.7 for game theorists; illustrative price-war payoffs H/H=(10,10), H/L=(2,15), L/H=(15,2), L/L=(5,5). Treat classroom samples as activities, not population estimates.","Schelling (1960); Nash (1950); Nagel (1995); Stahl & Wilson (1995); Camerer (2003); Camerer, Ho & Chong (2004); Crawford, Costa-Gomes & Iriberri (2013); Dal Bo & Frechette (2018); Guth, Schmittberger & Schwarze (1982); Shubik (1971). URLs in file: https://www.youtube.com/watch?v=TDv56whosPQ&t=2075s; https://youtu.be/-opqUSOUDQY; https://youtu.be/0sPVEBAtwmg; https://youtu.be/7FbkwrhW_0I; https://youtu.be/LPwZ3wYoSmA; https://youtu.be/Q-a1I61sIO8; https://youtu.be/UAR7WDrL3Ec; https://youtu.be/Yqvbv-SB4bg; https://youtu.be/dSOrAQMXTcc; youtu.be/UAR7WDrL3Ec; youtu.be/dSOrAQMXTcc; youtu.be/Yqvbv-SB4bg; youtu.be/-opqUSOUDQY","Mixed embedded photographs, screenshots, cartoons, web/video stills, and journal figures; rights are not established by the package. Do not copy or cosmetically modify copyrighted figures as a workaround. Redraw conceptual diagrams/tables, regenerate result charts from verified data, use licensed/public-domain photographs, and link to videos rather than embedding them unless permission is clear.","No dedicated current chapter file; _quarto-html.yml lists planned chapters/46-strategic-interdependence.qmd and chapters/47-behavioral-game-theory.qmd, both absent at audit time. Negotiation chapters contain only fragments.","Missing as integrated chapters; scattered partial coverage only.","New Part: Strategic and Social Decisions — Strategic Interdependence, then Behavioral Game Theory.","Use to verify visible student sequence and page grouping; ingest concepts from the editable PPTX/modern revised deck and primary sources, not from rasterized journal figures.","Page count and extracted text inspected; PDF is not a byte-identical duplicate of the corresponding PPTX."
"05 - Strategic and Social Decisions/11. Behavioral Game Theory.pptx","05/Strategic interdependence and behavioral game theory","pptx","42402530","86f8bc5e09f78e4ac019508ca11245da576b139733d15e26f277157a1a5a0ce4","138 slides","0","yes — 126/138 slides contain non-empty notes","","legacy editable lecture deck with speaker notes","Broad behavioral-game-theory sequence: strategic interdependence; coordination versus conflict; focal points; beauty-contest and p-beauty-contest reasoning; level-k/cognitive-hierarchy models; Nash equilibrium; price competition and Prisoner's Dilemma; one-shot versus repeated interaction; cooperation, reciprocity, ultimatum bargaining, coordination games, auctions, escalation, commitments, and links to negotiation.","Odense meeting-point/focal-point prompt; celebrity beauty contest; 2/3-guessing game; price-war payoff matrix; repeated Prisoner's Dilemma; ultimatum game; 50-kr/dollar auction; competitive-acquisition and Ford price-promise cases; classroom payoff-matrix exercises.","Level-k path 0/random -> 33 -> 22 -> 15 -> ... -> 0 in the 2/3 game; cognitive-hierarchy tau examples range from about 1 for students/CEOs to 3.7 for game theorists; illustrative price-war payoffs H/H=(10,10), H/L=(2,15), L/H=(15,2), L/L=(5,5). Treat classroom samples as activities, not population estimates.","Schelling (1960); Nash (1950); Nagel (1995); Stahl & Wilson (1995); Camerer (2003); Camerer, Ho & Chong (2004); Crawford, Costa-Gomes & Iriberri (2013); Dal Bo & Frechette (2018); Guth, Schmittberger & Schwarze (1982); Shubik (1971). URLs in file: https://econ-experiment.herokuapp.com/room/be/; https://www.youtube.com/watch?v=TDv56whosPQ&t=2075s; https://youtu.be/-opqUSOUDQY; https://youtu.be/0sPVEBAtwmg; https://youtu.be/7FbkwrhW_0I; https://youtu.be/7mETgb-fPRo; https://youtu.be/LPwZ3wYoSmA; https://youtu.be/Q-a1I61sIO8; https://youtu.be/UAR7WDrL3Ec; https://youtu.be/Yqvbv-SB4bg; https://youtu.be/dSOrAQMXTcc; youtu.be/Q-a1I61sIO8; youtu.be/0sPVEBAtwmg; youtu.be/UAR7WDrL3Ec; youtu.be/dSOrAQMXTcc; youtu.be/Yqvbv-SB4bg; youtu.be/-opqUSOUDQY; youtu.be/7FbkwrhW_0I; youtu.be/LPwZ3wYoSmA; https://doi.org/10.1287/mnsc.1110.1413; https://www.polleverywhere.com/multiple_choice_polls/cr7uKf8n2VMLux2shXtil?state=opened&flow=Default&onscreen=persist; https://zecon.herokuapp.com/room/; http://10.94.42.255:8000/room/be/; youtu.be/7mETgb-fPRo","Mixed embedded photographs, screenshots, cartoons, web/video stills, and journal figures; rights are not established by the package. Do not copy or cosmetically modify copyrighted figures as a workaround. Redraw conceptual diagrams/tables, regenerate result charts from verified data, use licensed/public-domain photographs, and link to videos rather than embedding them unless permission is clear.","No dedicated current chapter file; _quarto-html.yml lists planned chapters/46-strategic-interdependence.qmd and chapters/47-behavioral-game-theory.qmd, both absent at audit time. Negotiation chapters contain only fragments.","Missing as integrated chapters; scattered partial coverage only.","New Part: Strategic and Social Decisions — Strategic Interdependence, then Behavioral Game Theory.","Mine speaker notes, classroom sequence, activities, and unique examples; de-duplicate against root/modern variants and use current revised sources for final claim wording.","All slide XML, notes, media, links, and hidden-state flags inspected."
"05 - Strategic and Social Decisions/11. Strategic Interdependence.pdf","05/Strategic interdependence","pdf","2530963","0cc32ae7c40203c1e8d4119e2fc9e31f27b97779ebc77e6f054b74da1a652fe5","50 pages","","","Handout/export derivative of 05 - Strategic and Social Decisions/11. Strategic Interdependence.pptx (not byte-identical)","student-facing PDF handout/export","Teaching arc from diagnosing coordination/conflict/mixed motives to focal points and shared culture, beauty contests and higher-order beliefs, level-k and cognitive hierarchy, formal games and Nash equilibrium, price wars and repeated interaction, then bargaining, auctions, escalation, and commitments.","Independent Odense meeting-point activity; QWERTY as a coordination standard with the disputed origin story made explicit; celebrity beauty contest; 2/3 guessing game; airline price-war matrix; announced one-shot plus four repeated rounds; ultimatum/fairness discussion; 50-kr auction; Ford price promise; bargaining-coordination matrix.","Level-k responses 0/random, 33, 22, 15, ...; cognitive-hierarchy tau table (students about 1.1-1.6, economics PhDs 2.3, portfolio managers 2.8, Caltech/newspaper participants about 3, game theorists 3.7); price-war matrix H/H=(10,10), H/L=(2,15), L/H=(15,2), L/L=(5,5).","Schelling (1960); David (1985); Liebowitz & Margolis (1990); Nagel (1995); Nash (1950); Camerer (2003); Camerer, Ho & Chong (2004); Crawford, Costa-Gomes & Iriberri (2013); Rao, Bergen & Davis (2000); Shubik (1971); Staw (1976). URLs in file: https://youtu.be/0sPVEBAtwmg; https://youtu.be/Q-a1I61sIO8","Mixed embedded photographs, screenshots, cartoons, web/video stills, and journal figures; rights are not established by the package. Do not copy or cosmetically modify copyrighted figures as a workaround. Redraw conceptual diagrams/tables, regenerate result charts from verified data, use licensed/public-domain photographs, and link to videos rather than embedding them unless permission is clear.","_quarto-html.yml lists planned chapters/46-strategic-interdependence.qmd, absent at audit time; bargaining/escalation fragments occur in Chapters 30-34 and 14.","Missing dedicated treatment; planned destination exists only in configuration.","chapters/46-strategic-interdependence.qmd in a new Strategic and Social Decisions Part.","Use to verify visible student sequence and page grouping; ingest concepts from the editable PPTX/modern revised deck and primary sources, not from rasterized journal figures.","Page count and extracted text inspected; PDF is not a byte-identical duplicate of the corresponding PPTX."
"05 - Strategic and Social Decisions/11. Strategic Interdependence.pptx","05/Strategic interdependence","pptx","14509049","f3a98cb874b947aca17adc73a808c3559f5d91876411cacbb7c46591204c8881","80 slides","0","yes — 64/80 slides contain non-empty notes","","legacy editable lecture deck with speaker notes","Teaching arc from diagnosing coordination/conflict/mixed motives to focal points and shared culture, beauty contests and higher-order beliefs, level-k and cognitive hierarchy, formal games and Nash equilibrium, price wars and repeated interaction, then bargaining, auctions, escalation, and commitments.","Independent Odense meeting-point activity; QWERTY as a coordination standard with the disputed origin story made explicit; celebrity beauty contest; 2/3 guessing game; airline price-war matrix; announced one-shot plus four repeated rounds; ultimatum/fairness discussion; 50-kr auction; Ford price promise; bargaining-coordination matrix.","Level-k responses 0/random, 33, 22, 15, ...; cognitive-hierarchy tau table (students about 1.1-1.6, economics PhDs 2.3, portfolio managers 2.8, Caltech/newspaper participants about 3, game theorists 3.7); price-war matrix H/H=(10,10), H/L=(2,15), L/H=(15,2), L/L=(5,5).","Schelling (1960); David (1985); Liebowitz & Margolis (1990); Nagel (1995); Nash (1950); Camerer (2003); Camerer, Ho & Chong (2004); Crawford, Costa-Gomes & Iriberri (2013); Rao, Bergen & Davis (2000); Shubik (1971); Staw (1976). URLs in file: https://econ-experiment.herokuapp.com/room/be/; https://youtu.be/-opqUSOUDQY; https://youtu.be/0sPVEBAtwmg; https://youtu.be/7mETgb-fPRo; https://youtu.be/Q-a1I61sIO8; https://youtu.be/UAR7WDrL3Ec; https://youtu.be/Yqvbv-SB4bg; https://youtu.be/dSOrAQMXTcc; youtu.be/Q-a1I61sIO8; youtu.be/0sPVEBAtwmg; https://zecon.herokuapp.com/room/; http://10.94.42.255:8000/room/be/; youtu.be/7mETgb-fPRo; youtu.be/UAR7WDrL3Ec; youtu.be/dSOrAQMXTcc; youtu.be/-opqUSOUDQY; youtu.be/Yqvbv-SB4bg","Mixed embedded photographs, screenshots, cartoons, web/video stills, and journal figures; rights are not established by the package. Do not copy or cosmetically modify copyrighted figures as a workaround. Redraw conceptual diagrams/tables, regenerate result charts from verified data, use licensed/public-domain photographs, and link to videos rather than embedding them unless permission is clear.","_quarto-html.yml lists planned chapters/46-strategic-interdependence.qmd, absent at audit time; bargaining/escalation fragments occur in Chapters 30-34 and 14.","Missing dedicated treatment; planned destination exists only in configuration.","chapters/46-strategic-interdependence.qmd in a new Strategic and Social Decisions Part.","Mine speaker notes, classroom sequence, activities, and unique examples; de-duplicate against root/modern variants and use current revised sources for final claim wording.","All slide XML, notes, media, links, and hidden-state flags inspected."
"05 - Strategic and Social Decisions/12. Cooperation and Coordination.pdf","05/Cooperation and coordination","pdf","2887008","1226e88f201caa9aa059aa769a34576fb015786a7b24399976dce3b66b3d80dc","54 pages","","","Handout/export derivative of 05 - Strategic and Social Decisions/12. Cooperation and Coordination.pptx (not byte-identical)","student-facing PDF handout/export","One-shot social dilemmas versus repeated games; conditional cooperation and reciprocity; tit-for-tat, monitoring, noise and forgiveness; regulation and institutions; coordination, path dependence, stag hunt, risk versus payoff dominance, chicken, volunteer's dilemma, Battle of the Sexes, commitments, and escalation.","Repeated Prisoner's Dilemma activity; World War I live-and-let-live/trench truce; Golden Balls; QWERTY/path dependence; stag hunt; 3DO/chicken; volunteer's dilemma; Battle of the Sexes; commitment demonstrations.","Uses payoff matrices and the Prisoner's Dilemma ordering T>R>P>S; numerical values are pedagogical examples, not empirical estimates.","Axelrod (1984); Schelling (1960); Nowak (2006); Dal Bo & Frechette (2018), plus linked classroom videos/cases. URLs in file: https://youtu.be/-opqUSOUDQY; https://youtu.be/7FbkwrhW_0I; https://youtu.be/LPwZ3wYoSmA; https://youtu.be/UAR7WDrL3Ec; https://youtu.be/Yqvbv-SB4bg; https://youtu.be/dSOrAQMXTcc; youtu.be/UAR7WDrL3Ec; youtu.be/dSOrAQMXTcc; youtu.be/Yqvbv-SB4bg; youtu.be/-opqUSOUDQY; youtu.be/7FbkwrhW_0I; youtu.be/LPwZ3wYoSmA","Mixed embedded photographs, screenshots, cartoons, web/video stills, and journal figures; rights are not established by the package. Do not copy or cosmetically modify copyrighted figures as a workaround. Redraw conceptual diagrams/tables, regenerate result charts from verified data, use licensed/public-domain photographs, and link to videos rather than embedding them unless permission is clear.","No dedicated current chapter file; _quarto-html.yml lists planned chapters/48-cooperation-social-preferences.qmd, absent at audit time. Chapters 23 and 37 discuss norms/culture without the game-theoretic mechanisms.","Missing repeated-game and coordination architecture; social-influence chapters cover only adjacent ideas.","chapters/48-cooperation-social-preferences.qmd, with one-shot, repeated, and evolutionary mechanisms explicitly separated.","Use to verify visible student sequence and page grouping; ingest concepts from the editable PPTX/modern revised deck and primary sources, not from rasterized journal figures.","Page count and extracted text inspected; PDF is not a byte-identical duplicate of the corresponding PPTX."
"05 - Strategic and Social Decisions/12. Cooperation and Coordination.pptx","05/Cooperation and coordination","pptx","29031167","1fb9159cde8d543ac91b1fd5b50cccb342548480ef8dfd7e48af90c503a8551f","85 slides","0","yes — 72/85 slides contain non-empty notes","","legacy editable lecture deck with speaker notes","One-shot social dilemmas versus repeated games; conditional cooperation and reciprocity; tit-for-tat, monitoring, noise and forgiveness; regulation and institutions; coordination, path dependence, stag hunt, risk versus payoff dominance, chicken, volunteer's dilemma, Battle of the Sexes, commitments, and escalation.","Repeated Prisoner's Dilemma activity; World War I live-and-let-live/trench truce; Golden Balls; QWERTY/path dependence; stag hunt; 3DO/chicken; volunteer's dilemma; Battle of the Sexes; commitment demonstrations.","Uses payoff matrices and the Prisoner's Dilemma ordering T>R>P>S; numerical values are pedagogical examples, not empirical estimates.","Axelrod (1984); Schelling (1960); Nowak (2006); Dal Bo & Frechette (2018), plus linked classroom videos/cases. URLs in file: https://econ-experiment.herokuapp.com/room/be/; https://youtu.be/-opqUSOUDQY; https://youtu.be/7FbkwrhW_0I; https://youtu.be/7mETgb-fPRo; https://youtu.be/LPwZ3wYoSmA; https://youtu.be/UAR7WDrL3Ec; https://youtu.be/Yqvbv-SB4bg; https://youtu.be/dSOrAQMXTcc; youtu.be/UAR7WDrL3Ec; youtu.be/dSOrAQMXTcc; youtu.be/Yqvbv-SB4bg; youtu.be/-opqUSOUDQY; youtu.be/7FbkwrhW_0I; youtu.be/LPwZ3wYoSmA; https://zecon.herokuapp.com/room/; http://10.94.42.255:8000/room/be/; youtu.be/7mETgb-fPRo","Mixed embedded photographs, screenshots, cartoons, web/video stills, and journal figures; rights are not established by the package. Do not copy or cosmetically modify copyrighted figures as a workaround. Redraw conceptual diagrams/tables, regenerate result charts from verified data, use licensed/public-domain photographs, and link to videos rather than embedding them unless permission is clear.","No dedicated current chapter file; _quarto-html.yml lists planned chapters/48-cooperation-social-preferences.qmd, absent at audit time. Chapters 23 and 37 discuss norms/culture without the game-theoretic mechanisms.","Missing repeated-game and coordination architecture; social-influence chapters cover only adjacent ideas.","chapters/48-cooperation-social-preferences.qmd, with one-shot, repeated, and evolutionary mechanisms explicitly separated.","Mine speaker notes, classroom sequence, activities, and unique examples; de-duplicate against root/modern variants and use current revised sources for final claim wording.","All slide XML, notes, media, links, and hidden-state flags inspected."
"05 - Strategic and Social Decisions/13. Social Norms.pdf","05/Social preferences and norms","pdf","1576814","931e19ecb89932bb70a47f8c03a24273485a098ab5a4ae185f2109787813f823","31 pages","","","Handout/export derivative of 05 - Strategic and Social Decisions/13. Social Norms.pptx (not byte-identical)","student-facing PDF handout/export","Social norms as empirical and normative expectations with internal and external enforcement; distinction from stable social preferences; trust, punishment, guilt/anger, visibility/reputation, norm elicitation through coordination, minimal groups and in-group favoritism, integrated expectation-based models, and perceived fairness in market transactions.","Krupka-Weber norm-elicitation coordination task; minimal-group allocations; public/private giving; punishment/trust games; daycare fines; business-fairness vignettes.","Kahneman-Knetsch-Thaler vignettes report unfairness rates including 82%, 74%, and 91% in selected scenarios, and 21%, 71%, and 42% for cost-based price rise, surcharge above list, and removal of a discount. Gender/minimal-group slides show unlabeled significance markers and must not be reproduced as empirical results without underlying methods/data.","Bicchieri (norm framework); Krupka & Weber (norm elicitation); Hoffman et al. (1994); Kahneman, Knetsch & Thaler (1986); Gneezy & Rustichini (daycare fine).","Mixed embedded photographs, screenshots, cartoons, web/video stills, and journal figures; rights are not established by the package. Do not copy or cosmetically modify copyrighted figures as a workaround. Redraw conceptual diagrams/tables, regenerate result charts from verified data, use licensed/public-domain photographs, and link to videos rather than embedding them unless permission is clear.","chapters/23-conformity-norms-and-social-proof.qmd and chapters/37-culture-identity-social-meaning.qmd discuss norms descriptively but omit expectation-based definitions, elicitation, punishment, and social-preference distinctions.","Partial conceptual coverage; formal mechanisms, activities, and evidence are missing.","Expand Chapter 23 and cross-reference chapters/48-cooperation-social-preferences.qmd; retain culture/identity applications in Chapter 37.","Use to verify visible student sequence and page grouping; ingest concepts from the editable PPTX/modern revised deck and primary sources, not from rasterized journal figures.","Page count and extracted text inspected; PDF is not a byte-identical duplicate of the corresponding PPTX."
"05 - Strategic and Social Decisions/13. Social Norms.pptx","05/Social preferences and norms","pptx","2871394","e8eb092373ac74260a1d2f36766bd6353436253180bac8b53dd5054c83debd10","51 slides","0","yes — 20/51 slides contain non-empty notes","","legacy editable lecture deck with speaker notes","Social norms as empirical and normative expectations with internal and external enforcement; distinction from stable social preferences; trust, punishment, guilt/anger, visibility/reputation, norm elicitation through coordination, minimal groups and in-group favoritism, integrated expectation-based models, and perceived fairness in market transactions.","Krupka-Weber norm-elicitation coordination task; minimal-group allocations; public/private giving; punishment/trust games; daycare fines; business-fairness vignettes.","Kahneman-Knetsch-Thaler vignettes report unfairness rates including 82%, 74%, and 91% in selected scenarios, and 21%, 71%, and 42% for cost-based price rise, surcharge above list, and removal of a discount. Gender/minimal-group slides show unlabeled significance markers and must not be reproduced as empirical results without underlying methods/data.","Bicchieri (norm framework); Krupka & Weber (norm elicitation); Hoffman et al. (1994); Kahneman, Knetsch & Thaler (1986); Gneezy & Rustichini (daycare fine). URLs in file: https://doi.org/10.1126/science.1100735","Mixed embedded photographs, screenshots, cartoons, web/video stills, and journal figures; rights are not established by the package. Do not copy or cosmetically modify copyrighted figures as a workaround. Redraw conceptual diagrams/tables, regenerate result charts from verified data, use licensed/public-domain photographs, and link to videos rather than embedding them unless permission is clear.","chapters/23-conformity-norms-and-social-proof.qmd and chapters/37-culture-identity-social-meaning.qmd discuss norms descriptively but omit expectation-based definitions, elicitation, punishment, and social-preference distinctions.","Partial conceptual coverage; formal mechanisms, activities, and evidence are missing.","Expand Chapter 23 and cross-reference chapters/48-cooperation-social-preferences.qmd; retain culture/identity applications in Chapter 37.","Mine speaker notes, classroom sequence, activities, and unique examples; de-duplicate against root/modern variants and use current revised sources for final claim wording.","All slide XML, notes, media, links, and hidden-state flags inspected."
"05 - Strategic and Social Decisions/13. Social Preferences and Social Norms.pdf","05/Social preferences and norms","pdf","2887796","3f1fce841c2d68a8b2d614f4a7a10eeaef6611354fda0eb8e020c0b6afb49a0e","50 pages","","","Composite/overlapping derivative of the separate Social Preferences and Social Norms decks (not byte-identical)","combined composite PDF handout","Composite deck combining the social-preferences and social-norms sequences with overlapping slides and transitions.","Ultimatum/dictator games, fairness among primates, norm elicitation, minimal groups, punishment/trust, daycare fine, and market-fairness vignettes.","Contains the Andreoni-Miller classification percentages and Kahneman-Knetsch-Thaler unfairness rates summarized in the separate component decks.","Composite bibliography from the Social Preferences and Social Norms decks. URLs in file: https://youtu.be/xot4z1CKFMo; youtu.be/xot4z1CKFMo","Mixed embedded photographs, screenshots, cartoons, web/video stills, and journal figures; rights are not established by the package. Do not copy or cosmetically modify copyrighted figures as a workaround. Redraw conceptual diagrams/tables, regenerate result charts from verified data, use licensed/public-domain photographs, and link to videos rather than embedding them unless permission is clear.","Related material is dispersed across Chapters 23, 30-34, and 37; planned Chapter 48 is absent.","Partial and fragmented; use component decks to avoid double-counting.","Chapter 48 for social preferences/cooperation; Chapter 23 for expectation-based norms; Chapter 37 for culture/identity.","Use only for transitions and any unique combined framing; ingest substantive content from the two component decks to avoid double-counting.","Page count and extracted text inspected; PDF is not a byte-identical duplicate of the corresponding PPTX."
"05 - Strategic and Social Decisions/13. Social Preferences and Social Norms.pptx","05/Social preferences and norms","pptx","4882793","eb719100d78f445206709fac4daa14070f5ee8b1e5a5143fc3a71c830adb8497","65 slides","0","yes — 34/65 slides contain non-empty notes","Composite/overlapping derivative of the separate Social Preferences and Social Norms decks (not byte-identical)","combined composite deck/handout","Composite deck combining the social-preferences and social-norms sequences with overlapping slides and transitions.","Ultimatum/dictator games, fairness among primates, norm elicitation, minimal groups, punishment/trust, daycare fine, and market-fairness vignettes.","Contains the Andreoni-Miller classification percentages and Kahneman-Knetsch-Thaler unfairness rates summarized in the separate component decks.","Composite bibliography from the Social Preferences and Social Norms decks. URLs in file: https://youtu.be/xot4z1CKFMo; youtu.be/xot4z1CKFMo; www.youtube.com","Mixed embedded photographs, screenshots, cartoons, web/video stills, and journal figures; rights are not established by the package. Do not copy or cosmetically modify copyrighted figures as a workaround. Redraw conceptual diagrams/tables, regenerate result charts from verified data, use licensed/public-domain photographs, and link to videos rather than embedding them unless permission is clear.","Related material is dispersed across Chapters 23, 30-34, and 37; planned Chapter 48 is absent.","Partial and fragmented; use component decks to avoid double-counting.","Chapter 48 for social preferences/cooperation; Chapter 23 for expectation-based norms; Chapter 37 for culture/identity.","Use only for transitions and any unique combined framing; ingest substantive content from the two component decks to avoid double-counting.","All slide XML, notes, media, links, and hidden-state flags inspected."
"05 - Strategic and Social Decisions/13. Social Preferences.pdf","05/Social preferences and norms","pdf","1437905","724f5074feb1be74d92158523029f77ef2079d4fb44a4ab7d928df4b8000aed2","21 pages","","","Handout/export derivative of 05 - Strategic and Social Decisions/13. Social Preferences.pptx (not byte-identical)","student-facing PDF handout/export","Evidence that material self-interest alone does not explain allocation and bargaining; ultimatum and dictator games; distributional preferences versus intention-based reciprocity; inequality aversion, ERC, efficiency, maximin/Rawlsian concerns, revealed-preference classification, neural evidence, and primate inequity responses.","Ultimatum and dictator games; modified dictator allocation choices; equity-efficiency trade-off; capuchin/grape-cucumber fairness video.","Deck reports ultimatum offers commonly centered around 40-50%, mean offers around 30-40%, and rejection of offers below 20% around half; bound these claims by design/culture/stakes. Andreoni & Miller: 176 subjects, 1,600+ choices; 47.2% selfish, 30.4% Rawlsian, 22.4% utilitarian classifications.","Fehr & Schmidt (1999); Bolton & Ockenfels (2000); Charness & Rabin (2002); Andreoni & Miller (2002); Oosterbeek, Sloof & van de Kuilen (2004). URLs in file: https://youtu.be/xot4z1CKFMo; youtu.be/xot4z1CKFMo","Mixed embedded photographs, screenshots, cartoons, web/video stills, and journal figures; rights are not established by the package. Do not copy or cosmetically modify copyrighted figures as a workaround. Redraw conceptual diagrams/tables, regenerate result charts from verified data, use licensed/public-domain photographs, and link to videos rather than embedding them unless permission is clear.","Only general fairness/reciprocity language appears in negotiation and culture chapters; planned chapters/48-cooperation-social-preferences.qmd is absent at audit time.","Core models, identification tasks, and cross-cultural boundary conditions are missing.","chapters/48-cooperation-social-preferences.qmd after repeated games, before social norms/culture.","Use to verify visible student sequence and page grouping; ingest concepts from the editable PPTX/modern revised deck and primary sources, not from rasterized journal figures.","Page count and extracted text inspected; PDF is not a byte-identical duplicate of the corresponding PPTX."
"05 - Strategic and Social Decisions/13. Social Preferences.pptx","05/Social preferences and norms","pptx","2651195","d902dbd59886b44b2772d6de714550e3bd67f667176bab7157c617e0535f8fd6","21 slides","0","yes — 16/21 slides contain non-empty notes","","legacy editable lecture deck with speaker notes","Evidence that material self-interest alone does not explain allocation and bargaining; ultimatum and dictator games; distributional preferences versus intention-based reciprocity; inequality aversion, ERC, efficiency, maximin/Rawlsian concerns, revealed-preference classification, neural evidence, and primate inequity responses.","Ultimatum and dictator games; modified dictator allocation choices; equity-efficiency trade-off; capuchin/grape-cucumber fairness video.","Deck reports ultimatum offers commonly centered around 40-50%, mean offers around 30-40%, and rejection of offers below 20% around half; bound these claims by design/culture/stakes. Andreoni & Miller: 176 subjects, 1,600+ choices; 47.2% selfish, 30.4% Rawlsian, 22.4% utilitarian classifications.","Fehr & Schmidt (1999); Bolton & Ockenfels (2000); Charness & Rabin (2002); Andreoni & Miller (2002); Oosterbeek, Sloof & van de Kuilen (2004). URLs in file: https://youtu.be/xot4z1CKFMo; youtu.be/xot4z1CKFMo; www.youtube.com","Mixed embedded photographs, screenshots, cartoons, web/video stills, and journal figures; rights are not established by the package. Do not copy or cosmetically modify copyrighted figures as a workaround. Redraw conceptual diagrams/tables, regenerate result charts from verified data, use licensed/public-domain photographs, and link to videos rather than embedding them unless permission is clear.","Only general fairness/reciprocity language appears in negotiation and culture chapters; planned chapters/48-cooperation-social-preferences.qmd is absent at audit time.","Core models, identification tasks, and cross-cultural boundary conditions are missing.","chapters/48-cooperation-social-preferences.qmd after repeated games, before social norms/culture.","Mine speaker notes, classroom sequence, activities, and unique examples; de-duplicate against root/modern variants and use current revised sources for final claim wording.","All slide XML, notes, media, links, and hidden-state flags inspected."
"05 - Strategic and Social Decisions/21. Evolutionary Game Theory.pptx","05/Evolutionary game theory","pptx","3524438","96a277dbf121501525d58017627ce74447c6df125eccffc2b5d372cc6037864f","53 slides","0","yes — 53/53 slides contain non-empty notes","","legacy editable lecture deck with speaker notes","Evolution as heredity, mutation, and selection across genetic, cultural, and learning transmission; classical versus evolutionary game theory; payoff-monotonic dynamics and replication; evolutionarily stable strategies (ESS); stag-hunt basins, hawk-dove mixed equilibrium, spatial Prisoner's Dilemma, ethnocentrism, and Schelling segregation.","Beetle arms race; population update cycle; stag hunt; hawk-dove; 50x50 toroidal spatial PD with eight neighbors; Hammond-Axelrod ethnocentrism; Schelling tipping and segregation.","Beetle/PD matrix Small-Small=(3,3), Small-Large=(0,5), Large-Small=(5,0), Large-Large=(1,1); 2x2 symmetric ESS condition a>c or [a=c and b>d]; stag expected payoff 2(1-x) versus hare 1 in the deck parameterization; hawk-dove mixed ESS Dove=1/3, Hawk=2/3; spatial example uses a 50x50 torus/eight neighbors.","Maynard Smith & Price (1973); Hammond & Axelrod (2006); Schelling (1969, 1978/2006); Tajfel (1970); Tajfel et al. (1971); Seabright (2010).","Mixed embedded photographs, screenshots, cartoons, web/video stills, and journal figures; rights are not established by the package. Do not copy or cosmetically modify copyrighted figures as a workaround. Redraw conceptual diagrams/tables, regenerate result charts from verified data, use licensed/public-domain photographs, and link to videos rather than embedding them unless permission is clear.","No evolutionary-game chapter or appendix; Chapter 37 covers culture/identity without population dynamics.","Entire dynamic/evolutionary layer is missing.","Advanced chapter or appendix in Strategic and Social Decisions, after one-shot and repeated games; keep evolutionary dynamics distinct from repeated-game reciprocity.","Mine speaker notes, classroom sequence, activities, and unique examples; de-duplicate against root/modern variants and use current revised sources for final claim wording.","All slide XML, notes, media, links, and hidden-state flags inspected."
"05 - Strategic and Social Decisions/22. Evolution of Cooperation.pptx","05/Evolutionary game theory","pptx","4025009","0bab5e212aaf3d97248ace2612375133742fc9a9bf01dffe4458366409ed6195","8 slides","0","yes — 1/8 slides contain non-empty notes","","incomplete eight-slide lecture fragment","Very short/incomplete deck introducing Nowak's five rules for the evolution of cooperation and beginning kin selection.","Five-rule overview and kin-selection framing; sequence stops before a complete lecture.","No complete quantitative treatment; use the cited literature, not the eight-slide fragment, for equations or effect claims.","Nowak (2006), Five rules for the evolution of cooperation.","Mixed embedded photographs, screenshots, cartoons, web/video stills, and journal figures; rights are not established by the package. Do not copy or cosmetically modify copyrighted figures as a workaround. Redraw conceptual diagrams/tables, regenerate result charts from verified data, use licensed/public-domain photographs, and link to videos rather than embedding them unless permission is clear.","No current destination.","Missing, but source itself is incomplete.","Short synthesis/box in the evolutionary-games chapter, verified against Nowak (2006) and later evidence.","Use only as a pointer to the intended five-rules/kin-selection topic; rebuild from primary literature.","All slide XML, notes, media, links, and hidden-state flags inspected."
"05 - Strategic and Social Decisions/Evolutionary Game Theory/EvolutionaryGameTheory.aux","05/Evolutionary game theory/TeX build","aux","11904","3e6e0dec9f23cc46fac8b7bb6b5e3a4d9024ad432e2ad45d8c961783b838d223","179 lines","","","Generated from EvolutionaryGameTheory.tex","LaTeX build auxiliary","Frame labels, cross-references, and citation bookkeeping; no independent teaching content.","","","","No reusable visual content.","No current book destination.","Non-content/build artifact.","None; optional reproducibility archive only.","Retain only in a reproducibility archive; exclude from book ingestion.","Text/binary metadata inspected mechanically; 179 lines/entries where applicable."
"05 - Strategic and Social Decisions/Evolutionary Game Theory/EvolutionaryGameTheory.bbl","05/Evolutionary game theory/TeX build","bbl","1777","38dfc974303a300f20b5cdcd96942b0686d8e3acef426c9e4f744625f0fb9b66","45 lines","","","Generated from EvolutionaryGameTheory.tex","generated bibliography","Rendered bibliography with eight entries used by the TeX source.","","","Frank & Gilovich (1988); Hammond & Axelrod (2006); Schelling (1969, 2006); Seabright (2010); Maynard Smith & Price (1973); Tajfel (1970); Tajfel et al. (1971).","No reusable visual content.","No current book destination.","Non-content/build artifact.","None; optional reproducibility archive only.","Use to cross-check citations against the TeX, then exclude from prose ingestion as a generated derivative.","Text/binary metadata inspected mechanically; 45 lines/entries where applicable."
"05 - Strategic and Social Decisions/Evolutionary Game Theory/EvolutionaryGameTheory.blg","05/Evolutionary game theory/TeX build","blg","3002","d3a8758d3296033e2699fe398546bcaa3a0cef7bf5a218a2515350634537d42b","93 lines","","","Generated from EvolutionaryGameTheory.tex","BibTeX build log","Bibliography compiler diagnostics; no teaching content.","","","","No reusable visual content.","No current book destination.","Non-content/build artifact.","None; optional reproducibility archive only.","Exclude; retain only for build provenance.","Text/binary metadata inspected mechanically; 93 lines/entries where applicable."
"05 - Strategic and Social Decisions/Evolutionary Game Theory/EvolutionaryGameTheory.log","05/Evolutionary game theory/TeX build","log","63561","c772ad5351373a986c58297f67040f49637ddbb4c00c43d55f2786f810fbffac","1651 lines","","","Generated from EvolutionaryGameTheory.tex","LaTeX compilation log","Compilation diagnostics, package/font messages, and page production record; no teaching content.","","","","No reusable visual content.","No current book destination.","Non-content/build artifact.","None; optional reproducibility archive only.","Exclude; retain only for build provenance.","Text/binary metadata inspected mechanically; 1651 lines/entries where applicable."
"05 - Strategic and Social Decisions/Evolutionary Game Theory/EvolutionaryGameTheory.nav","05/Evolutionary game theory/TeX build","nav","7255","52067fd573ea64deb2002dab4bca26fe63fdf5061ec46ebbf082880fe656b4c0","133 lines","","","Generated from EvolutionaryGameTheory.tex","Beamer navigation artifact","Generated slide/section navigation metadata; no independent teaching content.","","","","No reusable visual content.","No current book destination.","Non-content/build artifact.","None; optional reproducibility archive only.","Exclude.","Text/binary metadata inspected mechanically; 133 lines/entries where applicable."
"05 - Strategic and Social Decisions/Evolutionary Game Theory/EvolutionaryGameTheory.out","05/Evolutionary game theory/TeX build","out","2004","55170976ebf8db59c830be5114ef328e1d9dc34460a2462771bcb779395d86d0","13 lines","","","Generated from EvolutionaryGameTheory.tex","PDF bookmark/navigation artifact","Generated PDF outline/bookmark strings; no independent teaching content.","","","","No reusable visual content.","No current book destination.","Non-content/build artifact.","None; optional reproducibility archive only.","Exclude.","Text/binary metadata inspected mechanically; 13 lines/entries where applicable."
"05 - Strategic and Social Decisions/Evolutionary Game Theory/EvolutionaryGameTheory.pdf","05/Evolutionary game theory","pdf","3099306","c52456c2ca659f85073227c5dd5e998820d4b7c0e17efb702b43fe28031798f0","47 pages","","","Compiled derivative of 05 - Strategic and Social Decisions/Evolutionary Game Theory/EvolutionaryGameTheory.tex","compiled Beamer PDF derivative","Evolution as heredity, mutation, and selection across genetic, cultural, and learning transmission; classical versus evolutionary game theory; payoff-monotonic dynamics and replication; evolutionarily stable strategies (ESS); stag-hunt basins, hawk-dove mixed equilibrium, spatial Prisoner's Dilemma, ethnocentrism, and Schelling segregation.","Beetle arms race; population update cycle; stag hunt; hawk-dove; 50x50 toroidal spatial PD with eight neighbors; Hammond-Axelrod ethnocentrism; Schelling tipping and segregation.","Beetle/PD matrix Small-Small=(3,3), Small-Large=(0,5), Large-Small=(5,0), Large-Large=(1,1); 2x2 symmetric ESS condition a>c or [a=c and b>d]; stag expected payoff 2(1-x) versus hare 1 in the deck parameterization; hawk-dove mixed ESS Dove=1/3, Hawk=2/3; spatial example uses a 50x50 torus/eight neighbors.","Maynard Smith & Price (1973); Hammond & Axelrod (2006); Schelling (1969, 1978/2006); Tajfel (1970); Tajfel et al. (1971); Seabright (2010).","Mixed embedded photographs, screenshots, cartoons, web/video stills, and journal figures; rights are not established by the package. Do not copy or cosmetically modify copyrighted figures as a workaround. Redraw conceptual diagrams/tables, regenerate result charts from verified data, use licensed/public-domain photographs, and link to videos rather than embedding them unless permission is clear.","No evolutionary-game chapter or appendix; Chapter 37 covers culture/identity without population dynamics.","Entire dynamic/evolutionary layer is missing.","Advanced chapter or appendix in Strategic and Social Decisions, after one-shot and repeated games; keep evolutionary dynamics distinct from repeated-game reciprocity.","Use to verify the TeX-rendered lecture sequence; ingest equations, structure, and citations from the editable TeX and do not reuse mixed-rights raster assets.","All 47 pages text-extracted; compilation relation verified from the adjacent TeX/build files."
"05 - Strategic and Social Decisions/Evolutionary Game Theory/EvolutionaryGameTheory.snm","05/Evolutionary game theory/TeX build","snm","0","e3b0c44298fc1c149afbf4c8996fb92427ae41e4649b934ca495991b7852b855","0 lines","","","","empty Beamer build artifact","Zero-byte slide-name artifact.","","","","No reusable visual content.","No current book destination.","Non-content/build artifact.","None; optional reproducibility archive only.","Exclude.","Text/binary metadata inspected mechanically; 0 lines/entries where applicable."
"05 - Strategic and Social Decisions/Evolutionary Game Theory/EvolutionaryGameTheory.synctex.gz","05/Evolutionary game theory/TeX build","gz","87054","3fd16dd70eabeba5d3dc479dd93b7051589fb9315d8894c2ff40105f4432d870","compressed SyncTeX map","","","Generated from EvolutionaryGameTheory.tex","SyncTeX build artifact","Compressed source-to-PDF synchronization map; no teaching content.","","","","No reusable visual content.","No current book destination.","Non-content/build artifact.","None; optional reproducibility archive only.","Exclude; retain only if rebuilding/debugging the TeX project.","Text/binary metadata inspected mechanically; compressed lines/entries where applicable."
"05 - Strategic and Social Decisions/Evolutionary Game Theory/EvolutionaryGameTheory.tex","05/Evolutionary game theory","tex","50564","05e8a8b74a6b6ce6d8d85a5c71944e3e0372b5245e999dc04405654a63c4adeb","1262 lines","","","Editable source for EvolutionaryGameTheory.pdf; overlaps 21. Evolutionary Game Theory.pptx but is not byte-identical","editable canonical TeX lecture source","Evolution as heredity, mutation, and selection across genetic, cultural, and learning transmission; classical versus evolutionary game theory; payoff-monotonic dynamics and replication; evolutionarily stable strategies (ESS); stag-hunt basins, hawk-dove mixed equilibrium, spatial Prisoner's Dilemma, ethnocentrism, and Schelling segregation.","Beetle arms race; population update cycle; stag hunt; hawk-dove; 50x50 toroidal spatial PD with eight neighbors; Hammond-Axelrod ethnocentrism; Schelling tipping and segregation.","Beetle/PD matrix Small-Small=(3,3), Small-Large=(0,5), Large-Small=(5,0), Large-Large=(1,1); 2x2 symmetric ESS condition a>c or [a=c and b>d]; stag expected payoff 2(1-x) versus hare 1 in the deck parameterization; hawk-dove mixed ESS Dove=1/3, Hawk=2/3; spatial example uses a 50x50 torus/eight neighbors.","Maynard Smith & Price (1973); Hammond & Axelrod (2006); Schelling (1969, 1978/2006); Tajfel (1970); Tajfel et al. (1971); Seabright (2010).","The TeX references mixed-rights assets in img/. Use its original TikZ/equations and prose structure; replace/redraw external photographs, cartoons, screenshots, and journal figures according to the individual asset rows.","No evolutionary-game chapter or appendix; Chapter 37 covers culture/identity without population dynamics.","Entire dynamic/evolutionary layer is missing.","Advanced chapter or appendix in Strategic and Social Decisions, after one-shot and repeated games; keep evolutionary dynamics distinct from repeated-game reciprocity.","Primary editable authority for equations, payoff matrices, sequence, and citations; retain and mine fully. Rebuild diagrams natively and verify claims against primary sources.","All 1,262 lines read; frame structure, equations, image references, and bibliography calls inspected."
"05 - Strategic and Social Decisions/Evolutionary Game Theory/EvolutionaryGameTheory.toc","05/Evolutionary game theory/TeX build","toc","650","dff924ed50b1b31e1f791061a0980cbd528f31afcdf4482f4b87980a8d94ddc5","11 lines","","","Generated from EvolutionaryGameTheory.tex","Beamer table-of-contents artifact","Generated section/subsection outline; duplicates the TeX structure.","","","","No reusable visual content.","No current book destination.","Non-content/build artifact.","None; optional reproducibility archive only.","Exclude as a generated derivative.","Text/binary metadata inspected mechanically; 11 lines/entries where applicable."
"05 - Strategic and Social Decisions/Evolutionary Game Theory/NetLogo/2by2_game.nlogo","05/Evolutionary game theory/NetLogo models","nlogo","20540","4daabf922c67ad78bb15ade1fae7bb9f4f63271009e0b9498a56ca1268d144ce","601 lines","","","","editable NetLogo model source","Two-strategy payoff-monotonic/replicator-like update: f1=1-w+w[a*x+b(1-x)], f2=1-w+w[c*x+d(1-x)], x'=x*f1/[x*f1+(1-x)f2]. The Info tab is stale PD-template text and does not document the custom code accurately.","Run 2x2 stag-hunt/hawk-dove/PD parameterizations and compare basins/steady states.","Exact update equation is embedded in code; model behavior depends on a,b,c,d,w and initial x.","Wilensky NetLogo model and platform citations; Hammond & Axelrod for ethnocentrism; Schelling for segregation. Embedded Info-tab URLs are preserved in this row's source file.","Files state copyright Uri Wilensky and CC BY-NC-SA 3.0; ethnocentrism also credits Axelrod/Hammond. Attribution, noncommercial, and share-alike conditions matter for redistribution; a commercial book needs a separate license or an independent reimplementation.","No evolutionary-games chapter or simulation appendix.","Model-based teaching layer missing.","Advanced evolutionary-games chapter/appendix with independently implemented, versioned, seeded simulations and accessible charts.","Use as a behavioral specification and provenance source; do not directly redistribute in the book unless the CC BY-NC-SA/commercial-license implications are accepted. Reimplement and validate for publishable figures.","All 601 lines read, including code, interface serialization, Info tab, citations, license, and BehaviorSpace sections."
"05 - Strategic and Social Decisions/Evolutionary Game Theory/NetLogo/Ethnocentrism.nlogo","05/Evolutionary game theory/NetLogo models","nlogo","47535","444582d3adc018f904acc1ce4aec7a7ec85802f9c8ebc8521f5e998a33c3c629","1492 lines","","","","editable NetLogo model source","Axelrod-Hammond/Wilensky ethnocentrism agent-based model with four conditional-help strategies, local interaction, immigration, reproduction, mutation, and strategy-count plots.","Vary cost of giving, benefit, immigration, mutation, and world size; compare ethnocentric, altruist, selfish, and cosmopolitan strategies.","No reproducible result should be quoted until NetLogo version, parameters, topology, seed, stopping rule, and replications are declared and rerun.","Wilensky NetLogo model and platform citations; Hammond & Axelrod for ethnocentrism; Schelling for segregation. Embedded Info-tab URLs are preserved in this row's source file.","Files state copyright Uri Wilensky and CC BY-NC-SA 3.0; ethnocentrism also credits Axelrod/Hammond. Attribution, noncommercial, and share-alike conditions matter for redistribution; a commercial book needs a separate license or an independent reimplementation.","No evolutionary-games chapter or simulation appendix.","Model-based teaching layer missing.","Advanced evolutionary-games chapter/appendix with independently implemented, versioned, seeded simulations and accessible charts.","Use as a behavioral specification and provenance source; do not directly redistribute in the book unless the CC BY-NC-SA/commercial-license implications are accepted. Reimplement and validate for publishable figures.","All 1492 lines read, including code, interface serialization, Info tab, citations, license, and BehaviorSpace sections."
"05 - Strategic and Social Decisions/Evolutionary Game Theory/NetLogo/Segregation.nlogo","05/Evolutionary game theory/NetLogo models","nlogo","17334","50a2a3229e36f4c22bd7434fd33ae5b2f29eb4ba479f21ceefa92d23d2a01f32","620 lines","","","","editable NetLogo model source","Wilensky implementation of Schelling's segregation model: agents move when the share of same-color neighbors is below a threshold; local tolerance can generate macro segregation.","Compare requested same-neighbor threshold with emergent percent-similar and percent-unhappy.","Info tab reports that a 30% same-neighbor threshold often produces about 70% same-color neighbors; this is a model-specific illustrative result and should be rerun with declared seed/parameters.","Wilensky NetLogo model and platform citations; Hammond & Axelrod for ethnocentrism; Schelling for segregation. Embedded Info-tab URLs are preserved in this row's source file.","Files state copyright Uri Wilensky and CC BY-NC-SA 3.0; ethnocentrism also credits Axelrod/Hammond. Attribution, noncommercial, and share-alike conditions matter for redistribution; a commercial book needs a separate license or an independent reimplementation.","No evolutionary-games chapter or simulation appendix.","Model-based teaching layer missing.","Advanced evolutionary-games chapter/appendix with independently implemented, versioned, seeded simulations and accessible charts.","Use as a behavioral specification and provenance source; do not directly redistribute in the book unless the CC BY-NC-SA/commercial-license implications are accepted. Reimplement and validate for publishable figures.","All 620 lines read, including code, interface serialization, Info tab, citations, license, and BehaviorSpace sections."
"05 - Strategic and Social Decisions/Evolutionary Game Theory/NetLogo/spatial_PD.nlogo","05/Evolutionary game theory/NetLogo models","nlogo","22613","f3c9c9ce7878ba3f36e421c5b469902a2ec6c3fbc290f7fb11f47c037ee1046f","649 lines","","","","editable NetLogo model source","101x101 spatial Prisoner's Dilemma/cooperation model with optional four/eight neighbors and highest-payoff-neighbor imitation.","Compare spatial clustering under neighborhood and temptation/defection-award settings.","No reproducible result should be quoted until NetLogo version, parameters, topology, seed, stopping rule, and replications are declared and rerun.","Wilensky NetLogo model and platform citations; Hammond & Axelrod for ethnocentrism; Schelling for segregation. Embedded Info-tab URLs are preserved in this row's source file.","Files state copyright Uri Wilensky and CC BY-NC-SA 3.0; ethnocentrism also credits Axelrod/Hammond. Attribution, noncommercial, and share-alike conditions matter for redistribution; a commercial book needs a separate license or an independent reimplementation.","No evolutionary-games chapter or simulation appendix.","Model-based teaching layer missing.","Advanced evolutionary-games chapter/appendix with independently implemented, versioned, seeded simulations and accessible charts.","Use as a behavioral specification and provenance source; do not directly redistribute in the book unless the CC BY-NC-SA/commercial-license implications are accepted. Reimplement and validate for publishable figures.","All 649 lines read, including code, interface serialization, Info tab, citations, license, and BehaviorSpace sections."
"05 - Strategic and Social Decisions/Evolutionary Game Theory/NetLogo/spatial_PD_10.nlogo","05/Evolutionary game theory/NetLogo models","nlogo","22472","e83b6194ea5d7f97d9bf1b26f640b7fa83d5886954460897de3ee1744f527662","647 lines","","","","editable NetLogo model source","10x10 teaching variant forcing an initial defector at patch (5,5), displaying patch scores and using eight-neighbor updates; not byte-identical to the 101x101 version.","Step through invasion/cluster growth from a single defector.","No reproducible result should be quoted until NetLogo version, parameters, topology, seed, stopping rule, and replications are declared and rerun.","Wilensky NetLogo model and platform citations; Hammond & Axelrod for ethnocentrism; Schelling for segregation. Embedded Info-tab URLs are preserved in this row's source file.","Files state copyright Uri Wilensky and CC BY-NC-SA 3.0; ethnocentrism also credits Axelrod/Hammond. Attribution, noncommercial, and share-alike conditions matter for redistribution; a commercial book needs a separate license or an independent reimplementation.","No evolutionary-games chapter or simulation appendix.","Model-based teaching layer missing.","Advanced evolutionary-games chapter/appendix with independently implemented, versioned, seeded simulations and accessible charts.","Use as a behavioral specification and provenance source; do not directly redistribute in the book unless the CC BY-NC-SA/commercial-license implications are accepted. Reimplement and validate for publishable figures.","All 647 lines read, including code, interface serialization, Info tab, citations, license, and BehaviorSpace sections."
"05 - Strategic and Social Decisions/Evolutionary Game Theory/NetLogo/spatial_game.nlogo","05/Evolutionary game theory/NetLogo models","nlogo","22507","c741405fddb24c210bc017af2fdd73a14730855118ee8904baa46dd87b7e149c","682 lines","","","","editable NetLogo model source","General 101x101 spatial two-strategy game with optional four/eight neighbors and imitation of the highest-scoring neighbor.","Vary S/T payoff controls, initial frequency, and neighborhood; observe cluster survival and spread.","No reproducible result should be quoted until NetLogo version, parameters, topology, seed, stopping rule, and replications are declared and rerun.","Wilensky NetLogo model and platform citations; Hammond & Axelrod for ethnocentrism; Schelling for segregation. Embedded Info-tab URLs are preserved in this row's source file.","Files state copyright Uri Wilensky and CC BY-NC-SA 3.0; ethnocentrism also credits Axelrod/Hammond. Attribution, noncommercial, and share-alike conditions matter for redistribution; a commercial book needs a separate license or an independent reimplementation.","No evolutionary-games chapter or simulation appendix.","Model-based teaching layer missing.","Advanced evolutionary-games chapter/appendix with independently implemented, versioned, seeded simulations and accessible charts.","Use as a behavioral specification and provenance source; do not directly redistribute in the book unless the CC BY-NC-SA/commercial-license implications are accepted. Reimplement and validate for publishable figures.","All 682 lines read, including code, interface serialization, Info tab, citations, license, and BehaviorSpace sections."
"05 - Strategic and Social Decisions/Evolutionary Game Theory/NetLogo/spatial_game_10.nlogo","05/Evolutionary game theory/NetLogo models","nlogo","22512","4a0b3c46ba08472e77c64db24105e1aef90ce10ca79c06af7331ba39384f3b46","683 lines","","","","editable NetLogo model source","10x10 labeled-score teaching variant of the general spatial game; otherwise closely related but not byte-identical.","Step through local scores and strategy copying on a small inspectable lattice.","No reproducible result should be quoted until NetLogo version, parameters, topology, seed, stopping rule, and replications are declared and rerun.","Wilensky NetLogo model and platform citations; Hammond & Axelrod for ethnocentrism; Schelling for segregation. Embedded Info-tab URLs are preserved in this row's source file.","Files state copyright Uri Wilensky and CC BY-NC-SA 3.0; ethnocentrism also credits Axelrod/Hammond. Attribution, noncommercial, and share-alike conditions matter for redistribution; a commercial book needs a separate license or an independent reimplementation.","No evolutionary-games chapter or simulation appendix.","Model-based teaching layer missing.","Advanced evolutionary-games chapter/appendix with independently implemented, versioned, seeded simulations and accessible charts.","Use as a behavioral specification and provenance source; do not directly redistribute in the book unless the CC BY-NC-SA/commercial-license implications are accepted. Reimplement and validate for publishable figures.","All 683 lines read, including code, interface serialization, Info tab, citations, license, and BehaviorSpace sections."
"05 - Strategic and Social Decisions/Evolutionary Game Theory/img/.picasa.ini","05/Evolutionary game theory/images","ini","111","8fea2b672d0bea431a0f79c89dea5f27fc1c70207f9bef5c548fdd263a870ec0","7 lines","","","","Picasa crop/rotation metadata","Records crop metadata for selected PD/Schelling assets; no conceptual teaching content.","","","","Metadata does not establish rights in the underlying images.","None.","Non-content metadata.","None.","Exclude from book ingestion; retain only with the archival image source tree if preservation is desired.","Plain-text metadata read completely."
"05 - Strategic and Social Decisions/Evolutionary Game Theory/img/.picasaoriginals/.picasa.ini","05/Evolutionary game theory/images","ini","462","093e35b35f14b781d18795bf83732d68609a59d2404fcbb81867e5e2ac5601d2","22 lines","","","","Picasa crop/rotation metadata","Records crop metadata for selected PD/Schelling assets; no conceptual teaching content.","","","","Metadata does not establish rights in the underlying images.","None.","Non-content metadata.","None.","Exclude from book ingestion; retain only with the archival image source tree if preservation is desired.","Plain-text metadata read completely."
"05 - Strategic and Social Decisions/Evolutionary Game Theory/img/.picasaoriginals/PD_200.png","05/Evolutionary game theory/images","png","21002","d6d0ca2626bb5bf82764c5474bb69b4a9db7f96c74f8ec28ae293af414f218c8","410x405 px","","","Pre-crop source for similarly named image outside .picasaoriginals (not byte-identical)","archived pre-crop original","Archived/source image used by the evolutionary-game lecture.","Supports the evolutionary-game, spatial-cooperation, ethnocentrism, or segregation teaching sequence.","Visual/model output only; no recoverable run seed, parameter registry, or raw series accompanies the raster image, so do not make quantitative claims from pixels.","Underlying sources include Maynard Smith & Price; Hammond & Axelrod; Schelling; and Wilensky NetLogo models, as applicable.","Rights inherit the underlying model/photo; Picasa archival status does not grant reuse rights.","No current evolutionary-games chapter.","Visual for missing evolutionary-games chapter.","Advanced evolutionary-games chapter/appendix, using a recreated accessible figure only.","Exclude from direct book use; superseded/cropped derivative exists. Retain only as source provenance if the lecture archive is preserved.","Opened in an all-assets montage and checked visually; dimensions 410x405 px."
"05 - Strategic and Social Decisions/Evolutionary Game Theory/img/.picasaoriginals/PD_initial.png","05/Evolutionary game theory/images","png","23904","a8f34f3159d5d2de5ce06c78bfb1533a88c9654a39c7a832d5436f19681d6d43","408x409 px","","","Pre-crop source for similarly named image outside .picasaoriginals (not byte-identical)","archived pre-crop original","Spatial Prisoner's Dilemma initial random condition (cropped variant).","Supports the evolutionary-game, spatial-cooperation, ethnocentrism, or segregation teaching sequence.","Visual/model output only; no recoverable run seed, parameter registry, or raw series accompanies the raster image, so do not make quantitative claims from pixels.","Underlying sources include Maynard Smith & Price; Hammond & Axelrod; Schelling; and Wilensky NetLogo models, as applicable.","Rights inherit the underlying model/photo; Picasa archival status does not grant reuse rights.","No current evolutionary-games chapter.","Visual for missing evolutionary-games chapter.","Advanced evolutionary-games chapter/appendix, using a recreated accessible figure only.","Exclude from direct book use; superseded/cropped derivative exists. Retain only as source provenance if the lecture archive is preserved.","Opened in an all-assets montage and checked visually; dimensions 408x409 px."
"05 - Strategic and Social Decisions/Evolutionary Game Theory/img/.picasaoriginals/schelling.jpg","05/Evolutionary game theory/images","jpg","106403","47f5a941662e3f872f8426fcaa8954fb0ad41ff49ceee8ba392ec65c7a3a02b1","1920x1080 px","","","Pre-crop source for similarly named image outside .picasaoriginals (not byte-identical)","archived pre-crop original","Photograph of Thomas Schelling; exact source/rights not recorded.","Supports the evolutionary-game, spatial-cooperation, ethnocentrism, or segregation teaching sequence.","Visual/model output only; no recoverable run seed, parameter registry, or raw series accompanies the raster image, so do not make quantitative claims from pixels.","Underlying sources include Maynard Smith & Price; Hammond & Axelrod; Schelling; and Wilensky NetLogo models, as applicable.","External photograph/illustration with no recorded license or provenance in the folder; do not reuse. Replace with verified public-domain/licensed art or an original diagram.","No current evolutionary-games chapter.","Visual for missing evolutionary-games chapter.","Advanced evolutionary-games chapter/appendix, using a recreated accessible figure only.","Replace; do not publish this asset without provenance and permission/license verification.","Opened in an all-assets montage and checked visually; dimensions 1920x1080 px."
"05 - Strategic and Social Decisions/Evolutionary Game Theory/img/1-s2.0-S0022519307001439-main.pdf","05/Evolutionary game theory/research article","pdf","301303","7f7f98324a4872261cc12ca56dcfcf7f8a45c5d00ad68977a4c30097800c5b42","7 pages","","","","copyrighted publisher article PDF","Imhof, Fudenberg & Nowak (2007), 'Tit-for-tat or win-stay, lose-shift?' Compares evolutionary robustness of TFT and WSLS under noise/mutation; emphasizes TFT's lack of forgiveness and drift toward unconditional cooperation.","Use as a repeated-game/evolutionary contrast: one-shot incentives, repetition, implementation error, and population selection answer different questions.","Do not transcribe quantitative figures/tables without checking the article model and parameters; use the paper for mechanism and citation, not as a figure source.","Imhof, Fudenberg & Nowak (2007), Journal of Theoretical Biology 247, 574-580; DOI 10.1016/j.jtbi.2007.03.027; publisher links embedded in PDF.","Full Elsevier publisher PDF; copyrighted. Do not embed pages or figures. Cite the article and create an original schematic based on the model, with no close copying.","No evolutionary-games chapter.","Mechanism absent.","Repeated-versus-evolutionary cooperation box in the advanced strategy chapter.","Cite and summarize within copyright limits; exclude the PDF and its figures from the book package.","All seven pages text-extracted and visually represented in the evolutionary-assets montage; DOI and bibliographic metadata checked within the PDF."
"05 - Strategic and Social Decisions/Evolutionary Game Theory/img/1-s2.0-S0022519307001439-main.png","05/Evolutionary game theory/research article","png","674170","fdf27ba31250f4feefb0d148e5ecd68c71f1b55773250f165efa357c619b172e","1654x2205 px","","","Rasterized first page of 05 - Strategic and Social Decisions/Evolutionary Game Theory/img/1-s2.0-S0022519307001439-main.pdf (not byte-identical)","copyrighted publisher-article first-page raster","Rasterized first page of Imhof, Fudenberg & Nowak (2007), 'Tit-for-tat or win-stay, lose-shift?'","Use as a repeated-game/evolutionary contrast: one-shot incentives, repetition, implementation error, and population selection answer different questions.","Do not transcribe quantitative figures/tables without checking the article model and parameters; use the paper for mechanism and citation, not as a figure source.","Imhof, Fudenberg & Nowak (2007), Journal of Theoretical Biology 247, 574-580; DOI 10.1016/j.jtbi.2007.03.027; publisher links embedded in PDF.","Elsevier publisher page image; copyrighted. Do not embed or cosmetically alter it. Cite the article and create an original schematic based on the model, with no close copying.","No evolutionary-games chapter.","Mechanism absent.","Repeated-versus-evolutionary cooperation box in the advanced strategy chapter.","Exclude this redundant copyrighted raster from the book package; use the article citation and an independently designed schematic.","Opened at original resolution and identified as a 1654x2205 px raster of the article's first publisher-formatted page; title, authors, abstract, copyright line, and DOI are visible."
"05 - Strategic and Social Decisions/Evolutionary Game Theory/img/1.png","05/Evolutionary game theory/images","png","23311","f42542f6d05856f35a72c89a318b17added6ba1a660d2f68389a752322433080","501x499 px","","","","lecture image asset","Spatial-game teaching snapshot: one red strategy introduced into a blue field, with patch scores shown.","Supports the evolutionary-game, spatial-cooperation, ethnocentrism, or segregation teaching sequence.","Visual/model output only; no recoverable run seed, parameter registry, or raw series accompanies the raster image, so do not make quantitative claims from pixels.","Underlying sources include Maynard Smith & Price; Hammond & Axelrod; Schelling; and Wilensky NetLogo models, as applicable.","Model-generated screenshot/chart, but the underlying NetLogo model files state CC BY-NC-SA 3.0. Direct reuse can impose attribution, noncommercial, and share-alike conditions; an independently implemented/redrawn figure is safer.","No current evolutionary-games chapter.","Visual for missing evolutionary-games chapter.","Advanced evolutionary-games chapter/appendix, using a recreated accessible figure only.","Recreate as a clean, book-native chart/schematic from the stated model/equations; cite the model/source and do not treat the screenshot as empirical data.","Opened in an all-assets montage and checked visually; dimensions 501x499 px."
"05 - Strategic and Social Decisions/Evolutionary Game Theory/img/2.png","05/Evolutionary game theory/images","png","26310","b8ef26f19f357e98df8c23906d6fdf8e8242a86fc483aecfe1e28f80259b0666","504x500 px","","","","lecture image asset","Next spatial-game update: the red strategy expands to neighboring patches, with scores shown.","Supports the evolutionary-game, spatial-cooperation, ethnocentrism, or segregation teaching sequence.","Visual/model output only; no recoverable run seed, parameter registry, or raw series accompanies the raster image, so do not make quantitative claims from pixels.","Underlying sources include Maynard Smith & Price; Hammond & Axelrod; Schelling; and Wilensky NetLogo models, as applicable.","Model-generated screenshot/chart, but the underlying NetLogo model files state CC BY-NC-SA 3.0. Direct reuse can impose attribution, noncommercial, and share-alike conditions; an independently implemented/redrawn figure is safer.","No current evolutionary-games chapter.","Visual for missing evolutionary-games chapter.","Advanced evolutionary-games chapter/appendix, using a recreated accessible figure only.","Recreate as a clean, book-native chart/schematic from the stated model/equations; cite the model/source and do not treat the screenshot as empirical data.","Opened in an all-assets montage and checked visually; dimensions 504x500 px."
"05 - Strategic and Social Decisions/Evolutionary Game Theory/img/3.png","05/Evolutionary game theory/images","png","28281","07b9da37d9861c0d7e65296c52d9a624e99b21ffa1eca61dba96a918285ec0ea","502x499 px","","","","lecture image asset","Subsequent spatial-game update illustrating local imitation and cluster growth.","Supports the evolutionary-game, spatial-cooperation, ethnocentrism, or segregation teaching sequence.","Visual/model output only; no recoverable run seed, parameter registry, or raw series accompanies the raster image, so do not make quantitative claims from pixels.","Underlying sources include Maynard Smith & Price; Hammond & Axelrod; Schelling; and Wilensky NetLogo models, as applicable.","Model-generated screenshot/chart, but the underlying NetLogo model files state CC BY-NC-SA 3.0. Direct reuse can impose attribution, noncommercial, and share-alike conditions; an independently implemented/redrawn figure is safer.","No current evolutionary-games chapter.","Visual for missing evolutionary-games chapter.","Advanced evolutionary-games chapter/appendix, using a recreated accessible figure only.","Recreate as a clean, book-native chart/schematic from the stated model/equations; cite the model/source and do not treat the screenshot as empirical data.","Opened in an all-assets montage and checked visually; dimensions 502x499 px."
"05 - Strategic and Social Decisions/Evolutionary Game Theory/img/4.png","05/Evolutionary game theory/images","png","32285","66468b2571143c885db4c09c686825d823332a1f3d1f0d8671dfc2d650df2971","505x502 px","","","","lecture image asset","Subsequent spatial-game update illustrating non-monotone cluster geometry.","Supports the evolutionary-game, spatial-cooperation, ethnocentrism, or segregation teaching sequence.","Visual/model output only; no recoverable run seed, parameter registry, or raw series accompanies the raster image, so do not make quantitative claims from pixels.","Underlying sources include Maynard Smith & Price; Hammond & Axelrod; Schelling; and Wilensky NetLogo models, as applicable.","Model-generated screenshot/chart, but the underlying NetLogo model files state CC BY-NC-SA 3.0. Direct reuse can impose attribution, noncommercial, and share-alike conditions; an independently implemented/redrawn figure is safer.","No current evolutionary-games chapter.","Visual for missing evolutionary-games chapter.","Advanced evolutionary-games chapter/appendix, using a recreated accessible figure only.","Recreate as a clean, book-native chart/schematic from the stated model/equations; cite the model/source and do not treat the screenshot as empirical data.","Opened in an all-assets montage and checked visually; dimensions 505x502 px."
"05 - Strategic and Social Decisions/Evolutionary Game Theory/img/5.png","05/Evolutionary game theory/images","png","31212","88b44d0c9ec0ce20818beae7e2b6d0e3b5e7e4cc4b64c4e896e20baf2a1ab620","502x501 px","","","","lecture image asset","Later spatial-game update illustrating expansion under local payoff comparison.","Supports the evolutionary-game, spatial-cooperation, ethnocentrism, or segregation teaching sequence.","Visual/model output only; no recoverable run seed, parameter registry, or raw series accompanies the raster image, so do not make quantitative claims from pixels.","Underlying sources include Maynard Smith & Price; Hammond & Axelrod; Schelling; and Wilensky NetLogo models, as applicable.","Model-generated screenshot/chart, but the underlying NetLogo model files state CC BY-NC-SA 3.0. Direct reuse can impose attribution, noncommercial, and share-alike conditions; an independently implemented/redrawn figure is safer.","No current evolutionary-games chapter.","Visual for missing evolutionary-games chapter.","Advanced evolutionary-games chapter/appendix, using a recreated accessible figure only.","Recreate as a clean, book-native chart/schematic from the stated model/equations; cite the model/source and do not treat the screenshot as empirical data.","Opened in an all-assets montage and checked visually; dimensions 502x501 px."
"05 - Strategic and Social Decisions/Evolutionary Game Theory/img/6.png","05/Evolutionary game theory/images","png","32543","12dba4936b9a33752123f2cbc33b39af70a203e4893743204af15196c1072975","503x502 px","","","","lecture image asset","Later spatial-game update illustrating a large red cluster after repeated local updates.","Supports the evolutionary-game, spatial-cooperation, ethnocentrism, or segregation teaching sequence.","Visual/model output only; no recoverable run seed, parameter registry, or raw series accompanies the raster image, so do not make quantitative claims from pixels.","Underlying sources include Maynard Smith & Price; Hammond & Axelrod; Schelling; and Wilensky NetLogo models, as applicable.","Model-generated screenshot/chart, but the underlying NetLogo model files state CC BY-NC-SA 3.0. Direct reuse can impose attribution, noncommercial, and share-alike conditions; an independently implemented/redrawn figure is safer.","No current evolutionary-games chapter.","Visual for missing evolutionary-games chapter.","Advanced evolutionary-games chapter/appendix, using a recreated accessible figure only.","Recreate as a clean, book-native chart/schematic from the stated model/equations; cite the model/source and do not treat the screenshot as empirical data.","Opened in an all-assets montage and checked visually; dimensions 503x502 px."
"05 - Strategic and Social Decisions/Evolutionary Game Theory/img/Evolution.jpg","05/Evolutionary game theory/images","jpg","100942","d38e9218599edbd23c0a81f210b88b920358a3b055f44260d72f494156451171","1880x740 px","","","","lecture image asset","Human-evolution silhouette graphic; exact source/rights not recorded.","Supports the evolutionary-game, spatial-cooperation, ethnocentrism, or segregation teaching sequence.","Visual/model output only; no recoverable run seed, parameter registry, or raw series accompanies the raster image, so do not make quantitative claims from pixels.","Underlying sources include Maynard Smith & Price; Hammond & Axelrod; Schelling; and Wilensky NetLogo models, as applicable.","External photograph/illustration with no recorded license or provenance in the folder; do not reuse. Replace with verified public-domain/licensed art or an original diagram.","No current evolutionary-games chapter.","Visual for missing evolutionary-games chapter.","Advanced evolutionary-games chapter/appendix, using a recreated accessible figure only.","Replace; do not publish this asset without provenance and permission/license verification.","Opened in an all-assets montage and checked visually; dimensions 1880x740 px."
"05 - Strategic and Social Decisions/Evolutionary Game Theory/img/PD_100.png","05/Evolutionary game theory/images","png","20607","ea82029bed247c6a3d2230793409361db16c04c95ed1fb98f9e2da9480a1554c","409x406 px","","","","lecture image asset","Spatial Prisoner's Dilemma screenshot after 100 updates.","Supports the evolutionary-game, spatial-cooperation, ethnocentrism, or segregation teaching sequence.","Visual/model output only; no recoverable run seed, parameter registry, or raw series accompanies the raster image, so do not make quantitative claims from pixels.","Underlying sources include Maynard Smith & Price; Hammond & Axelrod; Schelling; and Wilensky NetLogo models, as applicable.","Model-generated screenshot/chart, but the underlying NetLogo model files state CC BY-NC-SA 3.0. Direct reuse can impose attribution, noncommercial, and share-alike conditions; an independently implemented/redrawn figure is safer.","No current evolutionary-games chapter.","Visual for missing evolutionary-games chapter.","Advanced evolutionary-games chapter/appendix, using a recreated accessible figure only.","Recreate as a clean, book-native chart/schematic from the stated model/equations; cite the model/source and do not treat the screenshot as empirical data.","Opened in an all-assets montage and checked visually; dimensions 409x406 px."
"05 - Strategic and Social Decisions/Evolutionary Game Theory/img/PD_200i.jpg","05/Evolutionary game theory/images","jpg","186629","3e1026117f0cd04294d129ed182252b4c3e61034ce85f334cb76baadb841d475","407x405 px","","","","lecture image asset","Spatial Prisoner's Dilemma screenshot after about 200 updates/iterations.","Supports the evolutionary-game, spatial-cooperation, ethnocentrism, or segregation teaching sequence.","Visual/model output only; no recoverable run seed, parameter registry, or raw series accompanies the raster image, so do not make quantitative claims from pixels.","Underlying sources include Maynard Smith & Price; Hammond & Axelrod; Schelling; and Wilensky NetLogo models, as applicable.","Model-generated screenshot/chart, but the underlying NetLogo model files state CC BY-NC-SA 3.0. Direct reuse can impose attribution, noncommercial, and share-alike conditions; an independently implemented/redrawn figure is safer.","No current evolutionary-games chapter.","Visual for missing evolutionary-games chapter.","Advanced evolutionary-games chapter/appendix, using a recreated accessible figure only.","Recreate as a clean, book-native chart/schematic from the stated model/equations; cite the model/source and do not treat the screenshot as empirical data.","Opened in an all-assets montage and checked visually; dimensions 407x405 px."
"05 - Strategic and Social Decisions/Evolutionary Game Theory/img/PD_50o.png","05/Evolutionary game theory/images","png","18779","7000b1c2a8298ef624ff0ab2ad50044f88c1da347357597174a975a5b54b96f1","506x505 px","","","","lecture image asset","Spatial Prisoner's Dilemma screenshot after about 50 updates.","Supports the evolutionary-game, spatial-cooperation, ethnocentrism, or segregation teaching sequence.","Visual/model output only; no recoverable run seed, parameter registry, or raw series accompanies the raster image, so do not make quantitative claims from pixels.","Underlying sources include Maynard Smith & Price; Hammond & Axelrod; Schelling; and Wilensky NetLogo models, as applicable.","Model-generated screenshot/chart, but the underlying NetLogo model files state CC BY-NC-SA 3.0. Direct reuse can impose attribution, noncommercial, and share-alike conditions; an independently implemented/redrawn figure is safer.","No current evolutionary-games chapter.","Visual for missing evolutionary-games chapter.","Advanced evolutionary-games chapter/appendix, using a recreated accessible figure only.","Recreate as a clean, book-native chart/schematic from the stated model/equations; cite the model/source and do not treat the screenshot as empirical data.","Opened in an all-assets montage and checked visually; dimensions 506x505 px."
"05 - Strategic and Social Decisions/Evolutionary Game Theory/img/PD_initial.png","05/Evolutionary game theory/images","png","23732","01a4ec6fdaa576cdc93afffebc90f7d65c0e65c95433302d65834313021b76a6","408x405 px","","","","lecture image asset","Spatial Prisoner's Dilemma initial random condition (cropped variant).","Supports the evolutionary-game, spatial-cooperation, ethnocentrism, or segregation teaching sequence.","Visual/model output only; no recoverable run seed, parameter registry, or raw series accompanies the raster image, so do not make quantitative claims from pixels.","Underlying sources include Maynard Smith & Price; Hammond & Axelrod; Schelling; and Wilensky NetLogo models, as applicable.","Model-generated screenshot/chart, but the underlying NetLogo model files state CC BY-NC-SA 3.0. Direct reuse can impose attribution, noncommercial, and share-alike conditions; an independently implemented/redrawn figure is safer.","No current evolutionary-games chapter.","Visual for missing evolutionary-games chapter.","Advanced evolutionary-games chapter/appendix, using a recreated accessible figure only.","Recreate as a clean, book-native chart/schematic from the stated model/equations; cite the model/source and do not treat the screenshot as empirical data.","Opened in an all-assets montage and checked visually; dimensions 408x405 px."
"05 - Strategic and Social Decisions/Evolutionary Game Theory/img/PD_initial0.png","05/Evolutionary game theory/images","png","20170","3b4a0c0dee0dc71233a2b41e8e2d08d80f38985cc3562f62d6fc395e21f3f892","506x503 px","","","","lecture image asset","Spatial Prisoner's Dilemma initial random condition (alternate dimensions).","Supports the evolutionary-game, spatial-cooperation, ethnocentrism, or segregation teaching sequence.","Visual/model output only; no recoverable run seed, parameter registry, or raw series accompanies the raster image, so do not make quantitative claims from pixels.","Underlying sources include Maynard Smith & Price; Hammond & Axelrod; Schelling; and Wilensky NetLogo models, as applicable.","Model-generated screenshot/chart, but the underlying NetLogo model files state CC BY-NC-SA 3.0. Direct reuse can impose attribution, noncommercial, and share-alike conditions; an independently implemented/redrawn figure is safer.","No current evolutionary-games chapter.","Visual for missing evolutionary-games chapter.","Advanced evolutionary-games chapter/appendix, using a recreated accessible figure only.","Recreate as a clean, book-native chart/schematic from the stated model/equations; cite the model/source and do not treat the screenshot as empirical data.","Opened in an all-assets montage and checked visually; dimensions 506x503 px."
"05 - Strategic and Social Decisions/Evolutionary Game Theory/img/PD_initial1.jpg","05/Evolutionary game theory/images","jpg","192352","c2479aed3f19f393b406c84f9b2cc0603b7070c151125c5e1b4214694eda86ee","388x399 px","","","","lecture image asset","Spatial Prisoner's Dilemma initial random condition (JPEG variant).","Supports the evolutionary-game, spatial-cooperation, ethnocentrism, or segregation teaching sequence.","Visual/model output only; no recoverable run seed, parameter registry, or raw series accompanies the raster image, so do not make quantitative claims from pixels.","Underlying sources include Maynard Smith & Price; Hammond & Axelrod; Schelling; and Wilensky NetLogo models, as applicable.","Model-generated screenshot/chart, but the underlying NetLogo model files state CC BY-NC-SA 3.0. Direct reuse can impose attribution, noncommercial, and share-alike conditions; an independently implemented/redrawn figure is safer.","No current evolutionary-games chapter.","Visual for missing evolutionary-games chapter.","Advanced evolutionary-games chapter/appendix, using a recreated accessible figure only.","Recreate as a clean, book-native chart/schematic from the stated model/equations; cite the model/source and do not treat the screenshot as empirical data.","Opened in an all-assets montage and checked visually; dimensions 388x399 px."
"05 - Strategic and Social Decisions/Evolutionary Game Theory/img/RefereeReport.docx","05/Evolutionary game theory/images","docx","21189","04fb8b3fdbf7e966d404cf004bf3fdc197753806a303f38a3abd255cd76ebe02","1 rendered page (blank)","","","","blank Word artifact","No body text, comments, tables, or media; the rendered one-page document is blank.","","","","No content.","None.","Empty/non-content.","None.","Exclude.","OOXML inspected and rendered with the document skill; one visually blank page, zero comments, zero media."
"05 - Strategic and Social Decisions/Evolutionary Game Theory/img/beatles1.png","05/Evolutionary game theory/images","png","23630","2a644bbcc2b6c04f9ec7fdee06b62b4a7a3f6d56a4a54fb5840a6e5efe3a6bbe","301x211 px","","","","lecture image asset","Model chart of Small versus Large strategy frequencies converging toward Large from one initial condition.","Supports the evolutionary-game, spatial-cooperation, ethnocentrism, or segregation teaching sequence.","Visual/model output only; no recoverable run seed, parameter registry, or raw series accompanies the raster image, so do not make quantitative claims from pixels.","Underlying sources include Maynard Smith & Price; Hammond & Axelrod; Schelling; and Wilensky NetLogo models, as applicable.","Model-generated screenshot/chart, but the underlying NetLogo model files state CC BY-NC-SA 3.0. Direct reuse can impose attribution, noncommercial, and share-alike conditions; an independently implemented/redrawn figure is safer.","No current evolutionary-games chapter.","Visual for missing evolutionary-games chapter.","Advanced evolutionary-games chapter/appendix, using a recreated accessible figure only.","Recreate as a clean, book-native chart/schematic from the stated model/equations; cite the model/source and do not treat the screenshot as empirical data.","Opened in an all-assets montage and checked visually; dimensions 301x211 px."
"05 - Strategic and Social Decisions/Evolutionary Game Theory/img/beatles2.png","05/Evolutionary game theory/images","png","21292","3aeb5da801624fffda71ee7b31dbb5a231162270c7e199dfabd747880af87130","304x210 px","","","","lecture image asset","Model chart of Small versus Large strategy frequencies converging rapidly toward Large.","Supports the evolutionary-game, spatial-cooperation, ethnocentrism, or segregation teaching sequence.","Visual/model output only; no recoverable run seed, parameter registry, or raw series accompanies the raster image, so do not make quantitative claims from pixels.","Underlying sources include Maynard Smith & Price; Hammond & Axelrod; Schelling; and Wilensky NetLogo models, as applicable.","Model-generated screenshot/chart, but the underlying NetLogo model files state CC BY-NC-SA 3.0. Direct reuse can impose attribution, noncommercial, and share-alike conditions; an independently implemented/redrawn figure is safer.","No current evolutionary-games chapter.","Visual for missing evolutionary-games chapter.","Advanced evolutionary-games chapter/appendix, using a recreated accessible figure only.","Recreate as a clean, book-native chart/schematic from the stated model/equations; cite the model/source and do not treat the screenshot as empirical data.","Opened in an all-assets montage and checked visually; dimensions 304x210 px."
"05 - Strategic and Social Decisions/Evolutionary Game Theory/img/beatles3.png","05/Evolutionary game theory/images","png","22251","d0e4133606bca84d107564dfb8f61da7cf60d270a62c1b539bdad49363816f4d","303x212 px","","","","lecture image asset","Model chart of Small versus Large strategy frequencies converging toward Large from another initial condition.","Supports the evolutionary-game, spatial-cooperation, ethnocentrism, or segregation teaching sequence.","Visual/model output only; no recoverable run seed, parameter registry, or raw series accompanies the raster image, so do not make quantitative claims from pixels.","Underlying sources include Maynard Smith & Price; Hammond & Axelrod; Schelling; and Wilensky NetLogo models, as applicable.","Model-generated screenshot/chart, but the underlying NetLogo model files state CC BY-NC-SA 3.0. Direct reuse can impose attribution, noncommercial, and share-alike conditions; an independently implemented/redrawn figure is safer.","No current evolutionary-games chapter.","Visual for missing evolutionary-games chapter.","Advanced evolutionary-games chapter/appendix, using a recreated accessible figure only.","Recreate as a clean, book-native chart/schematic from the stated model/equations; cite the model/source and do not treat the screenshot as empirical data.","Opened in an all-assets montage and checked visually; dimensions 303x212 px."
"05 - Strategic and Social Decisions/Evolutionary Game Theory/img/darwin.jpg","05/Evolutionary game theory/images","jpg","2231841","39926ce706ed80e19084c824f3f2a11a9297a0f9c3b2394c4c6d43d135ef4dd0","2068x2782 px","","","","lecture image asset","Caricature/illustration of Charles Darwin; source/rights not recorded.","Supports the evolutionary-game, spatial-cooperation, ethnocentrism, or segregation teaching sequence.","Visual/model output only; no recoverable run seed, parameter registry, or raw series accompanies the raster image, so do not make quantitative claims from pixels.","Underlying sources include Maynard Smith & Price; Hammond & Axelrod; Schelling; and Wilensky NetLogo models, as applicable.","External photograph/illustration with no recorded license or provenance in the folder; do not reuse. Replace with verified public-domain/licensed art or an original diagram.","No current evolutionary-games chapter.","Visual for missing evolutionary-games chapter.","Advanced evolutionary-games chapter/appendix, using a recreated accessible figure only.","Replace; do not publish this asset without provenance and permission/license verification.","Opened in an all-assets montage and checked visually; dimensions 2068x2782 px."
"05 - Strategic and Social Decisions/Evolutionary Game Theory/img/darwin0.jpg","05/Evolutionary game theory/images","jpg","22787","3aba5f28050a106e9ffe6d09a1cee36d2f9c775ac32cb597cfbca9dd944ea176","900x600 px","","","","lecture image asset","Photographic portrait of Charles Darwin; exact source/rights not recorded in the folder.","Supports the evolutionary-game, spatial-cooperation, ethnocentrism, or segregation teaching sequence.","Visual/model output only; no recoverable run seed, parameter registry, or raw series accompanies the raster image, so do not make quantitative claims from pixels.","Underlying sources include Maynard Smith & Price; Hammond & Axelrod; Schelling; and Wilensky NetLogo models, as applicable.","External photograph/illustration with no recorded license or provenance in the folder; do not reuse. Replace with verified public-domain/licensed art or an original diagram.","No current evolutionary-games chapter.","Visual for missing evolutionary-games chapter.","Advanced evolutionary-games chapter/appendix, using a recreated accessible figure only.","Replace; do not publish this asset without provenance and permission/license verification.","Opened in an all-assets montage and checked visually; dimensions 900x600 px."
"05 - Strategic and Social Decisions/Evolutionary Game Theory/img/ethnocentrism.png","05/Evolutionary game theory/images","png","42436","1cd37faa15c5c721b542bfda6d6da69e3193afae1aa55883c36dbf835b9ffd86","506x505 px","","","","lecture image asset","NetLogo ethnocentrism equilibrium-state screenshot with four colored strategy/origin types.","Supports the evolutionary-game, spatial-cooperation, ethnocentrism, or segregation teaching sequence.","Visual/model output only; no recoverable run seed, parameter registry, or raw series accompanies the raster image, so do not make quantitative claims from pixels.","Underlying sources include Maynard Smith & Price; Hammond & Axelrod; Schelling; and Wilensky NetLogo models, as applicable.","Model-generated screenshot/chart, but the underlying NetLogo model files state CC BY-NC-SA 3.0. Direct reuse can impose attribution, noncommercial, and share-alike conditions; an independently implemented/redrawn figure is safer.","No current evolutionary-games chapter.","Visual for missing evolutionary-games chapter.","Advanced evolutionary-games chapter/appendix, using a recreated accessible figure only.","Recreate as a clean, book-native chart/schematic from the stated model/equations; cite the model/source and do not treat the screenshot as empirical data.","Opened in an all-assets montage and checked visually; dimensions 506x505 px."
"05 - Strategic and Social Decisions/Evolutionary Game Theory/img/ethnocentrism0.png","05/Evolutionary game theory/images","png","44895","ad033d270405e4491f826d92bb0e2e1e99da198a8b26808a5ecb84b1b1ffa64a","514x515 px","","","","lecture image asset","Alternate/cropped NetLogo ethnocentrism equilibrium-state screenshot.","Supports the evolutionary-game, spatial-cooperation, ethnocentrism, or segregation teaching sequence.","Visual/model output only; no recoverable run seed, parameter registry, or raw series accompanies the raster image, so do not make quantitative claims from pixels.","Underlying sources include Maynard Smith & Price; Hammond & Axelrod; Schelling; and Wilensky NetLogo models, as applicable.","Model-generated screenshot/chart, but the underlying NetLogo model files state CC BY-NC-SA 3.0. Direct reuse can impose attribution, noncommercial, and share-alike conditions; an independently implemented/redrawn figure is safer.","No current evolutionary-games chapter.","Visual for missing evolutionary-games chapter.","Advanced evolutionary-games chapter/appendix, using a recreated accessible figure only.","Recreate as a clean, book-native chart/schematic from the stated model/equations; cite the model/source and do not treat the screenshot as empirical data.","Opened in an all-assets montage and checked visually; dimensions 514x515 px."
"05 - Strategic and Social Decisions/Evolutionary Game Theory/img/ethnocentrism_explanation.png","05/Evolutionary game theory/images","png","63082","7d3f69a582e6ae5379154fc7475e7deb1990222e10f808b9dd068166795e4fe3","1124x361 px","","","","lecture image asset","Original-looking schematic connecting red/blue ethnocentrists and egoists; simple concept diagram.","Supports the evolutionary-game, spatial-cooperation, ethnocentrism, or segregation teaching sequence.","Visual/model output only; no recoverable run seed, parameter registry, or raw series accompanies the raster image, so do not make quantitative claims from pixels.","Underlying sources include Maynard Smith & Price; Hammond & Axelrod; Schelling; and Wilensky NetLogo models, as applicable.","Simple conceptual schematic with no recorded license; redraw natively and cite Hammond & Axelrod/Wilensky rather than copying pixels.","No current evolutionary-games chapter.","Visual for missing evolutionary-games chapter.","Advanced evolutionary-games chapter/appendix, using a recreated accessible figure only.","Redraw as a clean accessible SVG explaining same-group/out-group strategies.","Opened in an all-assets montage and checked visually; dimensions 1124x361 px."
"05 - Strategic and Social Decisions/Evolutionary Game Theory/img/ethnocentrism_initial.png","05/Evolutionary game theory/images","png","90331","6a8720040c71c6fe31bef13af618aeeab7767bf1c2097516d2a76a9899a93650","506x503 px","","","","lecture image asset","NetLogo ethnocentrism initial random-state screenshot.","Supports the evolutionary-game, spatial-cooperation, ethnocentrism, or segregation teaching sequence.","Visual/model output only; no recoverable run seed, parameter registry, or raw series accompanies the raster image, so do not make quantitative claims from pixels.","Underlying sources include Maynard Smith & Price; Hammond & Axelrod; Schelling; and Wilensky NetLogo models, as applicable.","Model-generated screenshot/chart, but the underlying NetLogo model files state CC BY-NC-SA 3.0. Direct reuse can impose attribution, noncommercial, and share-alike conditions; an independently implemented/redrawn figure is safer.","No current evolutionary-games chapter.","Visual for missing evolutionary-games chapter.","Advanced evolutionary-games chapter/appendix, using a recreated accessible figure only.","Recreate as a clean, book-native chart/schematic from the stated model/equations; cite the model/source and do not treat the screenshot as empirical data.","Opened in an all-assets montage and checked visually; dimensions 506x503 px."
"05 - Strategic and Social Decisions/Evolutionary Game Theory/img/ethnocentrism_initial0.png","05/Evolutionary game theory/images","png","95483","b24f3125de0a330977f7dfcceaeca080819d14553f2dc84da07119579a007322","510x509 px","","","","lecture image asset","Alternate/cropped NetLogo ethnocentrism initial-state screenshot.","Supports the evolutionary-game, spatial-cooperation, ethnocentrism, or segregation teaching sequence.","Visual/model output only; no recoverable run seed, parameter registry, or raw series accompanies the raster image, so do not make quantitative claims from pixels.","Underlying sources include Maynard Smith & Price; Hammond & Axelrod; Schelling; and Wilensky NetLogo models, as applicable.","Model-generated screenshot/chart, but the underlying NetLogo model files state CC BY-NC-SA 3.0. Direct reuse can impose attribution, noncommercial, and share-alike conditions; an independently implemented/redrawn figure is safer.","No current evolutionary-games chapter.","Visual for missing evolutionary-games chapter.","Advanced evolutionary-games chapter/appendix, using a recreated accessible figure only.","Recreate as a clean, book-native chart/schematic from the stated model/equations; cite the model/source and do not treat the screenshot as empirical data.","Opened in an all-assets montage and checked visually; dimensions 510x509 px."
"05 - Strategic and Social Decisions/Evolutionary Game Theory/img/giraffes.png","05/Evolutionary game theory/images","png","170490","f493a355d8030c6e0776fd01bf212e2fc5ffc6c9a5f1df66b7ecf6bf7d92710f","250x447 px","","","","lecture image asset","Three-panel giraffe/natural-selection illustration; exact source/rights not recorded.","Supports the evolutionary-game, spatial-cooperation, ethnocentrism, or segregation teaching sequence.","Visual/model output only; no recoverable run seed, parameter registry, or raw series accompanies the raster image, so do not make quantitative claims from pixels.","Underlying sources include Maynard Smith & Price; Hammond & Axelrod; Schelling; and Wilensky NetLogo models, as applicable.","External photograph/illustration with no recorded license or provenance in the folder; do not reuse. Replace with verified public-domain/licensed art or an original diagram.","No current evolutionary-games chapter.","Visual for missing evolutionary-games chapter.","Advanced evolutionary-games chapter/appendix, using a recreated accessible figure only.","Replace; do not publish this asset without provenance and permission/license verification.","Opened in an all-assets montage and checked visually; dimensions 250x447 px."
"05 - Strategic and Social Decisions/Evolutionary Game Theory/img/hawkdove1.png","05/Evolutionary game theory/images","png","21808","c69bea55fa39f630d35c8cf9187ee3bb611688cf95e0ce453ffb60e7bfcdea9c","304x214 px","","","","lecture image asset","Model chart of hawk-dove frequency dynamics approaching the mixed equilibrium from one side.","Supports the evolutionary-game, spatial-cooperation, ethnocentrism, or segregation teaching sequence.","Visual/model output only; no recoverable run seed, parameter registry, or raw series accompanies the raster image, so do not make quantitative claims from pixels.","Underlying sources include Maynard Smith & Price; Hammond & Axelrod; Schelling; and Wilensky NetLogo models, as applicable.","Model-generated screenshot/chart, but the underlying NetLogo model files state CC BY-NC-SA 3.0. Direct reuse can impose attribution, noncommercial, and share-alike conditions; an independently implemented/redrawn figure is safer.","No current evolutionary-games chapter.","Visual for missing evolutionary-games chapter.","Advanced evolutionary-games chapter/appendix, using a recreated accessible figure only.","Recreate as a clean, book-native chart/schematic from the stated model/equations; cite the model/source and do not treat the screenshot as empirical data.","Opened in an all-assets montage and checked visually; dimensions 304x214 px."
"05 - Strategic and Social Decisions/Evolutionary Game Theory/img/hawkdove2.png","05/Evolutionary game theory/images","png","23133","4395782805b2460f7868756ad1107ee5dbbbec978e8f115740b029907c44dc62","303x209 px","","","","lecture image asset","Model chart of hawk-dove frequency dynamics approaching the mixed equilibrium from the other side.","Supports the evolutionary-game, spatial-cooperation, ethnocentrism, or segregation teaching sequence.","Visual/model output only; no recoverable run seed, parameter registry, or raw series accompanies the raster image, so do not make quantitative claims from pixels.","Underlying sources include Maynard Smith & Price; Hammond & Axelrod; Schelling; and Wilensky NetLogo models, as applicable.","Model-generated screenshot/chart, but the underlying NetLogo model files state CC BY-NC-SA 3.0. Direct reuse can impose attribution, noncommercial, and share-alike conditions; an independently implemented/redrawn figure is safer.","No current evolutionary-games chapter.","Visual for missing evolutionary-games chapter.","Advanced evolutionary-games chapter/appendix, using a recreated accessible figure only.","Recreate as a clean, book-native chart/schematic from the stated model/equations; cite the model/source and do not treat the screenshot as empirical data.","Opened in an all-assets montage and checked visually; dimensions 303x209 px."
"05 - Strategic and Social Decisions/Evolutionary Game Theory/img/hawkdove3.png","05/Evolutionary game theory/images","png","20792","c15f785cc2f55e750944a2cbb999a89f3fd85eb51ba60973aa78baa1c741d899","302x214 px","","","","lecture image asset","Model chart starting near the hawk-dove mixed equilibrium.","Supports the evolutionary-game, spatial-cooperation, ethnocentrism, or segregation teaching sequence.","Visual/model output only; no recoverable run seed, parameter registry, or raw series accompanies the raster image, so do not make quantitative claims from pixels.","Underlying sources include Maynard Smith & Price; Hammond & Axelrod; Schelling; and Wilensky NetLogo models, as applicable.","Model-generated screenshot/chart, but the underlying NetLogo model files state CC BY-NC-SA 3.0. Direct reuse can impose attribution, noncommercial, and share-alike conditions; an independently implemented/redrawn figure is safer.","No current evolutionary-games chapter.","Visual for missing evolutionary-games chapter.","Advanced evolutionary-games chapter/appendix, using a recreated accessible figure only.","Recreate as a clean, book-native chart/schematic from the stated model/equations; cite the model/source and do not treat the screenshot as empirical data.","Opened in an all-assets montage and checked visually; dimensions 302x214 px."
"05 - Strategic and Social Decisions/Evolutionary Game Theory/img/neighbors.png","05/Evolutionary game theory/images","png","16290","aef2032f2565efc4ba0ca8770a2fc6c3fd5fd36a1f04ce05cbebade6f76f219d","510x510 px","","","","lecture image asset","Simple 3x3 lattice diagram showing four orthogonal and four diagonal neighbors.","Supports the evolutionary-game, spatial-cooperation, ethnocentrism, or segregation teaching sequence.","Visual/model output only; no recoverable run seed, parameter registry, or raw series accompanies the raster image, so do not make quantitative claims from pixels.","Underlying sources include Maynard Smith & Price; Hammond & Axelrod; Schelling; and Wilensky NetLogo models, as applicable.","Simple schematic; provenance not recorded. Redraw natively to avoid uncertainty and improve accessibility.","No current evolutionary-games chapter.","Visual for missing evolutionary-games chapter.","Advanced evolutionary-games chapter/appendix, using a recreated accessible figure only.","Redraw as accessible SVG with four- and eight-neighbor states clearly distinguished.","Opened in an all-assets montage and checked visually; dimensions 510x510 px."
"05 - Strategic and Social Decisions/Evolutionary Game Theory/img/schelling.jpg","05/Evolutionary game theory/images","jpg","88471","08d9862e6f4e60fdcbd39db3a30de7a24f21fc351d95163f16d7df66d6842324","1237x1080 px","","","","lecture image asset","Photograph of Thomas Schelling; exact source/rights not recorded.","Supports the evolutionary-game, spatial-cooperation, ethnocentrism, or segregation teaching sequence.","Visual/model output only; no recoverable run seed, parameter registry, or raw series accompanies the raster image, so do not make quantitative claims from pixels.","Underlying sources include Maynard Smith & Price; Hammond & Axelrod; Schelling; and Wilensky NetLogo models, as applicable.","External photograph/illustration with no recorded license or provenance in the folder; do not reuse. Replace with verified public-domain/licensed art or an original diagram.","No current evolutionary-games chapter.","Visual for missing evolutionary-games chapter.","Advanced evolutionary-games chapter/appendix, using a recreated accessible figure only.","Replace; do not publish this asset without provenance and permission/license verification.","Opened in an all-assets montage and checked visually; dimensions 1237x1080 px."
"05 - Strategic and Social Decisions/Evolutionary Game Theory/img/segregation_equilibrium.png","05/Evolutionary game theory/images","png","30452","967bee083a8c2c69facf2ba51fa4d219bcfadc4291305f93fa4d86c764107e2b","398x398 px","","","","lecture image asset","NetLogo Schelling segregation equilibrium screenshot with segregated color clusters.","Supports the evolutionary-game, spatial-cooperation, ethnocentrism, or segregation teaching sequence.","Visual/model output only; no recoverable run seed, parameter registry, or raw series accompanies the raster image, so do not make quantitative claims from pixels.","Underlying sources include Maynard Smith & Price; Hammond & Axelrod; Schelling; and Wilensky NetLogo models, as applicable.","Model-generated screenshot/chart, but the underlying NetLogo model files state CC BY-NC-SA 3.0. Direct reuse can impose attribution, noncommercial, and share-alike conditions; an independently implemented/redrawn figure is safer.","No current evolutionary-games chapter.","Visual for missing evolutionary-games chapter.","Advanced evolutionary-games chapter/appendix, using a recreated accessible figure only.","Recreate as a clean, book-native chart/schematic from the stated model/equations; cite the model/source and do not treat the screenshot as empirical data.","Opened in an all-assets montage and checked visually; dimensions 398x398 px."
"05 - Strategic and Social Decisions/Evolutionary Game Theory/img/segregation_initial.png","05/Evolutionary game theory/images","png","34259","fff46f9a01f191522c600032eeb545287381d1e470ba3581ca340c23f93f0426","399x398 px","","","","lecture image asset","NetLogo Schelling segregation initial random condition.","Supports the evolutionary-game, spatial-cooperation, ethnocentrism, or segregation teaching sequence.","Visual/model output only; no recoverable run seed, parameter registry, or raw series accompanies the raster image, so do not make quantitative claims from pixels.","Underlying sources include Maynard Smith & Price; Hammond & Axelrod; Schelling; and Wilensky NetLogo models, as applicable.","Model-generated screenshot/chart, but the underlying NetLogo model files state CC BY-NC-SA 3.0. Direct reuse can impose attribution, noncommercial, and share-alike conditions; an independently implemented/redrawn figure is safer.","No current evolutionary-games chapter.","Visual for missing evolutionary-games chapter.","Advanced evolutionary-games chapter/appendix, using a recreated accessible figure only.","Recreate as a clean, book-native chart/schematic from the stated model/equations; cite the model/source and do not treat the screenshot as empirical data.","Opened in an all-assets montage and checked visually; dimensions 399x398 px."
"05 - Strategic and Social Decisions/Evolutionary Game Theory/img/segregation_update1.png","05/Evolutionary game theory/images","png","34442","9d56810da31b535557d458014a51aaee50947ead60ee8da3deb250540bead76f","400x398 px","","","","lecture image asset","NetLogo Schelling segregation intermediate update.","Supports the evolutionary-game, spatial-cooperation, ethnocentrism, or segregation teaching sequence.","Visual/model output only; no recoverable run seed, parameter registry, or raw series accompanies the raster image, so do not make quantitative claims from pixels.","Underlying sources include Maynard Smith & Price; Hammond & Axelrod; Schelling; and Wilensky NetLogo models, as applicable.","Model-generated screenshot/chart, but the underlying NetLogo model files state CC BY-NC-SA 3.0. Direct reuse can impose attribution, noncommercial, and share-alike conditions; an independently implemented/redrawn figure is safer.","No current evolutionary-games chapter.","Visual for missing evolutionary-games chapter.","Advanced evolutionary-games chapter/appendix, using a recreated accessible figure only.","Recreate as a clean, book-native chart/schematic from the stated model/equations; cite the model/source and do not treat the screenshot as empirical data.","Opened in an all-assets montage and checked visually; dimensions 400x398 px."
"05 - Strategic and Social Decisions/Evolutionary Game Theory/img/staghunt1.png","05/Evolutionary game theory/images","png","22710","b8802f5456b11c5218a0e3c45cb9ebe424818d9e1928c539d706d006501b4be9","303x212 px","","","","lecture image asset","Stag-hunt population-frequency trajectory converging to Stag from above the basin threshold.","Supports the evolutionary-game, spatial-cooperation, ethnocentrism, or segregation teaching sequence.","Visual/model output only; no recoverable run seed, parameter registry, or raw series accompanies the raster image, so do not make quantitative claims from pixels.","Underlying sources include Maynard Smith & Price; Hammond & Axelrod; Schelling; and Wilensky NetLogo models, as applicable.","Model-generated screenshot/chart, but the underlying NetLogo model files state CC BY-NC-SA 3.0. Direct reuse can impose attribution, noncommercial, and share-alike conditions; an independently implemented/redrawn figure is safer.","No current evolutionary-games chapter.","Visual for missing evolutionary-games chapter.","Advanced evolutionary-games chapter/appendix, using a recreated accessible figure only.","Recreate as a clean, book-native chart/schematic from the stated model/equations; cite the model/source and do not treat the screenshot as empirical data.","Opened in an all-assets montage and checked visually; dimensions 303x212 px."
"05 - Strategic and Social Decisions/Evolutionary Game Theory/img/staghunt2.png","05/Evolutionary game theory/images","png","22221","ef22fcfba3e882b134f5f292c3d3af7fd5693c254cf4a472139286b080f21a7b","303x211 px","","","","lecture image asset","Stag-hunt population-frequency trajectory converging to Hare from below the basin threshold.","Supports the evolutionary-game, spatial-cooperation, ethnocentrism, or segregation teaching sequence.","Visual/model output only; no recoverable run seed, parameter registry, or raw series accompanies the raster image, so do not make quantitative claims from pixels.","Underlying sources include Maynard Smith & Price; Hammond & Axelrod; Schelling; and Wilensky NetLogo models, as applicable.","Model-generated screenshot/chart, but the underlying NetLogo model files state CC BY-NC-SA 3.0. Direct reuse can impose attribution, noncommercial, and share-alike conditions; an independently implemented/redrawn figure is safer.","No current evolutionary-games chapter.","Visual for missing evolutionary-games chapter.","Advanced evolutionary-games chapter/appendix, using a recreated accessible figure only.","Recreate as a clean, book-native chart/schematic from the stated model/equations; cite the model/source and do not treat the screenshot as empirical data.","Opened in an all-assets montage and checked visually; dimensions 303x211 px."
"05 - Strategic and Social Decisions/Evolutionary Game Theory/img/staghunt3.png","05/Evolutionary game theory/images","png","21843","dfb355e2b9ddbca2c8179c1a8efe3fa7f5a334e61b9c3ef1b63ec523cae9f6f7","306x213 px","","","","lecture image asset","Stag-hunt trajectory converging to Stag from a high Stag share.","Supports the evolutionary-game, spatial-cooperation, ethnocentrism, or segregation teaching sequence.","Visual/model output only; no recoverable run seed, parameter registry, or raw series accompanies the raster image, so do not make quantitative claims from pixels.","Underlying sources include Maynard Smith & Price; Hammond & Axelrod; Schelling; and Wilensky NetLogo models, as applicable.","Model-generated screenshot/chart, but the underlying NetLogo model files state CC BY-NC-SA 3.0. Direct reuse can impose attribution, noncommercial, and share-alike conditions; an independently implemented/redrawn figure is safer.","No current evolutionary-games chapter.","Visual for missing evolutionary-games chapter.","Advanced evolutionary-games chapter/appendix, using a recreated accessible figure only.","Recreate as a clean, book-native chart/schematic from the stated model/equations; cite the model/source and do not treat the screenshot as empirical data.","Opened in an all-assets montage and checked visually; dimensions 306x213 px."
"05 - Strategic and Social Decisions/Evolutionary Game Theory/img/staghunt4.png","05/Evolutionary game theory/images","png","21538","7d0ed4a0e6c79b5d002187c7a991885af4194c08db95750a93d724dea69c6e8a","303x210 px","","","","lecture image asset","Stag-hunt trajectory converging to Hare from a high Hare share.","Supports the evolutionary-game, spatial-cooperation, ethnocentrism, or segregation teaching sequence.","Visual/model output only; no recoverable run seed, parameter registry, or raw series accompanies the raster image, so do not make quantitative claims from pixels.","Underlying sources include Maynard Smith & Price; Hammond & Axelrod; Schelling; and Wilensky NetLogo models, as applicable.","Model-generated screenshot/chart, but the underlying NetLogo model files state CC BY-NC-SA 3.0. Direct reuse can impose attribution, noncommercial, and share-alike conditions; an independently implemented/redrawn figure is safer.","No current evolutionary-games chapter.","Visual for missing evolutionary-games chapter.","Advanced evolutionary-games chapter/appendix, using a recreated accessible figure only.","Recreate as a clean, book-native chart/schematic from the stated model/equations; cite the model/source and do not treat the screenshot as empirical data.","Opened in an all-assets montage and checked visually; dimensions 303x210 px."
"05 - Strategic and Social Decisions/Evolutionary Game Theory/img/strategy_dynamics.png","05/Evolutionary game theory/images","png","26138","e45bc27dd6ab63f7b2ac692e6b507bd133a5f3562efdb62fe578af09aae6e761","354x232 px","","","","lecture image asset","Ethnocentrism model strategy-count chart (CC, CD, DC, DD) over time.","Supports the evolutionary-game, spatial-cooperation, ethnocentrism, or segregation teaching sequence.","Visual/model output only; no recoverable run seed, parameter registry, or raw series accompanies the raster image, so do not make quantitative claims from pixels.","Underlying sources include Maynard Smith & Price; Hammond & Axelrod; Schelling; and Wilensky NetLogo models, as applicable.","Model-generated screenshot/chart, but the underlying NetLogo model files state CC BY-NC-SA 3.0. Direct reuse can impose attribution, noncommercial, and share-alike conditions; an independently implemented/redrawn figure is safer.","No current evolutionary-games chapter.","Visual for missing evolutionary-games chapter.","Advanced evolutionary-games chapter/appendix, using a recreated accessible figure only.","Recreate as a clean, book-native chart/schematic from the stated model/equations; cite the model/source and do not treat the screenshot as empirical data.","Opened in an all-assets montage and checked visually; dimensions 354x232 px."
"05 - Strategic and Social Decisions/Evolutionary Game Theory/img/strategy_dynamics0.png","05/Evolutionary game theory/images","png","23102","2e9acce7381e5d3c9480108d017ac9448edd19ca38f0604ceaf9ee0f636f3cd3","319x194 px","","","","lecture image asset","Alternate/cropped ethnocentrism strategy-count chart over time.","Supports the evolutionary-game, spatial-cooperation, ethnocentrism, or segregation teaching sequence.","Visual/model output only; no recoverable run seed, parameter registry, or raw series accompanies the raster image, so do not make quantitative claims from pixels.","Underlying sources include Maynard Smith & Price; Hammond & Axelrod; Schelling; and Wilensky NetLogo models, as applicable.","Model-generated screenshot/chart, but the underlying NetLogo model files state CC BY-NC-SA 3.0. Direct reuse can impose attribution, noncommercial, and share-alike conditions; an independently implemented/redrawn figure is safer.","No current evolutionary-games chapter.","Visual for missing evolutionary-games chapter.","Advanced evolutionary-games chapter/appendix, using a recreated accessible figure only.","Recreate as a clean, book-native chart/schematic from the stated model/equations; cite the model/source and do not treat the screenshot as empirical data.","Opened in an all-assets montage and checked visually; dimensions 319x194 px."
"05. Habit and Behavior Design.pptx","03 Habits and behavior design","pptx","1146360","fc966d79ef6fb7f9accb91c145d64d1a8871e891b18813d0933b73759a7d883c","26 slides","none","yes — 26 slide(s) with nonempty notes","Condensed synthesis drawing selected slides from the detailed habits lecture family","recent 26-slide synthesis; unsafe as citation authority","Habit as cue–response tendency learned by repetition in stable context; goal-directed versus habitual control; reward prediction error, wanting versus liking, variable reinforcement, intention–behavior gap, self-control without moralizing, urge surfing, implementation intentions, WOOP, B=MAP, friction/defaults, temptation bundling, fresh starts, relapse, and ethics.","Stale popcorn; defensive email/meeting loop; phone checking/snacking/procrastination autopsy; one-minute urge surfing; 25-minute design studio; flu-vaccination date/time prompt; temptation bundling and fresh-start planning.","Lally et al. median 66 days with 18–254-day range to 95% asymptote; vaccination date/time prompt +4.2 percentage points. Ego-depletion and marshmallow-test interpretations require replication/context caveats.","Wood and Neal; Wood and Rünger; Lally et al. (2010); Graybiel; Schultz; Berridge; Gollwitzer; Oettingen; Milkman et al.; Fogg; ego-depletion and marshmallow reassessments. No extractable embedded hyperlink; bibliography text still requires source verification.","2 packaged media item(s). Rights are not established merely by inclusion in lecture notes. Use facts/data, not reproduced journal figures; redraw plots/tables from verified numeric results and cite the original study. Link to videos unless licensed. Replace commercial screenshots, celebrity/news photos, UI captures, cartoons, and textbook art with licensed/public-domain/original assets. Modification alone does not extinguish copyright.","Chapters 19–21 cover the full loop, wanting/self-control, and behavior design with appropriate caveats.","Mostly covered. Preserve the complete deck's richer studios and exact quantitative examples; avoid presenting 66 days as a deadline or dopamine as pleasure.","Habits → wanting/self-control → behavior design; immediately follow with choice architecture so individual and environmental design remain connected.","Use only as a high-level teaching outline after repairing notes and source attributions; validate every claim against originals.","Container/content extraction succeeded; no parser error. Walnut-exported deck contains stale habit-lecture notes and/or mismatched templated per-slide source footers; examples are documented in the audit report. The 26-slide synthesis is structurally readable but editorially unvalidated."
"06 - Time, Money and Finance/14. Asset Bubbles.pdf","06/Asset bubbles","pdf","4961543","124b25b7208771479eb2929287aa86ad330581ac5cfd17cb4bf8709161fb25f9","40 pages","","","Handout/export derivative of 06 - Time, Money and Finance/14. Asset Bubbles.pptx (not byte-identical)","student-facing PDF handout/export","Fundamental value as discounted expected cash flows; price as a distribution rather than a point forecast; bubble diagnosis as probabilistic and model-dependent; feedback/resale motives; leverage, liquidity, short-sale constraints, synchronization and limits to arbitrage; historical episodes; experimental asset markets with known fundamentals; experience, forecasts, liquidity, strategies, and the 3Com-Palm carve-out.","Tulip-mania claim with historical caveat; dot-com boom/bust; valuation-confidence index; 2000s housing; Smith-Suchanek-Williams laboratory market; flat-fundamental-value and final-redemption designs; bubble diagnostic dashboard; 3Com/Palm relative-value case.","NASDAQ from 1995 to March 2000 about +570%, then about -78% by October 2002. The BE10 slide maps the Haruvy-Noussair strategy shares incorrectly: published/replication sources report 33.1% fundamental-value traders, 25.4% rational speculators, and 36.5% momentum traders (about 5% other); use this corrected mapping. 3Com/Palm relation approximately P(3Com)=1.5*P(Palm)+residual, with an implied residual near -$22bn under simplifying assumptions. Experimental cash/asset ratios and price paths are design-specific.","Smith, Suchanek & Williams (1988); De Long et al. (1990); Shiller (1981, 2000); Porter & Smith (1995, 2003); Abreu & Brunnermeier (2003); Lamont & Thaler (2003); Scheinkman & Xiong (2003); Dufwenberg, Lindqvist & Moore (2005); Haruvy & Noussair (2006); Haruvy, Lahav & Noussair (2007); Hussam, Porter & Smith (2008); Greenwood, Shleifer & You (2019).","Mixed embedded photographs, screenshots, cartoons, web/video stills, and journal figures; rights are not established by the package. Do not copy or cosmetically modify copyrighted figures as a workaround. Redraw conceptual diagrams/tables, regenerate result charts from verified data, use licensed/public-domain photographs, and link to videos rather than embedding them unless permission is clear.","_quarto-html.yml lists planned chapters/44-asset-bubbles.qmd, absent at audit time.","Dedicated chapter missing.","chapters/44-asset-bubbles.qmd after behavioral finance; retain a clear investor-level versus market-dynamics boundary.","Use to verify visible student sequence and page grouping; ingest concepts from the editable PPTX/modern revised deck and primary sources, not from rasterized journal figures.","Page count and extracted text inspected; PDF is not a byte-identical duplicate of the corresponding PPTX."
"06 - Time, Money and Finance/14. Asset Bubbles.pptx","06/Asset bubbles","pptx","8948247","48742da32a2ae8631e3e7d41bab6ffa2a285a48905ef2fa94779b52ebb0cac37","57 slides","0","yes — 41/57 slides contain non-empty notes","","legacy editable lecture deck with speaker notes","Fundamental value as discounted expected cash flows; price as a distribution rather than a point forecast; bubble diagnosis as probabilistic and model-dependent; feedback/resale motives; leverage, liquidity, short-sale constraints, synchronization and limits to arbitrage; historical episodes; experimental asset markets with known fundamentals; experience, forecasts, liquidity, strategies, and the 3Com-Palm carve-out.","Tulip-mania claim with historical caveat; dot-com boom/bust; valuation-confidence index; 2000s housing; Smith-Suchanek-Williams laboratory market; flat-fundamental-value and final-redemption designs; bubble diagnostic dashboard; 3Com/Palm relative-value case.","NASDAQ from 1995 to March 2000 about +570%, then about -78% by October 2002. The BE10 slide maps the Haruvy-Noussair strategy shares incorrectly: published/replication sources report 33.1% fundamental-value traders, 25.4% rational speculators, and 36.5% momentum traders (about 5% other); use this corrected mapping. 3Com/Palm relation approximately P(3Com)=1.5*P(Palm)+residual, with an implied residual near -$22bn under simplifying assumptions. Experimental cash/asset ratios and price paths are design-specific.","Smith, Suchanek & Williams (1988); De Long et al. (1990); Shiller (1981, 2000); Porter & Smith (1995, 2003); Abreu & Brunnermeier (2003); Lamont & Thaler (2003); Scheinkman & Xiong (2003); Dufwenberg, Lindqvist & Moore (2005); Haruvy & Noussair (2006); Haruvy, Lahav & Noussair (2007); Hussam, Porter & Smith (2008); Greenwood, Shleifer & You (2019). URLs in file: www.econ.yale.edu","Mixed embedded photographs, screenshots, cartoons, web/video stills, and journal figures; rights are not established by the package. Do not copy or cosmetically modify copyrighted figures as a workaround. Redraw conceptual diagrams/tables, regenerate result charts from verified data, use licensed/public-domain photographs, and link to videos rather than embedding them unless permission is clear.","_quarto-html.yml lists planned chapters/44-asset-bubbles.qmd, absent at audit time.","Dedicated chapter missing.","chapters/44-asset-bubbles.qmd after behavioral finance; retain a clear investor-level versus market-dynamics boundary.","Mine speaker notes, classroom sequence, activities, and unique examples; de-duplicate against root/modern variants and use current revised sources for final claim wording.","All slide XML, notes, media, links, and hidden-state flags inspected."
"06 - Time, Money and Finance/15. Investment Decisions.pdf","06/Behavioral finance and investment decisions","pdf","4728667","fe2e9f9f9f26ab9e1fbd7db8b6ca04155262bf030e10c513c1b31038787d329b","42 pages","","","Handout/export derivative of 06 - Time, Money and Finance/15. Investment Decisions.pptx (not byte-identical)","student-facing PDF handout/export","Conventional versus behavioral finance; efficient-market hypothesis conditional on information set and expected-return model; weak/semi-strong/strong forms; no-free-lunch versus price-is-right; joint-hypothesis problem and costly information; event studies; underreaction/post-earnings drift; size, value, momentum, and reversal; risk versus mispricing/frictions/data mining; limits to arbitrage; technical versus fundamental analysis; disciplined investment memo and red team.","€20-on-the-ground paradox; FOMC announcement in milliseconds; Challenger-crash market inference; earnings-announcement event study; anomaly jigsaw; value/growth, momentum, and reversal tables; real-versus-simulated price-chart matching; index-fund arithmetic; investment memo and pre-outcome red-team activity.","Momentum horizon presented as roughly 3-12 months and reversal as roughly 3-5 years. The illustrative IPO/index arithmetic (10,000 to 1.95 under stated failure assumptions) must be recalculated and clearly labeled as a toy model before publication. Historical anomaly returns are sample/model dependent and not guaranteed trading recipes.","Fama (1970, 1991); Grossman & Stiglitz (1980); Banz (1981); De Bondt & Thaler (1985); Fama & French (1992, 1998); Jegadeesh & Titman (1993); Carhart (1997); Shleifer & Vishny (1997); Barber & Odean (2000); Malkiel (2003); Maloney & Mulherin (2003); Lo (2004); Harvey, Liu & Zhu (2016); McLean & Pontiff (2016). URLs in file: https://www.federalreserve.gov/newsevents/pressreleases/monetary20130918a.htm","Mixed embedded photographs, screenshots, cartoons, web/video stills, and journal figures; rights are not established by the package. Do not copy or cosmetically modify copyrighted figures as a workaround. Redraw conceptual diagrams/tables, regenerate result charts from verified data, use licensed/public-domain photographs, and link to videos rather than embedding them unless permission is clear.","_quarto-html.yml lists planned chapters/43-behavioral-finance.qmd, absent at audit time; current book has only incidental stock examples.","Dedicated chapter missing.","chapters/43-behavioral-finance.qmd; keep investor judgment/anomalies separate from market-level bubble dynamics.","Use to verify visible student sequence and page grouping; ingest concepts from the editable PPTX/modern revised deck and primary sources, not from rasterized journal figures.","Page count and extracted text inspected; PDF is not a byte-identical duplicate of the corresponding PPTX."
"06 - Time, Money and Finance/15. Investment Decisions.pptx","06/Behavioral finance and investment decisions","pptx","62190321","bb7623ee5d3fb0efffaee430b19057c29b6884527a36c5d2c4ca25ebff2f8c35","87 slides","0","yes — 83/87 slides contain non-empty notes","","legacy editable lecture deck with speaker notes","Conventional versus behavioral finance; efficient-market hypothesis conditional on information set and expected-return model; weak/semi-strong/strong forms; no-free-lunch versus price-is-right; joint-hypothesis problem and costly information; event studies; underreaction/post-earnings drift; size, value, momentum, and reversal; risk versus mispricing/frictions/data mining; limits to arbitrage; technical versus fundamental analysis; disciplined investment memo and red team.","€20-on-the-ground paradox; FOMC announcement in milliseconds; Challenger-crash market inference; earnings-announcement event study; anomaly jigsaw; value/growth, momentum, and reversal tables; real-versus-simulated price-chart matching; index-fund arithmetic; investment memo and pre-outcome red-team activity.","Momentum horizon presented as roughly 3-12 months and reversal as roughly 3-5 years. The illustrative IPO/index arithmetic (10,000 to 1.95 under stated failure assumptions) must be recalculated and clearly labeled as a toy model before publication. Historical anomaly returns are sample/model dependent and not guaranteed trading recipes.","Fama (1970, 1991); Grossman & Stiglitz (1980); Banz (1981); De Bondt & Thaler (1985); Fama & French (1992, 1998); Jegadeesh & Titman (1993); Carhart (1997); Shleifer & Vishny (1997); Barber & Odean (2000); Malkiel (2003); Maloney & Mulherin (2003); Lo (2004); Harvey, Liu & Zhu (2016); McLean & Pontiff (2016). URLs in file: http://www.mitsdu.dk/ses; https://econ-experiment.herokuapp.com/room/be; https://vintagevalueinvesting.com/warren-buffett-net-worth/; https://www.federalreserve.gov/newsevents/pressreleases/monetary20130918a.htm; https://www.polleverywhere.com/multiple_choice_polls/VXxHRP5siwOSgce2s1IK6; https://www.polleverywhere.com/multiple_choice_polls/v2mewgKuaUfjZY1VJaSBu; https://www.polleverywhere.com/multiple_choice_polls/aUI16Ki4wJCjQuiuteO7K; https://www.polleverywhere.com/multiple_choice_polls/sBetYomDqhCawwsJTxJlY; www.mitsdu.dk/ses; https://www.polleverywhere.com/surveys/YIXo823lgBrnhiGYVHV7M; http://www","Mixed embedded photographs, screenshots, cartoons, web/video stills, and journal figures; rights are not established by the package. Do not copy or cosmetically modify copyrighted figures as a workaround. Redraw conceptual diagrams/tables, regenerate result charts from verified data, use licensed/public-domain photographs, and link to videos rather than embedding them unless permission is clear.","_quarto-html.yml lists planned chapters/43-behavioral-finance.qmd, absent at audit time; current book has only incidental stock examples.","Dedicated chapter missing.","chapters/43-behavioral-finance.qmd; keep investor judgment/anomalies separate from market-level bubble dynamics.","Mine speaker notes, classroom sequence, activities, and unique examples; de-duplicate against root/modern variants and use current revised sources for final claim wording.","All slide XML, notes, media, links, and hidden-state flags inspected."
"06 - Time, Money and Finance/16. Intertemporal Decision-Making.pdf","06/Intertemporal choice","pdf","4399491","3b30514d9fd68089e913ae0d6fb859f42f4e9490bda74dd0d7720a34848d958c","40 pages","","","Handout/export derivative of 06 - Time, Money and Finance/16. Intertemporal Decision-Making.pptx (not byte-identical)","student-facing PDF handout/export","Compound-interest/PV-FV and exponential-discounting benchmark; time consistency; hyperbolic and beta-delta present bias; preference reversal; magnitude, opportunity-cost/hidden-zero, sign, and time-frame/date effects; within-option versus attribute-based comparison; future imagery/self-continuity, subjective time, anticipation, emotion, uncertainty, liquidity, trust, scarcity, culture, measurement confounds, commitment, deadlines, and preferences over outcome profiles.","Sooner-smaller versus later-larger choices; hidden-zero reframing; eye-tracking/process tracing; aged-avatar retirement allocation; savoring/dread; marshmallow/self-control caveat; Victor Hugo and unfinished-house commitments; Ariely-Wertenbroch deadlines; deposit/check commitments; increasing versus decreasing wage/experience profiles; peak-end/duration-neglect and forecasting bridge.","Aged-avatar illustration reports roughly twice as much retirement allocation; deadline studies distinguish externally imposed from self-imposed deadlines. Discount-rate estimates are not pure time preference because utility curvature, risk, liquidity, transaction costs, and trust can confound identification.","Samuelson (1937); Thaler (1981); Ainslie (1975); Loewenstein & Prelec (1992); Laibson (1997); Frederick, Loewenstein & O'Donoghue (2002); Magen et al. (2008); Read et al. (2005); Peters & Buchel (2010); Ersner-Hershfield et al. (2009); Zauberman et al. (2009); Carvalho, Meier & Wang (2016); Weber et al. (2007); Ariely & Wertenbroch (2002). URLs in file: https://vintagevalueinvesting.com/warren-buffett-net-worth/; https://youtu.be/QX_oy9614HQ; https://youtu.be/vhep2fZKHgE; youtu.be/vhep2fZKHgE; youtu.be/QX_oy9614HQ","Mixed embedded photographs, screenshots, cartoons, web/video stills, and journal figures; rights are not established by the package. Do not copy or cosmetically modify copyrighted figures as a workaround. Redraw conceptual diagrams/tables, regenerate result charts from verified data, use licensed/public-domain photographs, and link to videos rather than embedding them unless permission is clear.","chapters/38-intertemporal-choice.qmd is substantive and covers benchmark, present bias, magnitude/sign/date/hidden-zero/domain, future self, subjective time, scarcity/trust, and ethical design.","Substantial coverage; still missing the lecture's process-tracing/eye-tracking evidence, full MOST mnemonic, deadline evidence, explicit measurement/identification section, and profile/peak-end/forecasting bridge.","Expand chapters/38-intertemporal-choice.qmd; move extended peak-end/impact-bias material to Subjective Well-Being with a cross-reference.","Use to verify visible student sequence and page grouping; ingest concepts from the editable PPTX/modern revised deck and primary sources, not from rasterized journal figures.","Page count and extracted text inspected; PDF is not a byte-identical duplicate of the corresponding PPTX."
"06 - Time, Money and Finance/16. Intertemporal Decision-Making.pptx","06/Intertemporal choice","pptx","16622871","de81827d906a52efebf4ef225e543682f5d5e4293712524a96f98cf61d8df3d0","91 slides","0","yes — 87/91 slides contain non-empty notes","","legacy editable lecture deck with speaker notes","Compound-interest/PV-FV and exponential-discounting benchmark; time consistency; hyperbolic and beta-delta present bias; preference reversal; magnitude, opportunity-cost/hidden-zero, sign, and time-frame/date effects; within-option versus attribute-based comparison; future imagery/self-continuity, subjective time, anticipation, emotion, uncertainty, liquidity, trust, scarcity, culture, measurement confounds, commitment, deadlines, and preferences over outcome profiles.","Sooner-smaller versus later-larger choices; hidden-zero reframing; eye-tracking/process tracing; aged-avatar retirement allocation; savoring/dread; marshmallow/self-control caveat; Victor Hugo and unfinished-house commitments; Ariely-Wertenbroch deadlines; deposit/check commitments; increasing versus decreasing wage/experience profiles; peak-end/duration-neglect and forecasting bridge.","Aged-avatar illustration reports roughly twice as much retirement allocation; deadline studies distinguish externally imposed from self-imposed deadlines. Discount-rate estimates are not pure time preference because utility curvature, risk, liquidity, transaction costs, and trust can confound identification.","Samuelson (1937); Thaler (1981); Ainslie (1975); Loewenstein & Prelec (1992); Laibson (1997); Frederick, Loewenstein & O'Donoghue (2002); Magen et al. (2008); Read et al. (2005); Peters & Buchel (2010); Ersner-Hershfield et al. (2009); Zauberman et al. (2009); Carvalho, Meier & Wang (2016); Weber et al. (2007); Ariely & Wertenbroch (2002). URLs in file: https://vintagevalueinvesting.com/warren-buffett-net-worth/; https://youtu.be/FN69eDF5k9c; https://youtu.be/QX_oy9614HQ; https://youtu.be/XsC2W587_Fc?si=9MRW31kq4njcP3UN; https://youtu.be/izWCU4Y61o4; https://youtu.be/nvRcuFq6ItI; https://youtu.be/vhep2fZKHgE; youtu.be/vhep2fZKHgE; youtu.be/QX_oy9614HQ; youtu.be/XsC2W587_Fc; www.polleverywhere.com","Mixed embedded photographs, screenshots, cartoons, web/video stills, and journal figures; rights are not established by the package. Do not copy or cosmetically modify copyrighted figures as a workaround. Redraw conceptual diagrams/tables, regenerate result charts from verified data, use licensed/public-domain photographs, and link to videos rather than embedding them unless permission is clear.","chapters/38-intertemporal-choice.qmd is substantive and covers benchmark, present bias, magnitude/sign/date/hidden-zero/domain, future self, subjective time, scarcity/trust, and ethical design.","Substantial coverage; still missing the lecture's process-tracing/eye-tracking evidence, full MOST mnemonic, deadline evidence, explicit measurement/identification section, and profile/peak-end/forecasting bridge.","Expand chapters/38-intertemporal-choice.qmd; move extended peak-end/impact-bias material to Subjective Well-Being with a cross-reference.","Mine speaker notes, classroom sequence, activities, and unique examples; de-duplicate against root/modern variants and use current revised sources for final claim wording.","All slide XML, notes, media, links, and hidden-state flags inspected."
"06 - Time, Money and Finance/19. Mental Acounting.pdf","06/Mental accounting","pdf","3011294","24eea7093077a5807e8549afdd8a5ceecb40f7f8ebe18622e0c4d37e284e128e","45 pages","","","Handout/export derivative of 06 - Time, Money and Finance/19. Mental Acounting.pptx (not byte-identical)","student-facing PDF handout/export","Mental accounting as coding, categorizing, bracketing, and evaluating rather than literal bank accounts; nonfungibility and category budgets; transaction versus acquisition utility; payment-consumption coupling, sunk cost, reference points, self-control, prior outcomes/house money/break-even, disposition effect, narrow versus broad bracketing, hedonic editing, gifts, and naive diversification.","$7.25 resort beer versus $4.10 grocery beer; JCPenney pricing caveat; tennis membership and blizzard ticket; gym/theater payment coupling; lost ticket versus lost cash; gasoline-price shock and premium fuel; taxi-driver targets as a contested boundary case; one gamble versus repeated portfolio; retirement-stock framing; running meter and gift examples.","Gasoline price fell about 50%; premium-grade substitution reported as about 14 times a rational benchmark with no comparable milk/juice upgrade. Odean slide reports winners sold outperformed losers held by about 3.41 percentage points market-adjusted. Benartzi-Thaler framing example shifts stock allocation from 40% to 90%. Treat taxi-day and prior-outcome patterns as mechanism-contested rather than unique proof of mental accounting.","Thaler (1985, 1999); Arkes & Blumer (1985); Heath & Soll (1996); Hastings & Shapiro (2013); Camerer et al. (1997); Farber (2005, 2008); Crawford & Meng (2011); Thaler & Johnson (1990); Shefrin & Statman (1985); Odean (1998); Read, Loewenstein & Rabin (1999); Benartzi & Thaler (1995, 1999, 2001); Prelec & Loewenstein (1998).","Mixed embedded photographs, screenshots, cartoons, web/video stills, and journal figures; rights are not established by the package. Do not copy or cosmetically modify copyrighted figures as a workaround. Redraw conceptual diagrams/tables, regenerate result charts from verified data, use licensed/public-domain photographs, and link to videos rather than embedding them unless permission is clear.","_quarto-html.yml lists planned chapters/42-mental-accounting.qmd, absent at audit time; only scattered sunk-cost/reference-point examples exist in Chapters 14-15.","Dedicated chapter missing.","chapters/42-mental-accounting.qmd; explicitly distinguish mental-account coding/bracketing across decisions from prospect theory's model of a risky choice.","Use to verify visible student sequence and page grouping; ingest concepts from the editable PPTX/modern revised deck and primary sources, not from rasterized journal figures.","Page count and extracted text inspected; PDF is not a byte-identical duplicate of the corresponding PPTX."
"06 - Time, Money and Finance/19. Mental Acounting.pptx","06/Mental accounting","pptx","10316965","7ec30f77c8c4285a85bdc3ce4b0f800b62e7ac226a0a95e3d010370b8317966f","53 slides","0","yes — 37/53 slides contain non-empty notes","","legacy editable lecture deck with speaker notes","Mental accounting as coding, categorizing, bracketing, and evaluating rather than literal bank accounts; nonfungibility and category budgets; transaction versus acquisition utility; payment-consumption coupling, sunk cost, reference points, self-control, prior outcomes/house money/break-even, disposition effect, narrow versus broad bracketing, hedonic editing, gifts, and naive diversification.","$7.25 resort beer versus $4.10 grocery beer; JCPenney pricing caveat; tennis membership and blizzard ticket; gym/theater payment coupling; lost ticket versus lost cash; gasoline-price shock and premium fuel; taxi-driver targets as a contested boundary case; one gamble versus repeated portfolio; retirement-stock framing; running meter and gift examples.","Gasoline price fell about 50%; premium-grade substitution reported as about 14 times a rational benchmark with no comparable milk/juice upgrade. Odean slide reports winners sold outperformed losers held by about 3.41 percentage points market-adjusted. Benartzi-Thaler framing example shifts stock allocation from 40% to 90%. Treat taxi-day and prior-outcome patterns as mechanism-contested rather than unique proof of mental accounting.","Thaler (1985, 1999); Arkes & Blumer (1985); Heath & Soll (1996); Hastings & Shapiro (2013); Camerer et al. (1997); Farber (2005, 2008); Crawford & Meng (2011); Thaler & Johnson (1990); Shefrin & Statman (1985); Odean (1998); Read, Loewenstein & Rabin (1999); Benartzi & Thaler (1995, 1999, 2001); Prelec & Loewenstein (1998).","Mixed embedded photographs, screenshots, cartoons, web/video stills, and journal figures; rights are not established by the package. Do not copy or cosmetically modify copyrighted figures as a workaround. Redraw conceptual diagrams/tables, regenerate result charts from verified data, use licensed/public-domain photographs, and link to videos rather than embedding them unless permission is clear.","_quarto-html.yml lists planned chapters/42-mental-accounting.qmd, absent at audit time; only scattered sunk-cost/reference-point examples exist in Chapters 14-15.","Dedicated chapter missing.","chapters/42-mental-accounting.qmd; explicitly distinguish mental-account coding/bracketing across decisions from prospect theory's model of a risky choice.","Mine speaker notes, classroom sequence, activities, and unique examples; de-duplicate against root/modern variants and use current revised sources for final claim wording.","All slide XML, notes, media, links, and hidden-state flags inspected."
"06 - Time, Money and Finance/Money and the Mind.pptx","06/Money and mind composite","pptx","68891916","b9af3b496733d1c6ce3e6962e97c60a8f72c8bc8d615464614fdf672471740ac","94 slides","0","yes — 84/94 slides contain non-empty notes","Composite/overlapping derivative of mental-accounting, finance, and asset-bubble materials (not byte-identical)","legacy composite deck","Legacy composite joining investor psychology, market efficiency/anomalies, mental-accounting examples, and asset-bubble material in one long sequence.","Stock-market anomalies and investment activities, mental-accounting examples, historical bubbles, and experimental asset markets.","Repeats quantitative material from the finance and bubble decks; use topic-specific modern revised decks to avoid inconsistent denominators or duplicated claims.","Composite bibliography/links from mental accounting, behavioral finance, and asset bubbles. URLs in file: http://www.mitsdu.dk/ses; https://econ-experiment.herokuapp.com/room/be; https://vintagevalueinvesting.com/warren-buffett-net-worth/; https://www.federalreserve.gov/newsevents/pressreleases/monetary20130918a.htm; https://www.youtube.com/watch?v=fx2ClTpnAAs; https://www.polleverywhere.com/multiple_choice_polls/VXxHRP5siwOSgce2s1IK6; https://www.polleverywhere.com/multiple_choice_polls/v2mewgKuaUfjZY1VJaSBu; https://www.polleverywhere.com/multiple_choice_polls/aUI16Ki4wJCjQuiuteO7K; https://www.polleverywhere.com/multiple_choice_polls/sBetYomDqhCawwsJTxJlY; www.mitsdu.dk/ses; https://www.polleverywhere.com/surveys/YIXo823lgBrnhiGYVHV7M; http://www","Mixed embedded photographs, screenshots, cartoons, web/video stills, and journal figures; rights are not established by the package. Do not copy or cosmetically modify copyrighted figures as a workaround. Redraw conceptual diagrams/tables, regenerate result charts from verified data, use licensed/public-domain photographs, and link to videos rather than embedding them unless permission is clear.","No single current destination; planned Chapters 42-44 split the topics.","Source is over-composite; book should not reproduce this structure.","Mine only unique notes/examples, then route to Chapters 42, 43, and 44.","Mine only unique speaker notes/examples, then split them across Mental Accounting, Behavioral Finance, and Asset Bubbles; do not preserve the composite structure.","All slide XML, notes, media, links, and hidden-state flags inspected."
"07 - Decision from Experience and Operations/0x. Market Experiment.pptx","07/Market experiment","pptx","2836761","ee15e20668a630657c85ebf39ccd4c21f57473b71066e1edc5c488eee890c144","17 slides","0","yes — 13/17 slides contain non-empty notes","","legacy editable lecture deck with speaker notes","Comparison of continuous double auction, posted-offer, and call markets; price discovery, allocative efficiency, bargaining power, substitutability, producer/consumer surplus, and adaptation to shocks.","Fish-market classroom experiment with 10 fishers and 25 buyers; one-, two-, and three-fish supply rounds; Alaska salmon price story; calculate and compare surplus distribution across institutions.","Buyer values: five at 30, ten at 25, ten at 5; reported producer/consumer/total surplus by supply round: 250/25/275, 100/325/425, and 0/450/450. Alaska salmon example contrasts 5 cents paid to fishers with 80 cents retail; verify historical source before publication.","Classroom market-design sources plus two legacy external links; CDA convergence claims should be tied to experimental-market literature before book use. URLs in file: https://zhee.herokuapp.com/room/be; https://zhee.herokuapp.com/room/mba","Mixed embedded photographs, screenshots, cartoons, web/video stills, and journal figures; rights are not established by the package. Do not copy or cosmetically modify copyrighted figures as a workaround. Redraw conceptual diagrams/tables, regenerate result charts from verified data, use licensed/public-domain photographs, and link to videos rather than embedding them unless permission is clear.","No dedicated operations/market-design chapter.","Missing applied market institution example; peripheral to required core topics.","Applied box in Behavioral Finance or Decision from Experience, or Appendix C on experimental evidence/market institutions.","Mine speaker notes, classroom sequence, activities, and unique examples; de-duplicate against root/modern variants and use current revised sources for final claim wording.","All slide XML, notes, media, links, and hidden-state flags inspected."
"07 - Decision from Experience and Operations/20. Newsvendor problem.pdf","07/Newsvendor/operations","pdf","1684820","4e4a349c7c71d61f196d8a297ed6a422590951baf9b2e2d818ae579820e27b86","44 pages","","","","PDF lecture source/handout","Single-period inventory choice under demand uncertainty; stockout versus overage costs; critical-fractile solution; behavioral deviations including anchoring, loss aversion, overconfidence, pull-to-center, and risk preferences.","Newsvendor applications; product A/B choice; O'Neill Hammer order calculation; Eckel-Grossman risk-elicitation table; slides labeled as results from 'our experiment'.","Critical fractile F(Q)=Cu/(Cu+Co). O'Neill Hammer: p=190, c=110, s=90, Cu=80, Co=20, critical ratio=.8, stated Q=4,186. A simple classroom case uses cost .20 and price 1. Empirical-result slides are unusable as evidence without underlying data, design, sample, and analysis.","Newsvendor/operations literature and Eckel-Grossman risk task; two legacy URLs embedded in the PDF should be checked for persistence. URLs in file: https://www-emerald-com.proxy1-bib.sdu.dk/insight/content/doi/10.1108/BIJ-01-2021-0061/full/html#ref042; https://www-emerald-com.proxy1-bib.sdu.dk/insight/content/doi/10.1108/MD-07-2019-0975/full/html#ref039","Mixed embedded photographs, screenshots, cartoons, web/video stills, and journal figures; rights are not established by the package. Do not copy or cosmetically modify copyrighted figures as a workaround. Redraw conceptual diagrams/tables, regenerate result charts from verified data, use licensed/public-domain photographs, and link to videos rather than embedding them unless permission is clear.","No current newsvendor/operations chapter.","Missing, but optional for a general behavioral-decision book.","Applied operations box/appendix after Risky Decision-Making or Decision from Experience; do not make a full chapter unless operations is an explicit scope goal.","Use to verify visible student sequence and page grouping; ingest concepts from the editable PPTX/modern revised deck and primary sources, not from rasterized journal figures.","Page count and extracted text inspected; no same-stem PPTX exists in the assigned source set."
"07 - Decision from Experience and Operations/22. Decision making from expereience.pdf","07/Decision from experience","pdf","1238936","439c6d17ab00ddac7ad86ee19334122353616210eccf38b81f890d27e9ab85c9","44 pages","","","","PDF lecture source/handout","Decisions from description versus experience; rare-event description-experience gap; small samples, recency, contingent sampling, frequency versus probability format; hot-stove avoidance; personal-history effects; four epistemic states (description only, experience only, both, neither); extension to delay, ambiguity, adolescents, medicine, exploration/exploitation, and feedback.","Residents versus tourists under terrorism; Depression Baby; Vesuvius and 2021 La Palma; Passau floods; vaccination-risk communication; animated return distributions; chronic-pain/opioid decision aid.","Deck/PDF report typical median experience-sample sizes around 11-19; vaccination example gives 1/1,000 high-fever and 1/14,000 seizure risks; a 300-patient German chronic-pain RCT is described as increasing opioid stopping at nine months. All medical quantities/intervention claims require primary-source verification and careful risk communication before use.","Hertwig et al. / description-experience-gap literature; Malmendier & Nagel (Depression Baby); Kaufman, Weber & Haisley (animated distributions); Wegwarth et al. (chronic-pain decision aid). URLs in file: https://quotefancy.com/maria-konnikova-quotes; https://brokencolumns.wordpress.com/2015/03/22/mount-vesuvius-photos-from-the-volcanos-last-great-eruption/","Mixed embedded photographs, screenshots, cartoons, web/video stills, and journal figures; rights are not established by the package. Do not copy or cosmetically modify copyrighted figures as a workaround. Redraw conceptual diagrams/tables, regenerate result charts from verified data, use licensed/public-domain photographs, and link to videos rather than embedding them unless permission is clear.","_quarto-html.yml lists planned chapters/41-decisions-from-experience.qmd, absent at audit time.","Dedicated chapter missing.","chapters/41-decisions-from-experience.qmd after Prospect Theory; explicitly separate experienced sampling/feedback from stated-description probability weighting.","Use to verify visible student sequence and page grouping; ingest concepts from the editable PPTX/modern revised deck and primary sources, not from rasterized journal figures.","Page count and extracted text inspected; no same-stem PPTX exists in the assigned source set."
"07 - Decision from Experience and Operations/23. Decision from Experience.pptx","07/Decision from experience","pptx","12672997","7c796e605e94a0fa527f1beeb929ece9e833fff776f50ce5e61722bdb333af2b","25 slides","0","yes — 7/25 slides contain non-empty notes","","legacy editable lecture deck with speaker notes","Decisions from description versus experience; rare-event description-experience gap; small samples, recency, contingent sampling, frequency versus probability format; hot-stove avoidance; personal-history effects; four epistemic states (description only, experience only, both, neither); extension to delay, ambiguity, adolescents, medicine, exploration/exploitation, and feedback.","Residents versus tourists under terrorism; Depression Baby; Vesuvius and 2021 La Palma; Passau floods; vaccination-risk communication; animated return distributions; chronic-pain/opioid decision aid.","Deck/PDF report typical median experience-sample sizes around 11-19; vaccination example gives 1/1,000 high-fever and 1/14,000 seizure risks; a 300-patient German chronic-pain RCT is described as increasing opioid stopping at nine months. All medical quantities/intervention claims require primary-source verification and careful risk communication before use.","Hertwig et al. / description-experience-gap literature; Malmendier & Nagel (Depression Baby); Kaufman, Weber & Haisley (animated distributions); Wegwarth et al. (chronic-pain decision aid). URLs in file: https://www.youtube.com/watch?v=n1ET_4eqYiI; https://doi.org/10.1177/0022002704270847; https://doi.org/10.1093/qje/qjq004; https://doi.org/10.1016/j.cognition.2016.10.001","Mixed embedded photographs, screenshots, cartoons, web/video stills, and journal figures; rights are not established by the package. Do not copy or cosmetically modify copyrighted figures as a workaround. Redraw conceptual diagrams/tables, regenerate result charts from verified data, use licensed/public-domain photographs, and link to videos rather than embedding them unless permission is clear.","_quarto-html.yml lists planned chapters/41-decisions-from-experience.qmd, absent at audit time.","Dedicated chapter missing.","chapters/41-decisions-from-experience.qmd after Prospect Theory; explicitly separate experienced sampling/feedback from stated-description probability weighting.","Mine speaker notes, classroom sequence, activities, and unique examples; de-duplicate against root/modern variants and use current revised sources for final claim wording.","All slide XML, notes, media, links, and hidden-state flags inspected."
"08 - Research Methods/17. Conduct Research in Behavioral Economics.pdf","08 - Research Methods","pdf","2462991","3345d80502bf06becf857140b0eefb58e2aa50a8c55b0213eca485bb87071745","51","not applicable","no separate speaker notes","08 - Research Methods/17. Conduct Research in Behavioral Economics.pptx","visible-slide PDF export / derivative","Visible-slide handout covering theory, observational/quasi-experimental/experimental/simulation methods, lab/field/natural experiments, randomization, validity, subject pools, power, replication, ethics, and data registration.","Method-classification prompts; design comparisons; replication examples; power and factorial-design worked examples.","51 pages; 27 image objects. Includes effect sizes/power, Type S/M errors, and ethics examples inherited from the source deck.","AEA and SDU legal/data-registration references; one parsed SDU URL. References are less complete than in the editable deck/notes.","Contains screenshots, cartoons, study figures, and institutional webpages. Use original prose and newly drawn method diagrams; do not reuse screenshots without permission.","No dedicated methods chapter or appendix","missing as a coherent methods/reproducibility treatment","new appendix: How We Know—Research Design, Causal Inference, and Replication","use the PPTX as canonical; retain this PDF only as a visual/render check","Near-duplicate of the 51 visible slides in the 94-slide PPTX (5-gram containment 0.792); it omits 43 hidden slides and most speaker-note detail."
"08 - Research Methods/17. Conduct Research in Behavioral Economics.pptx","08 - Research Methods","pptx","22408507","15b671692733b8913fce9fda04372e238bc14fc7982305b0f3fb785a690eab88","94","43","yes (71/94 slides)","","canonical editable methods deck","Comprehensive research-method progression: theory and empirical strategies; observational, quasi-experimental, laboratory, field, natural, and simulation evidence; between/within and strategy/direct-response designs; incentives and subject pools; causal counterfactuals; randomization and balance; internal/external validity; evaluation effects; replication crisis; power/MDE/Type S/Type M; factorial designs; Belmont ethics, IRB, GDPR, and local registration.","Classification and design-choice questions; demand/Hawthorne/John Henry/resentful-demoralization examples; many replication cases; power and factorial-design examples; ethics discussion.","94 slides, including 43 hidden; notes on 71 slides; 55 embedded media. Includes Cohen d, power/MDE, Type S/M, and multiple published sample/effect-size claims.","AEA; Belmont/ethics sources; SDU data-registration URL; references in slides/notes. Three parsed URL strings, one truncated. Local rules are time-sensitive.","Mixed rights: 55 embedded media include study figures, news/web screenshots, textbook/cartoon material, and photos. Redraw designs, flowcharts, and quantitative plots from verified data; link rather than embed news/commercial imagery.","No dedicated methods chapter or appendix; fragments appear in chapters/35-decision-hygiene.qmd","missing as a coherent methods/reproducibility treatment","new appendix: How We Know—Research Design, Causal Inference, and Replication; keep a one-page gateway in chapters/35-decision-hygiene.qmd","incorporate comprehensively but update and bound claims","Correct “Benefice” to “beneficence.” Random assignment creates balance in expectation, not a guarantee. Predeclared rerandomization can be valid. The Australian baby-bonus date appears to be 2004, not 2014. Verify current SDU/GDPR/ethics procedures before publication. Replication outcomes should be expressed as estimates and protocol-bounded evidence, not binary verdicts."
"08 - Research Methods/18. Formulate Research Questions.pdf","08 - Research Methods","pdf","1825163","33d05709a92f02c093150678a2c02079328584a2242117bcbca1f05a25032888","44","not applicable","no separate speaker notes","08 - Research Methods/18. Formulate Research Questions.pptx","visible-slide PDF export / older derivative","Research-question formulation plus ABT narrative: empirical versus literature-review questions, clear/feasible/impactful criteria, operationalization, novelty/scale, governing BUT, audience, stakes, and concise prose.","Rewrite broad questions; diagnose weak BUTs; sustainability, peer-cue/meat, donation-framing, mission-statement, speech, and grant examples.","44 pages; 13 image objects; no central empirical estimand. Contains practitioner claims about narrative structure rather than tested effect estimates.","Olson/ABT practitioner sources plus examples and speech materials; no parsed external hyperlinks.","Several copied screenshots, speech images/text, and diagrams. Gettysburg text is public domain; modern speeches/song lyrics and most images are not. Use short quotation limits and original diagrams.","ABT is substantially present in chapters/26-why-stories-move-minds.qmd and chapters/27-building-an-evidence-aligned-story.qmd; research-question guidance is absent","partial","new methods appendix section on empirical and literature-review questions; keep ABT material in chapters 26–27","use PPTX as canonical; merge only missing RQ guidance","Older/shorter than the PPTX: PPTX has 47 visible slides, whereas PDF has 44. Five-gram containment against visible PPTX is 0.887."
"08 - Research Methods/18. Formulate Research Questions.pptx","08 - Research Methods","pptx","11484451","49509ad1ac652a1734e726178586edd172c6d63f6cbdfe0277657e08f47d7283","73","26","yes (59/73 slides)","","canonical editable RQ/ABT deck","How to formulate empirical and literature-review research questions; clear, feasible, impactful criteria; constructs and operationalization; ethics/resources; novelty and contribution; ABT context–problem–solution logic; single governing BUT; stakes, IF/THEN, audience, and grant/pitch structure.","Weak-to-strong RQ rewrites; sustainability, peer cues and meat, loss/gain framing and donations; ABT speech, mission, conservation-genetics, migration, and grant examples; hidden activity/examples.","73 slides, 26 hidden, notes on 59, 24 embedded media. Narrative-index and “most effective” assertions are practitioner heuristics, not causal effect estimates.","ABT/Olson and heterogeneous example sources; no parsed hyperlinks. Some full speech/song content appears in the deck and requires rights review.","24 embedded media; many overlap the Thesis variant. Use original question/ABT diagrams; do not reproduce modern speech/song text or web images beyond permissible quotation.","ABT incorporated in chapters/26-why-stories-move-minds.qmd and chapters/27-building-an-evidence-aligned-story.qmd; no research-design appendix","partial","new methods appendix sections “From topic to answerable question” and “Empirical versus synthesis questions”","incorporate RQ logic; deduplicate ABT against chapters 26–27","Treat FIC and ABT as disciplined design heuristics, not universal scientific laws. Distinguish importance from empirical identification and feasibility from convenience."
"08 - Research Methods/25. Threats in Running Experiments.pptx","08 - Research Methods","pptx","11201440","e89dc867b2de2caf8450445c55ed35687ddbc580c7d85be651fa485719365941","47","15","yes (44/47 slides)","","canonical editable threats-to-inference deck","Attrition and differential attrition; partial compliance; ITT and LATE; spillovers and general-equilibrium displacement; demand/Hawthorne/John Henry/resentful-demoralization/anticipation/survey effects; reporting bias; pre-analysis plans; raw versus adjusted reporting.","Attrition/compliance tables; ITT/LATE exercises; Crepon et al. labor-market displacement example; Poll Everywhere quizzes and design-diagnosis prompts.","47 slides, 15 hidden, notes on 44, 31 media. Includes ITT/LATE formulas and a labor-market example where a naive job count is contrasted with market-level effects; all values require source verification before reuse.","AEA plus five Poll Everywhere URLs and paper citations in slides/notes.","31 embedded media, including repeated replication figures from deck 17, screenshots, and tables. Recreate formulas/tables/plots natively from verified values; omit polling UI screenshots.","No dedicated methods appendix","missing","new methods appendix: threats to identification, estimands, spillovers, reporting, and reproducibility","incorporate comprehensively with technical review","Define ITT/LATE assumptions and estimands explicitly; avoid implying LATE is a generic treatment effect. Preserve the distinction between direct, spillover, and equilibrium effects."
"08 - Research Methods/Formulate Research Questions - Thesis.pdf","08 - Research Methods","pdf","648703","b8564c42a091239c1fe4de03f999be129b09435d6ae8f65b01437be163a1abdf","35","not applicable","no separate speaker notes","08 - Research Methods/Formulate Research Questions - Thesis.pptx","visible-slide PDF export / derivative","Thesis-oriented research-question and ABT guidance: empirical versus review questions, answerability, contribution, structure, and concise narrative framing.","Question refinement, thesis examples, ABT rewrites, audience and stakes exercises.","35 pages; 4 image objects; no major empirical-effect table.","Practitioner ABT and research-design references; no parsed external hyperlinks.","Rendered handout contains copied example visuals. Use editable source for extraction; remake any retained diagram.","ABT in chapters 26–27; thesis/RQ guidance absent","partial","new methods appendix/student guide on answerable thesis and review questions","use editable PPTX as canonical; no separate book treatment","Visible-slide export of the Thesis PPTX (35 visible slides; 5-gram containment 0.907)."
"08 - Research Methods/Formulate Research Questions - Thesis.pptx","08 - Research Methods","pptx","11480138","102a4101e39b81665c85710eb9d51cfab0370b69f92ce6fea3e330c92a34390d","71","36","yes (58/71 slides)","08 - Research Methods/18. Formulate Research Questions.pptx","thesis-oriented variant / near-duplicate","Thesis-specific variant of the RQ/ABT sequence, emphasizing question scope, empirical versus literature-review form, answerability, contribution, and clear narrative structure.","Thesis-question rewrites, audience tests, ABT and stakes exercises; 36 hidden slides preserve additional examples.","71 slides, 36 hidden, notes on 58, 24 media; no central effect-size claim.","Overlaps the 18. Formulate Research Questions deck; no parsed hyperlinks.","All 24 media assets are shared with or closely overlap the main RQ deck. Avoid duplicating them; redraw only the final selected teaching tools.","ABT in chapters 26–27; thesis/RQ guidance absent","partial/near-duplicate","new methods appendix/student guide","merge only thesis-specific material into the main RQ appendix section","Treat as a variant, not an independent evidence source; 24 media hashes overlap the main RQ deck."
"08. Strategic Interdependence.pptx","05/Strategic interdependence","pptx","1822418","ebafeb3636dbdbe3c0fa39c339b4d595f266b018276f64b65aa965326af96abc","26 slides","0","no non-empty speaker notes","","condensed root synthesis/index","Teaching arc from diagnosing coordination/conflict/mixed motives to focal points and shared culture, beauty contests and higher-order beliefs, level-k and cognitive hierarchy, formal games and Nash equilibrium, price wars and repeated interaction, then bargaining, auctions, escalation, and commitments.","Independent Odense meeting-point activity; QWERTY as a coordination standard with the disputed origin story made explicit; celebrity beauty contest; 2/3 guessing game; airline price-war matrix; announced one-shot plus four repeated rounds; ultimatum/fairness discussion; 50-kr auction; Ford price promise; bargaining-coordination matrix.","Level-k responses 0/random, 33, 22, 15, ...; cognitive-hierarchy tau table (students about 1.1-1.6, economics PhDs 2.3, portfolio managers 2.8, Caltech/newspaper participants about 3, game theorists 3.7); price-war matrix H/H=(10,10), H/L=(2,15), L/H=(15,2), L/L=(5,5).","Schelling (1960); David (1985); Liebowitz & Margolis (1990); Nagel (1995); Nash (1950); Camerer (2003); Camerer, Ho & Chong (2004); Crawford, Costa-Gomes & Iriberri (2013); Rao, Bergen & Davis (2000); Shubik (1971); Staw (1976).","Mixed embedded photographs, screenshots, cartoons, web/video stills, and journal figures; rights are not established by the package. Do not copy or cosmetically modify copyrighted figures as a workaround. Redraw conceptual diagrams/tables, regenerate result charts from verified data, use licensed/public-domain photographs, and link to videos rather than embedding them unless permission is clear.","_quarto-html.yml lists planned chapters/46-strategic-interdependence.qmd, absent at audit time; bargaining/escalation fragments occur in Chapters 30-34 and 14.","Missing dedicated treatment; planned destination exists only in configuration.","chapters/46-strategic-interdependence.qmd in a new Strategic and Social Decisions Part.","Use as a topic checklist and proposed flow only; several slide-level provenance labels/source mappings are unreliable, so do not use it as empirical or bibliographic authority.","No hidden slides; no speaker notes; text/media inspected."
"09 - Additional Topics/.DS_Store","09 - Additional Topics","none","6148","1264059582f53acb4057f5ae26455b90a4ff3193f8dc39a28595b56364da75ca","not applicable","not applicable","not applicable","","macOS administrative artifact","Finder metadata only; no teaching content.","None.","None.","None.","No visual content.","None.","not applicable","none","omit/delete only if the user later authorizes cleanup","Binary plist not treated as a lecture source."
"09 - Additional Topics/20. Happiness.pptx","09 - Additional Topics / happiness and behavioral finance","pptx","80969698","39d3370122afc93442eeb00ed8aa69ed8b06c1c1f13f446a33f549282389bb3a","86","27","yes (84/86 slides)","","mixed legacy deck","Only the first four slides address happiness/affective forecasting; the remaining visible slides cover behavioral finance, efficient markets, anomalies, equity premium, myopic loss aversion, and competition, while hidden slides add forecasting quotations, value/momentum, 3Com–Palm, and asset-bubble material.","Lottery/paraplegia and tenure affective-forecasting examples; stock-valuation and EMH questions; Challenger event study; size/value/momentum/reversal; Samuelson gamble and broad framing; IPO activity; class polling.","86 slides, 27 hidden, notes on 84, 49 media. Reports Brickman samples n=22 lottery and n=29 paralysis and 5-point happiness means; many finance return tables and study-result plots; these must be checked against original studies and historical-data definitions.","Brickman et al. (1978), Gilbert et al., Maloney & Mulherin, Rendleman et al., Fama & French, Jegadeesh & Titman, De Bondt & Thaler, Benartzi & Thaler, Hou & Robinson; Federal Reserve and nine polling URLs.","49 embedded images include a journal-table screenshot, Yahoo/market screenshots, Challenger/news photos, published graphs/tables, and polling UI. Redraw empirical plots/tables from cited data; do not use the journal screenshot, market screenshots, or news photos. Hidden slides require the same rights treatment.","Planned destinations chapters/43-behavioral-finance.qmd, 44-asset-bubbles.qmd, and 45-subjective-well-being.qmd are listed in Quarto profiles but not yet present","mixed: planned but not yet implemented","split: affective forecasting to chapter 45; finance and EMH/anomalies to chapter 43; bubbles to chapter 44","split and rebuild; do not preserve the deck as one chapter","The deck title is misleading because most content is finance. Visible render has 59 pages because 27 hidden slides are omitted. Historical return tables end around 2012 and require updating/period labels."
"09 - Additional Topics/ABT.pdf","09 - Additional Topics / ABT","pdf","508424","22aa20bce3494a746c8954c3a9841cd0107af041c72ecf49133ed3efdcca795e","15","not applicable","no separate speaker notes","","legacy ABT handout","Fifteen-page introduction to AND–BUT–THEREFORE: context, contradiction, solution, a single governing narrative, the narrative center, stakes, and IF/THEN framing for proposals.","Weak/multiple-BUT rewrites; conservation genetics and grant-proposal examples.","15 pages; 5 image objects. Narrative-index and neuro-arousal language are not independently established effect estimates.","McKee/Olson practitioner sources and speech/science examples; no parsed URLs.","Contains copied diagrams and quotation material. Use the idea with attribution and original book graphics; do not reproduce commercial book graphics.","chapters/26-why-stories-move-minds.qmd and 27-building-an-evidence-aligned-story.qmd","incorporated/duplicate","chapters 26–27 only","retain as provenance; add no separate chapter","ABT is a practitioner communication heuristic. The current chapters appropriately separate narrative usefulness from causal evidence."
"09 - Additional Topics/Existing Additional Topics/146 Happiness.pdf","09 - Additional Topics / subjective well-being","pdf","2034906","08838a3bd4155fd74f5682070055e0fa886b09a084f58bb99559634862e12396","46","not applicable","no separate speaker notes","","canonical compact SWB teaching handout","Subjective well-being measurement and validity; adaptation and relative income; Easterlin debate; unemployment, inflation, inequality, institutions, freedom, volunteering, television, relationships and religion; prosocial spending; limits of average regression; positive-psychology practices; economic reflection on goals, scarcity, opportunity cost, and attachment.","Opening domestic-helper story; WVS/country comparisons; income and adaptation discussion; prosocial-spending examples; gratitude, time-affluence, relationships, sleep, exercise, meditation, and intrinsic-goal reflection.","46 pages; 22 image objects. Includes correlational country plots and the old “environment 10%” happiness-pie claim; neither should be presented causally. Many associations lack uncertainty or year/scale labels.","Easterlin and SWB literature, Maslow, positive-psychology studies, prosocial spending and national-survey sources; bibliography is incomplete and dated.","Many copied charts/photos/tables. Redraw only from verified underlying data with scale/year/sample and uncertainty; replace personal/commercial photos with original or openly licensed assets.","No current SWB chapter; planned chapters/45-subjective-well-being.qmd is listed but absent","missing","chapters/45-subjective-well-being.qmd in Part V, with evidence versus reflection clearly separated","incorporate comprehensively after evidence update","Do not teach “environment explains only 10%” or “happiness is a choice” as established science. Country correlations, self-employment, religion, and marriage require selection/causality caveats. The domestic-helper story contains stereotyping and should be rewritten or omitted. Neuro/physiology measures are correlates, not simple validation devices."
"09 - Additional Topics/Existing Additional Topics/16. Happiness_presentation.pdf","09 - Additional Topics / subjective well-being","pdf","2914568","87eb17aacb3cd0c756a5f9f5add6b5e700d6b93ac4c50147f67c088d04e5975d","150","not applicable","no separate speaker notes","09 - Additional Topics/Existing Additional Topics/146 Happiness.pdf","older reveal-build presentation / duplicate","Older 150-page build version of the compact happiness lecture; repeated pages incrementally reveal the same SWB content.","Same stories, country comparisons, income/adaptation, institutional, relationship, and positive-psychology examples as the 46-page handout.","150 pages; 32 image objects; 44 logical unique-page states identified, with 0.908 5-gram containment by the compact version.","Same dated SWB source base as 146 Happiness.pdf.","Same copied figures/photos, repeated across builds. No reason to reuse this version.","No current SWB chapter","duplicate/no new content","chapters/45-subjective-well-being.qmd","use 146 Happiness.pdf as canonical and discard this from synthesis","Reveal-build duplication inflates page count. Use only to recover a transition if the compact deck is ambiguous."
"09 - Additional Topics/Existing Additional Topics/16. SWB_WVS.pdf","09 - Additional Topics / subjective well-being","pdf","29529","3b7fd4862802bafde2e69e9d2530d74ca1e6e968f5ebaf0bc859b8a6b9be0b31","1","not applicable","no separate speaker notes","","single-page copied results table","One-page World Values Survey subjective-well-being table/figure used as a lecture illustration.","Country-level comparison prompt.","One page; values have no fully recoverable edition/year/weighting specification in the handout.","WVS is implied, but the page lacks complete provenance sufficient for publication.","Do not reproduce the table image. Retrieve the original WVS data/documentation and produce a new chart/table with wave, countries, weights, question wording, and scale.","No current SWB chapter","missing but source is publication-unsafe","chapters/45-subjective-well-being.qmd","reconstruct from authoritative WVS data or omit","A visual transformation of the screenshot is not a copyright or provenance solution; the underlying data and definitions must be recovered."
"09 - Additional Topics/Existing Additional Topics/16. SWB_contries.pdf","09 - Additional Topics / subjective well-being","pdf","70341","31359da1679695570c7507d94cadeb73ba0fe20678062387fba1ba36bb8c5274","1","not applicable","no separate speaker notes","","single-page copied country table","One-page cross-country subjective-well-being comparison.","Country-ranking/comparison prompt.","One page; no complete year, scale, sampling, weighting, or uncertainty information.","Source not fully specified on the page.","Do not reproduce or merely restyle the copied table. Rebuild from an authoritative dataset with definitions and uncertainty.","No current SWB chapter","missing but source is publication-unsafe","chapters/45-subjective-well-being.qmd","reconstruct from source data or omit","Filename misspells “countries.” Rankings without survey year and measurement scale are not interpretable."
"09 - Additional Topics/Existing Additional Topics/18. Cooperation.pdf","09 - Additional Topics / cooperation","pdf","6055614","c64e6f06e0b548d4635454e37d3944c53a36abc3fcfee5ab2df8b2422c50816b","67","not applicable","no separate speaker notes","","canonical compact cooperation lecture","Social dilemmas and five mechanisms of cooperation; evolutionary versus classical game theory; cooperative phenotype; social heuristics; repeated prisoner’s dilemma strategies; reputation and indirect reciprocity; network reciprocity; punishment/reward, institutions, antisocial punishment, and group selection.","Prisoner’s dilemma and repeated-game strategy comparisons; direct/indirect reciprocity; watched-eyes/reputation; static/dynamic networks; peer versus pool punishment and institution design.","67 pages; 48 image objects. Reports cooperative-phenotype samples N=576 and N=345 with r=.41 after 124 days; b/c>k rule; strategy outcomes and punishment/cooperation statistics. Verify all source values and model conditions.","Nowak; Axelrod; Rand/Greene; Peysakhovich et al.; network and punishment literatures. References are lecture-level and need current meta-analytic updates.","Many copied experimental plots, cartoons, photos, and model diagrams. Recreate game matrices, network diagrams, and study plots from cited values; replace illustrative media.","Planned chapters/46-strategic-interdependence.qmd, 47-behavioral-game-theory.qmd, and 48-cooperation-social-preferences.qmd are listed but absent","missing","primarily chapters/48-cooperation-social-preferences.qmd; theory/setup to chapters 46–47","incorporate with a current evidence review","The social-heuristics/intuitive-cooperation literature and watched-eyes effects are heterogeneous and should not be presented as settled. State repeated-game, noise, topology, update-rule, and selection assumptions for theoretical results."
"09 - Additional Topics/Existing Additional Topics/18. Cooperation_presentation.pdf","09 - Additional Topics / cooperation","pdf","6166554","da01af6d529c64424a328758c5bc8271eb1df2863648142761e2f92178d3e184","169","not applicable","no separate speaker notes","09 - Additional Topics/Existing Additional Topics/18. Cooperation.pdf","older reveal-build presentation / duplicate","A 169-page animation/reveal version of the 67-page cooperation lecture.","Same cooperation mechanisms, games, networks, reputation, punishment, and group-selection examples.","169 pages; 127 image objects. Text comparison shows 1.000 containment of the compact deck and 0.978 5-gram Jaccard.","Same references as 18. Cooperation.pdf.","Same copied visuals repeated across reveal states. Do not use this as an independent asset source.","No current cooperation chapter","duplicate/no new content","chapters/48-cooperation-social-preferences.qmd","use 18. Cooperation.pdf as canonical","Sixty-seven exact/common logical pages plus reveal states; no independent substantive coverage found."
"09 - Additional Topics/Existing Additional Topics/18. EvolutionaryGameTheory.pdf","09 - Additional Topics / evolutionary game theory","pdf","3049441","1a1837adf5410589da18fca6623cf3fead56d6e1b053797498b1fd520a366a5c","48","not applicable","no separate speaker notes","","legacy theory lecture","Evolution, heredity, mutation, selection, cultural imitation; evolutionary versus classical game theory; payoff-monotonic dynamics, ESS, prisoner’s dilemma arms races, stag hunt, hawk–dove/mixed ESS, spatial PD, mutation and neighborhoods, ethnocentrism/in-group favoritism, and Schelling segregation/tipping.","Beetle arms race; stag hunt and hawk–dove; NetLogo torus spatial PD; ethnocentrism model; Schelling checkerboard segregation.","48 pages; 28 image objects. Contains payoff matrices, ESS conditions, replicator/spatial-dynamics demonstrations, b/c and neighborhood claims whose validity depends on update rules and parameterization.","Maynard Smith/ESS, Axelrod/Nowak, Hammond & Axelrod ethnocentrism, Schelling segregation, NetLogo/model references.","Copied figures and NetLogo/model screenshots. Recreate payoff matrices and simplified original diagrams; show simulation output only if code/parameters/seeds can be documented.","Planned strategic/game-theory chapters are listed but absent","missing","chapters/46-strategic-interdependence.qmd and 47-behavioral-game-theory.qmd; optional technical appendix for dynamics/simulation","incorporate core intuition; place equations/simulation details in an optional box or appendix","ESS is not simply “the best strategy”; conditions depend on population state and invasion fitness. Spatial-cooperation and ethnocentrism results are model-specific, not universal social laws."
"09 - Additional Topics/Existing Additional Topics/Behavioral Decision Theory additional.pptx","09 - Additional Topics / legacy decision theory","pptx","553101","756049f9d20bf24bd1499fdc4cad9ba713a5493d3c53c013ad0c40ec7d12001c","124","0","yes (113/124 slides)","","legacy comprehensive teaching compendium","Probability judgment, base rates, sample size, gambler’s fallacy, hot hand, regression, conjunction, anchoring, bounded awareness, Monty Hall, Acquiring a Company, framing/prospect theory, mental accounting, endowment/transaction utility, emotions/regret/sunk cost/fairness/ethics, behavioral finance, and debiasing.","Natural-frequency Triple Screen; hospital births; batting regression; Linda; Taj Mahal anchor; disjunctive probability; Monty Hall variants; Acquiring a Company; nine-dot; wine/tax/JCPenney mental accounting; Russian roulette and pseudo-certainty; outsider view.","124 slides, no hidden slides, notes on 113, 4 media. Contains many classic numeric puzzles and study results; rough “losses twice gains” language and original hot-hand interpretation require updating.","Classic Kahneman/Tversky/JDM sources and two YouTube links; bibliography is embedded in notes rather than a modern reference section.","Only four media files, but many study images/tables appear as slide objects. Recreate tasks/plots, do not scan textbook pages. Use original book-native diagrams.","Large portions already appear in chapters 9–17; risk/prospect/mental-accounting/finance are planned for chapters 39–44","partial/overlapping","selectively enrich chapters/12, 14, 39, 40, 42, and 43 plus appendices/appendix-a-portable-course-tools.qmd","mine unique activities and examples; do not import wholesale","Correct the red-marble typo (“90% red/10% red” should distinguish red/white). Teach revised hot-hand evidence, not the original simple fallacy. Treat 2:1 loss aversion as a rough historical summary, not a universal constant."
"09 - Additional Topics/Existing Additional Topics/Newsvendor Experiment.pptx","09 - Additional Topics / risk elicitation and operations","pptx","1221524","e85bfe817c90b7516511d7cf952a5d05d4c8e3d3be8d165fcbbd5b7b983a58ad","18","0","yes (8/18 slides)","","small experimental-results deck","Newsvendor pull-to-center plus risk/ambiguity/cognition measures: Eckel–Grossman choice list, bomb task, Holt–Laury list, staircase risk task, global risk map, Charness ambiguity task, CRT, overconfidence, and Raven matrices.","Compare orders with risk-neutral benchmark; choose lotteries/bomb boxes; switching tasks; CRT; rank confidence; Raven questions.","18 slides, no hidden, notes on 8, 13 media. Several charts appear to be local/class experimental results with no sample, cohort, variable definitions, or uncertainty; published task values are shown without full protocols.","Eckel & Grossman (2008); Holt & Laury (2002); Falk et al. (2018); Charness et al.; CRT/Raven sources.","Experimental-result charts require data provenance and participant/privacy clearance. Raven matrices are copyrighted test content and should not appear. Redraw named task schematics from original methods and cite them.","Risk topics planned for chapters/39-risky-decision-making.qmd and 41-decisions-from-experience.qmd; no methods appendix","partial/missing","chapters 39 and 41; risk-measure box in new methods appendix","incorporate task concepts only; omit unidentified local results and Raven items","Do not publish class/cohort data without source, sample, consent, and uncertainty. Distinguish risk-preference measures from cognitive ability and overconfidence measures."
"09 - Additional Topics/Existing Additional Topics/x. Additional Topics.pptx","09 - Additional Topics / negotiation extensions","pptx","5424468","25b382ed089751d1eca7d17c2040622138fdfb90440a9f4e4934d550825c31d5","27","7","yes (24/27 slides)","","miscellaneous legacy deck","Lie detection and active-information methods; deadline effects; mediation versus arbitration; salary-question avoidance; tactical reasons/questions/humor/silence; course administration and optional outsider-view material.","Clinton lie-detection clip; AIM prompts; salary response scripts; mediation/arbitration comparison; humor and silence clips; final exam/evaluation/raffle slides.","27 slides, 7 hidden, notes on 24, 16 media. Includes the approximately 54% lie-detection benchmark and mediation-settlement figures; both need original-source context.","Bond & DePaulo and negotiation sources; ten parsed URLs including YouTube, Poll Everywhere, and duplicates.","Film/TV/political-video stills and commercial images are copyrighted; keep links/captions, not screenshots. Recreate technique tables. Administrative QR/poll images should be omitted.","Deadlines, silence, and tactics partly in chapters/32-anchors-concessions-and-bargaining-tactics.qmd; lie detection and culture in chapters/30-negotiation-is-joint-decision-making.qmd and 37-culture-identity-social-meaning.qmd","partial","chapters 30, 32, and 34; optional mediation/arbitration box; outsider view remains chapter 35","incorporate AIM/deadline/third-party distinctions selectively; omit admin and stereotypes","Do not include the essentialist “female/male view of justice” slide. Nonverbal “tells” and the named TOI/AIM variants require current validation; present verifiable-detail elicitation as safer than confidence in lie reading."
"09 - Additional Topics/Mind Magic.pptx","09 - Additional Topics / neuroscience and self-help","pptx","7677504","095389a1b4f9176951054bd1eb03788aca54fce115c8a49b4771775849ec6518","41","0","yes (8/41 slides)","","mixed neuroscience/self-help deck","Brain lobes; default-mode, central-executive, salience, and attention networks; PFC development; tri-network switching; von Economo neurons; self/social relevance and vmPFC valuation; manifestation/visualization; optimism; epigenetic trauma; and hedonic versus eudaimonic “gene expression.”","Network mapping; “inner power” and manifestation discussion; visualization; two-kinds-of-happiness comparison.","41 slides, no hidden, notes on 8, 15 media. Claims include 6–10 billion sensory bits/s versus about 10 conscious bits/s, PFC maturation to mid-twenties, and hedonic/eudaimonic gene-expression differences; several are oversimplified or disputed.","Seeley/Menon network papers; Ranganathan et al.; optimism review; Fredrickson et al. 2013/2015; seven DOI/JSTOR links.","Fifteen embedded brain/stock images include Shutterstock/watermarked commercial diagrams and published fMRI figures. Do not use. Replace with original schematic or openly licensed anatomy; retain no manifestation imagery by default.","chapters/06-the-predictive-mind.qmd and 07-value-is-constructed.qmd contain related, more cautious material; no direct manifestation section","partial but much is unsuitable","at most a short, source-verified network-neuroscience box in chapters 6–7; evidence-bounded well-being material to chapter 45","salvage cautious network/value material; omit manifestation and genomic-well-being claims","Do not equate DMN/CEN with System 1/System 2. “SNS gatekeeper of the subconscious,” “express lanes,” and attention literally building gray matter are misleading. Human transgenerational-trauma epigenetics remains uncertain. The hedonic/eudaimonic genomic-signature work is heavily contested/nonreplicated and should not be taught as established."
"09. Behavioral Finance.pptx","06/Behavioral finance and investment decisions","pptx","5999060","dba778c3626bf4fba2353d87ee167ae843fb84b41c0edd01f0f91d85c3133892","26 slides","0","no non-empty speaker notes","","condensed root synthesis/index","Conventional versus behavioral finance; efficient-market hypothesis conditional on information set and expected-return model; weak/semi-strong/strong forms; no-free-lunch versus price-is-right; joint-hypothesis problem and costly information; event studies; underreaction/post-earnings drift; size, value, momentum, and reversal; risk versus mispricing/frictions/data mining; limits to arbitrage; technical versus fundamental analysis; disciplined investment memo and red team.","€20-on-the-ground paradox; FOMC announcement in milliseconds; Challenger-crash market inference; earnings-announcement event study; anomaly jigsaw; value/growth, momentum, and reversal tables; real-versus-simulated price-chart matching; index-fund arithmetic; investment memo and pre-outcome red-team activity.","Momentum horizon presented as roughly 3-12 months and reversal as roughly 3-5 years. The illustrative IPO/index arithmetic (10,000 to 1.95 under stated failure assumptions) must be recalculated and clearly labeled as a toy model before publication. Historical anomaly returns are sample/model dependent and not guaranteed trading recipes.","Fama (1970, 1991); Grossman & Stiglitz (1980); Banz (1981); De Bondt & Thaler (1985); Fama & French (1992, 1998); Jegadeesh & Titman (1993); Carhart (1997); Shleifer & Vishny (1997); Barber & Odean (2000); Malkiel (2003); Maloney & Mulherin (2003); Lo (2004); Harvey, Liu & Zhu (2016); McLean & Pontiff (2016).","Mixed embedded photographs, screenshots, cartoons, web/video stills, and journal figures; rights are not established by the package. Do not copy or cosmetically modify copyrighted figures as a workaround. Redraw conceptual diagrams/tables, regenerate result charts from verified data, use licensed/public-domain photographs, and link to videos rather than embedding them unless permission is clear.","_quarto-html.yml lists planned chapters/43-behavioral-finance.qmd, absent at audit time; current book has only incidental stock examples.","Dedicated chapter missing.","chapters/43-behavioral-finance.qmd; keep investor judgment/anomalies separate from market-level bubble dynamics.","Use as a topic checklist and proposed flow only; several slide-level provenance labels/source mappings are unreliable, so do not use it as empirical or bibliographic authority.","No hidden slides; no speaker notes; text/media inspected."
"11. Behavioral Game Theory.pptx","05/Strategic interdependence and behavioral game theory","pptx","42402530","86f8bc5e09f78e4ac019508ca11245da576b139733d15e26f277157a1a5a0ce4","138 slides","0","yes — 126/138 slides contain non-empty notes","05 - Strategic and Social Decisions/11. Behavioral Game Theory.pptx","byte-identical duplicate","Broad behavioral-game-theory sequence: strategic interdependence; coordination versus conflict; focal points; beauty-contest and p-beauty-contest reasoning; level-k/cognitive-hierarchy models; Nash equilibrium; price competition and Prisoner's Dilemma; one-shot versus repeated interaction; cooperation, reciprocity, ultimatum bargaining, coordination games, auctions, escalation, commitments, and links to negotiation.","Odense meeting-point/focal-point prompt; celebrity beauty contest; 2/3-guessing game; price-war payoff matrix; repeated Prisoner's Dilemma; ultimatum game; 50-kr/dollar auction; competitive-acquisition and Ford price-promise cases; classroom payoff-matrix exercises.","Level-k path 0/random -> 33 -> 22 -> 15 -> ... -> 0 in the 2/3 game; cognitive-hierarchy tau examples range from about 1 for students/CEOs to 3.7 for game theorists; illustrative price-war payoffs H/H=(10,10), H/L=(2,15), L/H=(15,2), L/L=(5,5). Treat classroom samples as activities, not population estimates.","Schelling (1960); Nash (1950); Nagel (1995); Stahl & Wilson (1995); Camerer (2003); Camerer, Ho & Chong (2004); Crawford, Costa-Gomes & Iriberri (2013); Dal Bo & Frechette (2018); Guth, Schmittberger & Schwarze (1982); Shubik (1971). URLs in file: https://econ-experiment.herokuapp.com/room/be/; https://www.youtube.com/watch?v=TDv56whosPQ&t=2075s; https://youtu.be/-opqUSOUDQY; https://youtu.be/0sPVEBAtwmg; https://youtu.be/7FbkwrhW_0I; https://youtu.be/7mETgb-fPRo; https://youtu.be/LPwZ3wYoSmA; https://youtu.be/Q-a1I61sIO8; https://youtu.be/UAR7WDrL3Ec; https://youtu.be/Yqvbv-SB4bg; https://youtu.be/dSOrAQMXTcc; youtu.be/Q-a1I61sIO8; youtu.be/0sPVEBAtwmg; youtu.be/UAR7WDrL3Ec; youtu.be/dSOrAQMXTcc; youtu.be/Yqvbv-SB4bg; youtu.be/-opqUSOUDQY; youtu.be/7FbkwrhW_0I; youtu.be/LPwZ3wYoSmA; https://doi.org/10.1287/mnsc.1110.1413; https://www.polleverywhere.com/multiple_choice_polls/cr7uKf8n2VMLux2shXtil?state=opened&flow=Default&onscreen=persist; https://zecon.herokuapp.com/room/; http://10.94.42.255:8000/room/be/; youtu.be/7mETgb-fPRo","Mixed embedded photographs, screenshots, cartoons, web/video stills, and journal figures; rights are not established by the package. Do not copy or cosmetically modify copyrighted figures as a workaround. Redraw conceptual diagrams/tables, regenerate result charts from verified data, use licensed/public-domain photographs, and link to videos rather than embedding them unless permission is clear.","No dedicated current chapter file; _quarto-html.yml lists planned chapters/46-strategic-interdependence.qmd and chapters/47-behavioral-game-theory.qmd, both absent at audit time. Negotiation chapters contain only fragments.","Missing as integrated chapters; scattered partial coverage only.","New Part: Strategic and Social Decisions — Strategic Interdependence, then Behavioral Game Theory.","Exclude from conceptual ingestion after hash-based de-duplication; retain only if the folder structure requires an archival copy.","SHA-256 exactly matches duplicate_of."
"11. Probability Judgment.pptx","04 Probability judgment || ADDITIONAL AUDIT: Root synthesis/Probability judgment","pptx","3476337","ece678b7e73151387226cd9c8f152998c7339b8984d9eba5e34273ebdedff120","26 slides","none || ADDITIONAL AUDIT: 0","yes — 26 slide(s) with nonempty notes || ADDITIONAL AUDIT: no non-empty speaker notes","Condensed synthesis drawing selected slides from the detailed probability lecture family","recent 26-slide synthesis; unsafe as citation authority || ADDITIONAL AUDIT: condensed root synthesis/index","Moves from intuitive probability errors—availability, representativeness, conjunction/disjunction, dilution, gambler's fallacy, hot hand, base-rate neglect, regression, illusory causation—to probability axioms, complements/AND/OR, conditional independence, total probability, Bayes, natural frequencies, Monty Hall, and calibration/Brier scoring. || ADDITIONAL AUDIT: Condensed synthesis of natural frequencies and Bayesian updating, calibration, denominator neglect, conjunction errors, Monty Hall, regression to the mean, and probability communication.","Linda and tall Bill; dinnerware joint/separate evaluation; drug side-effect dilution; Maryland lottery betting; batting-average regression; Israeli flight instructor; Skinner pigeons; LeBron ritual; cycad detox tradition; 6/49 lottery; Schwarzenegger acrostic; two-child problem; Down-screen and cab Bayes tasks; Monty Hall; forecast log. || ADDITIONAL AUDIT: Medical-test natural-frequency tree; conjunction task; Monty Hall; calibration/forecast exercise; regression-to-the-mean examples.","Dinnerware DKK 555/488 jointly versus 467/739 separately; consecutive batting correlation ~0.4; Down example prior 1/1000, sensitivity 86%, false-positive 5%; cab 85/15 and 80% witness; 6/49 odds 1/13,983,816. The slide's 'once a year → 268,920 years' is inconsistent unless an unstated draw frequency is supplied. Schwarzenegger 1/26^8 and '3.8 billion years' depend on a highly artificial independence model. || ADDITIONAL AUDIT: Contains Bayes/natural-frequency calculations and Monty Hall probabilities; verify all numerical examples against the fuller section-04 lecture sources before book integration.","Tversky and Kahneman; Kahneman and Tversky; Clotfelter and Cook (1993); Miller and Sanjurjo (2018); Gigerenzer and Hoffrage (1995); Brier (1950); Lichtenstein et al.; Murphy; Skinner; Sivanathan and Kakkar; Bayes. No extractable embedded hyperlink; bibliography text still requires source verification. || ADDITIONAL AUDIT: Gigerenzer & Hoffrage; Kahneman & Tversky; calibration/Brier-score and regression sources as cited in the deck.","17 packaged media item(s). Rights are not established merely by inclusion in lecture notes. Use facts/data, not reproduced journal figures; redraw plots/tables from verified numeric results and cite the original study. Link to videos unless licensed. Replace commercial screenshots, celebrity/news photos, UI captures, cartoons, and textbook art with licensed/public-domain/original assets. Modification alone does not extinguish copyright. || ADDITIONAL AUDIT: Mixed embedded photographs, screenshots, cartoons, web/video stills, and journal figures; rights are not established by the package. Do not copy or cosmetically modify copyrighted figures as a workaround. Redraw conceptual diagrams/tables, regenerate result charts from verified data, use licensed/public-domain photographs, and link to videos rather than embedding them unless permission is clear.","Chapters 11–12 cover resemblance, streaks, base rates, natural frequencies, regression, calibration, and Brier scoring; chapter 35 reinforces calibrated forecasts. || ADDITIONAL AUDIT: Substantially covered across Chapters 11-12, with calibration and base rates concentrated in chapters/12-base-rates-randomness-and-calibration.qmd.","Substantive partial gap: formal AND/OR/complement/total-probability structure, joint-versus-separate evaluation, dilution, two-child/Monty Hall, correlation-versus-causation, and worked forecast scoring are absent or thin. || ADDITIONAL AUDIT: Mostly covered; use as a checklist against the authoritative full probability lectures owned by the section-04 audit.","After heuristics/biases, expand chapter 12 into two movements: intuitive probability failures, then representation/Bayes/calibration with worked problems and a forecast ledger. || ADDITIONAL AUDIT: Chapters 11-12; avoid creating a duplicate chapter.","Use only as a high-level teaching outline after repairing notes and source attributions; validate every claim against originals. || ADDITIONAL AUDIT: Use as a topic checklist and proposed flow only; several slide-level provenance labels/source mappings are unreliable, so do not use it as empirical or bibliographic authority.","Container/content extraction succeeded; no parser error. Walnut-exported deck contains stale habit-lecture notes and/or mismatched templated per-slide source footers; examples are documented in the audit report. The 26-slide synthesis is structurally readable but editorially unvalidated. || ADDITIONAL AUDIT: No hidden slides; no speaker notes; text/media inspected. || ADDITIONAL AUDIT: Overlapping assignments reconciled from: lecture-audit-foundations-risk.csv, lecture-audit-strategy-finance.csv."
"12. Risky Decision Making.pptx","04 Risky decision making || ADDITIONAL AUDIT: Root synthesis/Risky decision-making","pptx","1391094","6a1c46f2142c9fc3971dc1280adf74d8b7a4f831b025f3ad3a85d352b710a591","26 slides","none || ADDITIONAL AUDIT: 0","yes — 26 slide(s) with nonempty notes || ADDITIONAL AUDIT: no non-empty speaker notes","Condensed synthesis drawing selected slides from the detailed risk lecture family","recent 26-slide synthesis; unsafe as citation authority || ADDITIONAL AUDIT: condensed root synthesis/index","Separates expected monetary value from expected utility; develops St Petersburg, diminishing marginal utility, certainty equivalents, risk premia and concavity; measures risk preference with CE/MPL/BRET/Eckel–Grossman/Holt–Laury; then tests EUT with insurance+lottery, Allais, final-wealth/reference sensitivity, Asian disease, Ellsberg ambiguity, competence, and risk communication. || ADDITIONAL AUDIT: Condensed synthesis of expected value and expected utility, local utility curvature, certainty equivalents/risk premia, insurance, elicitation, Allais/common-consequence patterns, Ellsberg ambiguity, Asian Disease framing, and field/game-show examples.","St Petersburg coin game; car worth 10,000 with 10% crash risk and insurance; class CE elicitation; multiple price list; bomb-risk task; investment task; Allais pair; Jack/Jill wealth states; Ellsberg urn; Deal or No Deal; contraceptive absolute/relative risk communication. || ADDITIONAL AUDIT: Insurance choice; certainty-equivalent/risk-premium exercises; Holt-Laury/Eckel-Grossman-style elicitation; Allais and Ellsberg choices; Asian Disease; Deal or No Deal.","Illustrative class CE 45.7 versus EV 50; car example value 10,000, crash probability 10%, CE 7,000, premium 1,000; stated St Petersburg CE 5.83 under the slide's utility specification. All task parameters and ambiguity/gender/neural estimates require exact source and sample labels. || ADDITIONAL AUDIT: Contains numerical lotteries and elicitation payoffs; risk (known probabilities) must remain distinct from ambiguity/model uncertainty.","Bernoulli; von Neumann and Morgenstern; Savage; Allais; Ellsberg; Holt and Laury; Eckel and Grossman; Crosetto and Filippin/BRET; Charness et al.; Rabin; Camerer; Gigerenzer and Edwards. Embedded hyperlinks (1): https://youtu.be/8q2eBffgdvs || ADDITIONAL AUDIT: von Neumann & Morgenstern; Savage; Allais; Ellsberg; Tversky & Kahneman; risk-elicitation and Deal-or-No-Deal studies cited in the deck. URLs in file: https://youtu.be/8q2eBffgdvs; youtu.be/8q2eBffgdvs","15 packaged media item(s). Rights are not established merely by inclusion in lecture notes. Use facts/data, not reproduced journal figures; redraw plots/tables from verified numeric results and cite the original study. Link to videos unless licensed. Replace commercial screenshots, celebrity/news photos, UI captures, cartoons, and textbook art with licensed/public-domain/original assets. Modification alone does not extinguish copyright. || ADDITIONAL AUDIT: Mixed embedded photographs, screenshots, cartoons, web/video stills, and journal figures; rights are not established by the package. Do not copy or cosmetically modify copyrighted figures as a workaround. Redraw conceptual diagrams/tables, regenerate result charts from verified data, use licensed/public-domain photographs, and link to videos rather than embedding them unless permission is clear.","Chapter 02 gives only the EUT formula, concavity intuition, and a brief Allais mention; no dedicated risky-choice chapter exists. || ADDITIONAL AUDIT: Expected utility and risk/uncertainty distinctions appear in Chapter 2, but _quarto-html.yml's planned chapters/39-risky-decision-making.qmd is absent at audit time.","Major gap: EV versus EU, CE/risk premium, elicitation tasks, insurance-plus-lottery, Allais logic, ambiguity/Ellsberg, and risk communication are not taught in a coherent progression. || ADDITIONAL AUDIT: Partial benchmark only; choice patterns, measurement, ambiguity, and applications are missing.","Create a dedicated chapter immediately after probability judgment and before prospect theory: benchmark → measurement → paradoxes/ambiguity → communication and decision hygiene. || ADDITIONAL AUDIT: chapters/39-risky-decision-making.qmd after Probability Judgment.","Use only as a high-level teaching outline after repairing notes and source attributions; validate every claim against originals. || ADDITIONAL AUDIT: Use as a topic checklist and proposed flow only; several slide-level provenance labels/source mappings are unreliable, so do not use it as empirical or bibliographic authority.","Container/content extraction succeeded; no parser error. Walnut-exported deck contains stale habit-lecture notes and/or mismatched templated per-slide source footers; examples are documented in the audit report. The 26-slide synthesis is structurally readable but editorially unvalidated. || ADDITIONAL AUDIT: No hidden slides; no speaker notes; text/media inspected. || ADDITIONAL AUDIT: Overlapping assignments reconciled from: lecture-audit-foundations-risk.csv, lecture-audit-strategy-finance.csv."
"13. Prospect Theory.pptx","04 Prospect theory and reference-dependent choice || ADDITIONAL AUDIT: Root synthesis/Prospect theory","pptx","1832800","efb21b6637a9427d319062fa9b1c278c4368ba78aeabd8f2c8a6adf69ba9ee9f","26 slides","none || ADDITIONAL AUDIT: 0","yes — 26 slide(s) with nonempty notes || ADDITIONAL AUDIT: no non-empty speaker notes","Condensed synthesis drawing selected slides from the detailed prospect lecture family","recent 26-slide synthesis; unsafe as citation authority || ADDITIONAL AUDIT: condensed root synthesis/index","Builds prospect theory from the fourfold pattern: reference dependence, concavity for gains, convexity for losses, loss aversion, nonlinear probability weighting and certainty/possibility effects. Extends to endowment/status quo, ownership/identity, affective forecasting, hedonic editing, narrow versus broad framing, and myopic loss aversion. || ADDITIONAL AUDIT: Condensed synthesis of reference dependence, diminishing sensitivity, loss aversion, nonlinear probability weighting and the fourfold pattern, plus endowment/disposition effects and bracketing/hedonic-editing applications.","Asian disease; Tom/neural loss illustration; capuchin token exchange; silver versus bronze medalists and medalist lifespan; mug WTA/WTP; experienced traders; chimp trade; IKEA effect; Toy Yoda; Samuelson repeated gamble; portfolio review frequency; separating gains/integrating losses; rare vivid risks. || ADDITIONAL AUDIT: Gain/loss lotteries; Asian Disease; capuchin fairness/ownership; endowment effect; stock disposition effect; Samuelson repeated gamble; hedonic editing.","Loss-aversion coefficient often summarized near 2 or 1.5–2.5, but it is not universal. Medal-life figures 73.2/70.8/74.8 need source/model checks. Student stock-choice slides report ~40% under annual returns versus ~90% under long-horizon returns; label the actual classroom/sample. WTA/WTP and trader-experience effects require design-specific estimates. || ADDITIONAL AUDIT: Presents value and probability-weighting functions and fourfold predictions; any loss-aversion coefficient must be treated as context/task dependent rather than a universal constant, with identification caveats.","Kahneman and Tversky (1979); Tversky and Kahneman (1992); Kahneman, Knetsch, and Thaler (1990); List; Plott and Zeiler; Samuelson and Zeckhauser; Benartzi and Thaler; Camerer et al.; Knutson et al.; medal studies. No extractable embedded hyperlink; bibliography text still requires source verification. || ADDITIONAL AUDIT: Kahneman & Tversky (1979); Tversky & Kahneman (1992); endowment/disposition/bracketing studies cited in the deck.","17 packaged media item(s). Rights are not established merely by inclusion in lecture notes. Use facts/data, not reproduced journal figures; redraw plots/tables from verified numeric results and cite the original study. Link to videos unless licensed. Replace commercial screenshots, celebrity/news photos, UI captures, cartoons, and textbook art with licensed/public-domain/original assets. Modification alone does not extinguish copyright. || ADDITIONAL AUDIT: Mixed embedded photographs, screenshots, cartoons, web/video stills, and journal figures; rights are not established by the package. Do not copy or cosmetically modify copyrighted figures as a workaround. Redraw conceptual diagrams/tables, regenerate result charts from verified data, use licensed/public-domain photographs, and link to videos rather than embedding them unless permission is clear.","Chapter 02 names prospect theory; chapter 15 explains gain/loss framing; chapter 07 briefly covers endowment. There is no full value function, weighting function, fourfold pattern, or integrated applications chapter. || ADDITIONAL AUDIT: Prospect theory is introduced in Chapters 2 and 15, but _quarto-html.yml's planned chapters/40-prospect-theory.qmd is absent at audit time.","Major gap: the descriptive model, reference-point formation, diminishing sensitivity, probability weighting, fourfold pattern, loss-aversion boundaries, endowment/status quo mechanisms, hedonic editing, and narrow framing need a dedicated chapter. || ADDITIONAL AUDIT: Partial conceptual fragments; no full model, fourfold pattern, identification limits, or worked applications.","Create a dedicated chapter after risky decision making and before framing/context; let framing then become an application of reference-dependent representation rather than the first exposure to it. || ADDITIONAL AUDIT: chapters/40-prospect-theory.qmd; keep it distinct from mental accounting and from experience-based sampling.","Use only as a high-level teaching outline after repairing notes and source attributions; validate every claim against originals. || ADDITIONAL AUDIT: Use as a topic checklist and proposed flow only; several slide-level provenance labels/source mappings are unreliable, so do not use it as empirical or bibliographic authority.","Container/content extraction succeeded; no parser error. Walnut-exported deck contains stale habit-lecture notes and/or mismatched templated per-slide source footers; examples are documented in the audit report. The 26-slide synthesis is structurally readable but editorially unvalidated. || ADDITIONAL AUDIT: No hidden slides; no speaker notes; text/media inspected. || ADDITIONAL AUDIT: Overlapping assignments reconciled from: lecture-audit-foundations-risk.csv, lecture-audit-strategy-finance.csv."
"14. Intertemporal Decision Making.pptx","06/Intertemporal choice","pptx","1449356","97f642bfdc54685822052abceef8072cd1b1dd27f5497a3d58f03425a3b4f724","26 slides","0","no non-empty speaker notes","","condensed root synthesis/index","Compound-interest/PV-FV and exponential-discounting benchmark; time consistency; hyperbolic and beta-delta present bias; preference reversal; magnitude, opportunity-cost/hidden-zero, sign, and time-frame/date effects; within-option versus attribute-based comparison; future imagery/self-continuity, subjective time, anticipation, emotion, uncertainty, liquidity, trust, scarcity, culture, measurement confounds, commitment, deadlines, and preferences over outcome profiles.","Sooner-smaller versus later-larger choices; hidden-zero reframing; eye-tracking/process tracing; aged-avatar retirement allocation; savoring/dread; marshmallow/self-control caveat; Victor Hugo and unfinished-house commitments; Ariely-Wertenbroch deadlines; deposit/check commitments; increasing versus decreasing wage/experience profiles; peak-end/duration-neglect and forecasting bridge.","Aged-avatar illustration reports roughly twice as much retirement allocation; deadline studies distinguish externally imposed from self-imposed deadlines. Discount-rate estimates are not pure time preference because utility curvature, risk, liquidity, transaction costs, and trust can confound identification.","Samuelson (1937); Thaler (1981); Ainslie (1975); Loewenstein & Prelec (1992); Laibson (1997); Frederick, Loewenstein & O'Donoghue (2002); Magen et al. (2008); Read et al. (2005); Peters & Buchel (2010); Ersner-Hershfield et al. (2009); Zauberman et al. (2009); Carvalho, Meier & Wang (2016); Weber et al. (2007); Ariely & Wertenbroch (2002). URLs in file: https://youtu.be/vhep2fZKHgE; youtu.be/vhep2fZKHgE","Mixed embedded photographs, screenshots, cartoons, web/video stills, and journal figures; rights are not established by the package. Do not copy or cosmetically modify copyrighted figures as a workaround. Redraw conceptual diagrams/tables, regenerate result charts from verified data, use licensed/public-domain photographs, and link to videos rather than embedding them unless permission is clear.","chapters/38-intertemporal-choice.qmd is substantive and covers benchmark, present bias, magnitude/sign/date/hidden-zero/domain, future self, subjective time, scarcity/trust, and ethical design.","Substantial coverage; still missing the lecture's process-tracing/eye-tracking evidence, full MOST mnemonic, deadline evidence, explicit measurement/identification section, and profile/peak-end/forecasting bridge.","Expand chapters/38-intertemporal-choice.qmd; move extended peak-end/impact-bias material to Subjective Well-Being with a cross-reference.","Use as a topic checklist and proposed flow only; several slide-level provenance labels/source mappings are unreliable, so do not use it as empirical or bibliographic authority.","No hidden slides; no speaker notes; text/media inspected."
"15. Decision from Experience.pptx","07/Decision from experience","pptx","5709727","fc3386cc73af58eb0d63980f27a23343c3559c573bd3ee254564516d95cc8a48","26 slides","0","no non-empty speaker notes","","condensed root synthesis/index","Decisions from description versus experience; rare-event description-experience gap; small samples, recency, contingent sampling, frequency versus probability format; hot-stove avoidance; personal-history effects; four epistemic states (description only, experience only, both, neither); extension to delay, ambiguity, adolescents, medicine, exploration/exploitation, and feedback.","Residents versus tourists under terrorism; Depression Baby; Vesuvius and 2021 La Palma; Passau floods; vaccination-risk communication; animated return distributions; chronic-pain/opioid decision aid.","Deck/PDF report typical median experience-sample sizes around 11-19; vaccination example gives 1/1,000 high-fever and 1/14,000 seizure risks; a 300-patient German chronic-pain RCT is described as increasing opioid stopping at nine months. All medical quantities/intervention claims require primary-source verification and careful risk communication before use.","Hertwig et al. / description-experience-gap literature; Malmendier & Nagel (Depression Baby); Kaufman, Weber & Haisley (animated distributions); Wegwarth et al. (chronic-pain decision aid).","Mixed embedded photographs, screenshots, cartoons, web/video stills, and journal figures; rights are not established by the package. Do not copy or cosmetically modify copyrighted figures as a workaround. Redraw conceptual diagrams/tables, regenerate result charts from verified data, use licensed/public-domain photographs, and link to videos rather than embedding them unless permission is clear.","_quarto-html.yml lists planned chapters/41-decisions-from-experience.qmd, absent at audit time.","Dedicated chapter missing.","chapters/41-decisions-from-experience.qmd after Prospect Theory; explicitly separate experienced sampling/feedback from stated-description probability weighting.","Use as a topic checklist and proposed flow only; several slide-level provenance labels/source mappings are unreliable, so do not use it as empirical or bibliographic authority.","No hidden slides; no speaker notes; text/media inspected."
"BE01. Decision Process - Complete 2h.pptx","01 Foundations — decision process","pptx","24448643","1de6d4d50b1ea3b5a9b52e761a278e6fd5e30add02c193824e9553c436a38590","89 slides","none","yes — 73 slide(s) with nonempty notes","Expanded companion to the corresponding revised/legacy deck","complete two-hour teaching version; enrichment source","Decision anatomy: judgment separates prediction from valuation; choice commits and sacrifices alternatives; outcomes feed learning. Adds rationality as conditional coherence, bounded rationality/satisficing, process-versus-outcome evaluation, hindsight and self-serving bias, choice blindness, rationalization, and decision journaling.","Project deadline and candidate-fit forecasts; DVD versus saving; magazine decoy; organ default; poker/chess; Johansson face switch; Nisbett stockings; 65% launch forecast. Activities: draw the actual process, separate fact from value claims, set a stopping rule, keep a decision record, and diagnose the feedback loop.","Uses a 65% deadline forecast as an illustrative journal entry; examples from choice-blindness, opportunity-cost, decoy, default, and outcome-bias studies should inherit verified original effect sizes rather than slide summaries.","Simon (1955, 1956); Rangel, Camerer, and Montague (2008); Kahneman; Klein; Milkman et al.; Nisbett and Wilson; Johansson et al.; Kunda; Mercier and Sperber. Embedded hyperlinks (4): https://doi.org/10.1521/soco.1999.17.1.76; https://padlet.com/huanren/submission-request/Y10QzVN2wKlBzg2G; https://www.polleverywhere.com/multiple_choice_polls/WFGCQ09uLQXWn5PUx9E9q?display_state=instructions&activity_state=opened&state=opened&flow=Engagement&onscreen=persist; https://www.polleverywhere.com/multiple_choice_polls/bvmJmXYXz57a5v8ygHyP7?display_state=instructions&activity_state=opened&state=opened&flow=Instructor&onscreen=persist","48 packaged media item(s). Rights are not established merely by inclusion in lecture notes. Use facts/data, not reproduced journal figures; redraw plots/tables from verified numeric results and cite the original study. Link to videos unless licensed. Replace commercial screenshots, celebrity/news photos, UI captures, cartoons, and textbook art with licensed/public-domain/original assets. Modification alone does not extinguish copyright.","Strongly covered by chapters 01–03 and chapter 18; chapter 01 already contains the requested 'To Decide Is to Cut Off' text and the decision loop; chapter 02 distinguishes normative/descriptive/prescriptive models.","Mostly covered. Preserve the lecture's cumulative studio and the sharper stopping-rule/forecast-review activities; avoid repeating the same arrow/eyes/default examples in several chapters.","Chapters 01–03, followed by the narrator/decision-record material later; make the studio cumulative across those chapters.","Mine richer examples, activities, and citations; use revised version where scientific calibration conflicts.","Container/content extraction succeeded; no parser error."
"BE01. Decision Process - Revised 2h.pptx","01 Foundations — decision process","pptx","11994075","165f82b6e86bc60acd757a04ad9dfad2748adf6a75efb0db5940cc046568e225","40 slides","none","yes — 33 slide(s) with nonempty notes","Concise revision of the corresponding legacy/complete deck; compare rather than overwrite","revised two-hour teaching version; preferred scientific spine","Decision anatomy: judgment separates prediction from valuation; choice commits and sacrifices alternatives; outcomes feed learning. Adds rationality as conditional coherence, bounded rationality/satisficing, process-versus-outcome evaluation, hindsight and self-serving bias, choice blindness, rationalization, and decision journaling.","Project deadline and candidate-fit forecasts; DVD versus saving; magazine decoy; organ default; poker/chess; Johansson face switch; Nisbett stockings; 65% launch forecast. Activities: draw the actual process, separate fact from value claims, set a stopping rule, keep a decision record, and diagnose the feedback loop.","Uses a 65% deadline forecast as an illustrative journal entry; examples from choice-blindness, opportunity-cost, decoy, default, and outcome-bias studies should inherit verified original effect sizes rather than slide summaries.","Simon (1955, 1956); Rangel, Camerer, and Montague (2008); Kahneman; Klein; Milkman et al.; Nisbett and Wilson; Johansson et al.; Kunda; Mercier and Sperber. Embedded hyperlinks (2): https://doi.org/10.1037/h0042769; https://doi.org/10.1038/nrn2357","16 packaged media item(s). Rights are not established merely by inclusion in lecture notes. Use facts/data, not reproduced journal figures; redraw plots/tables from verified numeric results and cite the original study. Link to videos unless licensed. Replace commercial screenshots, celebrity/news photos, UI captures, cartoons, and textbook art with licensed/public-domain/original assets. Modification alone does not extinguish copyright.","Strongly covered by chapters 01–03 and chapter 18; chapter 01 already contains the requested 'To Decide Is to Cut Off' text and the decision loop; chapter 02 distinguishes normative/descriptive/prescriptive models.","Mostly covered. Preserve the lecture's cumulative studio and the sharper stopping-rule/forecast-review activities; avoid repeating the same arrow/eyes/default examples in several chapters.","Chapters 01–03, followed by the narrator/decision-record material later; make the studio cumulative across those chapters.","Use as the primary teaching spine, supplemented by distinctive verified material from the complete version.","Container/content extraction succeeded; no parser error."
"BE01. Decision Process.pptx","01 Foundations — decision process","pptx","24429869","b36872d4cd47a6efcd205f6a0ead93ed14f46476b278239c8cb5a8fb62b6a7dd","84 slides","63–84","yes — 68 slide(s) with nonempty notes","Predecessor/companion to BE01 complete and revised two-hour versions","legacy long deck with hidden appendix","Decision anatomy: judgment separates prediction from valuation; choice commits and sacrifices alternatives; outcomes feed learning. Adds rationality as conditional coherence, bounded rationality/satisficing, process-versus-outcome evaluation, hindsight and self-serving bias, choice blindness, rationalization, and decision journaling.","Project deadline and candidate-fit forecasts; DVD versus saving; magazine decoy; organ default; poker/chess; Johansson face switch; Nisbett stockings; 65% launch forecast. Activities: draw the actual process, separate fact from value claims, set a stopping rule, keep a decision record, and diagnose the feedback loop.","Uses a 65% deadline forecast as an illustrative journal entry; examples from choice-blindness, opportunity-cost, decoy, default, and outcome-bias studies should inherit verified original effect sizes rather than slide summaries.","Simon (1955, 1956); Rangel, Camerer, and Montague (2008); Kahneman; Klein; Milkman et al.; Nisbett and Wilson; Johansson et al.; Kunda; Mercier and Sperber. Embedded hyperlinks (4): https://doi.org/10.1521/soco.1999.17.1.76; https://padlet.com/huanren/submission-request/Y10QzVN2wKlBzg2G; https://www.polleverywhere.com/multiple_choice_polls/WFGCQ09uLQXWn5PUx9E9q?display_state=instructions&activity_state=opened&state=opened&flow=Engagement&onscreen=persist; https://www.polleverywhere.com/multiple_choice_polls/bvmJmXYXz57a5v8ygHyP7?display_state=instructions&activity_state=opened&state=opened&flow=Instructor&onscreen=persist","48 packaged media item(s). Rights are not established merely by inclusion in lecture notes. Use facts/data, not reproduced journal figures; redraw plots/tables from verified numeric results and cite the original study. Link to videos unless licensed. Replace commercial screenshots, celebrity/news photos, UI captures, cartoons, and textbook art with licensed/public-domain/original assets. Modification alone does not extinguish copyright.","Strongly covered by chapters 01–03 and chapter 18; chapter 01 already contains the requested 'To Decide Is to Cut Off' text and the decision loop; chapter 02 distinguishes normative/descriptive/prescriptive models.","Mostly covered. Preserve the lecture's cumulative studio and the sharper stopping-rule/forecast-review activities; avoid repeating the same arrow/eyes/default examples in several chapters.","Chapters 01–03, followed by the narrator/decision-record material later; make the studio cumulative across those chapters.","Integrate distinctive, verified concepts/examples; preserve source unchanged.","Container/content extraction succeeded; no parser error."
"BE02. Attention, Prediction, and Expectation - Complete 2h.pptx","02 Attention — selection, prediction, and expectation","pptx","45364856","2a450c497a9404f5b2b14e95c4a7a0252a5d53976a1b7f7d9fb9222c76b4852c","98 slides","none","yes — 85 slide(s) with nonempty notes","Expanded companion to the corresponding revised/legacy deck","complete two-hour teaching version; enrichment source","Attention as evidence selection under limited capacity; top-down goals versus bottom-up capture; inattentional/change blindness, task switching, expert tunnel vision; then predictive perception, priors and precision, placebo/nocebo, mindsets, identity expectations, and social expectation loops.","Invisible gorilla and radiologist gorilla; HUD/pilot misses; card/color/change-blindness videos; magic/Focus; Shirl Jennings restored sight; bunny/Easter context; open-label placebo; stress/growth mindset; wine/beer/energy-drink description and price. Activities: attention audit, expectation loop, calibration disagreement.","Radiologist gorilla miss rate 83% is study-specific. The 6–10 billion sensory bits/s versus ~10 conscious bits/s claim derives from Zheng and Meister (2025) and should be presented as an order-of-magnitude argument, not a fixed human bandwidth. Brain 2%/20% and <~5% task-energy changes need precise sources.","Simons and Chabris; Drew, Võ, and Wolfe (2013); Mack and Rock; Rensink et al.; Zheng and Meister (2025); predictive-processing sources; placebo/nocebo and mindset literatures. Embedded hyperlinks (3): https://doi.org/10.1038/nn.2795; https://www.youtube.com/watch?v=GOF-saZ1XSQ; https://youtu.be/E26V363_k8o","78 packaged media item(s). Rights are not established merely by inclusion in lecture notes. Use facts/data, not reproduced journal figures; redraw plots/tables from verified numeric results and cite the original study. Link to videos unless licensed. Replace commercial screenshots, celebrity/news photos, UI captures, cartoons, and textbook art with licensed/public-domain/original assets. Modification alone does not extinguish copyright.","Chapters 05–08 provide substantial coverage, including the expert gorilla, divided demand, predictive inference, and expectation boundary conditions.","Mostly covered; retain the integrated teaching sequence and explicit forecast-calibration activity. Avoid fixed-capacity numerology and overgeneralized mindset/stereotype claims.","Attention → predictive mind → constructed value → expectation, before two-process thinking and heuristics.","Mine richer examples, activities, and citations; use revised version where scientific calibration conflicts.","Container/content extraction succeeded; no parser error."
"BE02. Attention_Prediction_Expectation.pptx","02 Attention — selection, prediction, and expectation","pptx","71404170","ced43b8d76b12c814337fee4f6615507eba7ac8a840986277f22397237445cb1","91 slides","71–91","yes — 78 slide(s) with nonempty notes","Companion or predecessor to the revised/complete two-hour family","legacy/integrated teaching version","Attention as evidence selection under limited capacity; top-down goals versus bottom-up capture; inattentional/change blindness, task switching, expert tunnel vision; then predictive perception, priors and precision, placebo/nocebo, mindsets, identity expectations, and social expectation loops.","Invisible gorilla and radiologist gorilla; HUD/pilot misses; card/color/change-blindness videos; magic/Focus; Shirl Jennings restored sight; bunny/Easter context; open-label placebo; stress/growth mindset; wine/beer/energy-drink description and price. Activities: attention audit, expectation loop, calibration disagreement.","Radiologist gorilla miss rate 83% is study-specific. The 6–10 billion sensory bits/s versus ~10 conscious bits/s claim derives from Zheng and Meister (2025) and should be presented as an order-of-magnitude argument, not a fixed human bandwidth. Brain 2%/20% and <~5% task-energy changes need precise sources.","Simons and Chabris; Drew, Võ, and Wolfe (2013); Mack and Rock; Rensink et al.; Zheng and Meister (2025); predictive-processing sources; placebo/nocebo and mindset literatures. Embedded hyperlinks (4): NULL; https://doi.org/10.1038/nn.2795; https://www.youtube.com/watch?v=GOF-saZ1XSQ; https://youtu.be/E26V363_k8o","92 packaged media item(s). Rights are not established merely by inclusion in lecture notes. Use facts/data, not reproduced journal figures; redraw plots/tables from verified numeric results and cite the original study. Link to videos unless licensed. Replace commercial screenshots, celebrity/news photos, UI captures, cartoons, and textbook art with licensed/public-domain/original assets. Modification alone does not extinguish copyright.","Chapters 05–08 provide substantial coverage, including the expert gorilla, divided demand, predictive inference, and expectation boundary conditions.","Mostly covered; retain the integrated teaching sequence and explicit forecast-calibration activity. Avoid fixed-capacity numerology and overgeneralized mindset/stereotype claims.","Attention → predictive mind → constructed value → expectation, before two-process thinking and heuristics.","Integrate distinctive, verified concepts/examples; preserve source unchanged.","Container/content extraction succeeded; no parser error."
"BE02. Neuroscience of Decision Making - Revised 2h.pptx","01 Foundations — neuroscience of judgment and decision","pptx","12947362","74f6cca88f8d3e166cee54040a04325a0e3078ac0b90d53b973dd34c4048f7b7","38 slides","none","yes — 32 slide(s) with nonempty notes","Concise revision of the corresponding legacy/complete deck; compare rather than overwrite","revised two-hour teaching version; preferred scientific spine","Introduces brain-method cautions and distributed systems for valuation, attention, learning, emotion, self-relevance, social relevance/mentalizing, and habit. Older decks also cover EEG/MEG/PET/fMRI/TMS, temporal/spatial resolution, reward prediction error, default-mode and prefrontal systems, and automatic evaluation.","Prosopagnosia/Capgras contrasts; subliminal incentive grip; prediction-error cue transfer; self-name/red-car salience; social approval/rejection; bank-identity coin flips; lesion evidence; liking versus wanting; imaging-method comparison.","Legacy claims include ~2% body mass/~20% resting energy, ~100 billion cells, and small task-energy changes; use current neuroscience sources and avoid a single 'value center.' Bank-identity and implicit-egoism percentages require original-data verification.","Rangel et al. (2008); Bartra et al. (2013); Levy and Glimcher (2012); Schultz et al. (1997); Berridge and Robinson; Damasio; Frith and Frith; Saxe and Kanwisher; Pessiglione et al. (2007). Embedded hyperlinks (4): https://doi.org/10.1038/nrn2357; https://doi.org/10.1073/pnas.0706929105; https://doi.org/10.1111/j.1467-9280.2006.01829.x; https://doi.org/10.1371/journal.pone.0015591","24 packaged media item(s). Rights are not established merely by inclusion in lecture notes. Use facts/data, not reproduced journal figures; redraw plots/tables from verified numeric results and cite the original study. Link to videos unless licensed. Replace commercial screenshots, celebrity/news photos, UI captures, cartoons, and textbook art with licensed/public-domain/original assets. Modification alone does not extinguish copyright.","Distributed valuation is covered in chapters/07-value-is-constructed.qmd; predictive perception in chapter 06; expectation in chapter 08; dopamine/habit in chapters 19–20. Imaging methods and inference limits receive little explicit treatment.","Partial: the book has the core mechanisms, but lacks a compact 'how neuroscience knows' box comparing methods, reverse-inference limits, spatial/temporal resolution, and lesion versus correlational evidence. Several legacy claims need deletion or recalibration.","Place a short methods-and-claims box before constructed value; integrate distributed valuation into the valuation chapter, prediction error into habits, and mentalizing into communication/negotiation rather than creating a brain-region catalogue.","Use as the primary teaching spine, supplemented by distinctive verified material from the complete version.","Container/content extraction succeeded; no parser error."
"BE03&04. Heuristics & Biases.pptx","02 Heuristics and biases — combined lecture","pptx","29218280","1d87eeb78aeeb034a237fe233450ebb50d2148378a6472b6ec6d4018bb97c557","80 slides","77–80","yes — 55 slide(s) with nonempty notes","Companion or predecessor to the revised/complete two-hour family","legacy/integrated teaching version","Combined progression from fast/slow processing and heuristic substitution to availability, affect, representativeness, confirmation, overconfidence, anchoring, halo, framing, planning, and decision guardrails.","CRT/Stroop; vivid risk; Linda and base rates; Forer/Barnum; planning overruns; above-average driving; confidence intervals; anchoring arithmetic/prices; halo; decoy and choice-overload demonstrations.","Class Forer ratings and confidence-interval coverage, project-overrun and above-average percentages are sample/source dependent and must be verified before reuse.","Kahneman; Tversky and Kahneman; Gigerenzer; Forer; Lichtenstein et al.; Flyvbjerg; Ariely; Iyengar and Lepper; Chernev et al. Embedded hyperlinks (3): https://www.youtube.com/watch?v=43Mw-f6vIbo; https://youtu.be/BuCMSuLGyJ4; https://youtu.be/Q3kfJu4y0M0","53 packaged media item(s). Rights are not established merely by inclusion in lecture notes. Use facts/data, not reproduced journal figures; redraw plots/tables from verified numeric results and cite the original study. Link to videos unless licensed. Replace commercial screenshots, celebrity/news photos, UI captures, cartoons, and textbook art with licensed/public-domain/original assets. Modification alone does not extinguish copyright.","Covered across chapters 04 and 09–17.","Mostly covered; use this deck only as a sequencing bridge and activity source, not as a reason to collapse distinct mechanisms into one catalogue.","Two-process thinking → heuristics → affect/availability → resemblance/base rates → story-protecting biases → anchors/frames/priming/fluency.","Integrate distinctive, verified concepts/examples; preserve source unchanged.","Container/content extraction succeeded; no parser error."
"BE03. Limited Attention and Two-Process Thinking - Revised 2h.pptx","02 Attention — selection, prediction, and expectation","pptx","8453926","08edd12ad9ef63942654061b4b674a260410e9e5efe8f7692aefb21540094b02","34 slides","none","yes — 31 slide(s) with nonempty notes","Concise revision of the corresponding legacy/complete deck; compare rather than overwrite","revised two-hour teaching version; preferred scientific spine","Attention as evidence selection under limited capacity; top-down goals versus bottom-up capture; inattentional/change blindness, task switching, expert tunnel vision; then predictive perception, priors and precision, placebo/nocebo, mindsets, identity expectations, and social expectation loops.","Invisible gorilla and radiologist gorilla; HUD/pilot misses; card/color/change-blindness videos; magic/Focus; Shirl Jennings restored sight; bunny/Easter context; open-label placebo; stress/growth mindset; wine/beer/energy-drink description and price. Activities: attention audit, expectation loop, calibration disagreement.","Radiologist gorilla miss rate 83% is study-specific. The 6–10 billion sensory bits/s versus ~10 conscious bits/s claim derives from Zheng and Meister (2025) and should be presented as an order-of-magnitude argument, not a fixed human bandwidth. Brain 2%/20% and <~5% task-energy changes need precise sources.","Simons and Chabris; Drew, Võ, and Wolfe (2013); Mack and Rock; Rensink et al.; Zheng and Meister (2025); predictive-processing sources; placebo/nocebo and mindset literatures. No extractable embedded hyperlink; bibliography text still requires source verification.","9 packaged media item(s). Rights are not established merely by inclusion in lecture notes. Use facts/data, not reproduced journal figures; redraw plots/tables from verified numeric results and cite the original study. Link to videos unless licensed. Replace commercial screenshots, celebrity/news photos, UI captures, cartoons, and textbook art with licensed/public-domain/original assets. Modification alone does not extinguish copyright.","Chapters 05–08 provide substantial coverage, including the expert gorilla, divided demand, predictive inference, and expectation boundary conditions.","Mostly covered; retain the integrated teaching sequence and explicit forecast-calibration activity. Avoid fixed-capacity numerology and overgeneralized mindset/stereotype claims.","Attention → predictive mind → constructed value → expectation, before two-process thinking and heuristics.","Use as the primary teaching spine, supplemented by distinctive verified material from the complete version.","Container/content extraction succeeded; no parser error."
"BE03. Two Systems and Heuristics - Complete 2h.pptx","02 Heuristics — two-process thinking","pptx","13764763","181567676c1de350607a616cc92c6b05962ace6e9191f9a5cc3f4183c84e06cd","40 slides","none","yes — 38 slide(s) with nonempty notes","Expanded companion to the corresponding revised/legacy deck","complete two-hour teaching version; enrichment source","Contrasts fast, automatic, associative, affective processing with slower, effortful inspection while rejecting literal 'two brains.' Covers substitution, WYSIATI, CRT, Stroop, practice/expertise, cognitive load, emotional input, and post-hoc rationalization.","Bat-and-ball, machines/widgets, lily pads, keyboard/monitor price, Stroop, sea star versus panda concern, sunny-day life satisfaction, markets/sports/lottery, process versus outcome visualization, choice blindness, misattributed arousal, and scope-insensitivity birds.","Legacy class CRT rates (for example 29/58 and 35/42), Raven correlation .447 with p<.1, choice-blindness percentages, and bird WTP around $80/$78/$88 must be labeled sample-specific or rechecked. Triune/caveman-brain language is scientifically obsolete.","Kahneman; Evans and Stanovich; Frederick; Stroop; Nisbett and Wilson; Johansson et al.; Damasio; Hsee and Rottenstreich. Embedded hyperlinks (1): https://www.youtube.com/watch?v=43Mw-f6vIbo","19 packaged media item(s). Rights are not established merely by inclusion in lecture notes. Use facts/data, not reproduced journal figures; redraw plots/tables from verified numeric results and cite the original study. Link to videos unless licensed. Replace commercial screenshots, celebrity/news photos, UI captures, cartoons, and textbook art with licensed/public-domain/original assets. Modification alone does not extinguish copyright.","Chapter 04 is a well-calibrated treatment; chapters 09–10 unpack heuristics and affect.","Mostly covered. Preserve the live CRT/Stroop sequence and the lesson that slow thought can rationalize; exclude triune-brain simplification and stale classroom percentages.","After attention/prediction/expectation, then transition directly to ecological-fit heuristics.","Mine richer examples, activities, and citations; use revised version where scientific calibration conflicts.","Container/content extraction succeeded; no parser error."
"BE04. Biases and Contextual Influence - Complete 2h.pptx","02 Biases — story protection and contextual judgment","pptx","17600518","3778c96c3822cb8a8d84f1ff0aebdd724613f15642466a47289126f05c4d8325","55 slides","none","yes — 50 slide(s) with nonempty notes","Expanded companion to the corresponding revised/legacy deck","complete two-hour teaching version; enrichment source","Confirmation/myside bias, Barnum effects, expectancy and stereotypes, overconfidence forms, planning fallacy, self-serving bias, anchoring, left-digit effects, halo, decoys, choice overload, sunk cost, order and wording effects, priming, mere exposure, and debiasing procedures.","Wason rule test; Forer personality feedback; teacher expectation; aging stereotypes; entrepreneurs/drivers; confidence-interval quiz; litigation settlement; anchoring arithmetic and prices; Asian disease; ramen eggs/order calories; Loftus wording; jam display; decoy.","Forer 4.30/5 and class 6.20 or 6.80/10; confidence coverage 54%/49%; settlement 72% versus 94%; jam purchase 30% versus 3%; Flyvbjerg 16,000 projects/136 countries; healthy-prime 75%. Each needs exact study/sample verification and context; apparent conflicts among deck versions must not be averaged.","Nickerson; Forer; Rosenthal and Jacobson; Lichtenstein et al.; Buehler et al.; Flyvbjerg; Kunda; Mussweiler and Strack; Iyengar and Lepper; Chernev et al.; replication reviews. Embedded hyperlinks (2): https://youtu.be/BuCMSuLGyJ4; https://youtu.be/Q3kfJu4y0M0","38 packaged media item(s). Rights are not established merely by inclusion in lecture notes. Use facts/data, not reproduced journal figures; redraw plots/tables from verified numeric results and cite the original study. Link to videos unless licensed. Replace commercial screenshots, celebrity/news photos, UI captures, cartoons, and textbook art with licensed/public-domain/original assets. Modification alone does not extinguish copyright.","Chapters 13–17 cover the durable mechanisms and include replication cautions for priming and fluency.","Mostly covered. Add source-specific numbers only after verification; keep choice overload conditional and fragile social/embodied priming out of the core text.","Chapters 13–17, with evidence-boundary boxes and an end-of-part debiasing/decision-hygiene bridge.","Mine richer examples, activities, and citations; use revised version where scientific calibration conflicts.","Container/content extraction succeeded; no parser error."
"BE04. Heuristics, Biases, and Contextual Influence - Revised 2h.pptx","02 Heuristics and biases — combined lecture","pptx","10441939","7707bed7d48327cc2d2508583eed9a7fbf502586b6ea7edcb0008f86c01e9750","40 slides","none","yes — 36 slide(s) with nonempty notes","Concise revision of the corresponding legacy/complete deck; compare rather than overwrite","revised two-hour teaching version; preferred scientific spine","Combined progression from fast/slow processing and heuristic substitution to availability, affect, representativeness, confirmation, overconfidence, anchoring, halo, framing, planning, and decision guardrails.","CRT/Stroop; vivid risk; Linda and base rates; Forer/Barnum; planning overruns; above-average driving; confidence intervals; anchoring arithmetic/prices; halo; decoy and choice-overload demonstrations.","Class Forer ratings and confidence-interval coverage, project-overrun and above-average percentages are sample/source dependent and must be verified before reuse.","Kahneman; Tversky and Kahneman; Gigerenzer; Forer; Lichtenstein et al.; Flyvbjerg; Ariely; Iyengar and Lepper; Chernev et al. Embedded hyperlinks (2): https://doi.org/10.1002/jcpy.1053; https://doi.org/10.1509/jmr.13.0488","16 packaged media item(s). Rights are not established merely by inclusion in lecture notes. Use facts/data, not reproduced journal figures; redraw plots/tables from verified numeric results and cite the original study. Link to videos unless licensed. Replace commercial screenshots, celebrity/news photos, UI captures, cartoons, and textbook art with licensed/public-domain/original assets. Modification alone does not extinguish copyright.","Covered across chapters 04 and 09–17.","Mostly covered; use this deck only as a sequencing bridge and activity source, not as a reason to collapse distinct mechanisms into one catalogue.","Two-process thinking → heuristics → affect/availability → resemblance/base rates → story-protecting biases → anchors/frames/priming/fluency.","Use as the primary teaching spine, supplemented by distinctive verified material from the complete version.","Container/content extraction succeeded; no parser error."
"BE05. Habits and Behavior Design - Complete 2h.pptx","03 Habits and behavior design","pptx","11708298","33325f898b187f39a6eed821c1c8064bc46473247120b3c7fc0c5db1748a9427","52 slides","none","yes — 52 slide(s) with nonempty notes","Expanded companion to the corresponding revised/legacy deck","complete two-hour teaching version; enrichment source","Habit as cue–response tendency learned by repetition in stable context; goal-directed versus habitual control; reward prediction error, wanting versus liking, variable reinforcement, intention–behavior gap, self-control without moralizing, urge surfing, implementation intentions, WOOP, B=MAP, friction/defaults, temptation bundling, fresh starts, relapse, and ethics.","Stale popcorn; defensive email/meeting loop; phone checking/snacking/procrastination autopsy; one-minute urge surfing; 25-minute design studio; flu-vaccination date/time prompt; temptation bundling and fresh-start planning.","Lally et al. median 66 days with 18–254-day range to 95% asymptote; vaccination date/time prompt +4.2 percentage points. Ego-depletion and marshmallow-test interpretations require replication/context caveats.","Wood and Neal; Wood and Rünger; Lally et al. (2010); Graybiel; Schultz; Berridge; Gollwitzer; Oettingen; Milkman et al.; Fogg; ego-depletion and marshmallow reassessments. Embedded hyperlinks (4): https://www.youtube.com/watch?v=AdKUJxjn-R8; https://www.youtube.com/watch?v=KH2SQb7crAY; https://www.youtube.com/watch?v=TtfQlkGwE2U; https://www.youtube.com/watch?v=pLqgakCXW5Q","7 packaged media item(s). Rights are not established merely by inclusion in lecture notes. Use facts/data, not reproduced journal figures; redraw plots/tables from verified numeric results and cite the original study. Link to videos unless licensed. Replace commercial screenshots, celebrity/news photos, UI captures, cartoons, and textbook art with licensed/public-domain/original assets. Modification alone does not extinguish copyright.","Chapters 19–21 cover the full loop, wanting/self-control, and behavior design with appropriate caveats.","Mostly covered. Preserve the complete deck's richer studios and exact quantitative examples; avoid presenting 66 days as a deadline or dopamine as pleasure.","Habits → wanting/self-control → behavior design; immediately follow with choice architecture so individual and environmental design remain connected.","Mine richer examples, activities, and citations; use revised version where scientific calibration conflicts.","Container/content extraction succeeded; no parser error."
"BE05. Habits and Behavior Design - Revised 2h.pptx","03 Habits and behavior design","pptx","10619866","3e25d9e2753de42ece5f4b60b4c40d7d955f25297d4b7af19331f644d78b1daf","46 slides","none","yes — 44 slide(s) with nonempty notes","Concise revision of the corresponding legacy/complete deck; compare rather than overwrite","revised two-hour teaching version; preferred scientific spine","Habit as cue–response tendency learned by repetition in stable context; goal-directed versus habitual control; reward prediction error, wanting versus liking, variable reinforcement, intention–behavior gap, self-control without moralizing, urge surfing, implementation intentions, WOOP, B=MAP, friction/defaults, temptation bundling, fresh starts, relapse, and ethics.","Stale popcorn; defensive email/meeting loop; phone checking/snacking/procrastination autopsy; one-minute urge surfing; 25-minute design studio; flu-vaccination date/time prompt; temptation bundling and fresh-start planning.","Lally et al. median 66 days with 18–254-day range to 95% asymptote; vaccination date/time prompt +4.2 percentage points. Ego-depletion and marshmallow-test interpretations require replication/context caveats.","Wood and Neal; Wood and Rünger; Lally et al. (2010); Graybiel; Schultz; Berridge; Gollwitzer; Oettingen; Milkman et al.; Fogg; ego-depletion and marshmallow reassessments. Embedded hyperlinks (4): https://doi.org/10.1073/pnas.1103170108; https://doi.org/10.1126/science.1091721; https://doi.org/10.1177/0146167211419863; https://doi.org/10.1257/aer.104.10.3003","6 packaged media item(s). Rights are not established merely by inclusion in lecture notes. Use facts/data, not reproduced journal figures; redraw plots/tables from verified numeric results and cite the original study. Link to videos unless licensed. Replace commercial screenshots, celebrity/news photos, UI captures, cartoons, and textbook art with licensed/public-domain/original assets. Modification alone does not extinguish copyright.","Chapters 19–21 cover the full loop, wanting/self-control, and behavior design with appropriate caveats.","Mostly covered. Preserve the complete deck's richer studios and exact quantitative examples; avoid presenting 66 days as a deadline or dopamine as pleasure.","Habits → wanting/self-control → behavior design; immediately follow with choice architecture so individual and environmental design remain connected.","Use as the primary teaching spine, supplemented by distinctive verified material from the complete version.","Container/content extraction succeeded; no parser error."
"BE05. Habits and Behavior Design.pptx","03 Habits and behavior design","pptx","11733382","8e1c3c7d8c4758f79627452ad2b8938b93adccb4f91c2ff7665f91d686227a98","50 slides","none","yes — 50 slide(s) with nonempty notes","Earlier companion to BE05 revised and complete two-hour versions","legacy/draft teaching version","Habit as cue–response tendency learned by repetition in stable context; goal-directed versus habitual control; reward prediction error, wanting versus liking, variable reinforcement, intention–behavior gap, self-control without moralizing, urge surfing, implementation intentions, WOOP, B=MAP, friction/defaults, temptation bundling, fresh starts, relapse, and ethics.","Stale popcorn; defensive email/meeting loop; phone checking/snacking/procrastination autopsy; one-minute urge surfing; 25-minute design studio; flu-vaccination date/time prompt; temptation bundling and fresh-start planning.","Lally et al. median 66 days with 18–254-day range to 95% asymptote; vaccination date/time prompt +4.2 percentage points. Ego-depletion and marshmallow-test interpretations require replication/context caveats.","Wood and Neal; Wood and Rünger; Lally et al. (2010); Graybiel; Schultz; Berridge; Gollwitzer; Oettingen; Milkman et al.; Fogg; ego-depletion and marshmallow reassessments. Embedded hyperlinks (4): https://www.youtube.com/watch?v=AdKUJxjn-R8; https://www.youtube.com/watch?v=KH2SQb7crAY; https://www.youtube.com/watch?v=TtfQlkGwE2U; https://www.youtube.com/watch?v=pLqgakCXW5Q","7 packaged media item(s). Rights are not established merely by inclusion in lecture notes. Use facts/data, not reproduced journal figures; redraw plots/tables from verified numeric results and cite the original study. Link to videos unless licensed. Replace commercial screenshots, celebrity/news photos, UI captures, cartoons, and textbook art with licensed/public-domain/original assets. Modification alone does not extinguish copyright.","Chapters 19–21 cover the full loop, wanting/self-control, and behavior design with appropriate caveats.","Mostly covered. Preserve the complete deck's richer studios and exact quantitative examples; avoid presenting 66 days as a deadline or dopamine as pleasure.","Habits → wanting/self-control → behavior design; immediately follow with choice architecture so individual and environmental design remain connected.","Integrate distinctive, verified concepts/examples; preserve source unchanged.","Container/content extraction succeeded; no parser error."
"BE06. Choice Architecture.pptx","03 Choice architecture and nudge","pptx","5328721","a27184154813c22c9f59e7f75cd3311757125b058e3229160332a4bafcd863dd","19 slides","none","yes — 1 slide(s) with nonempty notes","Exact SHA-256 duplicate of 03 - Context, Habits and Choice Architecture/00. Choice Architecture.pptx","exact duplicate","Defines choice architecture and distinguishes nudge, boost, information, incentive, mandate, sludge, and deceptive design. Covers menu construction, defaults/active choice, mapping and metrics, simplification/friction, timely prompts, feedback/error-proofing, heterogeneous effects, welfare, governance, transparency, and experiment-as-hypothesis.","Organ donation; deceptive defaults; Copenhagen airport door-flow redesign; eight health plans plus calculator; wine order and menu eye tracking; MPG versus GPM; labels/warnings; choice engines; missed appointments, course registration, subscription cancellation, and default A/B ethics hearing.","CPH airport slide says ~90% used the right door and imbalance was substantially reduced; verify denominator, period, and intervention. Default and nudge meta-analytic effect sizes are heterogeneous and contested; report mechanisms and uncertainty.","Thaler and Sunstein; Johnson and Goldstein; Madrian and Shea; Benartzi et al.; Mertens et al.; Maier et al.; Szaszi et al.; Chernev et al.; Gigerenzer; Sunstein; sludge/dark-pattern research. No extractable embedded hyperlink; bibliography text still requires source verification.","19 packaged media item(s). Rights are not established merely by inclusion in lecture notes. Use facts/data, not reproduced journal figures; redraw plots/tables from verified numeric results and cite the original study. Link to videos unless licensed. Replace commercial screenshots, celebrity/news photos, UI captures, cartoons, and textbook art with licensed/public-domain/original assets. Modification alone does not extinguish copyright.","Chapter 36 is comprehensive and well bounded; chapters 03 and 21 provide opportunity-cost and behavior-design bridges.","Mostly covered, but the lecture's concrete mapping examples (health-plan calculator, GPM, airport flow) and default-mechanism heterogeneity would make the chapter more teachable.","Move the choice-architecture chapter directly after behavior design; keep governance/ethics as the culminating test.","Do not integrate twice; retain only as a provenance/path duplicate.","Container/content extraction succeeded; no parser error. Exact duplicate group confirmed by SHA-256."
"BE06. Nudge and Choice Architecture - Complete 2h.pptx","03 Choice architecture and nudge","pptx","8112761","f280ea1968ebabf005a057863058f330e84ecc0bcad1b6bca7f2341bc5a3e304","49 slides","none","yes — 49 slide(s) with nonempty notes","Expanded companion to the corresponding revised/legacy deck","complete two-hour teaching version; enrichment source","Defines choice architecture and distinguishes nudge, boost, information, incentive, mandate, sludge, and deceptive design. Covers menu construction, defaults/active choice, mapping and metrics, simplification/friction, timely prompts, feedback/error-proofing, heterogeneous effects, welfare, governance, transparency, and experiment-as-hypothesis.","Organ donation; deceptive defaults; Copenhagen airport door-flow redesign; eight health plans plus calculator; wine order and menu eye tracking; MPG versus GPM; labels/warnings; choice engines; missed appointments, course registration, subscription cancellation, and default A/B ethics hearing.","CPH airport slide says ~90% used the right door and imbalance was substantially reduced; verify denominator, period, and intervention. Default and nudge meta-analytic effect sizes are heterogeneous and contested; report mechanisms and uncertainty.","Thaler and Sunstein; Johnson and Goldstein; Madrian and Shea; Benartzi et al.; Mertens et al.; Maier et al.; Szaszi et al.; Chernev et al.; Gigerenzer; Sunstein; sludge/dark-pattern research. No extractable embedded hyperlink; bibliography text still requires source verification.","34 packaged media item(s). Rights are not established merely by inclusion in lecture notes. Use facts/data, not reproduced journal figures; redraw plots/tables from verified numeric results and cite the original study. Link to videos unless licensed. Replace commercial screenshots, celebrity/news photos, UI captures, cartoons, and textbook art with licensed/public-domain/original assets. Modification alone does not extinguish copyright.","Chapter 36 is comprehensive and well bounded; chapters 03 and 21 provide opportunity-cost and behavior-design bridges.","Mostly covered, but the lecture's concrete mapping examples (health-plan calculator, GPM, airport flow) and default-mechanism heterogeneity would make the chapter more teachable.","Move the choice-architecture chapter directly after behavior design; keep governance/ethics as the culminating test.","Mine richer examples, activities, and citations; use revised version where scientific calibration conflicts.","Container/content extraction succeeded; no parser error."
"BE06. Nudge and Choice Architecture - Revised 2h.pptx","03 Choice architecture and nudge","pptx","4559140","b9663dc058de8ae57096e70c954481489714f7a2b2ff71f5bc30fa8207f1957e","40 slides","none","yes — 40 slide(s) with nonempty notes","Concise revision of the corresponding legacy/complete deck; compare rather than overwrite","revised two-hour teaching version; preferred scientific spine","Defines choice architecture and distinguishes nudge, boost, information, incentive, mandate, sludge, and deceptive design. Covers menu construction, defaults/active choice, mapping and metrics, simplification/friction, timely prompts, feedback/error-proofing, heterogeneous effects, welfare, governance, transparency, and experiment-as-hypothesis.","Organ donation; deceptive defaults; Copenhagen airport door-flow redesign; eight health plans plus calculator; wine order and menu eye tracking; MPG versus GPM; labels/warnings; choice engines; missed appointments, course registration, subscription cancellation, and default A/B ethics hearing.","CPH airport slide says ~90% used the right door and imbalance was substantially reduced; verify denominator, period, and intervention. Default and nudge meta-analytic effect sizes are heterogeneous and contested; report mechanisms and uncertainty.","Thaler and Sunstein; Johnson and Goldstein; Madrian and Shea; Benartzi et al.; Mertens et al.; Maier et al.; Szaszi et al.; Chernev et al.; Gigerenzer; Sunstein; sludge/dark-pattern research. Embedded hyperlinks (1): https://doi.org/10.1145/3359183","20 packaged media item(s). Rights are not established merely by inclusion in lecture notes. Use facts/data, not reproduced journal figures; redraw plots/tables from verified numeric results and cite the original study. Link to videos unless licensed. Replace commercial screenshots, celebrity/news photos, UI captures, cartoons, and textbook art with licensed/public-domain/original assets. Modification alone does not extinguish copyright.","Chapter 36 is comprehensive and well bounded; chapters 03 and 21 provide opportunity-cost and behavior-design bridges.","Mostly covered, but the lecture's concrete mapping examples (health-plan calculator, GPM, airport flow) and default-mechanism heterogeneity would make the chapter more teachable.","Move the choice-architecture chapter directly after behavior design; keep governance/ethics as the culminating test.","Use as the primary teaching spine, supplemented by distinctive verified material from the complete version.","Container/content extraction succeeded; no parser error."
"BE06. Nudge and Choice Architecture.pptx","03 Choice architecture and nudge","pptx","4699491","344508d9ffd01dc50a3b658fc25365d6b36647ef8c7210e8dfa907d74da8223a","26 slides","none","yes — 26 slide(s) with nonempty notes","Earlier companion to BE06 revised and complete two-hour versions","legacy/draft teaching version","Defines choice architecture and distinguishes nudge, boost, information, incentive, mandate, sludge, and deceptive design. Covers menu construction, defaults/active choice, mapping and metrics, simplification/friction, timely prompts, feedback/error-proofing, heterogeneous effects, welfare, governance, transparency, and experiment-as-hypothesis.","Organ donation; deceptive defaults; Copenhagen airport door-flow redesign; eight health plans plus calculator; wine order and menu eye tracking; MPG versus GPM; labels/warnings; choice engines; missed appointments, course registration, subscription cancellation, and default A/B ethics hearing.","CPH airport slide says ~90% used the right door and imbalance was substantially reduced; verify denominator, period, and intervention. Default and nudge meta-analytic effect sizes are heterogeneous and contested; report mechanisms and uncertainty.","Thaler and Sunstein; Johnson and Goldstein; Madrian and Shea; Benartzi et al.; Mertens et al.; Maier et al.; Szaszi et al.; Chernev et al.; Gigerenzer; Sunstein; sludge/dark-pattern research. No extractable embedded hyperlink; bibliography text still requires source verification.","24 packaged media item(s). Rights are not established merely by inclusion in lecture notes. Use facts/data, not reproduced journal figures; redraw plots/tables from verified numeric results and cite the original study. Link to videos unless licensed. Replace commercial screenshots, celebrity/news photos, UI captures, cartoons, and textbook art with licensed/public-domain/original assets. Modification alone does not extinguish copyright.","Chapter 36 is comprehensive and well bounded; chapters 03 and 21 provide opportunity-cost and behavior-design bridges.","Mostly covered, but the lecture's concrete mapping examples (health-plan calculator, GPM, airport flow) and default-mechanism heterogeneity would make the chapter more teachable.","Move the choice-architecture chapter directly after behavior design; keep governance/ethics as the culminating test.","Integrate distinctive, verified concepts/examples; preserve source unchanged.","Container/content extraction succeeded; no parser error."
"BE07. Mental Accounting - Complete 2h.pptx","06/Mental accounting","pptx","8156533","32f876d9a740c6274977bde6ef1f129cd747008bb6d77c7871e8910dc2be4a13","60 slides","0","no non-empty speaker notes","","modern comprehensive companion deck","Mental accounting as coding, categorizing, bracketing, and evaluating rather than literal bank accounts; nonfungibility and category budgets; transaction versus acquisition utility; payment-consumption coupling, sunk cost, reference points, self-control, prior outcomes/house money/break-even, disposition effect, narrow versus broad bracketing, hedonic editing, gifts, and naive diversification.","$7.25 resort beer versus $4.10 grocery beer; JCPenney pricing caveat; tennis membership and blizzard ticket; gym/theater payment coupling; lost ticket versus lost cash; gasoline-price shock and premium fuel; taxi-driver targets as a contested boundary case; one gamble versus repeated portfolio; retirement-stock framing; running meter and gift examples.","Gasoline price fell about 50%; premium-grade substitution reported as about 14 times a rational benchmark with no comparable milk/juice upgrade. Odean slide reports winners sold outperformed losers held by about 3.41 percentage points market-adjusted. Benartzi-Thaler framing example shifts stock allocation from 40% to 90%. Treat taxi-day and prior-outcome patterns as mechanism-contested rather than unique proof of mental accounting.","Thaler (1985, 1999); Arkes & Blumer (1985); Heath & Soll (1996); Hastings & Shapiro (2013); Camerer et al. (1997); Farber (2005, 2008); Crawford & Meng (2011); Thaler & Johnson (1990); Shefrin & Statman (1985); Odean (1998); Read, Loewenstein & Rabin (1999); Benartzi & Thaler (1995, 1999, 2001); Prelec & Loewenstein (1998).","Mixed embedded photographs, screenshots, cartoons, web/video stills, and journal figures; rights are not established by the package. Do not copy or cosmetically modify copyrighted figures as a workaround. Redraw conceptual diagrams/tables, regenerate result charts from verified data, use licensed/public-domain photographs, and link to videos rather than embedding them unless permission is clear.","_quarto-html.yml lists planned chapters/42-mental-accounting.qmd, absent at audit time; only scattered sunk-cost/reference-point examples exist in Chapters 14-15.","Dedicated chapter missing.","chapters/42-mental-accounting.qmd; explicitly distinguish mental-account coding/bracketing across decisions from prospect theory's model of a risky choice.","Mine unique examples, activities, notes, and figures; use the Revised deck for the current teaching arc and scientific qualifiers.","All slide XML, notes, media, and links inspected; not byte-identical to the Revised or legacy deck."
"BE07. Mental Accounting - Revised 2h.pptx","06/Mental accounting","pptx","3341957","27c3807b68821659e9dcc2a203618da8eb9368b5161c759aa4fd6e41d119f13e","41 slides","0","no non-empty speaker notes","","modern revised canonical teaching deck","Mental accounting as coding, categorizing, bracketing, and evaluating rather than literal bank accounts; nonfungibility and category budgets; transaction versus acquisition utility; payment-consumption coupling, sunk cost, reference points, self-control, prior outcomes/house money/break-even, disposition effect, narrow versus broad bracketing, hedonic editing, gifts, and naive diversification.","$7.25 resort beer versus $4.10 grocery beer; JCPenney pricing caveat; tennis membership and blizzard ticket; gym/theater payment coupling; lost ticket versus lost cash; gasoline-price shock and premium fuel; taxi-driver targets as a contested boundary case; one gamble versus repeated portfolio; retirement-stock framing; running meter and gift examples.","Gasoline price fell about 50%; premium-grade substitution reported as about 14 times a rational benchmark with no comparable milk/juice upgrade. Odean slide reports winners sold outperformed losers held by about 3.41 percentage points market-adjusted. Benartzi-Thaler framing example shifts stock allocation from 40% to 90%. Treat taxi-day and prior-outcome patterns as mechanism-contested rather than unique proof of mental accounting.","Thaler (1985, 1999); Arkes & Blumer (1985); Heath & Soll (1996); Hastings & Shapiro (2013); Camerer et al. (1997); Farber (2005, 2008); Crawford & Meng (2011); Thaler & Johnson (1990); Shefrin & Statman (1985); Odean (1998); Read, Loewenstein & Rabin (1999); Benartzi & Thaler (1995, 1999, 2001); Prelec & Loewenstein (1998).","Mixed embedded photographs, screenshots, cartoons, web/video stills, and journal figures; rights are not established by the package. Do not copy or cosmetically modify copyrighted figures as a workaround. Redraw conceptual diagrams/tables, regenerate result charts from verified data, use licensed/public-domain photographs, and link to videos rather than embedding them unless permission is clear.","_quarto-html.yml lists planned chapters/42-mental-accounting.qmd, absent at audit time; only scattered sunk-cost/reference-point examples exist in Chapters 14-15.","Dedicated chapter missing.","chapters/42-mental-accounting.qmd; explicitly distinguish mental-account coding/bracketing across decisions from prospect theory's model of a risky choice.","Primary teaching-flow and claim-framing source for the chapter; cross-check every empirical quantity/citation against the cited primary source and mine the Complete deck for omitted examples.","All slides rendered and visually checked as a montage; no hidden slides; reference slides inspected."
"BE07. Mental Acounting.pptx","06/Mental accounting","pptx","10316965","7ec30f77c8c4285a85bdc3ce4b0f800b62e7ac226a0a95e3d010370b8317966f","53 slides","0","yes — 37/53 slides contain non-empty notes","06 - Time, Money and Finance/19. Mental Acounting.pptx","byte-identical duplicate","Mental accounting as coding, categorizing, bracketing, and evaluating rather than literal bank accounts; nonfungibility and category budgets; transaction versus acquisition utility; payment-consumption coupling, sunk cost, reference points, self-control, prior outcomes/house money/break-even, disposition effect, narrow versus broad bracketing, hedonic editing, gifts, and naive diversification.","$7.25 resort beer versus $4.10 grocery beer; JCPenney pricing caveat; tennis membership and blizzard ticket; gym/theater payment coupling; lost ticket versus lost cash; gasoline-price shock and premium fuel; taxi-driver targets as a contested boundary case; one gamble versus repeated portfolio; retirement-stock framing; running meter and gift examples.","Gasoline price fell about 50%; premium-grade substitution reported as about 14 times a rational benchmark with no comparable milk/juice upgrade. Odean slide reports winners sold outperformed losers held by about 3.41 percentage points market-adjusted. Benartzi-Thaler framing example shifts stock allocation from 40% to 90%. Treat taxi-day and prior-outcome patterns as mechanism-contested rather than unique proof of mental accounting.","Thaler (1985, 1999); Arkes & Blumer (1985); Heath & Soll (1996); Hastings & Shapiro (2013); Camerer et al. (1997); Farber (2005, 2008); Crawford & Meng (2011); Thaler & Johnson (1990); Shefrin & Statman (1985); Odean (1998); Read, Loewenstein & Rabin (1999); Benartzi & Thaler (1995, 1999, 2001); Prelec & Loewenstein (1998).","Mixed embedded photographs, screenshots, cartoons, web/video stills, and journal figures; rights are not established by the package. Do not copy or cosmetically modify copyrighted figures as a workaround. Redraw conceptual diagrams/tables, regenerate result charts from verified data, use licensed/public-domain photographs, and link to videos rather than embedding them unless permission is clear.","_quarto-html.yml lists planned chapters/42-mental-accounting.qmd, absent at audit time; only scattered sunk-cost/reference-point examples exist in Chapters 14-15.","Dedicated chapter missing.","chapters/42-mental-accounting.qmd; explicitly distinguish mental-account coding/bracketing across decisions from prospect theory's model of a risky choice.","Exclude from conceptual ingestion after hash-based de-duplication; retain only if the folder structure requires an archival copy.","SHA-256 exactly matches duplicate_of."
"BE08. Strategic Interdependence - Complete 2h.pptx","05/Strategic interdependence","pptx","9698784","74f140613705f6c90a6b2fc6fa39619f4a81133d03319d71f924fb4c967224cc","79 slides","0","no non-empty speaker notes","","modern comprehensive companion deck","Teaching arc from diagnosing coordination/conflict/mixed motives to focal points and shared culture, beauty contests and higher-order beliefs, level-k and cognitive hierarchy, formal games and Nash equilibrium, price wars and repeated interaction, then bargaining, auctions, escalation, and commitments.","Independent Odense meeting-point activity; QWERTY as a coordination standard with the disputed origin story made explicit; celebrity beauty contest; 2/3 guessing game; airline price-war matrix; announced one-shot plus four repeated rounds; ultimatum/fairness discussion; 50-kr auction; Ford price promise; bargaining-coordination matrix.","Level-k responses 0/random, 33, 22, 15, ...; cognitive-hierarchy tau table (students about 1.1-1.6, economics PhDs 2.3, portfolio managers 2.8, Caltech/newspaper participants about 3, game theorists 3.7); price-war matrix H/H=(10,10), H/L=(2,15), L/H=(15,2), L/L=(5,5).","Schelling (1960); David (1985); Liebowitz & Margolis (1990); Nagel (1995); Nash (1950); Camerer (2003); Camerer, Ho & Chong (2004); Crawford, Costa-Gomes & Iriberri (2013); Rao, Bergen & Davis (2000); Shubik (1971); Staw (1976). URLs in file: https://youtu.be/-opqUSOUDQY; https://youtu.be/0sPVEBAtwmg; https://youtu.be/7mETgb-fPRo; https://youtu.be/Q-a1I61sIO8; https://youtu.be/UAR7WDrL3Ec; https://youtu.be/Yqvbv-SB4bg; https://youtu.be/dSOrAQMXTcc; youtu.be/Q-a1I61sIO8; youtu.be/0sPVEBAtwmg; youtu.be/7mETgb-fPRo; youtu.be/UAR7WDrL3Ec; youtu.be/dSOrAQMXTcc; youtu.be/-opqUSOUDQY; youtu.be/Yqvbv-SB4bg","Mixed embedded photographs, screenshots, cartoons, web/video stills, and journal figures; rights are not established by the package. Do not copy or cosmetically modify copyrighted figures as a workaround. Redraw conceptual diagrams/tables, regenerate result charts from verified data, use licensed/public-domain photographs, and link to videos rather than embedding them unless permission is clear.","_quarto-html.yml lists planned chapters/46-strategic-interdependence.qmd, absent at audit time; bargaining/escalation fragments occur in Chapters 30-34 and 14.","Missing dedicated treatment; planned destination exists only in configuration.","chapters/46-strategic-interdependence.qmd in a new Strategic and Social Decisions Part.","Mine unique examples, activities, notes, and figures; use the Revised deck for the current teaching arc and scientific qualifiers.","All slide XML, notes, media, and links inspected; not byte-identical to the Revised or legacy deck."
"BE08. Strategic Interdependence - Revised 2h.pptx","05/Strategic interdependence","pptx","3730800","85c6e104b7aff84e394260ce5fce771d349bc8fc67d149b0e56d0854a2a753eb","47 slides","0","no non-empty speaker notes","","modern revised canonical teaching deck","Teaching arc from diagnosing coordination/conflict/mixed motives to focal points and shared culture, beauty contests and higher-order beliefs, level-k and cognitive hierarchy, formal games and Nash equilibrium, price wars and repeated interaction, then bargaining, auctions, escalation, and commitments.","Independent Odense meeting-point activity; QWERTY as a coordination standard with the disputed origin story made explicit; celebrity beauty contest; 2/3 guessing game; airline price-war matrix; announced one-shot plus four repeated rounds; ultimatum/fairness discussion; 50-kr auction; Ford price promise; bargaining-coordination matrix.","Level-k responses 0/random, 33, 22, 15, ...; cognitive-hierarchy tau table (students about 1.1-1.6, economics PhDs 2.3, portfolio managers 2.8, Caltech/newspaper participants about 3, game theorists 3.7); price-war matrix H/H=(10,10), H/L=(2,15), L/H=(15,2), L/L=(5,5).","Schelling (1960); David (1985); Liebowitz & Margolis (1990); Nagel (1995); Nash (1950); Camerer (2003); Camerer, Ho & Chong (2004); Crawford, Costa-Gomes & Iriberri (2013); Rao, Bergen & Davis (2000); Shubik (1971); Staw (1976).","Mixed embedded photographs, screenshots, cartoons, web/video stills, and journal figures; rights are not established by the package. Do not copy or cosmetically modify copyrighted figures as a workaround. Redraw conceptual diagrams/tables, regenerate result charts from verified data, use licensed/public-domain photographs, and link to videos rather than embedding them unless permission is clear.","_quarto-html.yml lists planned chapters/46-strategic-interdependence.qmd, absent at audit time; bargaining/escalation fragments occur in Chapters 30-34 and 14.","Missing dedicated treatment; planned destination exists only in configuration.","chapters/46-strategic-interdependence.qmd in a new Strategic and Social Decisions Part.","Primary teaching-flow and claim-framing source for the chapter; cross-check every empirical quantity/citation against the cited primary source and mine the Complete deck for omitted examples.","All slides rendered and visually checked as a montage; no hidden slides; reference slides inspected."
"BE08. Strategic Interdependence.pptx","05/Strategic interdependence","pptx","14509049","f3a98cb874b947aca17adc73a808c3559f5d91876411cacbb7c46591204c8881","80 slides","0","yes — 64/80 slides contain non-empty notes","05 - Strategic and Social Decisions/11. Strategic Interdependence.pptx","byte-identical duplicate","Teaching arc from diagnosing coordination/conflict/mixed motives to focal points and shared culture, beauty contests and higher-order beliefs, level-k and cognitive hierarchy, formal games and Nash equilibrium, price wars and repeated interaction, then bargaining, auctions, escalation, and commitments.","Independent Odense meeting-point activity; QWERTY as a coordination standard with the disputed origin story made explicit; celebrity beauty contest; 2/3 guessing game; airline price-war matrix; announced one-shot plus four repeated rounds; ultimatum/fairness discussion; 50-kr auction; Ford price promise; bargaining-coordination matrix.","Level-k responses 0/random, 33, 22, 15, ...; cognitive-hierarchy tau table (students about 1.1-1.6, economics PhDs 2.3, portfolio managers 2.8, Caltech/newspaper participants about 3, game theorists 3.7); price-war matrix H/H=(10,10), H/L=(2,15), L/H=(15,2), L/L=(5,5).","Schelling (1960); David (1985); Liebowitz & Margolis (1990); Nagel (1995); Nash (1950); Camerer (2003); Camerer, Ho & Chong (2004); Crawford, Costa-Gomes & Iriberri (2013); Rao, Bergen & Davis (2000); Shubik (1971); Staw (1976). URLs in file: https://econ-experiment.herokuapp.com/room/be/; https://youtu.be/-opqUSOUDQY; https://youtu.be/0sPVEBAtwmg; https://youtu.be/7mETgb-fPRo; https://youtu.be/Q-a1I61sIO8; https://youtu.be/UAR7WDrL3Ec; https://youtu.be/Yqvbv-SB4bg; https://youtu.be/dSOrAQMXTcc; youtu.be/Q-a1I61sIO8; youtu.be/0sPVEBAtwmg; https://zecon.herokuapp.com/room/; http://10.94.42.255:8000/room/be/; youtu.be/7mETgb-fPRo; youtu.be/UAR7WDrL3Ec; youtu.be/dSOrAQMXTcc; youtu.be/-opqUSOUDQY; youtu.be/Yqvbv-SB4bg","Mixed embedded photographs, screenshots, cartoons, web/video stills, and journal figures; rights are not established by the package. Do not copy or cosmetically modify copyrighted figures as a workaround. Redraw conceptual diagrams/tables, regenerate result charts from verified data, use licensed/public-domain photographs, and link to videos rather than embedding them unless permission is clear.","_quarto-html.yml lists planned chapters/46-strategic-interdependence.qmd, absent at audit time; bargaining/escalation fragments occur in Chapters 30-34 and 14.","Missing dedicated treatment; planned destination exists only in configuration.","chapters/46-strategic-interdependence.qmd in a new Strategic and Social Decisions Part.","Exclude from conceptual ingestion after hash-based de-duplication; retain only if the folder structure requires an archival copy.","SHA-256 exactly matches duplicate_of."
"BE09. Behavioral Finance and Investment Decisions - Complete 2h.pptx","06/Behavioral finance and investment decisions","pptx","14454864","4ac45dbfab35888e5d8a7dd0eb3058f614828cbf52cc73327cc32f0a9d829cf6","75 slides","0","no non-empty speaker notes","","modern comprehensive companion deck","Conventional versus behavioral finance; efficient-market hypothesis conditional on information set and expected-return model; weak/semi-strong/strong forms; no-free-lunch versus price-is-right; joint-hypothesis problem and costly information; event studies; underreaction/post-earnings drift; size, value, momentum, and reversal; risk versus mispricing/frictions/data mining; limits to arbitrage; technical versus fundamental analysis; disciplined investment memo and red team.","€20-on-the-ground paradox; FOMC announcement in milliseconds; Challenger-crash market inference; earnings-announcement event study; anomaly jigsaw; value/growth, momentum, and reversal tables; real-versus-simulated price-chart matching; index-fund arithmetic; investment memo and pre-outcome red-team activity.","Momentum horizon presented as roughly 3-12 months and reversal as roughly 3-5 years. The illustrative IPO/index arithmetic (10,000 to 1.95 under stated failure assumptions) must be recalculated and clearly labeled as a toy model before publication. Historical anomaly returns are sample/model dependent and not guaranteed trading recipes.","Fama (1970, 1991); Grossman & Stiglitz (1980); Banz (1981); De Bondt & Thaler (1985); Fama & French (1992, 1998); Jegadeesh & Titman (1993); Carhart (1997); Shleifer & Vishny (1997); Barber & Odean (2000); Malkiel (2003); Maloney & Mulherin (2003); Lo (2004); Harvey, Liu & Zhu (2016); McLean & Pontiff (2016). URLs in file: https://econ-experiment.herokuapp.com/room/be; https://www.federalreserve.gov/newsevents/pressreleases/monetary20130918a.htm; http://www","Mixed embedded photographs, screenshots, cartoons, web/video stills, and journal figures; rights are not established by the package. Do not copy or cosmetically modify copyrighted figures as a workaround. Redraw conceptual diagrams/tables, regenerate result charts from verified data, use licensed/public-domain photographs, and link to videos rather than embedding them unless permission is clear.","_quarto-html.yml lists planned chapters/43-behavioral-finance.qmd, absent at audit time; current book has only incidental stock examples.","Dedicated chapter missing.","chapters/43-behavioral-finance.qmd; keep investor judgment/anomalies separate from market-level bubble dynamics.","Mine unique examples, activities, notes, and figures; use the Revised deck for the current teaching arc and scientific qualifiers.","All slide XML, notes, media, and links inspected; not byte-identical to the Revised or legacy deck."
"BE09. Behavioral Finance and Investment Decisions - Revised 2h.pptx","06/Behavioral finance and investment decisions","pptx","7719171","7a868a3a9a514421d14ca9d23ca9d4fa31f38e3ecd3e5b53b4134585083f33d4","40 slides","0","no non-empty speaker notes","","modern revised canonical teaching deck","Conventional versus behavioral finance; efficient-market hypothesis conditional on information set and expected-return model; weak/semi-strong/strong forms; no-free-lunch versus price-is-right; joint-hypothesis problem and costly information; event studies; underreaction/post-earnings drift; size, value, momentum, and reversal; risk versus mispricing/frictions/data mining; limits to arbitrage; technical versus fundamental analysis; disciplined investment memo and red team.","€20-on-the-ground paradox; FOMC announcement in milliseconds; Challenger-crash market inference; earnings-announcement event study; anomaly jigsaw; value/growth, momentum, and reversal tables; real-versus-simulated price-chart matching; index-fund arithmetic; investment memo and pre-outcome red-team activity.","Momentum horizon presented as roughly 3-12 months and reversal as roughly 3-5 years. The illustrative IPO/index arithmetic (10,000 to 1.95 under stated failure assumptions) must be recalculated and clearly labeled as a toy model before publication. Historical anomaly returns are sample/model dependent and not guaranteed trading recipes.","Fama (1970, 1991); Grossman & Stiglitz (1980); Banz (1981); De Bondt & Thaler (1985); Fama & French (1992, 1998); Jegadeesh & Titman (1993); Carhart (1997); Shleifer & Vishny (1997); Barber & Odean (2000); Malkiel (2003); Maloney & Mulherin (2003); Lo (2004); Harvey, Liu & Zhu (2016); McLean & Pontiff (2016). URLs in file: https://www.federalreserve.gov/newsevents/pressreleases/monetary20130918a.htm","Mixed embedded photographs, screenshots, cartoons, web/video stills, and journal figures; rights are not established by the package. Do not copy or cosmetically modify copyrighted figures as a workaround. Redraw conceptual diagrams/tables, regenerate result charts from verified data, use licensed/public-domain photographs, and link to videos rather than embedding them unless permission is clear.","_quarto-html.yml lists planned chapters/43-behavioral-finance.qmd, absent at audit time; current book has only incidental stock examples.","Dedicated chapter missing.","chapters/43-behavioral-finance.qmd; keep investor judgment/anomalies separate from market-level bubble dynamics.","Primary teaching-flow and claim-framing source for the chapter; cross-check every empirical quantity/citation against the cited primary source and mine the Complete deck for omitted examples.","All slides rendered and visually checked as a montage; no hidden slides; reference slides inspected."
"BE09. Investment Decisions.pptx","06/Behavioral finance and investment decisions","pptx","62190321","bb7623ee5d3fb0efffaee430b19057c29b6884527a36c5d2c4ca25ebff2f8c35","87 slides","0","yes — 83/87 slides contain non-empty notes","06 - Time, Money and Finance/15. Investment Decisions.pptx","byte-identical duplicate","Conventional versus behavioral finance; efficient-market hypothesis conditional on information set and expected-return model; weak/semi-strong/strong forms; no-free-lunch versus price-is-right; joint-hypothesis problem and costly information; event studies; underreaction/post-earnings drift; size, value, momentum, and reversal; risk versus mispricing/frictions/data mining; limits to arbitrage; technical versus fundamental analysis; disciplined investment memo and red team.","€20-on-the-ground paradox; FOMC announcement in milliseconds; Challenger-crash market inference; earnings-announcement event study; anomaly jigsaw; value/growth, momentum, and reversal tables; real-versus-simulated price-chart matching; index-fund arithmetic; investment memo and pre-outcome red-team activity.","Momentum horizon presented as roughly 3-12 months and reversal as roughly 3-5 years. The illustrative IPO/index arithmetic (10,000 to 1.95 under stated failure assumptions) must be recalculated and clearly labeled as a toy model before publication. Historical anomaly returns are sample/model dependent and not guaranteed trading recipes.","Fama (1970, 1991); Grossman & Stiglitz (1980); Banz (1981); De Bondt & Thaler (1985); Fama & French (1992, 1998); Jegadeesh & Titman (1993); Carhart (1997); Shleifer & Vishny (1997); Barber & Odean (2000); Malkiel (2003); Maloney & Mulherin (2003); Lo (2004); Harvey, Liu & Zhu (2016); McLean & Pontiff (2016). URLs in file: http://www.mitsdu.dk/ses; https://econ-experiment.herokuapp.com/room/be; https://vintagevalueinvesting.com/warren-buffett-net-worth/; https://www.federalreserve.gov/newsevents/pressreleases/monetary20130918a.htm; https://www.polleverywhere.com/multiple_choice_polls/VXxHRP5siwOSgce2s1IK6; https://www.polleverywhere.com/multiple_choice_polls/v2mewgKuaUfjZY1VJaSBu; https://www.polleverywhere.com/multiple_choice_polls/aUI16Ki4wJCjQuiuteO7K; https://www.polleverywhere.com/multiple_choice_polls/sBetYomDqhCawwsJTxJlY; www.mitsdu.dk/ses; https://www.polleverywhere.com/surveys/YIXo823lgBrnhiGYVHV7M; http://www","Mixed embedded photographs, screenshots, cartoons, web/video stills, and journal figures; rights are not established by the package. Do not copy or cosmetically modify copyrighted figures as a workaround. Redraw conceptual diagrams/tables, regenerate result charts from verified data, use licensed/public-domain photographs, and link to videos rather than embedding them unless permission is clear.","_quarto-html.yml lists planned chapters/43-behavioral-finance.qmd, absent at audit time; current book has only incidental stock examples.","Dedicated chapter missing.","chapters/43-behavioral-finance.qmd; keep investor judgment/anomalies separate from market-level bubble dynamics.","Exclude from conceptual ingestion after hash-based de-duplication; retain only if the folder structure requires an archival copy.","SHA-256 exactly matches duplicate_of."
"BE10. Asset Bubbles - Complete 2h.pptx","06/Asset bubbles","pptx","9366985","e122a3966171a91d791da8569ec2e69c17a28fb1c8ad7d0a078b2f70e4847f35","66 slides","0","no non-empty speaker notes","","modern comprehensive companion deck","Fundamental value as discounted expected cash flows; price as a distribution rather than a point forecast; bubble diagnosis as probabilistic and model-dependent; feedback/resale motives; leverage, liquidity, short-sale constraints, synchronization and limits to arbitrage; historical episodes; experimental asset markets with known fundamentals; experience, forecasts, liquidity, strategies, and the 3Com-Palm carve-out.","Tulip-mania claim with historical caveat; dot-com boom/bust; valuation-confidence index; 2000s housing; Smith-Suchanek-Williams laboratory market; flat-fundamental-value and final-redemption designs; bubble diagnostic dashboard; 3Com/Palm relative-value case.","NASDAQ from 1995 to March 2000 about +570%, then about -78% by October 2002. The BE10 slide maps the Haruvy-Noussair strategy shares incorrectly: published/replication sources report 33.1% fundamental-value traders, 25.4% rational speculators, and 36.5% momentum traders (about 5% other); use this corrected mapping. 3Com/Palm relation approximately P(3Com)=1.5*P(Palm)+residual, with an implied residual near -$22bn under simplifying assumptions. Experimental cash/asset ratios and price paths are design-specific.","Smith, Suchanek & Williams (1988); De Long et al. (1990); Shiller (1981, 2000); Porter & Smith (1995, 2003); Abreu & Brunnermeier (2003); Lamont & Thaler (2003); Scheinkman & Xiong (2003); Dufwenberg, Lindqvist & Moore (2005); Haruvy & Noussair (2006); Haruvy, Lahav & Noussair (2007); Hussam, Porter & Smith (2008); Greenwood, Shleifer & You (2019). URLs in file: www.econ.yale.edu","Mixed embedded photographs, screenshots, cartoons, web/video stills, and journal figures; rights are not established by the package. Do not copy or cosmetically modify copyrighted figures as a workaround. Redraw conceptual diagrams/tables, regenerate result charts from verified data, use licensed/public-domain photographs, and link to videos rather than embedding them unless permission is clear.","_quarto-html.yml lists planned chapters/44-asset-bubbles.qmd, absent at audit time.","Dedicated chapter missing.","chapters/44-asset-bubbles.qmd after behavioral finance; retain a clear investor-level versus market-dynamics boundary.","Mine unique examples, activities, notes, and figures; use the Revised deck for the current teaching arc and scientific qualifiers.","All slide XML, notes, media, and links inspected; not byte-identical to the Revised or legacy deck."
"BE10. Asset Bubbles - Revised 2h.pptx","06/Asset bubbles","pptx","5584158","08dc3a8bcb38f9a568896b0789adfb091983c71b391b6edbe2963a7295a633ac","37 slides","0","no non-empty speaker notes","","modern revised canonical teaching deck","Fundamental value as discounted expected cash flows; price as a distribution rather than a point forecast; bubble diagnosis as probabilistic and model-dependent; feedback/resale motives; leverage, liquidity, short-sale constraints, synchronization and limits to arbitrage; historical episodes; experimental asset markets with known fundamentals; experience, forecasts, liquidity, strategies, and the 3Com-Palm carve-out.","Tulip-mania claim with historical caveat; dot-com boom/bust; valuation-confidence index; 2000s housing; Smith-Suchanek-Williams laboratory market; flat-fundamental-value and final-redemption designs; bubble diagnostic dashboard; 3Com/Palm relative-value case.","NASDAQ from 1995 to March 2000 about +570%, then about -78% by October 2002. The BE10 slide maps the Haruvy-Noussair strategy shares incorrectly: published/replication sources report 33.1% fundamental-value traders, 25.4% rational speculators, and 36.5% momentum traders (about 5% other); use this corrected mapping. 3Com/Palm relation approximately P(3Com)=1.5*P(Palm)+residual, with an implied residual near -$22bn under simplifying assumptions. Experimental cash/asset ratios and price paths are design-specific.","Smith, Suchanek & Williams (1988); De Long et al. (1990); Shiller (1981, 2000); Porter & Smith (1995, 2003); Abreu & Brunnermeier (2003); Lamont & Thaler (2003); Scheinkman & Xiong (2003); Dufwenberg, Lindqvist & Moore (2005); Haruvy & Noussair (2006); Haruvy, Lahav & Noussair (2007); Hussam, Porter & Smith (2008); Greenwood, Shleifer & You (2019).","Mixed embedded photographs, screenshots, cartoons, web/video stills, and journal figures; rights are not established by the package. Do not copy or cosmetically modify copyrighted figures as a workaround. Redraw conceptual diagrams/tables, regenerate result charts from verified data, use licensed/public-domain photographs, and link to videos rather than embedding them unless permission is clear.","_quarto-html.yml lists planned chapters/44-asset-bubbles.qmd, absent at audit time.","Dedicated chapter missing.","chapters/44-asset-bubbles.qmd after behavioral finance; retain a clear investor-level versus market-dynamics boundary.","Primary teaching-flow and claim-framing source for the chapter; cross-check every empirical quantity/citation against the cited primary source and mine the Complete deck for omitted examples.","All slides rendered and visually checked as a montage; no hidden slides; reference slides inspected."
"BE10. Asset Bubbles .pptx","06/Asset bubbles","pptx","8948247","48742da32a2ae8631e3e7d41bab6ffa2a285a48905ef2fa94779b52ebb0cac37","57 slides","0","yes — 41/57 slides contain non-empty notes","06 - Time, Money and Finance/14. Asset Bubbles.pptx","byte-identical duplicate","Fundamental value as discounted expected cash flows; price as a distribution rather than a point forecast; bubble diagnosis as probabilistic and model-dependent; feedback/resale motives; leverage, liquidity, short-sale constraints, synchronization and limits to arbitrage; historical episodes; experimental asset markets with known fundamentals; experience, forecasts, liquidity, strategies, and the 3Com-Palm carve-out.","Tulip-mania claim with historical caveat; dot-com boom/bust; valuation-confidence index; 2000s housing; Smith-Suchanek-Williams laboratory market; flat-fundamental-value and final-redemption designs; bubble diagnostic dashboard; 3Com/Palm relative-value case.","NASDAQ from 1995 to March 2000 about +570%, then about -78% by October 2002. The BE10 slide maps the Haruvy-Noussair strategy shares incorrectly: published/replication sources report 33.1% fundamental-value traders, 25.4% rational speculators, and 36.5% momentum traders (about 5% other); use this corrected mapping. 3Com/Palm relation approximately P(3Com)=1.5*P(Palm)+residual, with an implied residual near -$22bn under simplifying assumptions. Experimental cash/asset ratios and price paths are design-specific.","Smith, Suchanek & Williams (1988); De Long et al. (1990); Shiller (1981, 2000); Porter & Smith (1995, 2003); Abreu & Brunnermeier (2003); Lamont & Thaler (2003); Scheinkman & Xiong (2003); Dufwenberg, Lindqvist & Moore (2005); Haruvy & Noussair (2006); Haruvy, Lahav & Noussair (2007); Hussam, Porter & Smith (2008); Greenwood, Shleifer & You (2019). URLs in file: www.econ.yale.edu","Mixed embedded photographs, screenshots, cartoons, web/video stills, and journal figures; rights are not established by the package. Do not copy or cosmetically modify copyrighted figures as a workaround. Redraw conceptual diagrams/tables, regenerate result charts from verified data, use licensed/public-domain photographs, and link to videos rather than embedding them unless permission is clear.","_quarto-html.yml lists planned chapters/44-asset-bubbles.qmd, absent at audit time.","Dedicated chapter missing.","chapters/44-asset-bubbles.qmd after behavioral finance; retain a clear investor-level versus market-dynamics boundary.","Exclude from conceptual ingestion after hash-based de-duplication; retain only if the folder structure requires an archival copy.","SHA-256 exactly matches duplicate_of."
"DPN2026/DPN01. Decision Process.pdf","DPN2026 lecture sequence","pdf","11126714","6f313888a62110d0573b524865cf827c7decae81223bbaa1795e0177ca7a72c2","62","not applicable","no separate speaker notes","","authoritative current lecture handout","Decision anatomy and loop; prediction versus valuation; choice and opportunity cost; rational choice as benchmark; bounded rationality; context effects; valuation through body/self/social relevance; learning under uncertainty; outcome/hindsight/choice-blindness/introspection; decision-audit studio.","Personal decision story and audit; facts-versus-values statements; Google ad arrow, honesty box, Economist decoy, surgery/organ default, Mars bars; vmPFC lesion; process-versus-outcome matrix; decision journal.","62 pages; 46 image objects. Includes 206-fMRI-study valuation summary and multiple classic effect claims; each empirical figure should be tied to its primary source and uncertainty.","References pages 61–62 include von Neumann–Morgenstern, Savage, Edwards, Simon, Bechara/Damasio, attention/value/choice-blindness and decision-audit sources. No parsed URLs.","Many embedded photos, screenshots, study plots, and logos. Core diagrams should be rebuilt; web/brand/journal images should not be copied. Current book already uses original redraws for many examples.","chapters/01-the-choice-is-the-tip-of-the-iceberg.qmd, 02-a-rational-benchmark-not-a-portrait.qmd, 03-opportunity-cost-information-and-better-options.qmd, 07-value-is-constructed.qmd, 18-the-narrator-after-the-choice.qmd; appendix A","substantially incorporated","same current chapters; use as sequence/voice QA source","retain as authoritative progression; reconcile any example-level omissions only","The deck’s organization strongly matches the current Part I. Avoid overlocalizing “value” to one neural system; current chapter 7 appropriately treats valuation as distributed."
"DPN2026/DPN02. Attention_Prediction_Expectation.pdf","DPN2026 lecture sequence","pdf","11947196","09e827f92087c1fa75085998882bfde063c9b14f0f457e55bb6e787705aaff59","70","not applicable","no separate speaker notes","","authoritative current lecture handout","Attention as gatekeeper; limited capacity and expert tunneling; predictive processing, priors, evidence and precision; perceptual construction; inner models; placebo/nocebo, stress, identity/age/teacher expectations, self-fulfilling social/market loops; active-inference extension and perceptual Umwelt.","Invisible gorilla/radiologist gorilla; HUD and change blindness; optical illusions; newly sighted adult; placebo/nocebo; stereotype/aging/teacher expectations; wine/beer/energy-drink expectation; loop-mapping activity; bee versus human perception.","70 pages; 83 image objects. Claims include brain 2%/about 20% resting energy, roughly 10 conscious bits/s, 83% radiologist miss rate, and 7.5-year aging-belief association; verify scope, source, and causal interpretation.","Friston, Clark, Hohwy, Simons/Chabris, Drew et al., placebo/nocebo, Crum, Rosenthal/Jussim, aging and perception sources; two YouTube links.","High image density: optical illusions, clinical/animal photos, study figures, and video stills. Use original geometric illusions where permissible, licensed/public-domain assets, and redrawn study figures with source data; link videos.","chapters/05-attention-is-the-gatekeeper-of-evidence.qmd, 06-the-predictive-mind.qmd, 08-expectations-that-become-causes.qmd","substantially incorporated; active-inference detail partial","same chapters, especially active-inference refinements in chapter 6","retain sequence; add only missing conceptual distinctions","Correct grammar/typos when porting. Do not infer individual causal effects from aging/culture correlations, and do not imply open-label placebo effects are universal. Clarify that task-related brain energy changes are small relative to baseline, not evidence that effort is costless."
"DPN2026/DPN03. Heuristics & Biases.pdf","DPN2026 lecture sequence","pdf","11548036","f9dab61909ae184e9c9035d227e4144248b7cca7890eedfacb897ce99453e79b","76","not applicable","no separate speaker notes","","authoritative current lecture handout","Dual-process thinking; affect, availability, and representativeness; confirmation, overconfidence/planning fallacy, anchoring, halo; framing, priming, and mere exposure; CRT/Stroop; bias-process redesign.","Panda versus keystone species; sunny-day mood; letter-retrieval; competence faces; Barnum sketch; project overruns; UN/phone/shoe anchors; Asian disease; ramen/Loftus wording; Mars bars; CRT and Stroop; process redesign.","76 pages; 57 image objects. Claims include 70% face-election prediction, 16,000-project planning-fallacy summary, Forer 4.30/5 and class 6.80/10, 75% snack-purchase reduction, and CRT associations; verify all estimates/protocols.","Reference pages 71–76; three YouTube links. Includes current and classic sources but some class-specific results are not publishable evidence.","Panda/starfish photos, book cover, video stills, study graphs, and web images are copyrighted/unclear. Recreate the panda-versus-keystone-species concept with original/openly licensed artwork; redraw results and link clips.","chapters/04-fast-answers-slow-inspection.qmd and 09–17","substantially incorporated","same chapters; activity/index cross-links in appendices A–B","retain progression; update evidence and visual rights","Do not describe heuristics as merely a maladapted “caveman brain.” Update the hot-hand literature if added. The Papies 75% figure is context/protocol-specific; priming effects require replication-aware language."
"DPN2026/DPN04. Influence & Persuasion.pdf","DPN2026 lecture sequence","pdf","10907366","fbca01003d35f7c99fd766bbfa18c241cefe442a6bb39e0f0978d89efc3344e2","91","not applicable","no separate speaker notes","","authoritative current lecture handout","Social learning and overimitation; mimicry; conformity/social proof/norms; persuasion as model updating; ABT and STORY; evidence ladder; fluency/MAYA; identity, autonomy, commitment, reciprocity, narrative, sharing, and ethical persuasion.","Chimp memory and puzzle-box copying; chameleon effect; elevator/Asch; cultural markets; petrified-wood and anti-drug norm backfire; ABT speech/product rewrites; STORY pitch; My Big Fat Greek Wedding, Franklin, foot-in-door; bird/Rokia examples; film/story neural synchronization.","91 pages; 60 image objects. Claims include 37% Asch conformity, norm/drinking changes, foot-in-door effects, identifiable-victim WTP, and fMRI synchronization. Study design and uncertainty must accompany any recreated result.","Five reference pages with Boyd, Tomasello, Chartrand, Asch, Cialdini, Clark, Olson, Berger, Deci/Ryan, Hasson and others; 48 parsed URL/DOI strings, several concatenated during PDF extraction; multiple YouTube links.","Chimp/video stills, speech photos/full text, film/TV/news stills, journal plots, ads, brand material, and commercial images require replacement or linking. Recreate study results from data and use only brief lawful quotations. Do not reproduce MLK speech text beyond a short excerpt.","chapters/22-social-learning-mimicry-and-attribution.qmd through 27-building-an-evidence-aligned-story.qmd","substantially incorporated","same chapters; use as voice and example sequence authority","retain progression; audit each visual and quotation before reuse","ABT/STORY/SUCCES are practitioner frameworks, not effect laws. Neural synchronization shows coordinated processing, not persuasion or agreement. Claims that stories are “more persuasive than facts/statistics” are too broad; the current book’s story–evidence braid is preferable."
"DPN2026/DPN05. Distributive Negotiation.pdf","DPN2026 lecture sequence","pdf","8013388","2d7cb01864bd51c21e46e81dc95fcb3a0a6bebde34582e73f30a2039f67bb5c8","66","not applicable","no separate speaker notes","","authoritative current lecture handout","Negotiation as joint decision; value creation versus division; interests not positions; myths; preparation; BATNA/reservation value/target; ZOPA and surplus; first offers, precision/range offers, counter-anchors, silence, concessions, reciprocity, and common mistakes.","Exclusivity and hostage cases; thumb wrestling/high-road choice; Vietnamese Prunes; Roosevelt photograph case; Billy Wilder/Chandler; Jack Donaghy and Office clips; door-in-face; concession patterns.","66 pages; 33 image objects. Includes fewer-than-4%, 20%, and 50% negotiation-performance claims, anchor studies, bargaining equations, and concession effects; trace all to original protocols.","Raiffa, Fisher/Ury, Thompson/Hrebec, Galinsky/Mussweiler, Mason, Ames/Mason, Curhan, Tey and others; five YouTube links.","Photos, TV/movie clips, case images, and paper figures are not book-ready. Preserve links and build original ZOPA/offer/concession diagrams. Historical Roosevelt image may be public domain only after provenance check.","chapters/30-negotiation-is-joint-decision-making.qmd, 31-preparing-to-claim-value.qmd, 32-anchors-concessions-and-bargaining-tactics.qmd","substantially incorporated","Part VIII Negotiation (already combines distributive and integrative material)","retain as authoritative sequence; reconcile examples/qualifiers","Avoid “never accept the first offer” as an unqualified rule; the deck later gives relationship/information caveats. First-offer advantage, precision, ranges, and silence are context-dependent."
"DPN2026/DPN06. Integrative Negotiation.pdf","DPN2026 lecture sequence","pdf","10460813","b6b1124b840a4926213bde65655beee29841b0dadcf042df19a2cf70d0437dd5","66","not applicable","no separate speaker notes","","authoritative current lecture handout","Integrative foundations, Pareto efficiency, positions/interests, Camp David, issue priorities, MESOs, contingent contracts, post-settlement settlements; deadlines; mediation/arbitration; lie-detection limits; optional culture/cognition/communication/negotiation extension.","Builder penalty case; Camp David sovereignty/security; rank-and-threshold questions; contingent-fee/royalty examples; last-minute demand; deadlines; Clinton clip; salary-question scripts; panda–banana–monkey culture-pairing illustration; rice–wheat/obstacle/chair field study; cross-cultural communication cases.","66 pages; 62 image objects. Includes Pareto diagrams, 60–80% mediation settlement claim, approximately 54% lie detection, rice–wheat country/field comparisons, and culture-index plots; each needs source and uncertainty/heterogeneity.","Raiffa, Thompson, Bazerman/Gillespie, Bond & DePaulo, Camp David primary history, Nisbett/Peng, Talhelm, Hofstede, Adair/Gunia; HBR, US State Department, and YouTube links.","The panda, banana, and monkey slide is conceptually useful but uses third-party photos. Rebuild as an original vector/icon illustration with the same relational-versus-taxonomic task; superficial photo modification does not resolve copyright. Redraw all journal plots/maps; link video. Country imagery requires licenses.","chapters/30, 33-interests-priorities-and-trade-offs.qmd, 34-mesos-contingent-contracts-and-better-agreements.qmd, and 37-culture-identity-social-meaning.qmd; deadline/silence in chapter 32","substantially incorporated; some process-tool detail partial","Part VIII Negotiation plus chapter 37; combine distributive/integrative in one Part as already configured","retain progression; add only missing mediation/arbitration and process details; replace visuals","Do not infer individuals from country averages; the deck itself flags ecological fallacy. Treat rice–wheat, honor, trust, directness, and contract claims as distributions/hypotheses with within-country variation, not national personality rules. “Avoid yes/no questions” is a situational tactic, not universal."
"DPN2026/DPN07. Communication & Connection.pdf","DPN2026 lecture sequence","pdf","6561554","9269676186d44d202fd50a203dcd38f8e561461ffa0a1c6404cbbe2abb49c222","81","not applicable","no separate speaker notes","","authoritative current lecture handout","Connection, stress, and relational quality; communication as inference between hidden inner worlds; egocentric projection, false consensus, transparency, email tone and nonverbal cues; perspective-getting, questions, listening, validation, conversational depth; appreciation/help/support; warm honesty, conflict, apology and repair.","Forecast-versus-experience paired conversation; tapping/email/couples accuracy; nail video; three conversation types; perspective-getting loop; sensitive/deep questions; gratitude/help; Net and pinch/crunch; apology; triad lab and observer scorecard.","81 pages; 21 image objects. Includes relationship meta-analysis N=308,849/148 studies, email/voice accuracy, tappers’ forecast, stranger/deep-conversation forecast gaps, and neural-coupling claims; preserve samples and uncertainty when redrawn.","Reference pages 77–81 include Epley, Brooks, Huang, Kardas, Laurenceau, Hasson, Aron, Eisenberger, Bradford/Robin, apology/conflict sources; one YouTube link.","Mostly original tables/diagrams, plus research charts, book/video stills, and decorative cover images. Redraw quantitative charts, link video, and use licensed/original decorative art.","chapters/28-communication-is-joint-inference.qmd and 29-the-art-of-conversation-and-repair.qmd; appendix A labs","substantially incorporated","same Part IX chapters and appendix tools","retain as authoritative sequence; verify quantitative claims and rights","Interbrain coupling reflects time-linked alignment, not literal shared minds or guaranteed understanding. Social-pain neural overlap should not be described as identity with physical pain."
"Editable_Active_Inference_Diagram_with_Icons  -  Repaired.pptx","01 Foundations — predictive processing, free energy, and active inference || ADDITIONAL AUDIT: Top-level repaired active-inference assets","pptx","19181","ea1e7293c6ef4b10290dec2f88bdf0d1d9dbaf7cd0a105db9e50b0085816fa70","1 slides || ADDITIONAL AUDIT: 1","none || ADDITIONAL AUDIT: 0","no nonempty speaker notes detected || ADDITIONAL AUDIT: no","Diagram companion to the three active-inference decks","single-slide native editable diagram asset || ADDITIONAL AUDIT: single-slide editable source asset","Defines priors, likelihood, prediction error, precision, generative models, Markov blankets, variational free energy, expected free energy, policies, epistemic/pragmatic value, active sampling, and habit as policy prior; applies them to framing, bias, interoception, identity, communication, persuasion, negotiation, and exploration/exploitation. || ADDITIONAL AUDIT: One editable diagram linking environment/external states, sensory input/feedback, internal model, predictions, action, and model update for judgment and decision-making.","Ambiguous perception; eye movements as experiments; asking for evidence about AI advice; negotiation questions that reveal hidden states; source credibility as precision; framing as prior/model selection; habitual policies; uncertainty-reducing action. || ADDITIONAL AUDIT: Diagram itself can support explanation or an in-class tracing activity.","Advanced variants include Bayes, variational-free-energy and expected-free-energy notation. Mathematical equivalences and empirical applications must be stated with assumptions; broad high-level applications are hypotheses/metaphors unless operationalized. || ADDITIONAL AUDIT: One slide; no hidden slides or notes; no empirical numbers.","Friston (2010, 2023); Clark (2013); Rao and Ballard (1999); Parr, Pezzulo, and Friston (2022); Buckley et al.; Sajid et al.; Gottlieb and Oudeyer; Friston and Frith. No extractable embedded hyperlink; bibliography text still requires source verification. || ADDITIONAL AUDIT: No citations or hyperlinks in the asset.","0 packaged media item(s). Rights are not established merely by inclusion in lecture notes. Use facts/data, not reproduced journal figures; redraw plots/tables from verified numeric results and cite the original study. Link to videos unless licensed. Replace commercial screenshots, celebrity/news photos, UI captures, cartoons, and textbook art with licensed/public-domain/original assets. Modification alone does not extinguish copyright. Native-shape diagrams are the safest reusable elements, subject to source attribution and an independent layout/redraw. || ADDITIONAL AUDIT: Native PowerPoint shapes/text with icon/emoji-like symbols and no embedded media. Rebuild in the book’s SVG style for consistent arrows, typography, and accessibility.","Chapter 06 covers predictive inference and precision but not a formal active-inference treatment; related language appears in communication and negotiation chapters. || ADDITIONAL AUDIT: chapters/06-the-predictive-mind.qmd contains a simpler conceptual treatment","Partial: priors/prediction error/precision are strong, but epistemic versus pragmatic action and the limits/testability of active inference could be clearer. Formal Markov-blanket/free-energy derivations are not needed in the main teaching journey. || ADDITIONAL AUDIT: partial/reusable asset","After chapter 06, add a bounded optional toolkit; integrate epistemic action into probability/decision hygiene and negotiation questions. || ADDITIONAL AUDIT: chapters/06-the-predictive-mind.qmd","Reuse/redraw as an editable conceptual figure after checking labels and accessibility. || ADDITIONAL AUDIT: reuse the conceptual topology, not the slide screenshot","Container/content extraction succeeded; no parser error. || ADDITIONAL AUDIT: One-slide deck is structurally editable and rights-low-risk, but the labels should distinguish generative process, generative model, observation, and action more precisely. || ADDITIONAL AUDIT: Overlapping assignments reconciled from: lecture-audit-foundations-risk.csv, lecture-audit-methods-happiness.csv."
"FEP_Active_Inference_Behavioral_Economics_Lecture  -  Repaired.pptx","01 Foundations — predictive processing, free energy, and active inference || ADDITIONAL AUDIT: Top-level repaired active-inference assets","pptx","122299","791c22c074afc39856aaec2d0e9cc7fc323910376f5b1a1700b953e449de4a8a","32 slides || ADDITIONAL AUDIT: 32","none || ADDITIONAL AUDIT: 0","yes — 32 slide(s) with nonempty notes || ADDITIONAL AUDIT: yes (32/32 slides)","32-slide applied companion to the 24-slide mathematical FEP variant and 20-slide Active Inference deck","broad applied active-inference variant || ADDITIONAL AUDIT: broad alternative teaching deck","Defines priors, likelihood, prediction error, precision, generative models, Markov blankets, variational free energy, expected free energy, policies, epistemic/pragmatic value, active sampling, and habit as policy prior; applies them to framing, bias, interoception, identity, communication, persuasion, negotiation, and exploration/exploitation. || ADDITIONAL AUDIT: Broad free-energy/active-inference overview with perception, precision, action, bias, dual-process, memory/reconsolidation, addiction, persuasion, communication, and negotiation applications.","Ambiguous perception; eye movements as experiments; asking for evidence about AI advice; negotiation questions that reveal hidden states; source credibility as precision; framing as prior/model selection; habitual policies; uncertainty-reducing action. || ADDITIONAL AUDIT: Behavioral examples and conceptual mappings across judgment, persuasion, and negotiation.","Advanced variants include Bayes, variational-free-energy and expected-free-energy notation. Mathematical equivalences and empirical applications must be stated with assumptions; broad high-level applications are hypotheses/metaphors unless operationalized. || ADDITIONAL AUDIT: 32 slides; notes on all 32; equations/concepts but no original empirical dataset; several one-to-one mappings from biases to free-energy language are speculative.","Friston (2010, 2023); Clark (2013); Rao and Ballard (1999); Parr, Pezzulo, and Friston (2022); Buckley et al.; Sajid et al.; Gottlieb and Oudeyer; Friston and Frith. No extractable embedded hyperlink; bibliography text still requires source verification. || ADDITIONAL AUDIT: Reference list in deck/notes; no external hyperlinks or embedded media.","0 packaged media item(s). Rights are not established merely by inclusion in lecture notes. Use facts/data, not reproduced journal figures; redraw plots/tables from verified numeric results and cite the original study. Link to videos unless licensed. Replace commercial screenshots, celebrity/news photos, UI captures, cartoons, and textbook art with licensed/public-domain/original assets. Modification alone does not extinguish copyright. Native-shape diagrams are the safest reusable elements, subject to source attribution and an independent layout/redraw. || ADDITIONAL AUDIT: All-native shapes and text. Any retained diagram can be rebuilt directly in book style.","Chapter 06 covers predictive inference and precision but not a formal active-inference treatment; related language appears in communication and negotiation chapters. || ADDITIONAL AUDIT: Basic content in chapters/06-the-predictive-mind.qmd; applications scattered across later chapters","Partial: priors/prediction error/precision are strong, but epistemic versus pragmatic action and the limits/testability of active inference could be clearer. Formal Markov-blanket/free-energy derivations are not needed in the main teaching journey. || ADDITIONAL AUDIT: partial/overlapping","After chapter 06, add a bounded optional toolkit; integrate epistemic action into probability/decision hygiene and negotiation questions. || ADDITIONAL AUDIT: chapter 6 only, using the technically more precise 24-slide variant as conceptual authority","Optional advanced toolkit; keep applications explicitly hypothetical/testable. || ADDITIONAL AUDIT: use as idea inventory, not as independent evidence","Container/content extraction succeeded; no parser error. || ADDITIONAL AUDIT: Do not explain anchoring, loss aversion, addiction, dual-process, or memory reconsolidation as direct consequences of FEP without a specified model and comparative evidence. || ADDITIONAL AUDIT: Overlapping assignments reconciled from: lecture-audit-foundations-risk.csv, lecture-audit-methods-happiness.csv."
"FEP_Active_Inference_Behavioral_Economics_Lecture(1)  -  Repaired.pptx","01 Foundations — predictive processing, free energy, and active inference || ADDITIONAL AUDIT: Top-level repaired active-inference assets","pptx","103576","7453374f097075c35e40a1184f1e329690ca19596605bb759b6e477db50c89a4","24 slides || ADDITIONAL AUDIT: 24","none || ADDITIONAL AUDIT: 0","yes — 24 slide(s) with nonempty notes || ADDITIONAL AUDIT: yes (24/24 slides)","24-slide mathematical companion to the 32-slide FEP lecture and 20-slide Active Inference deck","advanced mathematical active-inference variant || ADDITIONAL AUDIT: technically precise alternative deck","Defines priors, likelihood, prediction error, precision, generative models, Markov blankets, variational free energy, expected free energy, policies, epistemic/pragmatic value, active sampling, and habit as policy prior; applies them to framing, bias, interoception, identity, communication, persuasion, negotiation, and exploration/exploitation. || ADDITIONAL AUDIT: Generative process versus generative model; notation and Markov blanket; Bayesian inference; ordinary surprise versus Bayesian surprise; variational free energy; perception/action/learning; precision; prior preferences; expected free energy; exploration/exploitation; judgment, persuasion, communication, negotiation; model-comparison caveat.","Ambiguous perception; eye movements as experiments; asking for evidence about AI advice; negotiation questions that reveal hidden states; source credibility as precision; framing as prior/model selection; habitual policies; uncertainty-reducing action. || ADDITIONAL AUDIT: Object-jump inference; hot-room action; negotiation diagnostic question; persuasion and communication examples; hidden-state-before-concession class exercise.","Advanced variants include Bayes, variational-free-energy and expected-free-energy notation. Mathematical equivalences and empirical applications must be stated with assumptions; broad high-level applications are hypotheses/metaphors unless operationalized. || ADDITIONAL AUDIT: 24 slides; notes on all 24; equations for Bayes, variational F, and expected G; no empirical effect estimates.","Friston (2010, 2023); Clark (2013); Rao and Ballard (1999); Parr, Pezzulo, and Friston (2022); Buckley et al.; Sajid et al.; Gottlieb and Oudeyer; Friston and Frith. No extractable embedded hyperlink; bibliography text still requires source verification. || ADDITIONAL AUDIT: Parr/Pezzulo/Friston, Friston, Clark, Rao/Ballard, Buckley, Smith/Friston/Whyte references; no external hyperlinks.","0 packaged media item(s). Rights are not established merely by inclusion in lecture notes. Use facts/data, not reproduced journal figures; redraw plots/tables from verified numeric results and cite the original study. Link to videos unless licensed. Replace commercial screenshots, celebrity/news photos, UI captures, cartoons, and textbook art with licensed/public-domain/original assets. Modification alone does not extinguish copyright. Native-shape diagrams are the safest reusable elements, subject to source attribution and an independent layout/redraw. || ADDITIONAL AUDIT: All-native shapes/text; visually clean and readily redrawn. No embedded raster media.","Chapter 06 covers predictive inference and precision but not a formal active-inference treatment; related language appears in communication and negotiation chapters. || ADDITIONAL AUDIT: chapters/06-the-predictive-mind.qmd (only basic version)","Partial: priors/prediction error/precision are strong, but epistemic versus pragmatic action and the limits/testability of active inference could be clearer. Formal Markov-blanket/free-energy derivations are not needed in the main teaching journey. || ADDITIONAL AUDIT: partial","After chapter 06, add a bounded optional toolkit; integrate epistemic action into probability/decision hygiene and negotiation questions. || ADDITIONAL AUDIT: chapters/06-the-predictive-mind.qmd; optional equation-light advanced box","Optional advanced toolkit; keep applications explicitly hypothetical/testable. || ADDITIONAL AUDIT: incorporate key distinctions and one application; avoid importing full formalism","Container/content extraction succeeded; no parser error. || ADDITIONAL AUDIT: Best technical source among the repaired decks. Preserve the distinction between generative process and model, ordinary and Bayesian surprise, and inference versus encoded world state. Keep the final model-identification warning. || ADDITIONAL AUDIT: Overlapping assignments reconciled from: lecture-audit-foundations-risk.csv, lecture-audit-methods-happiness.csv."
"Readings/.DS_Store","Readings","none","6148","2b3a18a1838808fd29d2ea17030dd4535de982e8b7d360efc55f0899eb63f105","not applicable","not applicable","not applicable","","macOS administrative artifact","Finder metadata only; no teaching content.","None.","None.","None.","No visual content.","None.","not applicable","none","omit/delete only if later authorized","Binary plist not treated as a reading."
"Readings/01 - AI, Prediction and Complexity/AI and Behavioral Economics.pdf","Readings / AI, prediction, and complexity","pdf","230244","dc0f9d7ba5a4bf301314c104c8fb14e04b207ffdb8c146ff9139dc4091b3c189","24","not applicable","no separate speaker notes","","published scholarly chapter","Camerer on machine learning as open-minded feature discovery and theory benchmark; prospect theory versus flexible ML; noisy/overfit human judgment; clinical versus statistical prediction; AI as “bionic patch” or behavioral “malware”; recommender systems and price discrimination.","Bargaining/risky-choice/game prediction examples; Meehl/Dawes clinical-versus-actuarial comparison; human–AI complement/substitution discussion.","24 pages; 2 image objects. Claims compare prediction performance across theory and ML in cited datasets; reuse only after checking the original study/table.","Camerer, chapter 24 in Agrawal, Gans & Goldfarb (eds.), The Economics of Artificial Intelligence (2019), plus cited primary literature; no parsed external URLs in this excerpt.","Copyrighted book chapter. Quote sparingly and create original conceptual diagrams; do not reproduce its pages/figures.","chapters/35-decision-hygiene.qmd briefly treats AI as input, not authority; prediction/value split also in chapter 1","partial","short AI prediction/judgment box in chapters/01 or 35; research-method implications in new methods appendix","synthesize and cite; no direct reproduction","Valuable framing source, but it is a 2019 snapshot. Update current ML examples if making state-of-the-art claims and separate predictive accuracy from causal/decision value."
"Readings/01 - AI, Prediction and Complexity/Impact of ML on economics.pdf","Readings / AI, prediction, and complexity","pdf","241487","b3f6939ca570daa573274f2c6c21add0e3ccb97fbc42d2295adeb925e0eabb1b","45","not applicable","no separate speaker notes","","published scholarly chapter","Athey on supervised/unsupervised learning, train/test separation, cross-validation, prediction versus causal identification, double/debiased ML, heterogeneous effects, policy learning/contextual bandits, interpretability, fairness, manipulation, and systemic risk.","Model selection and cross-validation examples; treatment-effect heterogeneity and policy targeting; digital-platform and market-design examples.","45 pages; text/table-focused. Contains methodological formulas and application statistics; none should be detached from estimands/assumptions.","Susan Athey, chapter 21 in The Economics of Artificial Intelligence (2019), with extensive scholarly bibliography; no parsed external URLs in excerpt.","Copyrighted chapter. Recreate only original teaching diagrams/tables and cite the chapter/primary papers.","No research-method appendix; chapter 35 has only high-level model/AI advice","missing","new methods appendix section “Prediction is not identification” and a short decision-hygiene box","synthesize selectively; update methods literature","Prediction–causality distinction is high value. Double ML, fairness, and bandit claims are technical and should be introduced only with appropriate assumptions; the field has advanced since 2019."
"Readings/01 - AI, Prediction and Complexity/Impact_ML_on_Econ_Summary.pptx","Readings / AI, prediction, and complexity","pptx","38720","53b299a92e0b9f5189a4935be118ff74e648dfdb7dc530e57e5e605ae49f22fb","11","0","no","Readings/01 - AI, Prediction and Complexity/Impact of ML on economics.pdf","derivative summary deck","Eleven-slide synopsis of the Athey machine-learning/economics chapter.","Compact recap questions/examples derived from the source chapter.","11 slides, no hidden or notes, no media; no independent quantitative results.","Derivative of Athey chapter; no hyperlinks or independent references.","All-native text/shapes, but it adds no independent rights or evidentiary authority.","No methods appendix","duplicate/summary","new methods appendix","use the published chapter, not this summary, as source authority","Textual overlap is low because this is a high-level paraphrase, but the conceptual dependency is explicit."
"Readings/01 - AI, Prediction and Complexity/Prediction Judgment and Complexity.pdf","Readings / AI, prediction, and complexity","pdf","305345","dc01cdf8ed6a9bd8d911803c6c22df616a7674716de03b438bd6e5811c9e01dd","26","not applicable","no separate speaker notes","","published scholarly chapter","Prediction infers a state; judgment maps actions and states to payoffs. Discusses prediction and judgment as complements/substitutes, task frequency versus accuracy, radiology, complexity, automation, contracts, and firm boundaries.","Radiology and repeated-decision examples; classify what AI predicts versus what a human/organization must value and decide.","26 pages; text-focused. Comparative examples are conceptual/economic rather than a single headline effect estimate.","Agrawal, Gans & Goldfarb, chapter 3 in The Economics of Artificial Intelligence (2019), with cited sources; no parsed URLs.","Copyrighted chapter. Use the distinction in original prose/diagram and cite; no page or figure reproduction.","Prediction–valuation split in chapters/01 and 07; AI decision systems in chapter 35","partial","chapters/01-the-choice-is-the-tip-of-the-iceberg.qmd and 35-decision-hygiene.qmd","incorporate as a concise bridge: prediction does not decide","High-value organizing distinction. Avoid implying judgment is uniquely human; define judgment functionally and keep value/goal ownership explicit."
"Readings/01 - AI, Prediction and Complexity/Prediction_Judgment_Complexity_Summary.pptx","Readings / AI, prediction, and complexity","pptx","39766","6c79d30766d6f5dd1f8dc474fac936ff444d84fbbc3cdd547e58727b619133b8","12","0","no","Readings/01 - AI, Prediction and Complexity/Prediction Judgment and Complexity.pdf","derivative summary deck","Twelve-slide synopsis of prediction versus judgment, complements/substitutes, complexity, and organization.","Compact classification questions based on the source chapter.","12 slides, no hidden or notes, no media; no independent quantitative results.","Derivative of Agrawal, Gans & Goldfarb chapter 3; no hyperlinks.","Native text/shapes; no independent source authority.","Prediction–valuation split and decision hygiene are partial","duplicate/summary","chapters 1 and 35","use the published chapter as source authority","Conceptual summary only; not an additional reading to cite."
"Readings/01 - AI, Prediction and Complexity/The economics of artificial intelligence an agenda.pdf","Readings / AI, prediction, and complexity","pdf","3983207","7f3e4ef096e63727facd42f052b69209be1eea5c5a5465fe7df5f928e366fcf7","643","not applicable","no separate speaker notes","","copyrighted edited volume / source repository","Full 2019 NBER/University of Chicago Press volume spanning AI as general-purpose technology, growth/jobs/inequality, regulation/privacy/trade/tort, machine learning in economics, organization, prediction/judgment, and behavioral economics.","Twenty-four chapters supply cases across firms, labor, policy, law, prediction, and behavior; only chapters 3, 21, and 24 are directly prioritized for this book revision.","643 pages; 75 image objects; numerous quantitative claims across independent chapters. No attempt should treat the volume as one homogeneous evidence source.","Agrawal, Gans & Goldfarb (eds.), The Economics of Artificial Intelligence: An Agenda (2019); two parsed URLs, plus extensive chapter bibliographies.","Copyright page states all rights reserved and prohibits reproduction except brief quotations. Do not embed pages, tables, or figures; cite individual chapters and return to primary data where redrawing results.","Scattered partial coverage in chapters 1, 35, and 36","source repository, not a chapter-sized gap","use chapters 3, 21, and 24 at the destinations specified in their individual rows","cite selectively; do not attempt exhaustive incorporation of this external volume","The user asked to incorporate lecture-note content, not copy a 643-page commercial book. Treat the volume as background evidence. Its 2019 policy/technology claims may be dated."
"Readings/01 - AI, Prediction and Complexity/__From Perception to Choice_ Understanding the Dimensions of Decision Making__.docx","Readings / AI, prediction, and complexity","docx","78763","c312ce0b5902a2e11980f77598e330bf51dfa51d8e781024421c140561aac73b","259 paragraphs","not applicable","document has comments part and footnotes part; no slide notes","","synthetic derivative reading / source-discovery aid","Eight-chapter synthetic survey organized as perception, preference/choice, uncertainty, time, self/others, intelligence/AI, and conclusion; combines framing, risk/ambiguity, present bias, social preferences, identity, algorithm aversion, and alignment.","Invisible gorilla, Asian disease, Ellsberg, hyperbolic discounting, social-image/public-goods examples, algorithm aversion, nudges and AI alignment.","259 paragraphs; 0 tables/media; 87 external links. Numerous classic numerical examples but many claims are simplified and some citations are mismatched.","Mixed primary, secondary, Wikipedia, Bohrium, news, and 15+ file:// pseudo-links. Footnote/comment parts exist but substantive reviewer comments were not found.","No embedded images; prose and organization appear derivative/AI-generated. Do not copy text; verify every retained claim against primary sources.","Nearly all topic areas are already present or planned across Parts I–VI and chapter 35","overlapping; not authoritative","use only as a checklist for perception → choice → uncertainty → time → self/others → intelligence continuity","source discovery only","Contains 87 links, many broken local file:// references and secondary pages. “Smart idiot,” paperclip, neural framing, AI, and policy claims require primary verification. No tracked changes. PDF pair is a render of this DOCX."
"Readings/01 - AI, Prediction and Complexity/__From Perception to Choice_ Understanding the Dimensions of Decision Making__.pdf","Readings / AI, prediction, and complexity","pdf","234074","4b9aaaab1b7daba6f2063bf4ddac0d817c533124271a8388e897321b8359f158","37","not applicable","no separate speaker notes","Readings/01 - AI, Prediction and Complexity/__From Perception to Choice_ Understanding the Dimensions of Decision Making__.docx","rendered duplicate of synthetic DOCX","Thirty-seven-page rendered version of the synthetic perception-to-choice survey.","Same examples as DOCX.","37 pages; no image objects; same claims as DOCX.","Eight visible web URLs; file:// links from the DOCX do not survive as usable references.","No independent visual assets.","Overlaps current/planned Parts I–VI","duplicate/not authoritative","none beyond checklist use","use DOCX only for searchable source discovery","Five-gram Jaccard 0.925 and containment 0.962 versus DOCX."
"Readings/02 - Research Design and Replication/Choosing the Right Research Question in Behavioral Economics.docx","Readings / research design and replication","docx","26892","d307a0952657690cf870edc675afaa108a5f7fa7c11c7d157a4505d3d63056e6","80 paragraphs","not applicable","document has comments part and footnotes part; no slide notes","","synthetic student guide","Specific, operationalizable, feasible, interesting/important, novel, ethical, and relevant research questions; empirical versus review questions; default, incentive, immunization, and framing examples.","Rewrite broad topics into measurable questions; diagnose data/ethics/resources; compare empirical and literature-review forms.","80 paragraphs, no tables/media, 34 links. Example effect claims are not consistently accompanied by design or uncertainty.","Mixed primary/secondary links plus file:// pseudo-links; comments/footnotes parts present but no substantive comments found.","No images. Do not copy synthetic prose; retain only verified framework and original examples.","No research-method appendix","missing but source is non-authoritative","new methods appendix/student guide: From topic to answerable question","use as checklist; verify examples against primary evidence","The claim that opt-out defaults are “five times” higher does not identify realized donation supply. Cross-country comparisons are confounded. No tracked changes."
"Readings/02 - Research Design and Replication/Choosing the Right Research Question in Behavioral Economics.pdf","Readings / research design and replication","pdf","70181","7e6ddfb166b423d73fb67d4e34b158154802b4a9233844d6af736e72a8beebdc","9","not applicable","no separate speaker notes","Readings/02 - Research Design and Replication/Choosing the Right Research Question in Behavioral Economics.docx","rendered duplicate of synthetic DOCX","Nine-page rendered student guide to choosing an answerable behavioral-economics research question.","Same question-rewrite and feasibility examples as DOCX.","9 pages; no image objects; same claims as DOCX.","Nine visible URLs; use primary sources rather than secondary Decision Lab/Elsevier pages.","No images.","No methods appendix","duplicate","new methods appendix/student guide","use DOCX for search; no independent incorporation","Five-gram containment 0.917 versus DOCX."
"Readings/02 - Research Design and Replication/Experimental Studies and Replication Failures Across Disciplines.docx","Readings / research design and replication","docx","67552","dc65495c23ab6d0a7a49984611991073c652f327dcf74285398fd0f577358c4d","297 paragraphs","not applicable","no comments/footnotes or slide notes","","synthetic replication-crisis survey / lead list","Broad review of experimental design and replication controversies across psychology, behavioral economics, and neuroscience: ego depletion, social priming, power posing, facial feedback, verbal overshadowing, Mozart, Bem, bilingual/working-memory effects, money priming, honesty signature, hot hand, economic replications, oxytocin, fMRI and small-N issues.","Compare original and replication designs; classify direct/conceptual replication; diagnose power, flexibility, publication bias, measurement, protocol and context differences.","297 paragraphs, 1 table, 39 links. Includes ego-depletion replication N=2,141/d≈.04, Camerer 11/18 replication summary, and many original/replication effect claims; all require direct source verification.","Mixed primary papers, repositories, Data Colada/blog/secondary commentary and PDFs; no comment/footnote parts.","No embedded media. Any table should be reconstructed from verified primary/meta-analytic data; do not copy synthetic prose.","No methods/replication appendix; chapter 16 already handles priming cautiously","missing as methods overview; overlapping at example level","new methods appendix: replication, power, publication bias, protocol heterogeneity, and claim calibration","source-discovery lead list only; verify each case","The document uses binary “failed/nonexistent” language and contains shorthand/miscitations. Report estimates, confidence intervals, design differences, and current meta-analytic status. Do not infer that nonreplication proves fraud or universal absence."
"Readings/02 - Research Design and Replication/Experimental Studies and Replication Failures Across Disciplines.pdf","Readings / research design and replication","pdf","189076","c088cb94f6a5e5693d02d9733f147f4812d10109b92cf4682ca91a17d414452f","27","not applicable","no separate speaker notes","Readings/02 - Research Design and Replication/Experimental Studies and Replication Failures Across Disciplines.docx","rendered duplicate of synthetic DOCX","Twenty-seven-page render of the replication-crisis survey.","Same replication cases and diagnosis prompts as DOCX.","27 pages; no image objects; same claims as DOCX.","39 visible URLs, matching the DOCX set.","No independent visual assets.","No methods appendix","duplicate","new methods appendix","use DOCX as lead list; no independent incorporation","Five-gram containment 0.903 versus DOCX."
"Readings/02 - Research Design and Replication/Formulating a Strong Research Question for a Behavioral Economics Literature Review.docx","Readings / research design and replication","docx","26658","3953a6d880eca2d4a02f771733bb4d2e84ecade30042d79f5ff5e67785202cc4","60 paragraphs","not applicable","document has comments part and footnotes part; no slide notes","","synthetic student guide","How a literature-review question differs from an empirical question; focus on themes, mechanisms, moderators and contexts; enough comparable studies; practical scope, structure, contribution, and a course-specific rubric.","Narrow broad review topics; identify 3–6 core studies; organize by mechanism/moderator/context rather than serial summaries.","60 paragraphs, no tables/media, 12 links; no central quantitative result.","Mostly file:// pseudo-links and course-document references; comments/footnotes parts present but no substantive comments found.","No images. Rewrite in the author’s voice and remove course-year/admin specifics.","No methods/student appendix","missing","new methods appendix/student guide: designing an evidence-synthesis question","incorporate concise verified guidance; omit rubric/admin text","“3–6 core studies” is a teaching heuristic, not a universal review standard. A comprehensive review may require many more studies and a transparent search strategy. No tracked changes."
"Readings/02 - Research Design and Replication/Formulating a Strong Research Question for a Behavioral Economics Literature Review.pdf","Readings / research design and replication","pdf","70035","7be680707ab6ec823e91edfa8084c15f7d647f3fc26c9a35f2e6f42b205e20a5","10","not applicable","no separate speaker notes","Readings/02 - Research Design and Replication/Formulating a Strong Research Question for a Behavioral Economics Literature Review.docx","rendered duplicate of synthetic DOCX","Ten-page render of the literature-review-question guide.","Same narrowing and synthesis-structure examples.","10 pages; no image objects; same nonquantitative guidance.","No parsed public URLs; source links are mostly internal file references in DOCX.","No images.","No methods/student appendix","duplicate","new methods appendix/student guide","use DOCX as canonical text source; no separate incorporation","Five-gram containment 0.966 versus DOCX."
"Readings/03 - Priming and Goal Setting/Chapter – Goal Setting and Priming Effects on Behavior.docx","Readings / priming and goal setting","docx","38474","cff9697ab5c643327fabeba1f28f788ea3c176150cefc0198cad842b893b2be4","92 paragraphs","not applicable","document has comments part and footnotes part; no slide notes","","synthetic literature chapter","Goal priming in health/diet and mating/risk contexts; goal relevance and timing; mere exposure, repetition, fluency, and aging; practical positive-thinking framing.","Healthy-recipe flyer and snack purchase; mating goals and risk; timing/relevance moderation; mere-exposure demonstrations.","92 paragraphs, no tables/media, 58 links. Includes a 75% snack-reduction claim and multiple priming effects stated too confidently for the broader evidence base.","Papies and other primary papers mixed with review/secondary links; many URL text-fragment variants; comments/footnotes parts present.","No images. Do not copy synthetic prose; any result figure should be newly drawn from verified study data.","chapters/16-priming-and-the-active-mental-context.qmd and 17-fluency-familiarity-and-the-feeling-of-truth.qmd already provide cautious coverage","mostly incorporated; goal-relevance/timing nuance partial","chapter 16, one bounded subsection on goal activation, relevance, and timing","mine moderation ideas only; verify via primary/meta-analytic evidence","Avoid “highly effective,” “without awareness,” or population-wide claims. The 75% result is a specific protocol/subgroup finding, not a generic intervention effect. No tracked changes."
"Readings/03 - Priming and Goal Setting/Chapter – Goal Setting and Priming Effects on Behavior.pdf","Readings / priming and goal setting","pdf","104884","7690f5789798348717bb10657e65a2bd3cea65b50b3d9f3b22be1fd60f130806","14","not applicable","no separate speaker notes","Readings/03 - Priming and Goal Setting/Chapter – Goal Setting and Priming Effects on Behavior.docx","rendered duplicate of synthetic DOCX","Fourteen-page render of the goal-setting/priming chapter.","Same diet, mating/risk, timing, and mere-exposure examples.","14 pages; no image objects; same claims as DOCX.","Fourteen visible URLs; less link-fragment duplication than DOCX.","No images.","Priming chapters already exist","duplicate","chapter 16 only if a nuance is missing","use DOCX for source discovery; no independent incorporation","Five-gram containment 0.939 versus DOCX."
"Readings/03 - Priming and Goal Setting/Priming, Subliminal Messaging, and Positive Thinking_ A Scientific Review and the Replication Crisis.docx","Readings / priming and goal setting","docx","88250","c6e7f96a462c3319b98e67d11124bd15a114e325085b1ebd9eb57978a2739946","304 paragraphs","not applicable","no comments/footnotes or slide notes","","synthetic replication-aware review / lead list","Distinguishes robust cognitive/semantic priming from disputed behavioral/social priming; reviews Florida/professor/hostility/power-pose/honesty-signature/flag/money examples, subliminal messaging, self-affirmation/positive thinking, mechanisms, and replication crisis.","Classify cognitive versus behavioral priming; compare originals and replications; discuss boundary conditions and preregistration.","304 paragraphs, 2 tables, 36 links. Summarizes many effect sizes/replication outcomes but often uses categorical language and secondary sources.","Primary papers mixed with Wikipedia, replicationindex/secondary commentary, blogs, and institutional pages; no comment/footnote parts.","No embedded media. Rebuild any evidence table after a primary/meta-analytic source audit.","chapter 16 already offers a more careful evidence hierarchy; chapter 17 covers exposure/fluency","substantially incorporated/overlapping","chapters 16–17; methods appendix only for a replication case box","use as source map, not as prose authority","Do not classify whole domains as simply real/false. Separate semantic/repetition priming, affective priming, goal activation, behavioral outcomes, awareness, timing, and replication conditions. No tracked changes."
"Readings/03 - Priming and Goal Setting/Priming, Subliminal Messaging, and Positive Thinking_ A Scientific Review and the Replication Crisis.pdf","Readings / priming and goal setting","pdf","218724","c2ea20a6d13235354e072636b15ddb6ea66b8e279fd0b9404510f16ec523367c","30","not applicable","no separate speaker notes","Readings/03 - Priming and Goal Setting/Priming, Subliminal Messaging, and Positive Thinking_ A Scientific Review and the Replication Crisis.docx","rendered duplicate of synthetic DOCX","Thirty-page render of the priming/replication review.","Same priming, subliminal, positive-thinking, and replication cases.","30 pages; no image objects; same claims/tables as DOCX.","37 visible URLs; one more visible/truncated URL string than DOCX extraction.","No independent visual assets.","chapter 16 already covers topic","duplicate","chapters 16–17/methods case box","use DOCX as lead list; no independent incorporation","Five-gram containment 0.926 versus DOCX."
"Readings/Instructor Notes/Literature.docx","Readings / instructor notes","docx","20521","a56b027272abd3fc22505dabb557488fd79ac842e13b69b99dcb14ef70a44cd1","3 paragraphs","not applicable","no comments/footnotes or slide notes","","minimal bibliography note","Three short paragraphs containing two anchoring/coherent-arbitrariness references.","No activity.","No quantitative values beyond whatever is contained in cited works.","Ariely, Loewenstein & Prelec (2003), “Coherent Arbitrariness”; Maniadis, Tufano & List (2014) on One Swallow/anchoring. No URLs.","No images or tables.","chapters/14-anchors-halos-decoys-and-escalation.qmd and references","incorporated/reference check","chapter 14 bibliography","verify bibliography entries; otherwise no prose to add","No comments, footnotes, tracked changes, or media. Check that the second citation’s title/year are exact before adding."
"Readings/Instructor Notes/Replication Crisis References.docx","Readings / instructor notes","docx","29424","c883d6fd6e429cdd715f828012f32eaaff68f90c5f443fc69443d5a2b8feb374","137 paragraphs","not applicable","no comments/footnotes or slide notes","","bibliographic lead list / rough notes","Mixed references and prose notes on ego depletion, social priming, power posing, hot hand, stereotype threat, bilingual and working-memory effects, honesty signature, oxytocin, fMRI, and broader replication debates.","Potential case list for a replication-methods appendix.","137 paragraphs; no tables/media/links. Includes many sample/effect shorthand claims without a uniform data table or uncertainty.","Bibliographic notes only; several duplicate, shorthand, or inaccurate entries and no live URLs.","No images. Do not copy prose or build a table from this note without primary-source verification.","No methods/replication appendix; some cases discussed in chapter 16","missing as an integrated methods section; source itself is not publication-ready","new methods appendix: a small set of carefully verified replication case studies","use as lead list only","Examples of problems: Baumeister & Tierney/date shorthand, categorical hot-hand and priming conclusions, and mixed original/replication citations. Deduplicate and verify every bibliographic record. No tracked changes."
