occurrence_id,deck,slide_number,hidden_slide,object_id,object_name,sha256,duplicate_group,role,provenance,rights_status,treatment,destination,status,notes
DPN01. Decision Process:s1:o1,DPN01. Decision Process.pptx,1,False,7,Picture 6,65c29b88f625a702652efe844263a6e0f23e3604094c0ed76d6d53d302a28e8f,sha256:65c29b88f625a702,decorative,deck-embedded title or divider artwork; no reusable license metadata,unclear,decorative-omitted,none,accounted,"Generic title art omitted; the chapter opening supplies the conceptual job. Raw asset ppt/media/image1.png, 1672×941 px; duplicate-group count in global inventory: 1."
DPN01. Decision Process:s4:o1,DPN01. Decision Process.pptx,4,False,19,Picture 4,2fab781e388213fe79385d21a0576d138538663e44dfbb2c188f65486b097947,sha256:2fab781e388213fe,administrative,deck-embedded QR code or live-platform screenshot,protected,administrative-omitted,chapters/01-decision-making-is-a-process-not-a-moment.qmd#activity,accounted,"Padlet QR omitted; Decision Audit Studio Part 1 is a self-contained chapter activity. Raw asset ppt/media/image2.png, 742×742 px; duplicate-group count in global inventory: 1."
DPN01. Decision Process:s5:o1,DPN01. Decision Process.pptx,5,False,6,Picture 5,c725c06451a3779feead89b1b288c5eb7d72da77037fa4d2d8cb7e84a1c10868,sha256:c725c06451a3779f,decorative,deck-embedded title or divider artwork; no reusable license metadata,unclear,decorative-omitted,none,accounted,"Iceberg divider art omitted; the hidden-process prose carries the metaphor. Raw asset ppt/media/image3.png, 1672×941 px; duplicate-group count in global inventory: 1."
DPN01. Decision Process:s8:o1,DPN01. Decision Process.pptx,8,False,9,Picture 9,fac0673bd8cef39f50af3ed4eb2a138f5505d97cbc0b23d9f93b10b4bc9cda33,sha256:fac0673bd8cef39f,substantive,deck-embedded conceptual diagram; no reusable license metadata,unclear,represented-in-existing-book-visual,figures/decision-loop.svg,complete,"Both raster components map to the original accessible decision-loop SVG in Chapter 1. Raw asset ppt/media/image4.png, 1266×802 px; duplicate-group count in global inventory: 1."
DPN01. Decision Process:s8:o2,DPN01. Decision Process.pptx,8,False,10,Picture 2,b8b387cb86c16e795b2ae62582ddc1d4622ff268c25e89da93c174e60ca8bb97,sha256:b8b387cb86c16e79,substantive,deck-embedded conceptual diagram; no reusable license metadata,unclear,represented-in-existing-book-visual,figures/decision-loop.svg,complete,"Both raster components map to the original accessible decision-loop SVG in Chapter 1. Raw asset ppt/media/image5.png, 371×371 px; duplicate-group count in global inventory: 1."
DPN01. Decision Process:s12:o1,DPN01. Decision Process.pptx,12,False,18,Picture 9,ee9387ee71a0f6bc3e53f86730f68e63e05adc167e237b56629f911de62d92ee,sha256:ee9387ee71a0f6bc,substantive,deck-embedded third-party or course visual; no reusable license metadata,unclear,represented-in-text-or-activity,chapters/01-decision-making-is-a-process-not-a-moment.qmd#to-decide-is-to-cut-off-judgment-choice-and-sacrifice,complete,"Crossroads photograph omitted; opportunity cost and the path forgone are explained in prose and Chapter 3. Raw asset ppt/media/image6.png, 450×684 px; duplicate-group count in global inventory: 1."
DPN01. Decision Process:s14:o1,DPN01. Decision Process.pptx,14,False,9,slide.url=https://www.polleverywhere.com/multiple_choice_polls/WFGCQ09uLQXWn5PUx9E9q?display_state=instructions&activity_state=opened&state=opened&flow=Engagement&onscreen=persist,e3a3232eeebc9205fc5cd8cb359f69f65a45dc621c176124fbdecdfb6d21cc8e,sha256:e3a3232eeebc9205,administrative,deck-embedded QR code or live-platform screenshot,protected,administrative-omitted,chapters/01-decision-making-is-a-process-not-a-moment.qmd#activity,accounted,"Poll screenshot and QR omitted; its option-generation prompt is represented as a durable activity. Raw asset ppt/media/image7.png, 1600×900 px; duplicate-group count in global inventory: 1."
DPN01. Decision Process:s14:o2,DPN01. Decision Process.pptx,14,False,10,Picture 6,7239d3b014bfd89ef306a8b0b2664582823e86a39f5410d201c281aa19e6277e,sha256:7239d3b014bfd89e,administrative,deck-embedded QR code or live-platform screenshot,protected,administrative-omitted,chapters/01-decision-making-is-a-process-not-a-moment.qmd#activity,accounted,"Poll screenshot and QR omitted; its option-generation prompt is represented as a durable activity. Raw asset ppt/media/image8.png, 208×206 px; duplicate-group count in global inventory: 1."
DPN01. Decision Process:s15:o1,DPN01. Decision Process.pptx,15,False,6,Picture 5,c584cfd715f47d99981552c3eb93584a572ecc0f6c89c8ec433b2ccd1f5dffa2,sha256:c584cfd715f47d99,decorative,deck-embedded title or divider artwork; no reusable license metadata,unclear,decorative-omitted,none,accounted,"Section or title artwork carries no unique evidence. Raw asset ppt/media/image9.png, 1672×941 px; duplicate-group count in global inventory: 1."
DPN01. Decision Process:s19:o1,DPN01. Decision Process.pptx,19,False,17417,Picture 1,969e083838339d18b34ace55e7277425dc271e7dbaf8aa8ec266456a43fe0278,sha256:969e083838339d18,substantive,deck-embedded third-party or course visual; no reusable license metadata,protected,represented-in-text-or-activity,chapters/01-decision-making-is-a-process-not-a-moment.qmd#example-1-an-arrow-that-redirects-attention,complete,"Google advertisement screenshot is not reproduced; the arrow anecdote and evidential caveat are in prose. Raw asset ppt/media/image10.png, 1448×1086 px; duplicate-group count in global inventory: 2."
DPN01. Decision Process:s19:o2,DPN01. Decision Process.pptx,19,False,17418,Picture 3,969e083838339d18b34ace55e7277425dc271e7dbaf8aa8ec266456a43fe0278,sha256:969e083838339d18,duplicate,exact embedded-asset duplicate of DPN01 slide 19 occurrence o1,protected,duplicate-accounted,chapters/01-decision-making-is-a-process-not-a-moment.qmd#example-1-an-arrow-that-redirects-attention,accounted,"Exact SHA-256 duplicate; substantive/decorative disposition is already recorded at DPN01 slide 19 occurrence o1. Raw asset ppt/media/image10.png, 1448×1086 px; duplicate-group count in global inventory: 2."
DPN01. Decision Process:s20:o1,DPN01. Decision Process.pptx,20,False,17417,Picture 3,09e794feea16fe96ae61a0333a3e19dc317665f8ea0e5ed99cbab3308e90d353,sha256:09e794feea16fe96,substantive,third-party study stimulus or result graphic; no license metadata,protected,represented-in-text-or-activity,appendices/appendix-d-when-evidence-breaks.qmd#a-concrete-update-watched-eyes-and-the-honesty-box,complete,"Eye-image stimulus and study-result plot are represented by a cited cumulative-evidence explanation with boundary conditions. Raw asset ppt/media/image11.png, 333×898 px; duplicate-group count in global inventory: 1."
DPN01. Decision Process:s20:o2,DPN01. Decision Process.pptx,20,False,17419,Picture 7,f0bc548355b408283839e9a0e4737f3e31cfc23e87a28e82bb33887646334350,sha256:f0bc548355b40828,substantive,third-party study stimulus or result graphic; no license metadata,protected,represented-in-text-or-activity,appendices/appendix-d-when-evidence-breaks.qmd#a-concrete-update-watched-eyes-and-the-honesty-box,complete,"Eye-image stimulus and study-result plot are represented by a cited cumulative-evidence explanation with boundary conditions. Raw asset ppt/media/image12.png, 639×898 px; duplicate-group count in global inventory: 1."
DPN01. Decision Process:s21:o1,DPN01. Decision Process.pptx,21,False,23559,Picture 10,a60a2164ab290afad0903978369c755226a2fea57f5a5219989c48c79445a7ce,sha256:a60a2164ab290afa,substantive,deck-embedded conceptual diagram; no reusable license metadata,unclear,represented-in-existing-book-visual,figures/anchor-decoy.svg,complete,"Both Economist subscription screenshots map to the prose example and the original anchor-decoy schematic. Raw asset ppt/media/image13.png, 350×302 px; duplicate-group count in global inventory: 1."
DPN01. Decision Process:s21:o2,DPN01. Decision Process.pptx,21,False,23563,Picture 5,a5df6fd21f930f04e08c0e03c15452b8b4aa17274ee3390f36158d582ed66960,sha256:a5df6fd21f930f04,substantive,deck-embedded conceptual diagram; no reusable license metadata,unclear,represented-in-existing-book-visual,figures/anchor-decoy.svg,complete,"Both Economist subscription screenshots map to the prose example and the original anchor-decoy schematic. Raw asset ppt/media/image14.png, 331×302 px; duplicate-group count in global inventory: 1."
DPN01. Decision Process:s22:o1,DPN01. Decision Process.pptx,22,False,13,Picture 7,90635d6853b743997e1be8498d40c7bcf1a7e993fa6c845586ab808290dac1e4,sha256:90635d6853b74399,substantive,deck-embedded third-party or course visual; no reusable license metadata,protected,represented-in-text-or-activity,chapters/12-framing-when-the-same-facts-become-different-decisions.qmd#equivalent-facts-different-meanings,complete,"Protected surgery-consent photographs are replaced by the 90% survival versus 10% complication text pair. Raw asset ppt/media/image15.jpeg, 462×645 px; duplicate-group count in global inventory: 2."
DPN01. Decision Process:s22:o2,DPN01. Decision Process.pptx,22,False,14,Picture 8,9568a063e2f83c863cf119eeab957e7b2daf61bae4d771259e00bbcfc75c2f00,sha256:9568a063e2f83c86,substantive,deck-embedded third-party or course visual; no reusable license metadata,protected,represented-in-text-or-activity,chapters/12-framing-when-the-same-facts-become-different-decisions.qmd#equivalent-facts-different-meanings,complete,"Protected surgery-consent photographs are replaced by the 90% survival versus 10% complication text pair. Raw asset ppt/media/image16.jpeg, 480×645 px; duplicate-group count in global inventory: 2."
DPN01. Decision Process:s23:o1,DPN01. Decision Process.pptx,23,False,23559,Picture 3,697da4bd18531bdb0230038f18feac58c9bffb2403ee5b53f114da4f9df0da7c,sha256:697da4bd18531bdb,substantive,third-party study-result chart; no license metadata,protected,represented-in-text-or-activity,chapters/01-decision-making-is-a-process-not-a-moment.qmd#example-5-organ-donation-and-the-power-of-a-default,complete,"Country chart is not copied or redrawn because the slide does not establish a reusable numeric data source; the study and caveat are cited in prose. Raw asset ppt/media/image17.png, 1202×582 px; duplicate-group count in global inventory: 1."
DPN01. Decision Process:s23:o2,DPN01. Decision Process.pptx,23,False,23560,Picture 5,bc47e7a3dd6a7d01ea4ecc28a59ed306721639ac7aac587ba5f80a16c30f8251,sha256:bc47e7a3dd6a7d01,substantive,third-party study-result chart; no license metadata,protected,represented-in-text-or-activity,chapters/01-decision-making-is-a-process-not-a-moment.qmd#example-5-organ-donation-and-the-power-of-a-default,complete,"Country chart is not copied or redrawn because the slide does not establish a reusable numeric data source; the study and caveat are cited in prose. Raw asset ppt/media/image18.png, 1202×582 px; duplicate-group count in global inventory: 1."
DPN01. Decision Process:s24:o1,DPN01. Decision Process.pptx,24,False,23561,Picture 2,33c0fe734a614dbc2b0ac32fd99224de055e9d3e3aa8cbdc551da52c5f3c2f14,sha256:33c0fe734a614dbc,substantive,deck-embedded third-party or course visual; no reusable license metadata,protected,represented-in-text-or-activity,chapters/01-decision-making-is-a-process-not-a-moment.qmd#example-5-organ-donation-and-the-power-of-a-default,complete,"Opt-in/opt-out screenshot is represented by a text comparison of the two default rules. Raw asset ppt/media/image19.png, 624×412 px; duplicate-group count in global inventory: 1."
DPN01. Decision Process:s25:o1,DPN01. Decision Process.pptx,25,False,10,Picture 4,c1065373db12ea28a4d0b7f02ad61b41c7bc9f8c2bd8eb88cd7618405fa1c25b,sha256:c1065373db12ea28,substantive,"product, trademark, or mission-patch image; exact reuse rights not established",protected,represented-in-text-or-activity,chapters/01-decision-making-is-a-process-not-a-moment.qmd#example-6-mars-publicity-and-mars-bar-sales,complete,"Mars brand and Pathfinder imagery are not reproduced; the anecdote and causal caution are in prose. Raw asset ppt/media/image20.png, 640×462 px; duplicate-group count in global inventory: 2."
DPN01. Decision Process:s25:o2,DPN01. Decision Process.pptx,25,False,11,Picture 2,6e7efc6cbd6b75f08039528727b475a7b8ccbc1f7c33849bf571b5d1803be16d,sha256:6e7efc6cbd6b75f0,substantive,"product, trademark, or mission-patch image; exact reuse rights not established",protected,represented-in-text-or-activity,chapters/01-decision-making-is-a-process-not-a-moment.qmd#example-6-mars-publicity-and-mars-bar-sales,complete,"Mars brand and Pathfinder imagery are not reproduced; the anecdote and causal caution are in prose. Raw asset ppt/media/image21.jpeg, 584×364 px; duplicate-group count in global inventory: 2."
DPN01. Decision Process:s26:o1,DPN01. Decision Process.pptx,26,False,27,Content Placeholder 5,11ed8f4d9e4b3d75aa2ac881ebb4170f2533558365e4d17ec4cedb589e071b35,sha256:11ed8f4d9e4b3d75,substantive,third-party study-result chart; no license metadata,protected,represented-in-text-or-activity,chapters/05-valuation-how-options-become-worth-choosing.qmd#motives-change-the-decision-landscape,complete,"Fear/romance stimuli, result graphic, and museum imagery are represented by the cited message–motive-fit example. Raw asset ppt/media/image22.png, 622×631 px; duplicate-group count in global inventory: 1."
DPN01. Decision Process:s26:o2,DPN01. Decision Process.pptx,26,False,30,Picture 2,c10c497ab845c3b7e29e6a469ed29cc85cc04603366ab7ffc6ac46f590922486,sha256:c10c497ab845c3b7,substantive,copyrighted feature-film still or poster used as an experimental mood stimulus,protected,represented-in-text-or-activity,chapters/05-valuation-how-options-become-worth-choosing.qmd#motives-change-the-decision-landscape,complete,"Fear/romance stimuli, result graphic, and museum imagery are represented by the cited message–motive-fit example. Raw asset ppt/media/image23.jpeg, 452×678 px; duplicate-group count in global inventory: 2."
DPN01. Decision Process:s26:o3,DPN01. Decision Process.pptx,26,False,31,Picture 4,7681ebb9a492bc57b5a05ac800f966fff0535b0ab6ad802c5ca58ba9554aee91,sha256:7681ebb9a492bc57,substantive,copyrighted feature-film still or poster used as an experimental mood stimulus,protected,represented-in-text-or-activity,chapters/05-valuation-how-options-become-worth-choosing.qmd#motives-change-the-decision-landscape,complete,"Fear/romance stimuli, result graphic, and museum imagery are represented by the cited message–motive-fit example. Raw asset ppt/media/image24.jpeg, 356×483 px; duplicate-group count in global inventory: 2."
DPN01. Decision Process:s26:o4,DPN01. Decision Process.pptx,26,False,32,Picture 14,aa8dd795681e6c4934396c1515bce28241e251ab06a2208625ced9db249057de,sha256:aa8dd795681e6c49,substantive,study legend or message-condition graphic; no license metadata,protected,represented-in-text-or-activity,chapters/05-valuation-how-options-become-worth-choosing.qmd#motives-change-the-decision-landscape,complete,"Fear/romance stimuli, result graphic, and museum imagery are represented by the cited message–motive-fit example. Raw asset ppt/media/image25.png, 240×160 px; duplicate-group count in global inventory: 1."
DPN01. Decision Process:s26:o5,DPN01. Decision Process.pptx,26,False,33,Picture 18,d961b43db2a8cf1acd8ebd04aebd6b5714717904b37fa55d041936f756c462ed,sha256:d961b43db2a8cf1a,substantive,museum photograph/logo or branded example; no reusable license,protected,represented-in-text-or-activity,chapters/05-valuation-how-options-become-worth-choosing.qmd#motives-change-the-decision-landscape,complete,"Fear/romance stimuli, result graphic, and museum imagery are represented by the cited message–motive-fit example. Raw asset ppt/media/image26.png, 528×556 px; duplicate-group count in global inventory: 2."
DPN01. Decision Process:s29:o1,DPN01. Decision Process.pptx,29,False,7,Picture 4,1389b9870a360ca6c27db7f2e457f8bce629cbd947056e2f285505d0c2b40f16,sha256:1389b9870a360ca6,substantive,deck-embedded conceptual diagram; no reusable license metadata,unclear,represented-in-existing-book-visual,figures/decision-making-according-to-behavioral-evidence.svg,complete,"Raster behavioral-decision diagram maps to the book’s original accessible SVG. Raw asset ppt/media/image27.png, 1672×941 px; duplicate-group count in global inventory: 1."
DPN01. Decision Process:s30:o1,DPN01. Decision Process.pptx,30,False,6,Picture 5,39048d61d9b2d264d758877126b7b60662d756f07af4201d432131c2e0e27a04,sha256:39048d61d9b2d264,decorative,deck-embedded title or divider artwork; no reusable license metadata,unclear,decorative-omitted,none,accounted,"Section or title artwork carries no unique evidence. Raw asset ppt/media/image28.png, 1672×941 px; duplicate-group count in global inventory: 1."
DPN01. Decision Process:s31:o1,DPN01. Decision Process.pptx,31,False,22,Picture 17,bf9534bbdd42502f2307db1e95991559d102fc9e23164455c0dc7ce3826c9579,sha256:bf9534bbdd42502f,substantive,third-party brain illustration; no license metadata,unclear,represented-in-existing-book-visual,figures/valuation.svg,complete,"Anatomical valuation illustration is replaced by the original distributed-input valuation schematic and cautious localization prose. Raw asset ppt/media/image29.png, 1536×1024 px; duplicate-group count in global inventory: 1."
DPN01. Decision Process:s33:o1,DPN01. Decision Process.pptx,33,False,14,Content Placeholder 5,92ec00f5af86675380f02e1f5d821ab57f7bbe60fd3a47da1e7204a748da507e,sha256:92ec00f5af866753,substantive,third-party journal or study graphic; no license metadata,protected,represented-in-text-or-activity,chapters/05-valuation-how-options-become-worth-choosing.qmd#automatic-evaluation-is-a-first-pass-not-the-decision,complete,"The protected reward/force study graphic is represented by the cited task description and limited-awareness caveat. Raw asset ppt/media/image30.png, 2218×956 px; duplicate-group count in global inventory: 1."
DPN01. Decision Process:s36:o1,DPN01. Decision Process.pptx,36,False,14,Content Placeholder 5,13029cdb4d17b05ff326b10c365a1f14f72a6379d9ea831caa53091bc7578356,sha256:13029cdb4d17b05f,substantive,third-party or course result chart; no license metadata,protected,represented-in-text-or-activity,chapters/05-valuation-how-options-become-worth-choosing.qmd#the-self-changes-value,complete,"Implicit-egotism chart is not reproduced; self-relevance and the limits of implicit-egotism claims are explained in prose. Raw asset ppt/media/image31.gif, 1435×764 px; duplicate-group count in global inventory: 2."
DPN01. Decision Process:s36:o2,DPN01. Decision Process.pptx,36,False,15,Content Placeholder 5,13029cdb4d17b05ff326b10c365a1f14f72a6379d9ea831caa53091bc7578356,sha256:13029cdb4d17b05f,duplicate,exact embedded-asset duplicate of DPN01 slide 36 occurrence o1,protected,duplicate-accounted,chapters/05-valuation-how-options-become-worth-choosing.qmd#the-self-changes-value,accounted,"Exact SHA-256 duplicate; substantive/decorative disposition is already recorded at DPN01 slide 36 occurrence o1. Raw asset ppt/media/image31.gif, 1435×764 px; duplicate-group count in global inventory: 2."
DPN01. Decision Process:s40:o1,DPN01. Decision Process.pptx,40,False,7,大卫的大脑科学 第4集 (1),0b1f45e03e2eee30e511ce770d9aa7abd1d6b533722b59d144bbdd166fa20ec0,sha256:0b1f45e03e2eee30,substantive,BBC programme thumbnail; no reusable license or clean source URL,protected,represented-in-text-or-activity,chapters/05-valuation-how-options-become-worth-choosing.qmd#emotion-tells-the-mind-what-matters,complete,"BBC video thumbnail is not redistributed and no clean authorized URL exists in the deck; Damasio’s case is covered in cited prose. Raw asset ppt/media/image32.png, 1280×720 px; duplicate-group count in global inventory: 2."
DPN01. Decision Process:s40:o2,DPN01. Decision Process.pptx,40,False,8,大卫的大脑科学 第4集 (1),0b1f45e03e2eee30e511ce770d9aa7abd1d6b533722b59d144bbdd166fa20ec0,sha256:0b1f45e03e2eee30,duplicate,exact embedded-asset duplicate of DPN01 slide 40 occurrence o1,protected,duplicate-accounted,chapters/05-valuation-how-options-become-worth-choosing.qmd#emotion-tells-the-mind-what-matters,accounted,"Exact SHA-256 duplicate; substantive/decorative disposition is already recorded at DPN01 slide 40 occurrence o1. Raw asset ppt/media/image32.png, 1280×720 px; duplicate-group count in global inventory: 2."
DPN01. Decision Process:s41:o1,DPN01. Decision Process.pptx,41,False,13,Content Placeholder 5,1d843b76161f3662f46527e1e7559eea50ae113a299889eccd66e7006d046dec,sha256:1d843b76161f3662,substantive,third-party journal result graphic; no license metadata,protected,represented-in-text-or-activity,chapters/05-valuation-how-options-become-worth-choosing.qmd#motives-change-the-decision-landscape,complete,"Protected sexual-cue discounting chart is replaced by cited prose that also records later null or limited evidence. Raw asset ppt/media/image33.png, 1026×756 px; duplicate-group count in global inventory: 2."
DPN01. Decision Process:s41:o2,DPN01. Decision Process.pptx,41,False,14,Content Placeholder 5,1d843b76161f3662f46527e1e7559eea50ae113a299889eccd66e7006d046dec,sha256:1d843b76161f3662,duplicate,exact embedded-asset duplicate of DPN01 slide 41 occurrence o1,protected,duplicate-accounted,chapters/05-valuation-how-options-become-worth-choosing.qmd#motives-change-the-decision-landscape,accounted,"Exact SHA-256 duplicate; substantive/decorative disposition is already recorded at DPN01 slide 41 occurrence o1. Raw asset ppt/media/image33.png, 1026×756 px; duplicate-group count in global inventory: 2."
DPN01. Decision Process:s42:o1,DPN01. Decision Process.pptx,42,False,9,slide.url=https://www.polleverywhere.com/multiple_choice_polls/bvmJmXYXz57a5v8ygHyP7?display_state=instructions&activity_state=opened&state=opened&flow=Instructor&onscreen=persist,2358ed91cca05d8614e22fb8f71bff07d628cc74eba743c6407eb8f97cde0fb0,sha256:2358ed91cca05d86,administrative,deck-embedded QR code or live-platform screenshot,protected,administrative-omitted,chapters/07-the-narrator-after-choice-why-reasons-are-not-always-causes.qmd#record-before-review-after,accounted,"Poll Everywhere screenshot and QR are omitted; the five-manager learning question is in Chapter 18. Raw asset ppt/media/image34.png, 1600×900 px; duplicate-group count in global inventory: 1."
DPN01. Decision Process:s42:o2,DPN01. Decision Process.pptx,42,False,10,Picture 6,87dc0cdd56f5950578997b319eb93442e5f9369b279e18ea6df97388848de82b,sha256:87dc0cdd56f59505,administrative,deck-embedded QR code or live-platform screenshot,protected,administrative-omitted,chapters/07-the-narrator-after-choice-why-reasons-are-not-always-causes.qmd#record-before-review-after,accounted,"Poll Everywhere screenshot and QR are omitted; the five-manager learning question is in Chapter 18. Raw asset ppt/media/image35.png, 209×208 px; duplicate-group count in global inventory: 1."
DPN01. Decision Process:s43:o1,DPN01. Decision Process.pptx,43,False,6,Picture 5,57b7e9e0b21981a371adb05717bab5879ba9a3f96a18b0825986a4e2e274bef0,sha256:57b7e9e0b21981a3,decorative,deck-embedded title or divider artwork; no reusable license metadata,unclear,decorative-omitted,none,accounted,"Section or title artwork carries no unique evidence. Raw asset ppt/media/image36.png, 1672×941 px; duplicate-group count in global inventory: 1."
DPN01. Decision Process:s46:o1,DPN01. Decision Process.pptx,46,False,43,Picture 29,d5e05e36c23b2f48a3e609ecf945d13a5ffd0b698a8585045cf4376142aaa4c3,sha256:d5e05e36c23b2f48,substantive,deck-embedded third-party or course visual; no reusable license metadata,protected,represented-in-text-or-activity,chapters/07-the-narrator-after-choice-why-reasons-are-not-always-causes.qmd#choice-blindness-and-the-confidence-of-explanation,complete,"Choice-blindness stimulus photograph is not reproduced; the switched-face and identical-product demonstrations are described and cited. Raw asset ppt/media/image37.png, 480×480 px; duplicate-group count in global inventory: 1."
DPN01. Decision Process:s50:o1,DPN01. Decision Process.pptx,50,False,6,Picture 5,db66a32798f350513e7e5bfa42b12b84f245e2cfd1f4f36b32c2542612adc3fe,sha256:db66a32798f35051,decorative,deck-embedded title or divider artwork; no reusable license metadata,unclear,decorative-omitted,none,accounted,"Section or title artwork carries no unique evidence. Raw asset ppt/media/image38.png, 1672×941 px; duplicate-group count in global inventory: 1."
DPN01. Decision Process:s52:o1,DPN01. Decision Process.pptx,52,False,16,Picture 9,faebfd41ef7ace5415798c00d886b16318153aef306f712d18a80f3a0fb1f12a,sha256:faebfd41ef7ace54,administrative,deck-embedded QR code or live-platform screenshot,protected,administrative-omitted,chapters/01-decision-making-is-a-process-not-a-moment.qmd#activity,accounted,"Audit Part 2 QR omitted; the audit is self-contained in the chapter activity. Raw asset ppt/media/image39.png, 982×982 px; duplicate-group count in global inventory: 1."
DPN01. Decision Process:s54:o1,DPN01. Decision Process.pptx,54,False,4,Image 0,dc3c42270e494a1955bf55718e078c33d2662bdb3fb20294ab42c423a6c913d9,sha256:dc3c42270e494a19,decorative,deck-embedded title or divider artwork; no reusable license metadata,unclear,decorative-omitted,none,accounted,"Closing artwork omitted; the final diagnostic sentence is retained as prose. Raw asset ppt/media/image40.jpeg, 1672×941 px; duplicate-group count in global inventory: 3."
DPN01. Decision Process:s55:o1,DPN01. Decision Process.pptx,55,False,10,Image 0,67146575d2c8d0740eb30e15fca03fa6518fd2d0c310f3af86d07814e49e70fc,sha256:67146575d2c8d074,decorative,deck-embedded title or divider artwork; no reusable license metadata,unclear,decorative-omitted,none,accounted,"Complementary-section artwork omitted; it contains no unique evidence. Raw asset ppt/media/image41.jpeg, 1672×941 px; duplicate-group count in global inventory: 3."
DPN01. Decision Process:s64:o1,DPN01. Decision Process.pptx,64,True,8,Picture 4,26806cfad1024abca48fa29629d9c920966f8d45cc81c52bf89c4ed47b408d50,sha256:26806cfad1024abc,substantive,historical portrait; exact scan and provenance unverified,unclear,represented-in-text-or-activity,chapters/05-valuation-how-options-become-worth-choosing.qmd#automatic-evaluation-is-a-first-pass-not-the-decision,complete,"Exact Hume portrait provenance is unverified; the historical quotation and its narrow teaching interpretation are in prose. Raw asset ppt/media/image42.jpeg, 791×900 px; duplicate-group count in global inventory: 1."
DPN01. Decision Process:s66:o1,DPN01. Decision Process.pptx,66,True,27,Picture 2,c10c497ab845c3b7e29e6a469ed29cc85cc04603366ab7ffc6ac46f590922486,sha256:c10c497ab845c3b7,duplicate,exact embedded-asset duplicate of DPN01 slide 26 occurrence o2,protected,duplicate-accounted,chapters/05-valuation-how-options-become-worth-choosing.qmd#motives-change-the-decision-landscape,accounted,"Exact SHA-256 duplicate; substantive/decorative disposition is already recorded at DPN01 slide 26 occurrence o2. Raw asset ppt/media/image23.jpeg, 452×678 px; duplicate-group count in global inventory: 2."
DPN01. Decision Process:s66:o2,DPN01. Decision Process.pptx,66,True,28,Picture 4,7681ebb9a492bc57b5a05ac800f966fff0535b0ab6ad802c5ca58ba9554aee91,sha256:7681ebb9a492bc57,duplicate,exact embedded-asset duplicate of DPN01 slide 26 occurrence o3,protected,duplicate-accounted,chapters/05-valuation-how-options-become-worth-choosing.qmd#motives-change-the-decision-landscape,accounted,"Exact SHA-256 duplicate; substantive/decorative disposition is already recorded at DPN01 slide 26 occurrence o3. Raw asset ppt/media/image24.jpeg, 356×483 px; duplicate-group count in global inventory: 2."
DPN01. Decision Process:s66:o3,DPN01. Decision Process.pptx,66,True,29,Picture 18,d961b43db2a8cf1acd8ebd04aebd6b5714717904b37fa55d041936f756c462ed,sha256:d961b43db2a8cf1a,duplicate,exact embedded-asset duplicate of DPN01 slide 26 occurrence o5,protected,duplicate-accounted,chapters/05-valuation-how-options-become-worth-choosing.qmd#motives-change-the-decision-landscape,accounted,"Exact SHA-256 duplicate; substantive/decorative disposition is already recorded at DPN01 slide 26 occurrence o5. Raw asset ppt/media/image26.png, 528×556 px; duplicate-group count in global inventory: 2."
DPN01. Decision Process:s74:o1,DPN01. Decision Process.pptx,74,True,6,Picture 5,0f5263eaba29d7393420fd78fe41f7ef91bd5db1b390eb75d3f715f87ff19868,sha256:0f5263eaba29d739,decorative,deck-embedded title or divider artwork; no reusable license metadata,unclear,decorative-omitted,none,accounted,"Narrator divider art omitted; Chapter 18 carries the concept. Raw asset ppt/media/image43.png, 1672×941 px; duplicate-group count in global inventory: 1."
DPN01. Decision Process:s77:o1,DPN01. Decision Process.pptx,77,True,17417,Picture 1,b757cc1bd4855c7f4fd6a1ae2a61b4dde1940df3e8052757d1661e67ad56eb79,sha256:b757cc1bd4855c7f,substantive,government website screenshot and logo; reuse terms not verified,protected,represented-in-text-or-activity,chapters/01-decision-making-is-a-process-not-a-moment.qmd#example-5-organ-donation-and-the-power-of-a-default,complete,"Danish ministry branding and organ-donation webpage screenshot are not reproduced; default effects are represented in prose. Raw asset ppt/media/image44.png, 1186×515 px; duplicate-group count in global inventory: 1."
DPN01. Decision Process:s77:o2,DPN01. Decision Process.pptx,77,True,17418,Picture 7,9b400116e829e850b0fa0ef5d77eb3e2d07f29bf6374f71dc31f5a92b95767dc,sha256:9b400116e829e850,substantive,government website screenshot and logo; reuse terms not verified,protected,represented-in-text-or-activity,chapters/01-decision-making-is-a-process-not-a-moment.qmd#example-5-organ-donation-and-the-power-of-a-default,complete,"Danish ministry branding and organ-donation webpage screenshot are not reproduced; default effects are represented in prose. Raw asset ppt/media/image45.png, 1384×234 px; duplicate-group count in global inventory: 1."
DPN01. Decision Process:s80:o1,DPN01. Decision Process.pptx,80,True,32,Image 0,e869ad025a9a7fc40c101a72028cdb66e53088d3dd7a41e0c9e1f9aa268974f2,sha256:e869ad025a9a7fc4,substantive,third-party experimental stimulus sheet; no license metadata,protected,represented-in-text-or-activity,chapters/05-valuation-how-options-become-worth-choosing.qmd#automatic-evaluation-is-a-first-pass-not-the-decision,complete,"Prime-picture sheet is a protected experimental stimulus set; the paradigm, result, correction, and limits are described and cited. Raw asset ppt/media/image46.png, 1496×1270 px; duplicate-group count in global inventory: 2."
DPN01. Decision Process:s81:o1,DPN01. Decision Process.pptx,81,True,50,Image 0,e869ad025a9a7fc40c101a72028cdb66e53088d3dd7a41e0c9e1f9aa268974f2,sha256:e869ad025a9a7fc4,duplicate,exact embedded-asset duplicate of DPN01 slide 80 occurrence o1,protected,duplicate-accounted,chapters/05-valuation-how-options-become-worth-choosing.qmd#automatic-evaluation-is-a-first-pass-not-the-decision,accounted,"Exact SHA-256 duplicate; substantive/decorative disposition is already recorded at DPN01 slide 80 occurrence o1. Raw asset ppt/media/image46.png, 1496×1270 px; duplicate-group count in global inventory: 2."
DPN01. Decision Process:s83:o1,DPN01. Decision Process.pptx,83,True,9,Picture 2,4580ea9bff72a2958754d8927d31afdf2dfa8fa5cf17ec330d6a25cfa1b86362,sha256:4580ea9bff72a295,substantive,third-party clinical illustration; no license metadata,protected,represented-in-text-or-activity,chapters/08-fast-and-frugal-thinking.qmd#emotion-is-part-of-judgment,complete,"Capgras illustration is not reproduced; the recognition/familiarity dissociation and caution are described and cited. Raw asset ppt/media/image47.jpeg, 1000×1375 px; duplicate-group count in global inventory: 1."
DPN01. Decision Process:s84:o1,DPN01. Decision Process.pptx,84,True,12,Picture 2,008fb98756a2cdca2852201fa1ef703bca47b3cd3b8c1059c6d1f93b413436ac,sha256:008fb98756a2cdca,substantive,third-party clinical or journal figure; no license metadata,protected,represented-in-text-or-activity,chapters/08-fast-and-frugal-thinking.qmd#emotion-is-part-of-judgment,complete,"Prosopagnosia brain image is not reproduced; covert physiological recognition is described and cited. Raw asset ppt/media/image48.jpeg, 311×729 px; duplicate-group count in global inventory: 1."
DPN02. Attention_Prediction_Expectation:s1:o1,DPN02. Attention_Prediction_Expectation.pptx,1,False,7,Picture 6,43ee252327f20fee89672d0f28c661d6db773d1cf4049bd6b69e1d1add96350f,sha256:43ee252327f20fee,decorative,deck-embedded title or divider artwork; no reusable license metadata,unclear,decorative-omitted,none,accounted,"Section or title artwork carries no unique evidence. Raw asset ppt/media/image1.png, 1672×941 px; duplicate-group count in global inventory: 1."
DPN02. Attention_Prediction_Expectation:s5:o1,DPN02. Attention_Prediction_Expectation.pptx,5,False,6,"Awareness Test - Odyssey Teams (720p, h264)",1dd54f4a12b620f5e961231a18a25415921ce9473642b3f39cdd6f1903937e30,sha256:1dd54f4a12b620f5,substantive,third-party audiovisual thumbnail with source URL in deck relationship,protected,linked-original,chapters/03-attention-what-becomes-evidence.qmd#watch-and-test-count-first-explain-second,complete,"Awareness-test thumbnail maps to two authorized YouTube links already used in the book; the deck-to-link identity is explicitly noted as ambiguous. Raw asset ppt/media/image2.png, 1280×720 px; duplicate-group count in global inventory: 1."
DPN02. Attention_Prediction_Expectation:s6:o1,DPN02. Attention_Prediction_Expectation.pptx,6,False,6,Picture 5,6983e35bfab3cadc50be893c413d2528b1b2ced8a4721ec771c9f74fb35ce22a,sha256:6983e35bfab3cadc,decorative,deck-embedded title or divider artwork; no reusable license metadata,unclear,decorative-omitted,none,accounted,"Section or title artwork carries no unique evidence. Raw asset ppt/media/image3.png, 1672×941 px; duplicate-group count in global inventory: 1."
DPN02. Attention_Prediction_Expectation:s7:o1,DPN02. Attention_Prediction_Expectation.pptx,7,False,8,Image 0,2301d027246ed293a168835fea2cfe8f0018be1b8e16baffa1ae82a968808314,sha256:2301d027246ed293,substantive,third-party brain photograph; no license metadata,protected,represented-in-text-or-activity,chapters/03-attention-what-becomes-evidence.qmd#attention-under-divided-demand,complete,"Brain photograph is not needed; constrained adaptive processing is represented in sourced prose. Raw asset ppt/media/image4.jpeg, 330×258 px; duplicate-group count in global inventory: 1."
DPN02. Attention_Prediction_Expectation:s8:o1,DPN02. Attention_Prediction_Expectation.pptx,8,False,12,Picture 11,4d34efb8990d981b486b3163a8e9ae7e44bfe992208b37bfbdeead1ab73f892f,sha256:4d34efb8990d981b,substantive,third-party infographic; no license metadata,unclear,represented-in-existing-book-visual,figures/attention-bottleneck.svg,complete,"Energy/bandwidth infographic maps to sourced 2%/20% prose and the original sensory-bottleneck SVG. Raw asset ppt/media/image5.png, 2006×948 px; duplicate-group count in global inventory: 1."
DPN02. Attention_Prediction_Expectation:s10:o1,DPN02. Attention_Prediction_Expectation.pptx,10,False,6,Image 0,c5c1bc1ee07900ed505da63bca5d4bb95ae080e109ee67c57f17e94b426e2b47,sha256:c5c1bc1ee07900ed,substantive,generated-looking classroom image; creation provenance and rights unclear,unclear,represented-in-text-or-activity,chapters/03-attention-what-becomes-evidence.qmd#attention-under-divided-demand,complete,"Generated-looking classroom image is omitted while divided-attention evidence and classroom examples are retained. Raw asset ppt/media/image6.jpeg, 1262×941 px; duplicate-group count in global inventory: 1."
DPN02. Attention_Prediction_Expectation:s13:o1,DPN02. Attention_Prediction_Expectation.pptx,13,False,4,Image 0,f007b7f963aa0371018de26dce1fdcb2676dab95303898cbd1d0bf0f128a4760,sha256:f007b7f963aa0371,substantive,third-party audiovisual thumbnail with source URL in deck relationship,protected,linked-original,chapters/03-attention-what-becomes-evidence.qmd#watch-and-test-count-first-explain-second,complete,"Basketball-scene image is not reproduced; the authorized inattentional-blindness demonstration and debrief are linked. Raw asset ppt/media/image7.jpeg, 1260×941 px; duplicate-group count in global inventory: 1."
DPN02. Attention_Prediction_Expectation:s14:o1,DPN02. Attention_Prediction_Expectation.pptx,14,False,27,Content Placeholder 5,aab5d9ccd7fef4c1e7ac4ab6a92293707b0aece4ebe8442d7717344fcc6fbbc5,sha256:aab5d9ccd7fef4c1,substantive,generated-looking aviation/HUD image; rights unclear,unclear,represented-in-text-or-activity,chapters/03-attention-what-becomes-evidence.qmd#attention-under-divided-demand,complete,"HUD image is omitted; attentional tunnelling is explained as visibility without psychological integration. Raw asset ppt/media/image8.jpeg, 414×314 px; duplicate-group count in global inventory: 1."
DPN02. Attention_Prediction_Expectation:s15:o1,DPN02. Attention_Prediction_Expectation.pptx,15,False,11,Content Placeholder 5,d630eb1faa534edb006e9550816c75a24d152d80bf6b85de97c08bb49643d1cc,sha256:d630eb1faa534edb,substantive,third-party medical or journal image; no license metadata,protected,represented-in-text-or-activity,chapters/03-attention-what-becomes-evidence.qmd#the-invisible-gorilla-in-expert-search,complete,"Radiology image is not reproduced; the expert-search study and its limits are cited. Raw asset ppt/media/image9.png, 439×328 px; duplicate-group count in global inventory: 1."
DPN02. Attention_Prediction_Expectation:s16:o1,DPN02. Attention_Prediction_Expectation.pptx,16,False,5,Picture 4,633bc571422c08bbdea5f38bd8946570137d1dbb5235cbfe31b7c5eed400518c,sha256:633bc571422c08bb,substantive,third-party audiovisual thumbnail with source URL in deck relationship,protected,linked-original,chapters/03-attention-what-becomes-evidence.qmd#watch-and-test-what-did-your-model-preserve,complete,"Animated change-blindness stimulus maps to the authorized original link and a two-pass search prompt. Raw asset ppt/media/image10.gif, 480×360 px; duplicate-group count in global inventory: 1."
DPN02. Attention_Prediction_Expectation:s16:o2,DPN02. Attention_Prediction_Expectation.pptx,16,False,12,Picture 2,4f2816bcbb2bf86f2e0b317f2ac3a3a92b0cc5163a6e168d88c4d927ddfe7ec5,sha256:4f2816bcbb2bf86f,substantive,third-party audiovisual thumbnail with source URL in deck relationship,protected,linked-original,chapters/03-attention-what-becomes-evidence.qmd#watch-and-test-what-did-your-model-preserve,complete,"Animated change-blindness stimulus maps to the authorized original link and a two-pass search prompt. Raw asset ppt/media/image11.gif, 300×225 px; duplicate-group count in global inventory: 1."
DPN02. Attention_Prediction_Expectation:s17:o1,DPN02. Attention_Prediction_Expectation.pptx,17,False,2,"Derren Brown - Person Swap - 777Skeptic (480p, h264)",babb0875d05c345edaee72c5f654a9f750296ad4161628cbc572309976e60790,sha256:babb0875d05c345e,substantive,third-party embedded-video thumbnail; no clean source URL,protected,represented-in-text-or-activity,chapters/03-attention-what-becomes-evidence.qmd#change-blindness,complete,"Embedded person-swap thumbnail is not redistributed; no clean external source was extracted, while the phenomenon is covered in cited prose. Raw asset ppt/media/image12.png, 640×480 px; duplicate-group count in global inventory: 1."
DPN02. Attention_Prediction_Expectation:s19:o1,DPN02. Attention_Prediction_Expectation.pptx,19,False,6,Image 0,784ea82754b40d939f4cb8fd9daaf7d7b82522d5a2ff84b1be24cb5ff30c22e4,sha256:784ea82754b40d93,substantive,third-party or generated-looking illustrative image; no reusable license,unclear,represented-in-existing-book-visual,figures/attention-filter.svg,complete,"Advertising/magic attention image maps to the original attention-filter schematic and design questions. Raw asset ppt/media/image13.jpg, 710×467 px; duplicate-group count in global inventory: 1."
DPN02. Attention_Prediction_Expectation:s20:o1,DPN02. Attention_Prediction_Expectation.pptx,20,False,14,Content Placeholder 7,b4473c4114ccc14e3b5158af508b719292c7525095b510861736100878ceaf1f,sha256:b4473c4114ccc14e,substantive,third-party audiovisual thumbnail with source URL in deck relationship,protected,linked-original,chapters/03-attention-what-becomes-evidence.qmd#watch-and-test-directed-attention-in-a-story,complete,"Protected Focus frame is replaced by an authorized clip link and a cue-tracking prompt. Raw asset ppt/media/image14.png, 1416×726 px; duplicate-group count in global inventory: 1."
DPN02. Attention_Prediction_Expectation:s21:o1,DPN02. Attention_Prediction_Expectation.pptx,21,False,6,Picture 5,463db70e6b0b47c879a3e3d6781f3521471a4558fdbe7600a948772aea89352b,sha256:463db70e6b0b47c8,decorative,deck-embedded title or divider artwork; no reusable license metadata,unclear,decorative-omitted,none,accounted,"Section or title artwork carries no unique evidence. Raw asset ppt/media/image15.png, 1672×941 px; duplicate-group count in global inventory: 1."
DPN02. Attention_Prediction_Expectation:s22:o1,DPN02. Attention_Prediction_Expectation.pptx,22,False,11,Picture 10,cdb6c315c9e41625a9613b099a5452efd86a8963f075f551e2541aa2b2dcf393,sha256:cdb6c315c9e41625,substantive,deck-embedded conceptual diagram; no reusable license metadata,unclear,represented-in-existing-book-visual,figures/judgment-and-decision-making-according-to-predictive-processing.svg,complete,"All four raster components of model, world, and inference map to the book’s original predictive-processing SVG. Raw asset ppt/media/image16.png, 1672×941 px; duplicate-group count in global inventory: 1."
DPN02. Attention_Prediction_Expectation:s22:o2,DPN02. Attention_Prediction_Expectation.pptx,22,False,2,Picture 1,dc0ab8469e44a70b02e6d7a5cbda8b41a6054fc06258e71def8de22bcddd3d15,sha256:dc0ab8469e44a70b,substantive,deck-embedded conceptual diagram; no reusable license metadata,unclear,represented-in-existing-book-visual,figures/judgment-and-decision-making-according-to-predictive-processing.svg,complete,"All four raster components of model, world, and inference map to the book’s original predictive-processing SVG. Raw asset ppt/media/image17.png, 828×581 px; duplicate-group count in global inventory: 1."
DPN02. Attention_Prediction_Expectation:s22:o3,DPN02. Attention_Prediction_Expectation.pptx,22,False,4,Picture 3,490949c4344b6243e5ca8ba45029a81913a7ba0b6be9650676f93d289e529916,sha256:490949c4344b6243,substantive,deck-embedded conceptual diagram; no reusable license metadata,unclear,represented-in-existing-book-visual,figures/judgment-and-decision-making-according-to-predictive-processing.svg,complete,"All four raster components of model, world, and inference map to the book’s original predictive-processing SVG. Raw asset ppt/media/image18.jpeg, 316×245 px; duplicate-group count in global inventory: 1."
DPN02. Attention_Prediction_Expectation:s22:o4,DPN02. Attention_Prediction_Expectation.pptx,22,False,3,Picture 2,631533afd0ef05b85371294d915c9fad6ccbd100151190565552e19cb5b1c00f,sha256:631533afd0ef05b8,substantive,deck-embedded conceptual diagram; no reusable license metadata,unclear,represented-in-existing-book-visual,figures/judgment-and-decision-making-according-to-predictive-processing.svg,complete,"All four raster components of model, world, and inference map to the book’s original predictive-processing SVG. Raw asset ppt/media/image19.png, 329×246 px; duplicate-group count in global inventory: 1."
DPN02. Attention_Prediction_Expectation:s23:o1,DPN02. Attention_Prediction_Expectation.pptx,23,False,5,Picture 4,0f0e198bd3670f73c77d66643d1d16b8dd6446e5bc566c40ce07446f535345be,sha256:0f0e198bd3670f73,substantive,third-party scientific illustration; no license metadata,unclear,represented-in-existing-book-visual,figures/judgment-and-decision-making-according-to-predictive-processing.svg,complete,"Brain-network illustration is replaced by the original mechanism diagram and cautious prose. Raw asset ppt/media/image20.png, 1723×1091 px; duplicate-group count in global inventory: 1."
DPN02. Attention_Prediction_Expectation:s26:o1,DPN02. Attention_Prediction_Expectation.pptx,26,False,8,Picture 7,5ba4505b4df6b852dae001943c03287acdb586ebbabcaa5ca782ca9c6b7f2e2b,sha256:5ba4505b4df6b852,substantive,classic perception stimulus; exact source and reuse rights unclear,protected,represented-in-text-or-activity,chapters/04-the-predictive-mind-perception-is-inference.qmd#the-predictive-mind-perception-is-inference,complete,"Dalmatian reveal stimuli are not copied; perception-as-inference and model-dependent organization are explained in prose. Raw asset ppt/media/image21.jpeg, 1648×1107 px; duplicate-group count in global inventory: 1."
DPN02. Attention_Prediction_Expectation:s26:o2,DPN02. Attention_Prediction_Expectation.pptx,26,False,6,Content Placeholder 5,e56b62a4450234e26ae7cbba34ad1c3ab9a110403f1733175e410c3be8aaf15e,sha256:e56b62a4450234e2,substantive,classic perception stimulus; exact source and reuse rights unclear,protected,represented-in-text-or-activity,chapters/04-the-predictive-mind-perception-is-inference.qmd#the-predictive-mind-perception-is-inference,complete,"Dalmatian reveal stimuli are not copied; perception-as-inference and model-dependent organization are explained in prose. Raw asset ppt/media/image22.jpeg, 1928×1280 px; duplicate-group count in global inventory: 1."
DPN02. Attention_Prediction_Expectation:s27:o1,DPN02. Attention_Prediction_Expectation.pptx,27,False,3,Content Placeholder 5,3c7c785be004d0de7404af433fe1d8884062eff8cb6241d4cf5564b8c8cc0f6c,sha256:3c7c785be004d0de,substantive,face composite or generated image; no reusable license,unclear,represented-in-text-or-activity,chapters/04-the-predictive-mind-perception-is-inference.qmd#the-predictive-mind-perception-is-inference,complete,"Gendered-face composites are not reproduced; learned face priors and context-dependent classification are represented in prose. Raw asset ppt/media/image23.jpeg, 330×345 px; duplicate-group count in global inventory: 1."
DPN02. Attention_Prediction_Expectation:s27:o2,DPN02. Attention_Prediction_Expectation.pptx,27,False,9,Content Placeholder 5,4746c83a7d152fa2f51c32719211bf08df226321dff446333eb45bfe2ac564d7,sha256:4746c83a7d152fa2,substantive,face composite or generated image; no reusable license,unclear,represented-in-text-or-activity,chapters/04-the-predictive-mind-perception-is-inference.qmd#the-predictive-mind-perception-is-inference,complete,"Gendered-face composites are not reproduced; learned face priors and context-dependent classification are represented in prose. Raw asset ppt/media/image24.jpeg, 330×345 px; duplicate-group count in global inventory: 1."
DPN02. Attention_Prediction_Expectation:s28:o1,DPN02. Attention_Prediction_Expectation.pptx,28,False,8,Content Placeholder 5,58627da931fd9fe6ffe357e2b6765f6dfba31e449d0abb59f8b70de084b1ae7c,sha256:58627da931fd9fe6,substantive,third-party scientific illusion stimulus; no license metadata,protected,represented-in-text-or-activity,chapters/04-the-predictive-mind-perception-is-inference.qmd#the-predictive-mind-perception-is-inference,complete,"Thatcher stimulus is protected; the named illusion, mechanism, and primary citation are in prose. Raw asset ppt/media/image25.jpeg, 927×514 px; duplicate-group count in global inventory: 2."
DPN02. Attention_Prediction_Expectation:s28:o2,DPN02. Attention_Prediction_Expectation.pptx,28,False,9,Content Placeholder 5,58627da931fd9fe6ffe357e2b6765f6dfba31e449d0abb59f8b70de084b1ae7c,sha256:58627da931fd9fe6,duplicate,exact embedded-asset duplicate of DPN02 slide 28 occurrence o1,protected,duplicate-accounted,chapters/04-the-predictive-mind-perception-is-inference.qmd#the-predictive-mind-perception-is-inference,accounted,"Exact SHA-256 duplicate; substantive/decorative disposition is already recorded at DPN02 slide 28 occurrence o1. Raw asset ppt/media/image25.jpeg, 927×514 px; duplicate-group count in global inventory: 2."
DPN02. Attention_Prediction_Expectation:s29:o1,DPN02. Attention_Prediction_Expectation.pptx,29,False,21,Content Placeholder 5,1391a03629563a35c073375ad0893ddc1ebd42e3996d10596134bd21661a56e4,sha256:1391a03629563a35,substantive,third-party animated illusion; no license metadata,protected,represented-in-text-or-activity,chapters/04-the-predictive-mind-perception-is-inference.qmd#the-predictive-mind-perception-is-inference,complete,"Hollow-face animation is not copied; the light/shape prior is explained in prose. Raw asset ppt/media/image26.gif, 500×281 px; duplicate-group count in global inventory: 1."
DPN02. Attention_Prediction_Expectation:s30:o1,DPN02. Attention_Prediction_Expectation.pptx,30,False,2,Picture 1,4754a962ba5e5c1591958d22d074cf2006b81d8f9b12bc2013bfc72bf1e041f8,sha256:4754a962ba5e5c15,substantive,third-party perception stimulus; no license metadata,protected,represented-in-text-or-activity,chapters/04-the-predictive-mind-perception-is-inference.qmd#the-predictive-mind-perception-is-inference,complete,"Traffic-light colour construction images are replaced by the general inference-from-context explanation. Raw asset ppt/media/image27.png, 522×1080 px; duplicate-group count in global inventory: 1."
DPN02. Attention_Prediction_Expectation:s30:o2,DPN02. Attention_Prediction_Expectation.pptx,30,False,5,Picture 4,690b9b6024046de5b8e174079bcf82c3024f4c6059c82c002284424bfc1392fe,sha256:690b9b6024046de5,substantive,third-party perception stimulus; no license metadata,protected,represented-in-text-or-activity,chapters/04-the-predictive-mind-perception-is-inference.qmd#the-predictive-mind-perception-is-inference,complete,"Traffic-light colour construction images are replaced by the general inference-from-context explanation. Raw asset ppt/media/image28.png, 234×245 px; duplicate-group count in global inventory: 1."
DPN02. Attention_Prediction_Expectation:s31:o1,DPN02. Attention_Prediction_Expectation.pptx,31,False,5,Content Placeholder 5,4911ed05c26315a3ab37c834d4a249513ddced68cef1b0b8c2a2cb82dc3a98ef,sha256:4911ed05c26315a3,substantive,third-party scientific illusion stimulus; no license metadata,protected,represented-in-text-or-activity,chapters/04-the-predictive-mind-perception-is-inference.qmd#the-predictive-mind-perception-is-inference,complete,"Footprint shading stimulus is not copied; the light-from-above prior is described in prose. Raw asset ppt/media/image29.png, 712×163 px; duplicate-group count in global inventory: 1."
DPN02. Attention_Prediction_Expectation:s32:o1,DPN02. Attention_Prediction_Expectation.pptx,32,False,17,Picture 6,5c6d8fff1e4371f11b63fa6531731876a37bed991cad4d6f94e9d0aef9eda85e,sha256:5c6d8fff1e4371f1,substantive,third-party scientific illusion stimulus; no license metadata,protected,represented-in-text-or-activity,chapters/04-the-predictive-mind-perception-is-inference.qmd#the-predictive-mind-perception-is-inference,complete,"Checker-shadow GIF and static variants are not copied; identical-luminance inference is named, explained, and cited. Raw asset ppt/media/image30.gif, 540×420 px; duplicate-group count in global inventory: 1."
DPN02. Attention_Prediction_Expectation:s32:o2,DPN02. Attention_Prediction_Expectation.pptx,32,False,18,Picture 2,2ede3447be97de886f324a4504ade1120e34ea0c7ecb6e6c3b01f62c1d68354f,sha256:2ede3447be97de88,substantive,third-party scientific illusion stimulus; no license metadata,protected,represented-in-text-or-activity,chapters/04-the-predictive-mind-perception-is-inference.qmd#the-predictive-mind-perception-is-inference,complete,"Checker-shadow GIF and static variants are not copied; identical-luminance inference is named, explained, and cited. Raw asset ppt/media/image31.png, 1280×974 px; duplicate-group count in global inventory: 1."
DPN02. Attention_Prediction_Expectation:s32:o3,DPN02. Attention_Prediction_Expectation.pptx,32,False,19,Picture 4,b454a4b2b5415bf259f1653b6c5fe3a5b286fb05437d841375d2f8a940d016e3,sha256:b454a4b2b5415bf2,substantive,third-party scientific illusion stimulus; no license metadata,protected,represented-in-text-or-activity,chapters/04-the-predictive-mind-perception-is-inference.qmd#the-predictive-mind-perception-is-inference,complete,"Checker-shadow GIF and static variants are not copied; identical-luminance inference is named, explained, and cited. Raw asset ppt/media/image32.png, 1280×974 px; duplicate-group count in global inventory: 1."
DPN02. Attention_Prediction_Expectation:s33:o1,DPN02. Attention_Prediction_Expectation.pptx,33,False,6,Content Placeholder 5,208d9c8993ca98933184af36941e743b8510f4ecad9ea75f67071719ff32d6ea,sha256:208d9c8993ca9893,substantive,third-party scientific illusion stimulus; no license metadata,protected,represented-in-text-or-activity,chapters/04-the-predictive-mind-perception-is-inference.qmd#the-predictive-mind-perception-is-inference,complete,"Edge-contrast stimuli are not copied; surface, shadow, and illumination inference is explained in prose. Raw asset ppt/media/image33.png, 431×276 px; duplicate-group count in global inventory: 1."
DPN02. Attention_Prediction_Expectation:s33:o2,DPN02. Attention_Prediction_Expectation.pptx,33,False,7,Content Placeholder 5,95733c86694ddee2d7a9ad4146fefc5cf392f1a461c04143b3b676a56582db10,sha256:95733c86694ddee2,substantive,third-party scientific illusion stimulus; no license metadata,protected,represented-in-text-or-activity,chapters/04-the-predictive-mind-perception-is-inference.qmd#the-predictive-mind-perception-is-inference,complete,"Edge-contrast stimuli are not copied; surface, shadow, and illumination inference is explained in prose. Raw asset ppt/media/image34.png, 431×276 px; duplicate-group count in global inventory: 1."
DPN02. Attention_Prediction_Expectation:s34:o1,DPN02. Attention_Prediction_Expectation.pptx,34,False,2052,Picture 4,df4bb35e1c8bd6f6c431abdfd0d7602654278a482dbc3a36a4ace26e002e8ae1,sha256:df4bb35e1c8bd6f6,substantive,third-party news/person photograph; no license metadata,protected,represented-in-text-or-activity,chapters/04-the-predictive-mind-perception-is-inference.qmd#calibration-not-less-prediction-is-the-goal,complete,"Protected restored-sight photograph is replaced by a cited table row on evidence returning before coherent visual meaning. Raw asset ppt/media/image35.jpeg, 249×202 px; duplicate-group count in global inventory: 2."
DPN02. Attention_Prediction_Expectation:s35:o1,DPN02. Attention_Prediction_Expectation.pptx,35,False,10,Content Placeholder 5,42508688c64bb78aff0dd186c8ce885d7177daf8ac33dff950f977459f1d4585,sha256:42508688c64bb78a,substantive,third-party neuroscience figure; no license metadata,protected,represented-in-text-or-activity,chapters/04-the-predictive-mind-perception-is-inference.qmd#when-inner-models-help-and-trap,complete,"Synaptic-development figure is not copied; experience-dependent tuning and learned models are represented in prose. Raw asset ppt/media/image36.jpeg, 988×546 px; duplicate-group count in global inventory: 1."
DPN02. Attention_Prediction_Expectation:s36:o1,DPN02. Attention_Prediction_Expectation.pptx,36,False,6,Image 0,77b209688db7c334dfb2d2a85b0ffdfa60adc498295c32aea5ed17b276baf242,sha256:77b209688db7c334,substantive,generated-looking conceptual illustration; creation provenance unclear,unclear,represented-in-text-or-activity,chapters/04-the-predictive-mind-perception-is-inference.qmd#when-inner-models-help-and-trap,complete,"Generated-looking maze metaphor is omitted as expression; strong-model benefits and traps are explained directly. Raw asset ppt/media/image37.jpeg, 1262×941 px; duplicate-group count in global inventory: 1."
DPN02. Attention_Prediction_Expectation:s39:o1,DPN02. Attention_Prediction_Expectation.pptx,39,False,13,Picture 12,d966538c47a6b355d87a23244d10b2afb45a0cc758ef4907ee4a7f556422724a,sha256:d966538c47a6b355,substantive,Protected B/13 context demonstration component; source pixels are not reused,protected,original-replacement,figures/context-b13-demonstration.svg; chapters/04-the-predictive-mind-perception-is-inference.qmd#fig-context-b13-demonstration,complete,"A new vector mark is instantiated identically in number and letter contexts. The caption labels it as a demonstration rather than evidence for a neural mechanism or effect size. Raw asset ppt/media/image38.jpeg, 402×1372 px; duplicate-group count in global inventory: 1."
DPN02. Attention_Prediction_Expectation:s39:o2,DPN02. Attention_Prediction_Expectation.pptx,39,False,14,Picture 13,111d9ffd11021111d3867f87ca69864c6ed125b8b40d6640eb6780ed1c3d9fd7,sha256:111d9ffd11021111,substantive,Protected B/13 context demonstration component; source pixels are not reused,protected,original-replacement,figures/context-b13-demonstration.svg; chapters/04-the-predictive-mind-perception-is-inference.qmd#fig-context-b13-demonstration,complete,"A new vector mark is instantiated identically in number and letter contexts. The caption labels it as a demonstration rather than evidence for a neural mechanism or effect size. Raw asset ppt/media/image39.jpeg, 1018×412 px; duplicate-group count in global inventory: 1."
DPN02. Attention_Prediction_Expectation:s39:o3,DPN02. Attention_Prediction_Expectation.pptx,39,False,15,Picture 14,36e52a3f26b85fc0b9dcbb26d41d151ae51bc975cb01d70c354bc944abc4bbf5,sha256:36e52a3f26b85fc0,substantive,Protected B/13 context demonstration component; source pixels are not reused,protected,original-replacement,figures/context-b13-demonstration.svg; chapters/04-the-predictive-mind-perception-is-inference.qmd#fig-context-b13-demonstration,complete,"A new vector mark is instantiated identically in number and letter contexts. The caption labels it as a demonstration rather than evidence for a neural mechanism or effect size. Raw asset ppt/media/image40.jpeg, 355×413 px; duplicate-group count in global inventory: 1."
DPN02. Attention_Prediction_Expectation:s40:o1,DPN02. Attention_Prediction_Expectation.pptx,40,False,9,Content Placeholder 5,fcf27fdc87c9feff7a0aab49128f2ee0a6739e3b32cfc10209f28666c9a41dd6,sha256:fcf27fdc87c9feff,substantive,historical ambiguity scan; exact source unverified,unclear,represented-in-text-or-activity,chapters/04-the-predictive-mind-perception-is-inference.qmd#the-predictive-mind-perception-is-inference,complete,"Exact duck–rabbit scan provenance is unverified; contextual interpretation is represented in prose. Raw asset ppt/media/image41.jpeg, 1296×775 px; duplicate-group count in global inventory: 1."
DPN02. Attention_Prediction_Expectation:s41:o1,DPN02. Attention_Prediction_Expectation.pptx,41,False,6,Picture 5,f661e27a358a26ce7f0f70f1d13ea0ad858351a1eb0e7c00b02f35c5a5a4758d,sha256:f661e27a358a26ce,substantive,deck-embedded third-party or course visual; no reusable license metadata,protected,represented-in-text-or-activity,chapters/04-the-predictive-mind-perception-is-inference.qmd#the-predictive-mind-perception-is-inference,complete,"Ambiguous line drawings are protected/unclear and are replaced by a self-contained ambiguous-phrase demonstration. Raw asset ppt/media/image42.png, 1122×1402 px; duplicate-group count in global inventory: 1."
DPN02. Attention_Prediction_Expectation:s41:o2,DPN02. Attention_Prediction_Expectation.pptx,41,False,8,Picture 7,6417b9c3eab1f91ea563c64b2af843ba164ba774febf322a4045f7adb891a85e,sha256:6417b9c3eab1f91e,substantive,deck-embedded third-party or course visual; no reusable license metadata,protected,represented-in-text-or-activity,chapters/04-the-predictive-mind-perception-is-inference.qmd#the-predictive-mind-perception-is-inference,complete,"Ambiguous line drawings are protected/unclear and are replaced by a self-contained ambiguous-phrase demonstration. Raw asset ppt/media/image43.png, 1448×1086 px; duplicate-group count in global inventory: 1."
DPN02. Attention_Prediction_Expectation:s41:o3,DPN02. Attention_Prediction_Expectation.pptx,41,False,9,Picture 8,4477db1147e378969c03a69c7fb8e34ab6cd23a23129378eb9aa4930cbed8fbf,sha256:4477db1147e37896,substantive,deck-embedded third-party or course visual; no reusable license metadata,protected,represented-in-text-or-activity,chapters/04-the-predictive-mind-perception-is-inference.qmd#the-predictive-mind-perception-is-inference,complete,"Ambiguous line drawings are protected/unclear and are replaced by a self-contained ambiguous-phrase demonstration. Raw asset ppt/media/image44.png, 1358×1018 px; duplicate-group count in global inventory: 1."
DPN02. Attention_Prediction_Expectation:s42:o1,DPN02. Attention_Prediction_Expectation.pptx,42,False,1026,Picture 2,ee6f43a9b86d3cd39d9ad1ab3af4ff7df84f63f1d9baf6a79e6f2c941ff8f64a,sha256:ee6f43a9b86d3cd3,substantive,third-party journal result graphic; no license metadata,protected,represented-in-text-or-activity,chapters/04-the-predictive-mind-perception-is-inference.qmd#the-predictive-mind-perception-is-inference,complete,"Squirrel/alligator result plot is not reproduced; the substantive context-and-model mechanism is represented in prose. Raw asset ppt/media/image45.png, 595×443 px; duplicate-group count in global inventory: 1."
DPN02. Attention_Prediction_Expectation:s43:o1,DPN02. Attention_Prediction_Expectation.pptx,43,False,6,Picture 5,e2b7d04049921eb7c3ce80bb555241f6f786e1babb88b8663992946a626f80de,sha256:e2b7d04049921eb7,decorative,deck-embedded title or divider artwork; no reusable license metadata,unclear,decorative-omitted,none,accounted,"Section or title artwork carries no unique evidence. Raw asset ppt/media/image46.png, 1672×941 px; duplicate-group count in global inventory: 1."
DPN02. Attention_Prediction_Expectation:s45:o1,DPN02. Attention_Prediction_Expectation.pptx,45,False,6,Image 0,30c65c97309dff6da9ee5c183ba20a4336246c5acf1cc2d19cab49f681c0ba20,sha256:30c65c97309dff6d,substantive,generated-looking clinical illustration; rights unclear,unclear,represented-in-text-or-activity,chapters/06-expectations-when-predictions-become-causes.qmd#expectation-in-the-body,complete,"Generated-looking clinical scene is omitted; placebo/nocebo pathways and ethical communication are represented in sourced prose. Raw asset ppt/media/image47.jpeg, 1262×941 px; duplicate-group count in global inventory: 1."
DPN02. Attention_Prediction_Expectation:s48:o1,DPN02. Attention_Prediction_Expectation.pptx,48,False,7,Picture 6,8ab92a28dbcb93aa5a1cff6fd6dbf1f5b56ff8004d8d391da654166db80c808d,sha256:8ab92a28dbcb93aa,substantive,third-party or generated classroom/student image; no license metadata,protected,represented-in-text-or-activity,chapters/06-expectations-when-predictions-become-causes.qmd#identity-and-the-meaning-of-difficulty,complete,"Stereotype/identity image is not copied; identity salience and culturally contingent performance are described and cited. Raw asset ppt/media/image48.png, 1448×1086 px; duplicate-group count in global inventory: 1."
DPN02. Attention_Prediction_Expectation:s49:o1,DPN02. Attention_Prediction_Expectation.pptx,49,False,9,Content Placeholder 5,705dcc87529522efaf118c0fbe0249804f59140ae79875b7af7f29cd7253b2a0,sha256:705dcc87529522ef,substantive,third-party study-result chart; no license metadata,protected,represented-in-text-or-activity,chapters/06-expectations-when-predictions-become-causes.qmd#identity-and-the-meaning-of-difficulty,complete,"Gender-gap chart is not reproduced; cross-context variation and its interpretive boundary are in prose. Raw asset ppt/media/image49.jpeg, 1340×838 px; duplicate-group count in global inventory: 1."
DPN02. Attention_Prediction_Expectation:s50:o1,DPN02. Attention_Prediction_Expectation.pptx,50,False,6,Image 0,e0ce5784bc8e112e35be824f480199d8e55d4bd4eee7f3d094412a760817b1ef,sha256:e0ce5784bc8e112e,substantive,generated-looking conceptual illustration; rights unclear,unclear,represented-in-text-or-activity,chapters/06-expectations-when-predictions-become-causes.qmd#expectation-in-the-body,complete,"Generated-looking stress illustration is omitted; stress-mindset pathways and constraints are described and cited. Raw asset ppt/media/image50.jpeg, 1262×941 px; duplicate-group count in global inventory: 1."
DPN02. Attention_Prediction_Expectation:s52:o1,DPN02. Attention_Prediction_Expectation.pptx,52,False,9,Content Placeholder 5,b78e636d2cae9f0afb432164c0de861a1842f22f19728e4fd7b1c9248c633105,sha256:b78e636d2cae9f0a,substantive,third-party result chart; no license metadata,protected,represented-in-text-or-activity,chapters/06-expectations-when-predictions-become-causes.qmd#expectation-in-the-body,complete,"Five-phase mortality chart is not redrawn; the historical claim, plausible pathways, and published reanalysis are stated in prose. Raw asset ppt/media/image51.jpeg, 1200×752 px; duplicate-group count in global inventory: 1."
DPN02. Attention_Prediction_Expectation:s53:o1,DPN02. Attention_Prediction_Expectation.pptx,53,False,6,Image 0,3bd103d43b747a334e5eeda4f32db541b03a2583edd16172593acb3ec22b2d88,sha256:3bd103d43b747a33,substantive,generated-looking person photograph; rights unclear,unclear,represented-in-text-or-activity,chapters/06-expectations-when-predictions-become-causes.qmd#identity-and-the-meaning-of-difficulty,complete,"Generated-looking aging photograph is omitted; aging expectations are covered in sourced prose. Raw asset ppt/media/image52.jpeg, 1262×941 px; duplicate-group count in global inventory: 1."
DPN02. Attention_Prediction_Expectation:s54:o1,DPN02. Attention_Prediction_Expectation.pptx,54,False,9,Content Placeholder 5,36106f77df6c88007f6758c25c427e847cd0600a746f33956aaace7bbac4e797,sha256:36106f77df6c8800,substantive,third-party study-result graphic; no license metadata,protected,represented-in-text-or-activity,chapters/06-expectations-when-predictions-become-causes.qmd#identity-and-the-meaning-of-difficulty,complete,"Aging/longevity result graphic is not copied; the reported associations and non-magic boundary are cited in prose. Raw asset ppt/media/image53.jpeg, 1320×1393 px; duplicate-group count in global inventory: 1."
DPN02. Attention_Prediction_Expectation:s55:o1,DPN02. Attention_Prediction_Expectation.pptx,55,False,7,Picture 6,2af8d6a48b5d69f78042723177076808424787c8c1b09c2eec87919fedff3a9b,sha256:2af8d6a48b5d69f7,substantive,third-party person or media image; no license metadata,protected,represented-in-text-or-activity,chapters/06-expectations-when-predictions-become-causes.qmd#identity-and-the-meaning-of-difficulty,complete,"Protected older-adult example image is omitted; controllable action is separated from biology and inequality in prose. Raw asset ppt/media/image54.jpeg, 896×688 px; duplicate-group count in global inventory: 1."
DPN02. Attention_Prediction_Expectation:s56:o1,DPN02. Attention_Prediction_Expectation.pptx,56,False,5,Picture 4,b74a815cdc93004c73e4c6b39750e8bc3ff32b2a38a10798a6438310c6f607d9,sha256:b74a815cdc93004c,substantive,deck-embedded conceptual diagram; no reusable license metadata,unclear,represented-in-existing-book-visual,figures/expectation-loop.svg,complete,"Raster expectation interaction graphic maps to the original expectation-loop SVG and its independent-evidence test. Raw asset ppt/media/image55.png, 1672×941 px; duplicate-group count in global inventory: 1."
DPN02. Attention_Prediction_Expectation:s57:o1,DPN02. Attention_Prediction_Expectation.pptx,57,False,10,Picture 9,c2b56531ed3329a913f19140f3a32ab31dc308e8ff1d49c76f54bcf214115167,sha256:c2b56531ed3329a9,substantive,film poster; no reusable license metadata,protected,represented-in-text-or-activity,chapters/06-expectations-when-predictions-become-causes.qmd#expectations-between-people,complete,"My Fair Lady poster is protected; the Pygmalion origin, teacher-expectancy evidence, and caveats are in prose. Raw asset ppt/media/image56.tiff, 550×800 px; duplicate-group count in global inventory: 1."
DPN02. Attention_Prediction_Expectation:s58:o1,DPN02. Attention_Prediction_Expectation.pptx,58,False,7,Picture 6,bc90ee66a01bccc7c3adb2396e7c0beccb5faeda291efee6db731bf9fced82f4,sha256:bc90ee66a01bccc7,substantive,deck-embedded third-party or course visual; no reusable license metadata,protected,represented-in-text-or-activity,chapters/06-expectations-when-predictions-become-causes.qmd#expectations-between-people,complete,"Teacher/student image and chart fragments are not copied; the randomly labelled bloomers study and later boundary evidence are cited. Raw asset ppt/media/image57.png, 796×702 px; duplicate-group count in global inventory: 1."
DPN02. Attention_Prediction_Expectation:s58:o2,DPN02. Attention_Prediction_Expectation.pptx,58,False,6,Picture 5,422b89e6ecd7d715f9b21216da5a15da20c4cafa3f82e82ac1e339cbe15fd56e,sha256:422b89e6ecd7d715,substantive,deck-embedded third-party or course visual; no reusable license metadata,protected,represented-in-text-or-activity,chapters/06-expectations-when-predictions-become-causes.qmd#expectations-between-people,complete,"Teacher/student image and chart fragments are not copied; the randomly labelled bloomers study and later boundary evidence are cited. Raw asset ppt/media/image58.png, 199×72 px; duplicate-group count in global inventory: 1."
DPN02. Attention_Prediction_Expectation:s58:o3,DPN02. Attention_Prediction_Expectation.pptx,58,False,9,Image 0,3158c24ec0568e7ba0574ffd38f5ab33b2139a4b804bca615df4d1b945bcaefb,sha256:3158c24ec0568e7b,substantive,deck-embedded third-party or course visual; no reusable license metadata,protected,represented-in-text-or-activity,chapters/06-expectations-when-predictions-become-causes.qmd#expectations-between-people,complete,"Teacher/student image and chart fragments are not copied; the randomly labelled bloomers study and later boundary evidence are cited. Raw asset ppt/media/image59.jpeg, 1262×941 px; duplicate-group count in global inventory: 1."
DPN02. Attention_Prediction_Expectation:s59:o1,DPN02. Attention_Prediction_Expectation.pptx,59,False,6,Image 0,3ceeced78de3ba08a8677c4ca54dd691bc459ebb3ca40139ff78fa345a3df276,sha256:3ceeced78de3ba08,substantive,generated-looking strategy illustration; rights unclear,unclear,represented-in-existing-book-visual,figures/expectation-loop.svg,complete,"Generated strategy image maps to the original loop diagram and the product-underinvestment case in prose. Raw asset ppt/media/image60.jpeg, 1262×941 px; duplicate-group count in global inventory: 1."
DPN02. Attention_Prediction_Expectation:s60:o1,DPN02. Attention_Prediction_Expectation.pptx,60,False,3,Picture 2,d420bdb1d1e4a58697805f283f3fc0de2418dc5139a7416ae298b57b50568815,sha256:d420bdb1d1e4a586,substantive,"commercial wine, beer, or energy-drink product photograph; no reusable license",protected,represented-in-text-or-activity,chapters/06-expectations-when-predictions-become-causes.qmd#expectation-in-the-body,complete,"Wine, beer, and energy-drink product images are not reproduced; all three expectation studies are described and cited. Raw asset ppt/media/image61.jpeg, 447×447 px; duplicate-group count in global inventory: 1."
DPN02. Attention_Prediction_Expectation:s60:o2,DPN02. Attention_Prediction_Expectation.pptx,60,False,4,Picture 3,592142e2591586df2e565984dc131d7aabfcf95b1be771dacd29c4cb791674df,sha256:592142e2591586df,substantive,"commercial wine, beer, or energy-drink product photograph; no reusable license",protected,represented-in-text-or-activity,chapters/06-expectations-when-predictions-become-causes.qmd#expectation-in-the-body,complete,"Wine, beer, and energy-drink product images are not reproduced; all three expectation studies are described and cited. Raw asset ppt/media/image62.jpeg, 357×560 px; duplicate-group count in global inventory: 1."
DPN02. Attention_Prediction_Expectation:s60:o3,DPN02. Attention_Prediction_Expectation.pptx,60,False,14,Picture 13,6b7dc228235eb907aa579f483178869433ed81620fed68fbb17dc98be4998ed7,sha256:6b7dc228235eb907,substantive,"commercial wine, beer, or energy-drink product photograph; no reusable license",protected,represented-in-text-or-activity,chapters/06-expectations-when-predictions-become-causes.qmd#expectation-in-the-body,complete,"Wine, beer, and energy-drink product images are not reproduced; all three expectation studies are described and cited. Raw asset ppt/media/image63.png, 300×315 px; duplicate-group count in global inventory: 1."
DPN02. Attention_Prediction_Expectation:s63:o1,DPN02. Attention_Prediction_Expectation.pptx,63,False,4,Image 0,dc3c42270e494a1955bf55718e078c33d2662bdb3fb20294ab42c423a6c913d9,sha256:dc3c42270e494a19,duplicate,exact embedded-asset duplicate of DPN01 slide 54 closing art,unclear,duplicate-accounted,none,accounted,"Exact SHA-256 duplicate; substantive/decorative disposition is already recorded at DPN01 slide 54 closing art. Raw asset ppt/media/image64.jpeg, 1672×941 px; duplicate-group count in global inventory: 3."
DPN02. Attention_Prediction_Expectation:s64:o1,DPN02. Attention_Prediction_Expectation.pptx,64,False,2,Image 0,67146575d2c8d0740eb30e15fca03fa6518fd2d0c310f3af86d07814e49e70fc,sha256:67146575d2c8d074,duplicate,exact embedded-asset duplicate of DPN01 slide 55 complementary art,unclear,duplicate-accounted,none,accounted,"Exact SHA-256 duplicate; substantive/decorative disposition is already recorded at DPN01 slide 55 complementary art. Raw asset ppt/media/image65.jpg, 1672×941 px; duplicate-group count in global inventory: 3."
DPN02. Attention_Prediction_Expectation:s65:o1,DPN02. Attention_Prediction_Expectation.pptx,65,False,33,Picture 32,57b23264ebdc989ccf2b266d2695617cd013de948c1a279261c1c317c7e3119d,sha256:57b23264ebdc989c,substantive,generic icon component; source/license metadata absent,unclear,represented-in-existing-book-visual,figures/judgment-and-decision-making-according-to-predictive-processing.svg,complete,"Each icon is one component of the active-inference slide; the complete mechanism maps to the book’s original SVG. Raw asset ppt/media/image66.png, 140×145 px; duplicate-group count in global inventory: 2."
DPN02. Attention_Prediction_Expectation:s65:o2,DPN02. Attention_Prediction_Expectation.pptx,65,False,38,Picture 37,75156168270209ecaa710a213eb8e315d8abee0e629ad8c3277eed1032477025,sha256:75156168270209ec,substantive,generic icon component; source/license metadata absent,unclear,represented-in-existing-book-visual,figures/judgment-and-decision-making-according-to-predictive-processing.svg,complete,"Each icon is one component of the active-inference slide; the complete mechanism maps to the book’s original SVG. Raw asset ppt/media/image67.png, 175×174 px; duplicate-group count in global inventory: 2."
DPN02. Attention_Prediction_Expectation:s65:o3,DPN02. Attention_Prediction_Expectation.pptx,65,False,39,Picture 38,df50d5c286551033547200cb54e6df005d37abf75e8c6914c49877bc7259a73d,sha256:df50d5c286551033,substantive,generic icon component; source/license metadata absent,unclear,represented-in-existing-book-visual,figures/judgment-and-decision-making-according-to-predictive-processing.svg,complete,"Each icon is one component of the active-inference slide; the complete mechanism maps to the book’s original SVG. Raw asset ppt/media/image68.png, 156×127 px; duplicate-group count in global inventory: 2."
DPN02. Attention_Prediction_Expectation:s65:o4,DPN02. Attention_Prediction_Expectation.pptx,65,False,40,Picture 39,bd6359afeb652b25b92078cf79277626564f41abeec44bed7101032e84b39c05,sha256:bd6359afeb652b25,substantive,generic icon component; source/license metadata absent,unclear,represented-in-existing-book-visual,figures/judgment-and-decision-making-according-to-predictive-processing.svg,complete,"Each icon is one component of the active-inference slide; the complete mechanism maps to the book’s original SVG. Raw asset ppt/media/image69.png, 198×185 px; duplicate-group count in global inventory: 2."
DPN02. Attention_Prediction_Expectation:s65:o5,DPN02. Attention_Prediction_Expectation.pptx,65,False,41,Picture 40,05e35d42651fd2c0bc162042a40ed6cd05f85c846d1077b3c438779ae87e7322,sha256:05e35d42651fd2c0,substantive,generic icon component; source/license metadata absent,unclear,represented-in-existing-book-visual,figures/judgment-and-decision-making-according-to-predictive-processing.svg,complete,"Each icon is one component of the active-inference slide; the complete mechanism maps to the book’s original SVG. Raw asset ppt/media/image70.png, 186×128 px; duplicate-group count in global inventory: 2."
DPN02. Attention_Prediction_Expectation:s65:o6,DPN02. Attention_Prediction_Expectation.pptx,65,False,43,Picture 42,7a198017f43c75b4ada1bfccb6a97172445d3fcc1e57cfdf5816cea125b13f1d,sha256:7a198017f43c75b4,substantive,generic icon component; source/license metadata absent,unclear,represented-in-existing-book-visual,figures/judgment-and-decision-making-according-to-predictive-processing.svg,complete,"Each icon is one component of the active-inference slide; the complete mechanism maps to the book’s original SVG. Raw asset ppt/media/image71.png, 105×113 px; duplicate-group count in global inventory: 2."
DPN02. Attention_Prediction_Expectation:s65:o7,DPN02. Attention_Prediction_Expectation.pptx,65,False,42,Picture 41,0819e56a42f3f29a715e5484ed1881363dade2f31b930f9bae18f76d079138a2,sha256:0819e56a42f3f29a,substantive,generic icon component; source/license metadata absent,unclear,represented-in-existing-book-visual,figures/judgment-and-decision-making-according-to-predictive-processing.svg,complete,"Each icon is one component of the active-inference slide; the complete mechanism maps to the book’s original SVG. Raw asset ppt/media/image72.png, 126×102 px; duplicate-group count in global inventory: 2."
DPN02. Attention_Prediction_Expectation:s65:o8,DPN02. Attention_Prediction_Expectation.pptx,65,False,5,Picture 4,69a01260b5730056289c1ceb71cba13818e2500bf82a8c4aae7dc442d19e11b4,sha256:69a01260b5730056,substantive,generic icon component; source/license metadata absent,unclear,represented-in-existing-book-visual,figures/judgment-and-decision-making-according-to-predictive-processing.svg,complete,"Each icon is one component of the active-inference slide; the complete mechanism maps to the book’s original SVG. Raw asset ppt/media/image73.png, 82×104 px; duplicate-group count in global inventory: 2."
DPN02. Attention_Prediction_Expectation:s65:o9,DPN02. Attention_Prediction_Expectation.pptx,65,False,110,Picture 109,f0de0d32fd38330a2b81229afe321b659478bd6fbde300b190a05403b0825dce,sha256:f0de0d32fd38330a,substantive,generic icon component; source/license metadata absent,unclear,represented-in-existing-book-visual,figures/judgment-and-decision-making-according-to-predictive-processing.svg,complete,"Each icon is one component of the active-inference slide; the complete mechanism maps to the book’s original SVG. Raw asset ppt/media/image74.png, 75×74 px; duplicate-group count in global inventory: 2."
DPN02. Attention_Prediction_Expectation:s65:o10,DPN02. Attention_Prediction_Expectation.pptx,65,False,154,Picture 153,cea9f298efd17ee63ad8343ef6d2765166e8250d93432dfbcce267c81c55a40e,sha256:cea9f298efd17ee6,substantive,generic icon component; source/license metadata absent,unclear,represented-in-existing-book-visual,figures/judgment-and-decision-making-according-to-predictive-processing.svg,complete,"Each icon is one component of the active-inference slide; the complete mechanism maps to the book’s original SVG. Raw asset ppt/media/image75.png, 191×169 px; duplicate-group count in global inventory: 2."
DPN02. Attention_Prediction_Expectation:s66:o1,DPN02. Attention_Prediction_Expectation.pptx,66,False,8,Picture 7,3cbaf2735d886dc80ec55c3fbecb051a13c5fd12b4d48bf5782fa2bf645e335f,sha256:3cbaf2735d886dc8,substantive,deck-embedded third-party or course visual; no reusable license metadata,protected,represented-in-text-or-activity,chapters/04-the-predictive-mind-perception-is-inference.qmd#the-predictive-mind-perception-is-inference,complete,"Viral dress photograph and explanatory cartoon are not copied; model-dependent disagreement is represented in prose. Raw asset ppt/media/image76.jpeg, 250×380 px; duplicate-group count in global inventory: 1."
DPN02. Attention_Prediction_Expectation:s66:o2,DPN02. Attention_Prediction_Expectation.pptx,66,False,9,Picture 8,65ec766d42b62a7bec223fd1a03d7579e4a5a5b4e0caf9e2a83c3fb9d2b6be9f,sha256:65ec766d42b62a7b,substantive,deck-embedded third-party or course visual; no reusable license metadata,protected,represented-in-text-or-activity,chapters/04-the-predictive-mind-perception-is-inference.qmd#the-predictive-mind-perception-is-inference,complete,"Viral dress photograph and explanatory cartoon are not copied; model-dependent disagreement is represented in prose. Raw asset ppt/media/image77.png, 250×188 px; duplicate-group count in global inventory: 1."
DPN02. Attention_Prediction_Expectation:s67:o1,DPN02. Attention_Prediction_Expectation.pptx,67,False,6,Picture 5,d4c0c3e9e220bbc7be4aaf30f0c168653ee517e6de8c6fe094e51ba3e2bb80c2,sha256:d4c0c3e9e220bbc7,decorative,deck-embedded title or divider artwork; no reusable license metadata,unclear,decorative-omitted,none,accounted,"Section or title artwork carries no unique evidence. Raw asset ppt/media/image78.png, 1672×941 px; duplicate-group count in global inventory: 2."
DPN02. Attention_Prediction_Expectation:s68:o1,DPN02. Attention_Prediction_Expectation.pptx,68,False,6,Image 0,68d6b8fb6383febd59a5366511782d4efe95b5cb9b61223a84d47ec2e77cd0eb,sha256:68d6b8fb6383febd,substantive,generated-looking scientific collage; rights unclear,unclear,represented-in-text-or-activity,chapters/03-attention-what-becomes-evidence.qmd#every-organism-inhabits-a-partial-world,complete,"Generated-looking Umwelt collage is omitted; species-specific perceptual worlds are explained and cited. Raw asset ppt/media/image79.jpeg, 1262×941 px; duplicate-group count in global inventory: 1."
DPN02. Attention_Prediction_Expectation:s69:o1,DPN02. Attention_Prediction_Expectation.pptx,69,False,8,Picture 7,e632cf2761af4bae33155856d113a03453936425a4d9e36a2d29915a2094880a,sha256:e632cf2761af4bae,substantive,third-party infographic; no license metadata,protected,represented-in-text-or-activity,chapters/03-attention-what-becomes-evidence.qmd#every-organism-inhabits-a-partial-world,complete,"Animal-sensory infographic is not copied; species examples are represented in prose. Raw asset ppt/media/image80.png, 1363×970 px; duplicate-group count in global inventory: 1."
DPN02. Attention_Prediction_Expectation:s70:o1,DPN02. Attention_Prediction_Expectation.pptx,70,False,9,Content Placeholder 5,2dfd9f6f364bdbfb9158bfd589ded49995e6f86b0fe199038fdd33bddd743b90,sha256:2dfd9f6f364bdbfb,substantive,third-party scientific images or diagram; no license metadata,protected,represented-in-text-or-activity,chapters/03-attention-what-becomes-evidence.qmd#every-organism-inhabits-a-partial-world,complete,"Bee/human flower views and spectrum graphic are not copied; ultraviolet flower cues are explained and cited. Raw asset ppt/media/image81.png, 405×381 px; duplicate-group count in global inventory: 1."
DPN02. Attention_Prediction_Expectation:s70:o2,DPN02. Attention_Prediction_Expectation.pptx,70,False,3,Content Placeholder 5,1967ceec9894441449d9ac0f8534b9aad870d7b7fbb9439fed1e8e6735fb924a,sha256:1967ceec98944414,substantive,third-party scientific images or diagram; no license metadata,protected,represented-in-text-or-activity,chapters/03-attention-what-becomes-evidence.qmd#every-organism-inhabits-a-partial-world,complete,"Bee/human flower views and spectrum graphic are not copied; ultraviolet flower cues are explained and cited. Raw asset ppt/media/image82.png, 797×109 px; duplicate-group count in global inventory: 1."
DPN02. Attention_Prediction_Expectation:s70:o3,DPN02. Attention_Prediction_Expectation.pptx,70,False,5,Content Placeholder 5,2180e0e7b5b6b76bcc4f3bfd468976ed0e71cb312852aeadd6201b595c32123a,sha256:2180e0e7b5b6b76b,substantive,third-party scientific images or diagram; no license metadata,protected,represented-in-text-or-activity,chapters/03-attention-what-becomes-evidence.qmd#every-organism-inhabits-a-partial-world,complete,"Bee/human flower views and spectrum graphic are not copied; ultraviolet flower cues are explained and cited. Raw asset ppt/media/image83.png, 386×381 px; duplicate-group count in global inventory: 1."
DPN02. Attention_Prediction_Expectation:s72:o1,DPN02. Attention_Prediction_Expectation.pptx,72,True,2,Image 0,bcbaaaaf337a73703a7452917c86d49103b1f7a653f82495445d8600307f1837,sha256:bcbaaaaf337a7370,decorative,deck-embedded title or divider artwork; no reusable license metadata,unclear,decorative-omitted,none,accounted,"Hidden module-title collage and overlays are decorative; all substantive sensory-world content is already mapped. Raw asset ppt/media/image84.jpeg, 1672×941 px; duplicate-group count in global inventory: 1."
DPN02. Attention_Prediction_Expectation:s72:o2,DPN02. Attention_Prediction_Expectation.pptx,72,True,9,Picture 8,fe4edb261dc69841d4688c996bad5d73964456125332b15f15cf209d9fe17e12,sha256:fe4edb261dc69841,decorative,deck-embedded title or divider artwork; no reusable license metadata,unclear,decorative-omitted,none,accounted,"Hidden module-title collage and overlays are decorative; all substantive sensory-world content is already mapped. Raw asset ppt/media/image85.png, 1672×941 px; duplicate-group count in global inventory: 1."
DPN02. Attention_Prediction_Expectation:s72:o3,DPN02. Attention_Prediction_Expectation.pptx,72,True,10,Picture 9,eb35263dcc46ed8e996c7a419e00994189e092b60c634a9e111d4c0ecf65338e,sha256:eb35263dcc46ed8e,decorative,deck-embedded title or divider artwork; no reusable license metadata,unclear,decorative-omitted,none,accounted,"Hidden module-title collage and overlays are decorative; all substantive sensory-world content is already mapped. Raw asset ppt/media/image86.png, 2138×884 px; duplicate-group count in global inventory: 1."
DPN02. Attention_Prediction_Expectation:s73:o1,DPN02. Attention_Prediction_Expectation.pptx,73,True,2,Image 0,7b1b9bdc5c850baf7a7fb809c3ba25f042672140b33f038386c3a877e798c29b,sha256:7b1b9bdc5c850baf,decorative,deck-embedded title or divider artwork; no reusable license metadata,unclear,decorative-omitted,none,accounted,"Hidden predictive-brain module art is decorative; the substantive diagram is represented elsewhere. Raw asset ppt/media/image87.jpeg, 1672×941 px; duplicate-group count in global inventory: 1."
DPN02. Attention_Prediction_Expectation:s74:o1,DPN02. Attention_Prediction_Expectation.pptx,74,True,6,Picture 5,d4c0c3e9e220bbc7be4aaf30f0c168653ee517e6de8c6fe094e51ba3e2bb80c2,sha256:d4c0c3e9e220bbc7,duplicate,exact embedded-asset duplicate of DPN02 slide 67 divider art,unclear,duplicate-accounted,none,accounted,"Exact SHA-256 duplicate; substantive/decorative disposition is already recorded at DPN02 slide 67 divider art. Raw asset ppt/media/image78.png, 1672×941 px; duplicate-group count in global inventory: 2."
DPN02. Attention_Prediction_Expectation:s76:o1,DPN02. Attention_Prediction_Expectation.pptx,76,True,6,Image 0,df4bb35e1c8bd6f6c431abdfd0d7602654278a482dbc3a36a4ace26e002e8ae1,sha256:df4bb35e1c8bd6f6,duplicate,exact embedded-asset duplicate of DPN02 slide 34 restored-sight photograph,protected,duplicate-accounted,chapters/04-the-predictive-mind-perception-is-inference.qmd#calibration-not-less-prediction-is-the-goal,accounted,"Exact SHA-256 duplicate; substantive/decorative disposition is already recorded at DPN02 slide 34 restored-sight photograph. Raw asset ppt/media/image35.jpeg, 249×202 px; duplicate-group count in global inventory: 2."
DPN02. Attention_Prediction_Expectation:s77:o1,DPN02. Attention_Prediction_Expectation.pptx,77,True,20,Image 0,228286a348c18b67635ef38d5804b1177fbf87e12f67e66abc6fd1a46d8dc883,sha256:228286a348c18b67,substantive,third-party or generated clinical illustration; no license metadata,protected,represented-in-text-or-activity,chapters/04-the-predictive-mind-perception-is-inference.qmd#calibration-not-less-prediction-is-the-goal,complete,"Schizophrenia illustration is omitted; the table explicitly rejects a single faulty-model explanation. Raw asset ppt/media/image88.png, 268×285 px; duplicate-group count in global inventory: 1."
DPN02. Attention_Prediction_Expectation:s79:o1,DPN02. Attention_Prediction_Expectation.pptx,79,True,9,Content Placeholder 5,6603b24d5402d5309cf2bc89da773b7828f56ecb8db882cd85f8df7af007b825,sha256:6603b24d5402d530,substantive,third-party scientific stimulus figure; no license metadata,protected,represented-in-text-or-activity,chapters/04-the-predictive-mind-perception-is-inference.qmd#calibration-not-less-prediction-is-the-goal,complete,"Autism/illusion stimulus strip is not copied; mixed evidence and the no-global-deficit boundary are in the table. Raw asset ppt/media/image89.png, 2320×670 px; duplicate-group count in global inventory: 1."
DPN02. Attention_Prediction_Expectation:s86:o1,DPN02. Attention_Prediction_Expectation.pptx,86,True,33,Picture 32,57b23264ebdc989ccf2b266d2695617cd013de948c1a279261c1c317c7e3119d,sha256:57b23264ebdc989c,duplicate,exact embedded-asset duplicate of DPN02 slide 65 icon occurrence with matching hash,unclear,duplicate-accounted,figures/judgment-and-decision-making-according-to-predictive-processing.svg,accounted,"Exact SHA-256 duplicate; substantive/decorative disposition is already recorded at DPN02 slide 65 icon occurrence with matching hash. Raw asset ppt/media/image66.png, 140×145 px; duplicate-group count in global inventory: 2."
DPN02. Attention_Prediction_Expectation:s86:o2,DPN02. Attention_Prediction_Expectation.pptx,86,True,38,Picture 37,75156168270209ecaa710a213eb8e315d8abee0e629ad8c3277eed1032477025,sha256:75156168270209ec,duplicate,exact embedded-asset duplicate of DPN02 slide 65 icon occurrence with matching hash,unclear,duplicate-accounted,figures/judgment-and-decision-making-according-to-predictive-processing.svg,accounted,"Exact SHA-256 duplicate; substantive/decorative disposition is already recorded at DPN02 slide 65 icon occurrence with matching hash. Raw asset ppt/media/image67.png, 175×174 px; duplicate-group count in global inventory: 2."
DPN02. Attention_Prediction_Expectation:s86:o3,DPN02. Attention_Prediction_Expectation.pptx,86,True,39,Picture 38,df50d5c286551033547200cb54e6df005d37abf75e8c6914c49877bc7259a73d,sha256:df50d5c286551033,duplicate,exact embedded-asset duplicate of DPN02 slide 65 icon occurrence with matching hash,unclear,duplicate-accounted,figures/judgment-and-decision-making-according-to-predictive-processing.svg,accounted,"Exact SHA-256 duplicate; substantive/decorative disposition is already recorded at DPN02 slide 65 icon occurrence with matching hash. Raw asset ppt/media/image68.png, 156×127 px; duplicate-group count in global inventory: 2."
DPN02. Attention_Prediction_Expectation:s86:o4,DPN02. Attention_Prediction_Expectation.pptx,86,True,40,Picture 39,bd6359afeb652b25b92078cf79277626564f41abeec44bed7101032e84b39c05,sha256:bd6359afeb652b25,duplicate,exact embedded-asset duplicate of DPN02 slide 65 icon occurrence with matching hash,unclear,duplicate-accounted,figures/judgment-and-decision-making-according-to-predictive-processing.svg,accounted,"Exact SHA-256 duplicate; substantive/decorative disposition is already recorded at DPN02 slide 65 icon occurrence with matching hash. Raw asset ppt/media/image69.png, 198×185 px; duplicate-group count in global inventory: 2."
DPN02. Attention_Prediction_Expectation:s86:o5,DPN02. Attention_Prediction_Expectation.pptx,86,True,41,Picture 40,05e35d42651fd2c0bc162042a40ed6cd05f85c846d1077b3c438779ae87e7322,sha256:05e35d42651fd2c0,duplicate,exact embedded-asset duplicate of DPN02 slide 65 icon occurrence with matching hash,unclear,duplicate-accounted,figures/judgment-and-decision-making-according-to-predictive-processing.svg,accounted,"Exact SHA-256 duplicate; substantive/decorative disposition is already recorded at DPN02 slide 65 icon occurrence with matching hash. Raw asset ppt/media/image70.png, 186×128 px; duplicate-group count in global inventory: 2."
DPN02. Attention_Prediction_Expectation:s86:o6,DPN02. Attention_Prediction_Expectation.pptx,86,True,43,Picture 42,7a198017f43c75b4ada1bfccb6a97172445d3fcc1e57cfdf5816cea125b13f1d,sha256:7a198017f43c75b4,duplicate,exact embedded-asset duplicate of DPN02 slide 65 icon occurrence with matching hash,unclear,duplicate-accounted,figures/judgment-and-decision-making-according-to-predictive-processing.svg,accounted,"Exact SHA-256 duplicate; substantive/decorative disposition is already recorded at DPN02 slide 65 icon occurrence with matching hash. Raw asset ppt/media/image71.png, 105×113 px; duplicate-group count in global inventory: 2."
DPN02. Attention_Prediction_Expectation:s86:o7,DPN02. Attention_Prediction_Expectation.pptx,86,True,5,Picture 4,69a01260b5730056289c1ceb71cba13818e2500bf82a8c4aae7dc442d19e11b4,sha256:69a01260b5730056,duplicate,exact embedded-asset duplicate of DPN02 slide 65 icon occurrence with matching hash,unclear,duplicate-accounted,figures/judgment-and-decision-making-according-to-predictive-processing.svg,accounted,"Exact SHA-256 duplicate; substantive/decorative disposition is already recorded at DPN02 slide 65 icon occurrence with matching hash. Raw asset ppt/media/image73.png, 82×104 px; duplicate-group count in global inventory: 2."
DPN02. Attention_Prediction_Expectation:s86:o8,DPN02. Attention_Prediction_Expectation.pptx,86,True,110,Picture 109,f0de0d32fd38330a2b81229afe321b659478bd6fbde300b190a05403b0825dce,sha256:f0de0d32fd38330a,duplicate,exact embedded-asset duplicate of DPN02 slide 65 icon occurrence with matching hash,unclear,duplicate-accounted,figures/judgment-and-decision-making-according-to-predictive-processing.svg,accounted,"Exact SHA-256 duplicate; substantive/decorative disposition is already recorded at DPN02 slide 65 icon occurrence with matching hash. Raw asset ppt/media/image74.png, 75×74 px; duplicate-group count in global inventory: 2."
DPN02. Attention_Prediction_Expectation:s86:o9,DPN02. Attention_Prediction_Expectation.pptx,86,True,154,Picture 153,cea9f298efd17ee63ad8343ef6d2765166e8250d93432dfbcce267c81c55a40e,sha256:cea9f298efd17ee6,duplicate,exact embedded-asset duplicate of DPN02 slide 65 icon occurrence with matching hash,unclear,duplicate-accounted,figures/judgment-and-decision-making-according-to-predictive-processing.svg,accounted,"Exact SHA-256 duplicate; substantive/decorative disposition is already recorded at DPN02 slide 65 icon occurrence with matching hash. Raw asset ppt/media/image75.png, 191×169 px; duplicate-group count in global inventory: 2."
DPN02. Attention_Prediction_Expectation:s86:o10,DPN02. Attention_Prediction_Expectation.pptx,86,True,42,Picture 41,0819e56a42f3f29a715e5484ed1881363dade2f31b930f9bae18f76d079138a2,sha256:0819e56a42f3f29a,duplicate,exact embedded-asset duplicate of DPN02 slide 65 icon occurrence with matching hash,unclear,duplicate-accounted,figures/judgment-and-decision-making-according-to-predictive-processing.svg,accounted,"Exact SHA-256 duplicate; substantive/decorative disposition is already recorded at DPN02 slide 65 icon occurrence with matching hash. Raw asset ppt/media/image72.png, 126×102 px; duplicate-group count in global inventory: 2."
DPN03. Heuristics & Biases:s1:o1,DPN03. Heuristics & Biases.pptx,1,False,7,Picture 6,2c508a08475f9fb67716c39cf533ac75c5992ba37489c064822a1075eb798d44,sha256:2c508a08475f9fb6,decorative,deck-embedded title or divider artwork; no reusable license metadata,unclear,decorative-omitted,none,accounted,"Section or title artwork carries no unique evidence. Raw asset ppt/media/image1.png, 1672×941 px; duplicate-group count in global inventory: 2."
DPN03. Heuristics & Biases:s2:o1,DPN03. Heuristics & Biases.pptx,2,False,11,Picture 11,d62ba6ab2de9fa6283ce19caa014592bf6b31a92ccf4db7f2217dbe8bd7077a0,sha256:d62ba6ab2de9fa62,substantive,third-party audiovisual thumbnail with source URL in deck relationship,protected,linked-original,chapters/08-fast-and-frugal-thinking.qmd#watch-and-test-when-the-question-supplies-the-answer,complete,"Protected mind-trick thumbnail is replaced by the authorized original link and a predict–test–debrief prompt. Raw asset ppt/media/image2.png, 1802×996 px; duplicate-group count in global inventory: 1."
DPN03. Heuristics & Biases:s5:o1,DPN03. Heuristics & Biases.pptx,5,False,6,Picture 5,c5f0cdb8eb39e3c069b250260ba51c845a0c3bda5df4604b1186f4c6d1d70516,sha256:c5f0cdb8eb39e3c0,decorative,deck-embedded title or divider artwork; no reusable license metadata,unclear,decorative-omitted,none,accounted,"Section or title artwork carries no unique evidence. Raw asset ppt/media/image3.png, 1672×941 px; duplicate-group count in global inventory: 1."
DPN03. Heuristics & Biases:s6:o1,DPN03. Heuristics & Biases.pptx,6,False,8,Picture 2,99d5d8b32247e86ea850b9c92257334acfdb6f2efaa6d212b80f16f0554dc5be,sha256:99d5d8b32247e86e,substantive,third-party iceberg image; no license metadata,unclear,represented-in-existing-book-visual,figures/fast-slow.svg,complete,"Iceberg metaphor maps to the original fast/reflective interaction diagram and hidden-process prose. Raw asset ppt/media/image4.jpeg, 612×333 px; duplicate-group count in global inventory: 1."
DPN03. Heuristics & Biases:s7:o1,DPN03. Heuristics & Biases.pptx,7,False,8,Picture 2,82d21031fe4c3634a67007befe02fb2a0439ba38999d47cee56846c6a708423c,sha256:82d21031fe4c3634,substantive,commercial book cover,protected,represented-in-text-or-activity,chapters/08-fast-and-frugal-thinking.qmd#two-systems-are-teaching-labels,complete,"Thinking, Fast and Slow cover is not reproduced; the book is cited in the chapter references. Raw asset ppt/media/image5.jpeg, 1002×1500 px; duplicate-group count in global inventory: 1."
DPN03. Heuristics & Biases:s8:o1,DPN03. Heuristics & Biases.pptx,8,False,8,Picture 4,524de60836f6ee95e1ad2c1b061c66c67b4b89820d35c18bfea68c6dc392f327,sha256:524de60836f6ee95,substantive,third-party eye photograph; no license metadata,protected,represented-in-text-or-activity,chapters/08-fast-and-frugal-thinking.qmd#slow-thinking-is-powerful-expensive-and-often-late,complete,"Pupil photograph is not copied; task-evoked dilation is described and cited. Raw asset ppt/media/image6.png, 522×191 px; duplicate-group count in global inventory: 1."
DPN03. Heuristics & Biases:s10:o1,DPN03. Heuristics & Biases.pptx,10,False,7,Picture 4,933e4034ca780cd67693c97138a7ff0c8436978f18d92726f7dd630d179652fd,sha256:933e4034ca780cd6,substantive,deck-embedded conceptual diagram; no reusable license metadata,unclear,represented-in-existing-book-visual,figures/fast-slow.svg,complete,"Third-party System 1/System 2 infographic maps to the book’s original two-way cooperation diagram. Raw asset ppt/media/image7.png, 1613×975 px; duplicate-group count in global inventory: 1."
DPN03. Heuristics & Biases:s13:o1,DPN03. Heuristics & Biases.pptx,13,False,14,48E83492-A3DC-41DF-BC7A-59F0BCE56E13_CEBCC136-2B77-4A53-867E-CE9C475E2D20.mp4,c69727ccabf867410ba15e73da1f606a428eacfb0c98820452c557d1cb31c9c7,sha256:c69727ccabf86741,substantive,embedded personal/video thumbnail or child image; reuse permission not established,protected,represented-in-text-or-activity,chapters/08-fast-and-frugal-thinking.qmd#how-the-modes-train-and-correct-one-another,complete,"Child/video practice images are not redistributed; automaticity through repeated practice is explained and cited. Raw asset ppt/media/image8.png, 1080×1920 px; duplicate-group count in global inventory: 2."
DPN03. Heuristics & Biases:s13:o2,DPN03. Heuristics & Biases.pptx,13,False,15,48E83492-A3DC-41DF-BC7A-59F0BCE56E13_CEBCC136-2B77-4A53-867E-CE9C475E2D20.mp4,c69727ccabf867410ba15e73da1f606a428eacfb0c98820452c557d1cb31c9c7,sha256:c69727ccabf86741,duplicate,exact embedded-asset duplicate of DPN03 slide 13 occurrence o1,protected,duplicate-accounted,chapters/08-fast-and-frugal-thinking.qmd#how-the-modes-train-and-correct-one-another,accounted,"Exact SHA-256 duplicate; substantive/decorative disposition is already recorded at DPN03 slide 13 occurrence o1. Raw asset ppt/media/image8.png, 1080×1920 px; duplicate-group count in global inventory: 2."
DPN03. Heuristics & Biases:s13:o3,DPN03. Heuristics & Biases.pptx,13,False,17,Picture 10,f5badc7e32b43af845170d132d24923d9d0adf65aa64b9c0e4feb6077166fa83,sha256:f5badc7e32b43af8,substantive,embedded personal/video thumbnail or child image; reuse permission not established,protected,represented-in-existing-book-visual,chapters/08-fast-and-frugal-thinking.qmd#fig-daughter-finger-counting,complete,"The protected slide-embedded asset is not redistributed. A separately supplied personal photograph now illustrates the same finger-counting example, with automaticity through practice explained and bounded in the text. Raw asset ppt/media/image9.png, 930×1692 px; duplicate-group count in global inventory: 1."
DPN03. Heuristics & Biases:s14:o1,DPN03. Heuristics & Biases.pptx,14,False,6,Picture 5,b7bb50b38c92d8f3420853e354f8131d918e9e60be04e1cb2498d9f02b0e8489,sha256:b7bb50b38c92d8f3,decorative,deck-embedded title or divider artwork; no reusable license metadata,unclear,decorative-omitted,none,accounted,"Section or title artwork carries no unique evidence. Raw asset ppt/media/image10.png, 1672×941 px; duplicate-group count in global inventory: 1."
DPN03. Heuristics & Biases:s19:o1,DPN03. Heuristics & Biases.pptx,19,False,12,Picture 5,7d5c0e3c66ce01b7b448588bceddc7b5a507c875941d5a95a0acab122c350459,sha256:7d5c0e3c66ce01b7,substantive,third-party animal photographs or collage; no license metadata,protected,original-replacement,chapters/09-what-feels-likely-availability-affect-and-resemblance.qmd#fig-affect-panda-sea-star,complete,"The source photographs are not reused. A wholly new panda-and-sea-star editorial illustration restores the affect-heuristic prompt and accompanies the conservation allocation activity."
DPN03. Heuristics & Biases:s20:o1,DPN03. Heuristics & Biases.pptx,20,False,12,Picture 10,5035c3b4174fc0c5f20087718c8b0fd165302d94e43c44fee7ef26d968b4ac9f,sha256:5035c3b4174fc0c5,substantive,third-party news or street photographs; no license metadata,protected,represented-in-text-or-activity,chapters/09-what-feels-likely-availability-affect-and-resemblance.qmd#feeling-as-evidence,complete,"Street/weather photographs are not copied; mood, weather attribution, market correlations, and caveats are in prose. Raw asset ppt/media/image12.jpeg, 566×409 px; duplicate-group count in global inventory: 1."
DPN03. Heuristics & Biases:s20:o2,DPN03. Heuristics & Biases.pptx,20,False,13,Picture 11,1d92ed581ddb9d69a756deb815e2ab193578fb6e350cf93eaf3a72e17ca87ad1,sha256:1d92ed581ddb9d69,substantive,third-party news or street photographs; no license metadata,protected,represented-in-text-or-activity,chapters/09-what-feels-likely-availability-affect-and-resemblance.qmd#feeling-as-evidence,complete,"Street/weather photographs are not copied; mood, weather attribution, market correlations, and caveats are in prose. Raw asset ppt/media/image13.jpeg, 566×560 px; duplicate-group count in global inventory: 1."
DPN03. Heuristics & Biases:s22:o1,DPN03. Heuristics & Biases.pptx,22,False,12,Content Placeholder 5,553ea0ab15e040b9626fd50b4961940e4bae3809fb6591b21aca6899c3de1e7f,sha256:553ea0ab15e040b9,substantive,third-party web infographic; no license metadata,protected,represented-in-text-or-activity,chapters/09-what-feels-likely-availability-affect-and-resemblance.qmd#availability-what-comes-to-mind-feels-common,complete,"Plane-risk infographic is not copied; vivid crashes, hidden denominators, and reference-class checks are in prose. Raw asset ppt/media/image14.jpeg, 1080×1525 px; duplicate-group count in global inventory: 1."
DPN03. Heuristics & Biases:s25:o1,DPN03. Heuristics & Biases.pptx,25,False,12,Picture 2,562790561f893ff0e19769c5f20fd716536831e13f38c168a134da97d3480f6a,sha256:562790561f893ff0,substantive,historical television/news photograph; no reusable license,protected,represented-in-text-or-activity,chapters/retired-resemblance-is-not-probability.qmd#a-face-is-not-a-competence-measure,complete,"Kennedy/Nixon television photograph is not reproduced; appearance-based political judgment is described with caveats. Raw asset ppt/media/image15.jpeg, 500×203 px; duplicate-group count in global inventory: 1."
DPN03. Heuristics & Biases:s26:o1,DPN03. Heuristics & Biases.pptx,26,False,14,Picture 10,7fc03969783e30743aa428119096918e4735ecd406208c6dbfc19866e1692aba,sha256:7fc03969783e3074,substantive,third-party scientific stimulus figure; no license metadata,protected,represented-in-text-or-activity,chapters/retired-resemblance-is-not-probability.qmd#a-face-is-not-a-competence-measure,complete,"Candidate-face stimuli are protected study materials; the above-chance association and non-competence boundary are cited. Raw asset ppt/media/image16.png, 1482×748 px; duplicate-group count in global inventory: 1."
DPN03. Heuristics & Biases:s27:o1,DPN03. Heuristics & Biases.pptx,27,False,6,Picture 5,298a349bfa3da9b3534eb6ad28e141e282b7895afcd63a03961d4a94461c8341,sha256:298a349bfa3da9b3,decorative,deck-embedded title or divider artwork; no reusable license metadata,unclear,decorative-omitted,none,accounted,"Section or title artwork carries no unique evidence. Raw asset ppt/media/image17.png, 1672×941 px; duplicate-group count in global inventory: 1."
DPN03. Heuristics & Biases:s30:o1,DPN03. Heuristics & Biases.pptx,30,False,13,Picture 4,1e56507caf1e249726b6ea00759af55c74660747890f0486359fb569ada0348d,sha256:1e56507caf1e2497,substantive,copyrighted film still or poster,protected,represented-in-text-or-activity,chapters/10-beliefs-that-defend-themselves.qmd#confirmation-and-myside-bias,complete,"Greatest Showman frame is not copied; the Barnum/Forer mechanism is explained without reproducing film expression. Raw asset ppt/media/image18.png, 1200×675 px; duplicate-group count in global inventory: 1."
DPN03. Heuristics & Biases:s32:o1,DPN03. Heuristics & Biases.pptx,32,False,8,Picture 5,185d526dd2d70798aa7e5adb234bd61dfdc49ee51a868543e14133d5a7afdf65,sha256:185d526dd2d70798,substantive,course or third-party result graphic; no reusable data provenance,protected,represented-in-text-or-activity,chapters/10-beliefs-that-defend-themselves.qmd#confirmation-and-myside-bias,complete,"Forer and class-result graphic is not copied; the identical-description method and interpretation are cited in prose. Raw asset ppt/media/image19.png, 1933×533 px; duplicate-group count in global inventory: 1."
DPN03. Heuristics & Biases:s33:o1,DPN03. Heuristics & Biases.pptx,33,False,11,Picture 7,697926345a2c349c920b78e067801baed6f43386c081ab8a42617c8270ad9fd5,sha256:697926345a2c349c,substantive,third-party audiovisual thumbnail with source URL in deck relationship,protected,linked-original,chapters/10-beliefs-that-defend-themselves.qmd#watch-and-test-are-you-testing-the-ruleor-collecting-agreement,complete,"Protected kiss-test thumbnail is replaced by the authorized link and a falsification prompt. Raw asset ppt/media/image20.jpeg, 1188×823 px; duplicate-group count in global inventory: 1."
DPN03. Heuristics & Biases:s35:o1,DPN03. Heuristics & Biases.pptx,35,False,11,Picture 9,3115deb5ecd82e44e9e18544bc2b1fafebfe0b93db0e2a4e468527866d498d9a,sha256:3115deb5ecd82e44,substantive,generated-looking project illustration; rights unclear,unclear,represented-in-text-or-activity,chapters/10-beliefs-that-defend-themselves.qmd#three-forms-of-overconfidence,complete,"Project collage is not copied; planning-fallacy examples are represented in prose. Raw asset ppt/media/image21.png, 1672×941 px; duplicate-group count in global inventory: 1."
DPN03. Heuristics & Biases:s36:o1,DPN03. Heuristics & Biases.pptx,36,False,11,Content Placeholder 5,1205f32311c6abce411e9a32d6e38708a57f33a5234ff23bfa3f1c133387cb63,sha256:1205f32311c6abce,substantive,commercial book or presentation chart; exact underlying data not supplied,protected,represented-in-text-or-activity,chapters/10-beliefs-that-defend-themselves.qmd#three-forms-of-overconfidence,complete,"Flyvbjerg/Gardner chart is not copied or redrawn from unverified slide pixels; the recurring over-time/over-budget pattern is represented by an outside-view case. Raw asset ppt/media/image22.jpeg, 2117×1653 px; duplicate-group count in global inventory: 1."
DPN03. Heuristics & Biases:s37:o1,DPN03. Heuristics & Biases.pptx,37,False,46,Image 0,2fc2c24181b93b6bdc234499013fb159efb518d00c32033070db7cc7ffc858b6,sha256:2fc2c24181b93b6b,substantive,generated-looking presentation illustration; rights unclear,unclear,represented-in-text-or-activity,chapters/10-beliefs-that-defend-themselves.qmd#three-forms-of-overconfidence,complete,"Generated presentation illustration is omitted; the 18-month light-rail case is re-expressed as a self-contained reference-class test. Raw asset ppt/media/image23.png, 1672×941 px; duplicate-group count in global inventory: 1."
DPN03. Heuristics & Biases:s40:o1,DPN03. Heuristics & Biases.pptx,40,False,12,Picture 4,193de9d07bf5f8ea666523e5800ab67e25414dfd25b2d27433664c57ad6341c4,sha256:193de9d07bf5f8ea,substantive,deck-embedded conceptual diagram; no reusable license metadata,unclear,represented-in-existing-book-visual,figures/anchor-decoy.svg,complete,"Wheel-of-fortune anchor graphic maps to the original anchor schematic and cited UN-countries demonstration. Raw asset ppt/media/image24.png, 639×520 px; duplicate-group count in global inventory: 1."
DPN03. Heuristics & Biases:s41:o1,DPN03. Heuristics & Biases.pptx,41,False,8,Picture 11,ca5cdf191891021d11df60bb9612b03a7fc86609a4d19261f3c0b6c0d928c5e7,sha256:ca5cdf191891021d,substantive,deck-embedded third-party or course visual; no reusable license metadata,protected,represented-in-text-or-activity,chapters/11-when-context-rewrites-comparison.qmd#anchors-halos-decoys-and-escalation,complete,"Product/number table is not copied; arbitrary identification-number anchoring is described and cited. Raw asset ppt/media/image25.png, 1363×502 px; duplicate-group count in global inventory: 1."
DPN03. Heuristics & Biases:s42:o1,DPN03. Heuristics & Biases.pptx,42,False,9,Picture 11,6a2b7c44593fcfc3d7aa3cadb0b180d28c639423a1d64f238814c7b8156fc38f,sha256:6a2b7c44593fcfc3,substantive,commercial product photo and course-response chart; no reusable license or dataset,protected,represented-in-text-or-activity,chapters/11-when-context-rewrites-comparison.qmd#anchors-halos-decoys-and-escalation,complete,"Shoe photograph and course-response boxplot are not copied; the reusable activity uses independent estimates and evidence. Raw asset ppt/media/image26.png, 343×325 px; duplicate-group count in global inventory: 1."
DPN03. Heuristics & Biases:s42:o2,DPN03. Heuristics & Biases.pptx,42,False,11,Picture 3,c93447fa439fe9be34371a2100ea5ec6f7594ec34947614ac61cde60da5bf6c2,sha256:c93447fa439fe9be,substantive,commercial product photo and course-response chart; no reusable license or dataset,protected,represented-in-text-or-activity,chapters/11-when-context-rewrites-comparison.qmd#anchors-halos-decoys-and-escalation,complete,"Shoe photograph and course-response boxplot are not copied; the reusable activity uses independent estimates and evidence. Raw asset ppt/media/image27.png, 1653×561 px; duplicate-group count in global inventory: 2."
DPN03. Heuristics & Biases:s43:o1,DPN03. Heuristics & Biases.pptx,43,False,9,Content Placeholder 9,22c97fffdeafd9e39f9fb6c028bba944eb2678283e7cf1fbabe845131958250d,sha256:22c97fffdeafd9e3,substantive,commercial product photo and course-response chart; no reusable license or dataset,protected,represented-in-text-or-activity,chapters/11-when-context-rewrites-comparison.qmd#anchors-halos-decoys-and-escalation,complete,"Shirt photograph and course-response chart are not copied; the same anchoring mechanism is covered by prose and activity. Raw asset ppt/media/image28.png, 334×319 px; duplicate-group count in global inventory: 1."
DPN03. Heuristics & Biases:s43:o2,DPN03. Heuristics & Biases.pptx,43,False,10,Picture 2,3911799d9d627b7fc08337d060eb8cb0f68791a127d279035d90e4127b32f549,sha256:3911799d9d627b7f,substantive,commercial product photo and course-response chart; no reusable license or dataset,protected,represented-in-text-or-activity,chapters/11-when-context-rewrites-comparison.qmd#anchors-halos-decoys-and-escalation,complete,"Shirt photograph and course-response chart are not copied; the same anchoring mechanism is covered by prose and activity. Raw asset ppt/media/image29.png, 490×390 px; duplicate-group count in global inventory: 1."
DPN03. Heuristics & Biases:s43:o3,DPN03. Heuristics & Biases.pptx,43,False,12,Picture 5,c93447fa439fe9be34371a2100ea5ec6f7594ec34947614ac61cde60da5bf6c2,sha256:c93447fa439fe9be,duplicate,exact embedded-asset duplicate of DPN03 slide 42 occurrence o2,protected,duplicate-accounted,chapters/11-when-context-rewrites-comparison.qmd#anchors-halos-decoys-and-escalation,accounted,"Exact SHA-256 duplicate; substantive/decorative disposition is already recorded at DPN03 slide 42 occurrence o2. Raw asset ppt/media/image27.png, 1653×561 px; duplicate-group count in global inventory: 2."
DPN03. Heuristics & Biases:s46:o1,DPN03. Heuristics & Biases.pptx,46,False,12,Picture 3,2b01b439a5971da38cb90f560663c3fa79865437d999b683f3d8764b830c13a1,sha256:2b01b439a5971da3,substantive,deck-embedded third-party or course visual; no reusable license metadata,protected,represented-in-text-or-activity,chapters/11-when-context-rewrites-comparison.qmd#halo-and-horn-effects,complete,"Alan/Ben result graphic is not copied; the identical trait lists in reversed order and primacy effect are stated and cited. Raw asset ppt/media/image30.png, 1933×533 px; duplicate-group count in global inventory: 2."
DPN03. Heuristics & Biases:s47:o1,DPN03. Heuristics & Biases.pptx,47,False,16,Picture 1,ceda72c877659a6737e8beba78678bfd9749f5fd3fc14cc388539af480636520,sha256:ceda72c877659a67,substantive,course diagram with commercial product styling; no license metadata,protected,represented-in-text-or-activity,chapters/11-when-context-rewrites-comparison.qmd#halo-and-horn-effects,complete,"Food-label and product/price order diagrams are not copied; first-information and attention-order mechanisms are represented in prose. Raw asset ppt/media/image31.png, 1672×941 px; duplicate-group count in global inventory: 1."
DPN03. Heuristics & Biases:s47:o2,DPN03. Heuristics & Biases.pptx,47,False,17,Picture 2,4ed53679d73a671a3908a4f1af32354c23446bdc4fc282325545657988b623fc,sha256:4ed53679d73a671a,substantive,course diagram with commercial product styling; no license metadata,protected,represented-in-text-or-activity,chapters/11-when-context-rewrites-comparison.qmd#halo-and-horn-effects,complete,"Food-label and product/price order diagrams are not copied; first-information and attention-order mechanisms are represented in prose. Raw asset ppt/media/image32.png, 1672×941 px; duplicate-group count in global inventory: 1."
DPN03. Heuristics & Biases:s48:o1,DPN03. Heuristics & Biases.pptx,48,False,6,Picture 9,ebae7fd0c917cf24ef051c9415cb2118bb36d5d9bc30909d68f99780e16503e7,sha256:ebae7fd0c917cf24,decorative,deck-embedded title or divider artwork; no reusable license metadata,unclear,decorative-omitted,none,accounted,"Section or title artwork carries no unique evidence. Raw asset ppt/media/image33.png, 1672×941 px; duplicate-group count in global inventory: 1."
DPN03. Heuristics & Biases:s49:o1,DPN03. Heuristics & Biases.pptx,49,False,9,Picture 2,b0ed98fad86c3773afc6fe8268b3bd57f2fe3678c34662e9e73c3129933002fe,sha256:b0ed98fad86c3773,substantive,deck-embedded third-party or course visual; no reusable license metadata,protected,represented-in-text-or-activity,chapters/12-framing-when-the-same-facts-become-different-decisions.qmd#equivalent-facts-different-meanings,complete,"Meat, yogurt, and surgery images are not copied; equivalent positive/negative frames are given as text with citations. Raw asset ppt/media/image34.jpeg, 613×326 px; duplicate-group count in global inventory: 1."
DPN03. Heuristics & Biases:s49:o2,DPN03. Heuristics & Biases.pptx,49,False,12,Picture 7,90635d6853b743997e1be8498d40c7bcf1a7e993fa6c845586ab808290dac1e4,sha256:90635d6853b74399,duplicate,exact embedded-asset duplicate of DPN01 slide 22 occurrence o1,protected,duplicate-accounted,chapters/12-framing-when-the-same-facts-become-different-decisions.qmd#equivalent-facts-different-meanings,accounted,"Exact SHA-256 duplicate; substantive/decorative disposition is already recorded at DPN01 slide 22 occurrence o1. Raw asset ppt/media/image35.jpeg, 462×645 px; duplicate-group count in global inventory: 2."
DPN03. Heuristics & Biases:s49:o3,DPN03. Heuristics & Biases.pptx,49,False,13,Picture 8,9568a063e2f83c863cf119eeab957e7b2daf61bae4d771259e00bbcfc75c2f00,sha256:9568a063e2f83c86,duplicate,exact embedded-asset duplicate of DPN01 slide 22 occurrence o2,protected,duplicate-accounted,chapters/12-framing-when-the-same-facts-become-different-decisions.qmd#equivalent-facts-different-meanings,accounted,"Exact SHA-256 duplicate; substantive/decorative disposition is already recorded at DPN01 slide 22 occurrence o2. Raw asset ppt/media/image36.jpeg, 480×645 px; duplicate-group count in global inventory: 2."
DPN03. Heuristics & Biases:s49:o4,DPN03. Heuristics & Biases.pptx,49,False,14,Picture 4,86deda321283dd7b05a7cdab0b8c20a3c5dd3c041030e372967bf45a7bd103d1,sha256:86deda321283dd7b,substantive,deck-embedded third-party or course visual; no reusable license metadata,protected,represented-in-text-or-activity,chapters/12-framing-when-the-same-facts-become-different-decisions.qmd#equivalent-facts-different-meanings,complete,"Meat, yogurt, and surgery images are not copied; equivalent positive/negative frames are given as text with citations. Raw asset ppt/media/image37.png, 1489×577 px; duplicate-group count in global inventory: 1."
DPN03. Heuristics & Biases:s51:o1,DPN03. Heuristics & Biases.pptx,51,False,11,Picture 5,2b01b439a5971da38cb90f560663c3fa79865437d999b683f3d8764b830c13a1,sha256:2b01b439a5971da3,duplicate,exact embedded-asset duplicate of DPN03 slide 46 occurrence o1,protected,duplicate-accounted,chapters/11-when-context-rewrites-comparison.qmd#halo-and-horn-effects,accounted,"Exact SHA-256 duplicate; substantive/decorative disposition is already recorded at DPN03 slide 46 occurrence o1. Raw asset ppt/media/image30.png, 1933×533 px; duplicate-group count in global inventory: 2."
DPN03. Heuristics & Biases:s52:o1,DPN03. Heuristics & Biases.pptx,52,False,13,Content Placeholder 5,3f71da3f17a1410e27850addff8aab1557188e7df77d43bfd117a1682cc17509,sha256:3f71da3f17a1410e,substantive,course or third-party conceptual illustration; no license metadata,protected,represented-in-text-or-activity,chapters/12-framing-when-the-same-facts-become-different-decisions.qmd#equivalent-facts-different-meanings,complete,"Illustrated foreground/background frames are not copied; prose explains that frames make some information focal and other information recede. Raw asset ppt/media/image38.png, 740×334 px; duplicate-group count in global inventory: 1."
DPN03. Heuristics & Biases:s52:o2,DPN03. Heuristics & Biases.pptx,52,False,14,Content Placeholder 5,4c9eaa6290be67825faab28bd37e5fa0b4e093633c11b61751dfc63937a2603d,sha256:4c9eaa6290be6782,substantive,course or third-party conceptual illustration; no license metadata,protected,represented-in-text-or-activity,chapters/12-framing-when-the-same-facts-become-different-decisions.qmd#equivalent-facts-different-meanings,complete,"Illustrated foreground/background frames are not copied; prose explains that frames make some information focal and other information recede. Raw asset ppt/media/image39.png, 740×331 px; duplicate-group count in global inventory: 1."
DPN03. Heuristics & Biases:s53:o1,DPN03. Heuristics & Biases.pptx,53,False,7,Content Placeholder 5,d3a5f57e3cd71fba0ea998d2fd49ce5c2d2d76fa52f6d84a5116af5c1ac86552,sha256:d3a5f57e3cd71fba,substantive,course or third-party conceptual illustration; no license metadata,protected,represented-in-text-or-activity,chapters/12-framing-when-the-same-facts-become-different-decisions.qmd#equivalent-facts-different-meanings,complete,"Second illustrated framing pair is not copied; the same selection/interpretation mechanism is represented in prose. Raw asset ppt/media/image40.png, 733×338 px; duplicate-group count in global inventory: 1."
DPN03. Heuristics & Biases:s53:o2,DPN03. Heuristics & Biases.pptx,53,False,8,Content Placeholder 5,a3616397a1faa367b3c2576d0fbd985c1e3796da15c14c95ceff8f62ec7e50f4,sha256:a3616397a1faa367,substantive,course or third-party conceptual illustration; no license metadata,protected,represented-in-text-or-activity,chapters/12-framing-when-the-same-facts-become-different-decisions.qmd#equivalent-facts-different-meanings,complete,"Second illustrated framing pair is not copied; the same selection/interpretation mechanism is represented in prose. Raw asset ppt/media/image41.png, 733×335 px; duplicate-group count in global inventory: 1."
DPN03. Heuristics & Biases:s54:o1,DPN03. Heuristics & Biases.pptx,54,False,8,Picture 4,4a29f9a9a111ef39fda1342d3d771207c55a712140106dc8bc2eafdedeb5e42a,sha256:4a29f9a9a111ef39,substantive,commercial web photograph or screenshot,protected,represented-in-text-or-activity,chapters/12-framing-when-the-same-facts-become-different-decisions.qmd#questions-that-contain-an-answer,complete,"WikiHow-style ramen photograph is protected; the one-egg/two-eggs assumed-choice contrast is preserved as text. Raw asset ppt/media/image42.jpeg, 396×259 px; duplicate-group count in global inventory: 1."
DPN03. Heuristics & Biases:s55:o1,DPN03. Heuristics & Biases.pptx,55,False,12,Picture 2,f67ef46d78fe6950d28bab072e5627eced61754a6176f95fd6b22f6a5417cf0b,sha256:f67ef46d78fe6950,substantive,journal-derived speed-estimate chart; only underlying published values are reused,facts-or-data-only,redrawn-data,chapters/12-framing-when-the-same-facts-become-different-decisions.qmd#fig-wording-memory-study-redraw,complete,"The crash photograph and journal artwork are not copied. Published speed-estimate and false-glass values are redrawn in a new two-panel chart with a source note."
DPN03. Heuristics & Biases:s55:o2,DPN03. Heuristics & Biases.pptx,55,False,13,Picture 2,ebb0a7722f05029634e439c735cda74d3d9016f71151023d12b11350ae1f0257,sha256:ebb0a7722f050296,substantive,third-party crash photograph; no license metadata,protected,represented-in-text-or-activity,chapters/12-framing-when-the-same-facts-become-different-decisions.qmd#framing-memory-and-causality,complete,"Crash photograph and study graph are not copied; hit/smashed speed and false-glass findings are described and cited. Raw asset ppt/media/image44.jpeg, 414×252 px; duplicate-group count in global inventory: 1."
DPN03. Heuristics & Biases:s57:o1,DPN03. Heuristics & Biases.pptx,57,False,8,Content Placeholder 5,4ca8561a38b1f828420b31a1ca19db6c0f0199b76f0ec83db90ab2982a3fb399,sha256:4ca8561a38b1f828,administrative,deck-embedded QR code or live-platform screenshot,protected,administrative-omitted,chapters/09-what-feels-likely-availability-affect-and-resemblance.qmd#feeling-as-evidence,accounted,"Live recall/rating prompt screenshot is omitted; mood-as-information is represented as a durable reflection prompt and cited prose. Raw asset ppt/media/image45.png, 886×153 px; duplicate-group count in global inventory: 1."
DPN03. Heuristics & Biases:s58:o1,DPN03. Heuristics & Biases.pptx,58,False,8,Picture 5,58c6b01afd5c9e3b3efca653ecd87add3895762b4cf519241bdc5ac56057bcf4,sha256:58c6b01afd5c9e3b,substantive,course or third-party result graphic; no reusable dataset,protected,represented-in-text-or-activity,chapters/09-what-feels-likely-availability-affect-and-resemblance.qmd#feeling-as-evidence,complete,"Happy/sad recall result graphic is not copied; incidental mood and attribution are explained with source caveats. Raw asset ppt/media/image46.png, 1933×533 px; duplicate-group count in global inventory: 1."
DPN03. Heuristics & Biases:s59:o1,DPN03. Heuristics & Biases.pptx,59,False,10,Picture 4,d952c57216c1273013c6705cf1f6f21da49077153dea55a39ea694b37d344cad,sha256:d952c57216c12730,substantive,commercial flyer or experimental stimulus image,protected,represented-in-text-or-activity,chapters/13-accessibility-familiarity-and-ease.qmd#goals-and-action,complete,"Protected recipe flyers are not copied; the supermarket health-prime study, existing-goal boundary, and setting-specific effect warning are in prose. Raw asset ppt/media/image47.png, 659×433 px; duplicate-group count in global inventory: 1."
DPN03. Heuristics & Biases:s61:o1,DPN03. Heuristics & Biases.pptx,61,False,10,Picture 4,c1065373db12ea28a4d0b7f02ad61b41c7bc9f8c2bd8eb88cd7618405fa1c25b,sha256:c1065373db12ea28,duplicate,exact embedded-asset duplicate of DPN01 slide 25 occurrence o1,protected,duplicate-accounted,chapters/01-decision-making-is-a-process-not-a-moment.qmd#example-6-mars-publicity-and-mars-bar-sales,accounted,"Exact SHA-256 duplicate; substantive/decorative disposition is already recorded at DPN01 slide 25 occurrence o1. Raw asset ppt/media/image48.png, 640×462 px; duplicate-group count in global inventory: 2."
DPN03. Heuristics & Biases:s61:o2,DPN03. Heuristics & Biases.pptx,61,False,11,Picture 2,6e7efc6cbd6b75f08039528727b475a7b8ccbc1f7c33849bf571b5d1803be16d,sha256:6e7efc6cbd6b75f0,duplicate,exact embedded-asset duplicate of DPN01 slide 25 occurrence o2,protected,duplicate-accounted,chapters/01-decision-making-is-a-process-not-a-moment.qmd#example-6-mars-publicity-and-mars-bar-sales,accounted,"Exact SHA-256 duplicate; substantive/decorative disposition is already recorded at DPN01 slide 25 occurrence o2. Raw asset ppt/media/image49.jpeg, 584×364 px; duplicate-group count in global inventory: 2."
DPN03. Heuristics & Biases:s62:o1,DPN03. Heuristics & Biases.pptx,62,False,17,Picture 4,4ee532c1954a67372c2637600aca0b8d622958b28a8dd300dcc05f7c1a20391e,sha256:4ee532c1954a6737,substantive,third-party audiovisual thumbnail with source URL in deck relationship,protected,linked-original,chapters/retired-fluency-familiarity-and-the-feeling-of-truth.qmd#watch-and-test-familiarity-planted-before-the-choice,complete,"Protected Focus frame is replaced by the authorized clip link and an exposure–ease–feeling–choice prompt. Raw asset ppt/media/image50.jpeg, 1200×628 px; duplicate-group count in global inventory: 1."
DPN03. Heuristics & Biases:s68:o1,DPN03. Heuristics & Biases.pptx,68,False,18,Picture 8,1a3e27adb280b4cbde1e600a75ebadcce9a15ae8cd54242fafe00e6484a11b1f,sha256:1a3e27adb280b4cb,substantive,third-party task stimuli and result graphics; no license metadata,protected,represented-in-text-or-activity,chapters/08-fast-and-frugal-thinking.qmd#slow-thinking-is-powerful-expensive-and-often-late,complete,"Stroop stimulus, auxiliary drawings, and result panels are not copied; a self-contained ink-colour task and conflict-control interpretation were added with a primary citation. Raw asset ppt/media/image51.png, 1206×774 px; duplicate-group count in global inventory: 1."
DPN03. Heuristics & Biases:s68:o2,DPN03. Heuristics & Biases.pptx,68,False,19,Picture 13,d05a39c48b605ccd4ac754d67875c91e0c44808260aa52445656042c2f0175c9,sha256:d05a39c48b605ccd,substantive,third-party task stimuli and result graphics; no license metadata,protected,represented-in-text-or-activity,chapters/08-fast-and-frugal-thinking.qmd#slow-thinking-is-powerful-expensive-and-often-late,complete,"Stroop stimulus, auxiliary drawings, and result panels are not copied; a self-contained ink-colour task and conflict-control interpretation were added with a primary citation. Raw asset ppt/media/image52.png, 1933×533 px; duplicate-group count in global inventory: 1."
DPN03. Heuristics & Biases:s68:o3,DPN03. Heuristics & Biases.pptx,68,False,20,Image 1,6a45a57b261cdc8d8f4954bee83520bc404a9cb53b9018526b083c8070df860a,sha256:6a45a57b261cdc8d,substantive,third-party task stimuli and result graphics; no license metadata,protected,represented-in-text-or-activity,chapters/08-fast-and-frugal-thinking.qmd#slow-thinking-is-powerful-expensive-and-often-late,complete,"Stroop stimulus, auxiliary drawings, and result panels are not copied; a self-contained ink-colour task and conflict-control interpretation were added with a primary citation. Raw asset ppt/media/image53.png, 1641×488 px; duplicate-group count in global inventory: 1."
DPN04. Influence & Persuasion:s1:o1,DPN04. Influence & Persuasion.pptx,1,False,3,Picture 2,e6dedca6649905f9bfe8bb0c15275c0e34f75f8e3974efeaf41569777605e4e6,sha256:e6dedca6649905f9,decorative,AI/stock-style deck artwork; no reusable provenance supplied,unclear,decorative-omitted,—,accounted,Title illustration adds atmosphere only; omitted from the textbook.
DPN04. Influence & Persuasion:s4:o1,DPN04. Influence & Persuasion.pptx,4,False,6,Picture 5,44937bcf0a4fbc39caf09fbb6b30bdef3a05a362023b71a90f680a9ec0ffe4cf,sha256:44937bcf0a4fbc39,decorative,AI/stock-style deck artwork; no reusable provenance supplied,unclear,decorative-omitted,—,accounted,Section-divider illustration is decorative and omitted.
DPN04. Influence & Persuasion:s6:o1,DPN04. Influence & Persuasion.pptx,6,False,2,Chimps outperform humans at memory task,0a2d9a42c568be3eea0e9a95b9ba28ccfa8df6c04d945e60a4351bf32d69bfbc,sha256:0a2d9a42c568be3e,substantive,Video frame from chimpanzee numeral-memory demonstration; source ownership not granted,protected,linked-original,chapters/26-social-norms-and-conformity-when-other-people-become-evidence.qmd,complete,The comparison is described and cited; no video frame is copied.
DPN04. Influence & Persuasion:s7:o1,DPN04. Influence & Persuasion.pptx,7,False,7,Picture 6,05304ce2462b4a8be13802788b4ee90566bfb13ff5f3caecf07797aaf460855d,sha256:05304ce2462b4a8b,substantive,Comparative-cognition bar chart derived from named studies; embedded chart artwork is not reused,facts-or-data-only,represented-in-text-or-activity,chapters/26-social-norms-and-conformity-when-other-people-become-evidence.qmd,complete,Human social-learning advantage and narrower task-specific primate advantages are stated with citations.
DPN04. Influence & Persuasion:s8:o1,DPN04. Influence & Persuasion.pptx,8,False,8,Content Placeholder 5,ce296bef2245f1888760e1a8c41e366778b2e0c4940cda7692e4924e5b5405a8,sha256:ce296bef2245f188,substantive,Social-brain scatterplot from scholarly source,facts-or-data-only,represented-in-text-or-activity,chapters/26-social-norms-and-conformity-when-other-people-become-evidence.qmd,complete,The neocortex/social-group association is explained with Dunbar and Sallet citations; no source chart is copied.
DPN04. Influence & Persuasion:s8:o2,DPN04. Influence & Persuasion.pptx,8,False,9,Picture 8,40b08d0a0a93b0e2da4fa2fab70fbfcd382ba85c86f3874e4f817d96e1835d92,sha256:40b08d0a0a93b0e2,substantive,Alternate social-brain scatterplot from scholarly source,facts-or-data-only,represented-in-text-or-activity,chapters/26-social-norms-and-conformity-when-other-people-become-evidence.qmd,complete,Same concept is represented in prose; this source chart is not copied.
DPN04. Influence & Persuasion:s9:o1,DPN04. Influence & Persuasion.pptx,9,False,7,Content Placeholder 5,31c371df5dc480d2eecf90f781493abb7fca68b1d1492c533659ff57211af0ae,sha256:31c371df5dc480d2,substantive,Personal instructor/family photograph identified by the author,author-owned,embedded-author-owned,figures/personal-mimicry-crossed-arms.jpg; chapters/26-social-norms-and-conformity-when-other-people-become-evidence.qmd#fig-personal-mimicry-crossed-arms,complete,The author-owned photograph is used as an engaging illustration of a shared posture; the caption states that it does not establish automatic mimicry and names alternative explanations.
DPN04. Influence & Persuasion:s9:o2,DPN04. Influence & Persuasion.pptx,9,False,8,Picture 7,6785b6ad7654142d33eb7065246ee445673ba923423c5bc3c0f4ba956e58cd0c,sha256:6785b6ad7654142d,substantive,Historical adult-and-child photograph; provenance not supplied,unclear,represented-in-text-or-activity,chapters/26-social-norms-and-conformity-when-other-people-become-evidence.qmd,complete,Imitation is represented in the social-learning discussion; photograph omitted.
DPN04. Influence & Persuasion:s9:o3,DPN04. Influence & Persuasion.pptx,9,False,4,Picture 3,d5c0e9c17e24c9d4f95505620560d5ae573c2c6a1e3194f95e15e2c0644d26a4,sha256:d5c0e9c17e24c9d4,substantive,Adult-and-infant imitation photograph; provenance not supplied,unclear,represented-in-text-or-activity,chapters/26-social-norms-and-conformity-when-other-people-become-evidence.qmd,complete,Imitation is represented in text; photograph omitted.
DPN04. Influence & Persuasion:s10:o1,DPN04. Influence & Persuasion.pptx,10,False,9,Content Placeholder 5,5ffb9c65553cbf7a4f2bb5fb170ab00f051f7f9d0e1db355c84a3feeb4c3d3d0,sha256:5ffb9c65553cbf7a,substantive,Horner and Whiten puzzle-box study photograph,protected,represented-in-text-or-activity,chapters/26-social-norms-and-conformity-when-other-people-become-evidence.qmd,complete,The transparent-box overimitation task and boundary conditions are described and cited; source image omitted.
DPN04. Influence & Persuasion:s11:o1,DPN04. Influence & Persuasion.pptx,11,False,9,Content Placeholder 5,91f9d0d6256e40c0d116bd7a0edb203bb480807b18ab6380d30b8be5a9849896,sha256:91f9d0d6256e40c0,substantive,Bar chart summarizing Chartrand and Bargh mimicry study,facts-or-data-only,redrawn-data,chapters/26-social-norms-and-conformity-when-other-people-become-evidence.qmd#fig-mimicry-study-redraw,complete,"Reported study means are redrawn in the book's visual system with task-specific and no-mind-control boundaries beside the evidence."
DPN04. Influence & Persuasion:s13:o1,DPN04. Influence & Persuasion.pptx,13,False,6,Picture 5,1d6ec2856dc680a2af43c5adbdbc385c2c0a86f82ace40ab168c1a7e5854f399,sha256:1d6ec2856dc680a2,decorative,AI/stock-style deck artwork; no reusable provenance supplied,unclear,decorative-omitted,—,accounted,Section-divider conformity illustration is decorative and omitted.
DPN04. Influence & Persuasion:s15:o1,DPN04. Influence & Persuasion.pptx,15,False,6,Content Placeholder 5,5e19d5030124ec8044f1a270d7f584e52664c2b917b025ebbd73113021c4a413,sha256:5e19d5030124ec80,substantive,Illustrative social-proof panel with unclear artwork provenance,unclear,original-replacement,chapters/retired-conformity-norms-and-social-proof.qmd,complete,Replaced by an original norm-message diagnostic that tests whether a descriptive claim helps or normalizes harm.
DPN04. Influence & Persuasion:s16:o1,DPN04. Influence & Persuasion.pptx,16,False,4,Picture 3,fa7113a12ea8e7eed39ee5781ccc115c41c0e0245b09af738ab2fb7ee8ebcae7,sha256:fa7113a12ea8e7ee,substantive,Frame from elevator conformity demonstration,protected,linked-original,chapters/retired-conformity-norms-and-social-proof.qmd,complete,The textbook links the original clip and supplies a predict-diagnose activity; no frame copied.
DPN04. Influence & Persuasion:s17:o1,DPN04. Influence & Persuasion.pptx,17,False,2050,Picture 2,18d7275ac3e1bea6e429c75085ed7599aff54077ebd113060647384ab0e70c22,sha256:18d7275ac3e1bea6,substantive,Commercial illustration of The Emperor's New Clothes; artwork rights unclear,protected,represented-in-text-or-activity,chapters/retired-conformity-norms-and-social-proof.qmd,complete,The public-domain tale is used as text; this modern illustration is omitted.
DPN04. Influence & Persuasion:s18:o1,DPN04. Influence & Persuasion.pptx,18,False,1026,Picture 2,003ee12582fc2ca66821ad984fbe5017937eb3d359c4947a6e1193c1cfd1f98d,sha256:003ee12582fc2ca6,substantive,Asch line-task graphic from third-party material,protected,represented-in-text-or-activity,chapters/retired-conformity-norms-and-social-proof.qmd,complete,The task is described and the original demonstration is linked; graphic omitted.
DPN04. Influence & Persuasion:s18:o2,DPN04. Influence & Persuasion.pptx,18,False,8,Picture 7,9a6bd14d025c8dd5e22602f5379c4d0c0e2925dd6722397c565f56349f8be4d3,sha256:9a6bd14d025c8dd5,substantive,Asch study photograph/caption strip,protected,linked-original,chapters/retired-conformity-norms-and-social-proof.qmd,complete,"Asch task, dissenter test, and citation are retained; no photograph copied."
DPN04. Influence & Persuasion:s19:o1,DPN04. Influence & Persuasion.pptx,19,False,16,Picture 15,30dc38c2e95182c56b73654c6f8bca22df08e26360a9c703dc7108485c5980ca,sha256:30dc38c2e95182c5,substantive,"Salganik, Dodds, and Watts study-result chart",facts-or-data-only,redrawn-data,chapters/retired-conformity-norms-and-social-proof.qmd#fig-cultural-market-study-redraw,complete,The published unpredictability pattern is redrawn in a new chart and paired with an original parallel-worlds schematic.
DPN04. Influence & Persuasion:s20:o1,DPN04. Influence & Persuasion.pptx,20,False,9,Content Placeholder 5,60cab50dde3f3abc8b703965a851ec8735ff30234eb1cbbfdb0c6fedb115e640,sha256:60cab50dde3f3abc,substantive,Ridout and Campbell drinking-feedback result chart,facts-or-data-only,represented-in-text-or-activity,chapters/retired-conformity-norms-and-social-proof.qmd,complete,"The private norm-correction intervention, time points, limitations, and citation are stated in prose."
DPN04. Influence & Persuasion:s22:o1,DPN04. Influence & Persuasion.pptx,22,False,11,Picture 10,9415ad1a1c5692f9e055c7c858ae4a019642acb3625c99c4191a12ac7b62f46c,sha256:9415ad1a1c5692f9,substantive,Street photograph of illegal parking despite a rule; provenance not supplied,unclear,represented-in-text-or-activity,chapters/retired-conformity-norms-and-social-proof.qmd,complete,The distinction between formal rules and descriptive norms is represented with original prose examples.
DPN04. Influence & Persuasion:s22:o2,DPN04. Influence & Persuasion.pptx,22,False,14,Picture 13,3acd11beccb7bbcbfa03a2c425723ed4e93fd82524dff6ea4f4cf8a36aad01f8,sha256:3acd11beccb7bbcb,substantive,Second illegal-parking photograph; provenance not supplied,unclear,represented-in-text-or-activity,chapters/retired-conformity-norms-and-social-proof.qmd,complete,Same rules-versus-practice concept is represented in text; photograph omitted.
DPN04. Influence & Persuasion:s23:o1,DPN04. Influence & Persuasion.pptx,23,False,7,Content Placeholder 5,1dc0ca4f8bf90e27d72ba7f010c157e4076d6080cb735be5e3c0bb4e1a75090f,sha256:1dc0ca4f8bf90e27,substantive,Street-sign photograph; provenance not supplied,unclear,represented-in-text-or-activity,chapters/retired-conformity-norms-and-social-proof.qmd,complete,The descriptive-norm-overrides-injunction concept is represented in the new original diagnostic and chapter examples; photograph omitted.
DPN04. Influence & Persuasion:s23:o2,DPN04. Influence & Persuasion.pptx,23,False,9,Picture 8,67177dbb6bc3c57f8d28261535f252ec1cf31e8d86742127b66683cfbd354b94,sha256:67177dbb6bc3c57f,substantive,People feeding fish despite a local norm/rule; provenance not supplied,unclear,represented-in-text-or-activity,chapters/retired-conformity-norms-and-social-proof.qmd,complete,The descriptive-norm-overrides-injunction concept is represented in the new original diagnostic and chapter examples; photograph omitted.
DPN04. Influence & Persuasion:s23:o3,DPN04. Influence & Persuasion.pptx,23,False,10,Picture 9,f5ae836ee7d20346c9afd1bbde84b89258b597d2b134342592909f2434150a7f,sha256:f5ae836ee7d20346,substantive,No-feeding sign photograph; provenance not supplied,unclear,represented-in-text-or-activity,chapters/retired-conformity-norms-and-social-proof.qmd,complete,The descriptive-norm-overrides-injunction concept is represented in the new original diagnostic and chapter examples; photograph omitted.
DPN04. Influence & Persuasion:s23:o4,DPN04. Influence & Persuasion.pptx,23,False,17,Picture 16,c7b9858bc62c48dbc49bba1da159bca3e0136a43d6afd5b8ec361031c2e3c3a4,sha256:c7b9858bc62c48db,substantive,School-sign photograph; provenance not supplied,unclear,represented-in-text-or-activity,chapters/retired-conformity-norms-and-social-proof.qmd,complete,The descriptive-norm-overrides-injunction concept is represented in the new original diagnostic and chapter examples; photograph omitted.
DPN04. Influence & Persuasion:s24:o1,DPN04. Influence & Persuasion.pptx,24,False,8,Picture 7,30e809926646e06bcb52c08f3bb6d55380131b8dc236014d3f26cbc4fa039736,sha256:30e809926646e06b,substantive,Petrified Forest photograph from the lecture case; image provenance not supplied,protected,represented-in-text-or-activity,chapters/retired-conformity-norms-and-social-proof.qmd,complete,"The Cialdini field experiment, message mechanism, and warning are explained and cited; photograph omitted."
DPN04. Influence & Persuasion:s25:o1,DPN04. Influence & Persuasion.pptx,25,False,1026,Picture 2,e0ccee0a2843e2c420cabb835bca3d5d65bddd4c29db5c878ef6b04896276a02,sha256:e0ccee0a2843e2c4,substantive,Nancy Reagan/Just Say No news or campaign photograph,protected,represented-in-text-or-activity,chapters/retired-conformity-norms-and-social-proof.qmd,complete,The anti-drug campaign is discussed with a cautious evaluation claim; protected campaign image omitted.
DPN04. Influence & Persuasion:s26:o1,DPN04. Influence & Persuasion.pptx,26,False,10,Picture 9,d94b56e58e6f793b144cf3dcc2a83cb362f11d948e6221dfdba74a81ef7b931d,sha256:d94b56e58e6f793b,decorative,AI/stock-style deck artwork; no reusable provenance supplied,unclear,decorative-omitted,—,accounted,Break-slide illustration; exact duplicate recurs on hidden slide 107. First occurrence omitted as decorative.
DPN04. Influence & Persuasion:s27:o1,DPN04. Influence & Persuasion.pptx,27,False,6,Picture 5,bbb6108f327291e93dda3b7b6eb9a76c4f1be4269591bcbc812d41cb07df7f6d,sha256:bbb6108f327291e9,decorative,AI/stock-style deck artwork; no reusable provenance supplied,unclear,decorative-omitted,—,accounted,Section-divider model-updating illustration is decorative and omitted.
DPN04. Influence & Persuasion:s30:o1,DPN04. Influence & Persuasion.pptx,30,False,5,Picture 4,5f385de3845140fd658d3ab87d4d4536bf7b1bdd51f6c132ce3016de227ba6c6,sha256:5f385de3845140fd,substantive,Unlabeled scatterplot used as an ambiguity prompt,facts-or-data-only,represented-in-text-or-activity,chapters/30-persuasion-changing-minds-means-updating-models.qmd,complete,The chapter states that visible facts can fit multiple models and asks what observation would discriminate them.
DPN04. Influence & Persuasion:s31:o1,DPN04. Influence & Persuasion.pptx,31,False,2,Picture 1,0da09e0c3b3377561da3e52040b710b729d459967d09373d4b9b143fa1098cfc,sha256:0da09e0c3b337756,substantive,One panel in the same-evidence/different-stories sequence,facts-or-data-only,represented-in-text-or-activity,chapters/30-persuasion-changing-minds-means-updating-models.qmd,complete,"The chapter explains steady, accelerating, and plateau interpretations and warns that evidence does not select a convenient curve by itself."
DPN04. Influence & Persuasion:s31:o2,DPN04. Influence & Persuasion.pptx,31,False,12,Picture 11,a5f39fa2e752048d5286141485de2a7e33165f42da7fa9fa480ef2032a72eb2d,sha256:a5f39fa2e752048d,substantive,One panel in the same-evidence/different-stories sequence,facts-or-data-only,represented-in-text-or-activity,chapters/30-persuasion-changing-minds-means-updating-models.qmd,complete,"The chapter explains steady, accelerating, and plateau interpretations and warns that evidence does not select a convenient curve by itself."
DPN04. Influence & Persuasion:s31:o3,DPN04. Influence & Persuasion.pptx,31,False,13,Picture 12,a6f1eeb78b98b2001e2cc4dfc931cb713357bf43f5f04208ca7a043b7f47c3ac,sha256:a6f1eeb78b98b200,substantive,One panel in the same-evidence/different-stories sequence,facts-or-data-only,represented-in-text-or-activity,chapters/30-persuasion-changing-minds-means-updating-models.qmd,complete,"The chapter explains steady, accelerating, and plateau interpretations and warns that evidence does not select a convenient curve by itself."
DPN04. Influence & Persuasion:s31:o4,DPN04. Influence & Persuasion.pptx,31,False,3,Picture 2,ff09cee3f8ae6887807ec1e66138adb64b29e041846261adf20ae74fc1a777e5,sha256:ff09cee3f8ae6887,substantive,One panel in the same-evidence/different-stories sequence,facts-or-data-only,represented-in-text-or-activity,chapters/30-persuasion-changing-minds-means-updating-models.qmd,complete,"The chapter explains steady, accelerating, and plateau interpretations and warns that evidence does not select a convenient curve by itself."
DPN04. Influence & Persuasion:s31:o5,DPN04. Influence & Persuasion.pptx,31,False,8,Picture 7,57e35b70ebb4ac851aa729cd3cd988168a07bc5bfd197843034633fb4b99a2c6,sha256:57e35b70ebb4ac85,substantive,One panel in the same-evidence/different-stories sequence,facts-or-data-only,represented-in-text-or-activity,chapters/30-persuasion-changing-minds-means-updating-models.qmd,complete,"The chapter explains steady, accelerating, and plateau interpretations and warns that evidence does not select a convenient curve by itself."
DPN04. Influence & Persuasion:s31:o6,DPN04. Influence & Persuasion.pptx,31,False,11,Picture 10,f4d34310ba3a40f35a845ca5f8e4dee67fee98bd4761871da622470c58c6ed0f,sha256:f4d34310ba3a40f3,substantive,One panel in the same-evidence/different-stories sequence,facts-or-data-only,represented-in-text-or-activity,chapters/30-persuasion-changing-minds-means-updating-models.qmd,complete,"The chapter explains steady, accelerating, and plateau interpretations and warns that evidence does not select a convenient curve by itself."
DPN04. Influence & Persuasion:s36:o1,DPN04. Influence & Persuasion.pptx,36,False,6,Picture 5,5797beebead6ba1fdda59422be0072dd24ced45968293d8cdbca9ccab6177c37,sha256:5797beebead6ba1f,substantive,Third-party monomyth diagram,protected,represented-in-text-or-activity,chapters/31-why-stories-move-minds.qmd,complete,ABT is presented as a bounded practitioner framework in an original story-update visual; monomyth artwork omitted.
DPN04. Influence & Persuasion:s37:o1,DPN04. Influence & Persuasion.pptx,37,False,5,Picture 4,abbcab864c2d8b791be617e3f9f384262386e5e29ba6604f92665a65489a672a,sha256:abbcab864c2d8b79,substantive,Historical Gettysburg Address illustration/photograph,protected,represented-in-text-or-activity,chapters/31-why-stories-move-minds.qmd,complete,The speech is paraphrased analytically; the historical image is not copied.
DPN04. Influence & Persuasion:s39:o1,DPN04. Influence & Persuasion.pptx,39,False,1026,Picture 2,12b46f17d4f8b0b212afad876ea77ae8871d968eb3d9c85c5701689538e28dda,sha256:12b46f17d4f8b0b2,substantive,Modern poster/portrait for Martin Luther King Jr.'s speech,protected,represented-in-text-or-activity,chapters/31-why-stories-move-minds.qmd,complete,The speech is paraphrased analytically; protected poster art omitted.
DPN04. Influence & Persuasion:s43:o1,DPN04. Influence & Persuasion.pptx,43,False,12,Content Placeholder 5,a936dc010d87dcd8f197a630904b092cfab3d52d51b54066c1dd1e285bb4e0ba,sha256:a936dc010d87dcd8,substantive,Narrative-index maintenance-manual comparison chart,facts-or-data-only,represented-in-text-or-activity,chapters/31-why-stories-move-minds.qmd,complete,"Narrative index is explicitly framed as a rough practitioner heuristic, not a validated psychological law."
DPN04. Influence & Persuasion:s43:o2,DPN04. Influence & Persuasion.pptx,43,False,6,Content Placeholder 5,95b978caf7a3d29c1bfdf3739b49e364ad5ea885fa4916b7107811b3de6dbe04,sha256:95b978caf7a3d29c,substantive,Narrative-index bar chart for public speakers,facts-or-data-only,represented-in-text-or-activity,chapters/31-why-stories-move-minds.qmd,complete,"Named-speech examples are paraphrased, while the uncited comparative bars are not reproduced or treated as verified facts."
DPN04. Influence & Persuasion:s46:o1,DPN04. Influence & Persuasion.pptx,46,False,8,Picture 7,80566d5254336572e7d6a25e57c29210a70ee706a290b20b0b2340214649f693,sha256:80566d5254336572,administrative,Course-response or submission interface,not-applicable,administrative-omitted,—,accounted,Padlet QR code for a live class ABT activity; the textbook retains the activity without the transient submission endpoint.
DPN04. Influence & Persuasion:s58:o1,DPN04. Influence & Persuasion.pptx,58,False,9,Picture 8,afdb0f1cb2ea491bc3bc6ad169d5d07dec0352a248a075c4db32d101d9934aec,sha256:afdb0f1cb2ea491b,substantive,Composite of commercial automobile designs,protected,represented-in-text-or-activity,chapters/30-persuasion-changing-minds-means-updating-models.qmd,complete,Typicality/fluency is explained with citations; branded product images omitted.
DPN04. Influence & Persuasion:s59:o1,DPN04. Influence & Persuasion.pptx,59,False,5,Picture 4,dabef1e0aa9b63de3b9c6147d3de308325d90ba633846c9824645dd2dbf63cb4,sha256:dabef1e0aa9b63de,substantive,Collection of commercial logos,protected,represented-in-text-or-activity,chapters/30-persuasion-changing-minds-means-updating-models.qmd,complete,MAYA/familiarity-plus-surprise is retained as a bounded concept; logos omitted.
DPN04. Influence & Persuasion:s59:o2,DPN04. Influence & Persuasion.pptx,59,False,7,Picture 6,d1e41cc23949ba34bc4b8a635e0c3755b3ea0b8dc5c1e1fec13ba504519c4b8d,sha256:d1e41cc23949ba34,substantive,Raymond Loewy poster with brands and artworks,protected,represented-in-text-or-activity,chapters/30-persuasion-changing-minds-means-updating-models.qmd,complete,Loewy's practitioner maxim is discussed without reproducing the poster.
DPN04. Influence & Persuasion:s59:o3,DPN04. Influence & Persuasion.pptx,59,False,9,Picture 8,3956a8323b47f0d1083245f87ddb87ca26d7b7f252580db3e7de2e43e1e07128,sha256:3956a8323b47f0d1,substantive,"Raymond Loewy collage with portrait, product photographs, and branding",protected,represented-in-text-or-activity,chapters/30-persuasion-changing-minds-means-updating-models.qmd,complete,The familiarity/novelty lesson remains in prose; collage omitted.
DPN04. Influence & Persuasion:s61:o1,DPN04. Influence & Persuasion.pptx,61,False,6,Picture 5,26839733689c9716a27c26b93c140a83c36781c1b809712edcd8adc4e61bf21e,sha256:26839733689c9716,decorative,AI/stock-style deck artwork; no reusable provenance supplied,unclear,decorative-omitted,—,accounted,Section-divider story illustration is decorative and omitted.
DPN04. Influence & Persuasion:s66:o1,DPN04. Influence & Persuasion.pptx,66,False,7,Picture 6,4dda37861a2c716c62e3539b284dee18617c6bdb8018313920c7fd24ccdf9495,sha256:4dda37861a2c716c,substantive,Frame from My Big Fat Greek Wedding,protected,linked-original,chapters/28-authority-groupthink-and-shared-responsibility.qmd,complete,The textbook links the original clip and asks students to diagnose ownership/autonomy; no film frame copied.
DPN04. Influence & Persuasion:s68:o1,DPN04. Influence & Persuasion.pptx,68,False,10,Picture 9,0e7b66a982b13c0b0430a69e767a00abe23dff0f0670042ef126e8109c80d844,sha256:0e7b66a982b13c0b,substantive,Frame from a public commitment/foot-in-the-door demonstration,protected,linked-original,chapters/28-authority-groupthink-and-shared-responsibility.qmd,complete,The original clip is linked; commitment conditions and ethical boundaries are explained in text.
DPN04. Influence & Persuasion:s70:o1,DPN04. Influence & Persuasion.pptx,70,False,2,Picture 1,00c5e863f299eeae50c2b249f09b0fffc0421782dcd04f81aafc97bbfd9b4201,sha256:00c5e863f299eeae,substantive,Benjamin Franklin portrait; source/license not documented in deck,protected,represented-in-text-or-activity,chapters/28-authority-groupthink-and-shared-responsibility.qmd,complete,The Franklin-effect story is represented cautiously in text; portrait omitted rather than presumed public domain.
DPN04. Influence & Persuasion:s73:o1,DPN04. Influence & Persuasion.pptx,73,False,9,Picture 8,60bdd5a2559d4fc1c1b2006e4f38d4296953402e1012e9c6097bc20d999ff29c,sha256:60bdd5a2559d4fc1,substantive,Processing-fluency result chart for pronounceable names/tickers,facts-or-data-only,represented-in-text-or-activity,chapters/32-building-an-evidence-aligned-message.qmd,complete,Fluency mechanisms and epistemic risks are explained and cited without copying the chart.
DPN04. Influence & Persuasion:s75:o1,DPN04. Influence & Persuasion.pptx,75,False,5,Picture 4,defbda8b48e8d3e39b768aef0379e20b02a7644df65b3a2ea82065a4e1269eb8,sha256:defbda8b48e8d3e3,substantive,Oil-covered bird photograph used in scope-insensitivity example,protected,represented-in-text-or-activity,chapters/32-building-an-evidence-aligned-message.qmd,complete,The bird-count willingness-to-pay example and limitation are described with citation; emotive photograph omitted.
DPN04. Influence & Persuasion:s77:o1,DPN04. Influence & Persuasion.pptx,77,False,16,Picture 15,bd6007929e4c360cca17cf086cf41c5c8f47affb096b81746199353d0734ee9e,sha256:bd6007929e4c360c,substantive,Hasson et al. film-viewing intersubject-correlation figure,protected,represented-in-text-or-activity,chapters/31-why-stories-move-minds.qmd,complete,The finding is explained with a boundary that synchronized processing is not shared belief; journal figure omitted.
DPN04. Influence & Persuasion:s77:o2,DPN04. Influence & Persuasion.pptx,77,False,24,Picture 23,812effc55495c3fad12a88ff7dc84237d0bb8c0a66d74dc6243f04b19ae9db67,sha256:812effc55495c3fa,substantive,Lecture-created bar summary of Hasson film-viewing synchronization,facts-or-data-only,represented-in-text-or-activity,chapters/31-why-stories-move-minds.qmd,complete,The reported pattern is represented cautiously in prose; no numeric redraw is made because the slide summary is not itself primary evidence.
DPN04. Influence & Persuasion:s78:o1,DPN04. Influence & Persuasion.pptx,78,False,8,Picture 7,f53b72a98ef7865f661ba66bbf06868e4cc482d59f3320d0124118584eb3027a,sha256:f53b72a98ef7865f,substantive,Hasson et al. structured/unstructured movie gaze-map figure,protected,represented-in-text-or-activity,chapters/31-why-stories-move-minds.qmd,complete,Narrative structure and coordinated attention are explained; journal/movie frames omitted.
DPN04. Influence & Persuasion:s78:o2,DPN04. Influence & Persuasion.pptx,78,False,9,Picture 8,f53b72a98ef7865f661ba66bbf06868e4cc482d59f3320d0124118584eb3027a,sha256:f53b72a98ef7865f,duplicate,Exact embedded duplicate identified by SHA-256,not-applicable,duplicate-accounted,—,accounted,Exact duplicate of the first structured/unstructured gaze-map image on slide 78.
DPN04. Influence & Persuasion:s78:o3,DPN04. Influence & Persuasion.pptx,78,False,19,Picture 18,c9883b8b493276a364d39b06fb3730951a820fe5a02da40912aad0f9cf2fb6be,sha256:c9883b8b493276a3,substantive,Hasson et al. structured/unstructured movie brain-activation figure,protected,represented-in-text-or-activity,chapters/31-why-stories-move-minds.qmd,complete,Cross-viewer alignment is represented in prose with cautions; journal figure omitted.
DPN04. Influence & Persuasion:s79:o1,DPN04. Influence & Persuasion.pptx,79,False,20,Picture 19,17e16e0bfad6ac1f03cad4a24f1ca5c9cabc83ad4df777b7bc68f5af360e8468,sha256:17e16e0bfad6ac1f,substantive,Hasson et al. audiobook/silent-film cortical-overlap figure,protected,represented-in-text-or-activity,chapters/31-why-stories-move-minds.qmd,complete,Cross-modal narrative meaning is explained; journal figure omitted.
DPN04. Influence & Persuasion:s81:o1,DPN04. Influence & Persuasion.pptx,81,False,5,Content Placeholder 7,7b8cb803a5e3ea0cac5a30d2b6d630cf6fab650e3601931bc4a737ac5f4c56b9,sha256:7b8cb803a5e3ea0c,substantive,CNN debate frame for the horse-sized-syringe metaphor,protected,linked-original,chapters/32-building-an-evidence-aligned-message.qmd,complete,The textbook links the original excerpt and supplies a metaphor/base-rate audit; frame omitted.
DPN04. Influence & Persuasion:s82:o1,DPN04. Influence & Persuasion.pptx,82,False,9,Content Placeholder 8,d5cc7e9e946cd4767e997f6966437b281e96cd3cee2e70c27e3faaee14bf5e09,sha256:d5cc7e9e946cd476,substantive,Frame from Borgen Anna-and-grandfather scene,protected,linked-original,chapters/32-building-an-evidence-aligned-message.qmd,complete,The textbook links the original scene and supplies a story/evidence audit; frame omitted.
DPN04. Influence & Persuasion:s82:o2,DPN04. Influence & Persuasion.pptx,82,False,1026,Picture 2,1b1446950561095eb629ce21d3548ee6b9e9f01a7702f9be6284983a12f03a49,sha256:1b1446950561095e,substantive,Commercial Borgen cover/poster,protected,represented-in-text-or-activity,chapters/32-building-an-evidence-aligned-message.qmd,complete,The linked original scene replaces the protected cover image.
DPN04. Influence & Persuasion:s102:o1,DPN04. Influence & Persuasion.pptx,102,True,2050,Picture 2,6d4984e27677e2973b876fc0a7acdd73e233f26f5b9265ce85c8e6a03b264df4,sha256:6d4984e27677e297,duplicate,Exact embedded duplicate identified by SHA-256,not-applicable,duplicate-accounted,—,accounted,Hidden-slide petrified-forest photograph repeats the visible slide-24 case with a different source asset; the concept is already accounted for in Chapter 23.
DPN04. Influence & Persuasion:s104:o1,DPN04. Influence & Persuasion.pptx,104,True,5,Picture 4,3c6cbd7eb3152981d9d9dcf9b041e6b105949be2c865168de958db175d9653ea,sha256:3c6cbd7eb3152981,substantive,UtilityCo home-energy report screenshot based on Schultz et al.,protected,represented-in-text-or-activity,chapters/retired-conformity-norms-and-social-proof.qmd,complete,The boomerang effect and injunctive-cue correction are described and cited; customer-report screenshot omitted.
DPN04. Influence & Persuasion:s107:o1,DPN04. Influence & Persuasion.pptx,107,True,6,Picture 5,d94b56e58e6f793b144cf3dcc2a83cb362f11d948e6221dfdba74a81ef7b931d,sha256:d94b56e58e6f793b,duplicate,Exact embedded duplicate identified by SHA-256,not-applicable,duplicate-accounted,—,accounted,Exact SHA-256 duplicate of the decorative break artwork on slide 26.
DPN04. Influence & Persuasion:s108:o1,DPN04. Influence & Persuasion.pptx,108,True,9,Content Placeholder 5,98492cebb15badfdf6a7f26eed76b2cba49b7e9541766d8652de260511e97bf3,sha256:98492cebb15badfd,substantive,Matching-pennies payoff matrix from a hidden comparison slide,facts-or-data-only,represented-in-text-or-activity,chapters/26-social-norms-and-conformity-when-other-people-become-evidence.qmd,complete,The task-specific chimpanzee/human result is stated with a strong scope boundary; matrix artwork omitted.
DPN04. Influence & Persuasion:s109:o1,DPN04. Influence & Persuasion.pptx,109,True,13,Content Placeholder 13,6ae7301fd0b5dd0f467ea3cfed4e908ea0fffa33bd1398ecd51df67d3ba6978e,sha256:6ae7301fd0b5dd0f,substantive,Music Lab song-ranking screenshot,protected,represented-in-text-or-activity,chapters/retired-conformity-norms-and-social-proof.qmd,complete,Popularity and cascade dynamics are explained using the Salganik primary study; interface screenshot omitted.
DPN04. Influence & Persuasion:s109:o2,DPN04. Influence & Persuasion.pptx,109,True,14,Content Placeholder 6,e9605b4720bdec253dc73c39252d50af691eb5a3c1f9adc630cfe60a2bd79ed1,sha256:e9605b4720bdec25,substantive,Second Music Lab ranking screenshot,protected,represented-in-text-or-activity,chapters/retired-conformity-norms-and-social-proof.qmd,complete,Same cultural-market mechanism is represented in text; screenshot omitted.
DPN04. Influence & Persuasion:s113:o1,DPN04. Influence & Persuasion.pptx,113,True,7,Picture 6,733949abbe502f266473c06518fb88dd0846dd967ab634cd6798d5caf1109c04,sha256:733949abbe502f26,substantive,Commercial automobile comparison strip,protected,represented-in-text-or-activity,chapters/30-persuasion-changing-minds-means-updating-models.qmd,complete,Typicality and familiarity are represented in prose; exact image recurs on hidden slides 115 and 121.
DPN04. Influence & Persuasion:s114:o1,DPN04. Influence & Persuasion.pptx,114,True,7,Image 0,6241f3082e409d727c3d04908581e6d34d0c9b971bb22ea3df9d92c3798cd250,sha256:6241f3082e409d72,substantive,Lecture reconstruction using commercial automobile photographs,protected,represented-in-text-or-activity,chapters/30-persuasion-changing-minds-means-updating-models.qmd,complete,The shared-grammar concept is represented in text; commercial photographs omitted.
DPN04. Influence & Persuasion:s115:o1,DPN04. Influence & Persuasion.pptx,115,True,6,Image 0,733949abbe502f266473c06518fb88dd0846dd967ab634cd6798d5caf1109c04,sha256:733949abbe502f26,duplicate,Exact embedded duplicate identified by SHA-256,not-applicable,duplicate-accounted,—,accounted,Exact SHA-256 duplicate of the automobile strip on hidden slide 113.
DPN04. Influence & Persuasion:s120:o1,DPN04. Influence & Persuasion.pptx,120,True,14,Image 0,59f676da4f01399c25e219a0ed803223f70cc1b50c1ec919685b90b171b48574,sha256:59f676da4f01399c,substantive,Stylized automobile comparison based on protected designs,protected,represented-in-text-or-activity,chapters/30-persuasion-changing-minds-means-updating-models.qmd,complete,The familiarity/novelty concept is represented in prose; derivative comparison omitted.
DPN04. Influence & Persuasion:s121:o1,DPN04. Influence & Persuasion.pptx,121,True,5,Image 0,733949abbe502f266473c06518fb88dd0846dd967ab634cd6798d5caf1109c04,sha256:733949abbe502f26,duplicate,Exact embedded duplicate identified by SHA-256,not-applicable,duplicate-accounted,—,accounted,Exact SHA-256 duplicate of the automobile strip on hidden slides 113 and 115.
DPN05. Distributive Negotiation:s1:o1,DPN05. Distributive Negotiation.pptx,1,False,10,Picture 7,cc58acf184b40fdcab6f7fbf6b46436e90bf9ed9297759ebb727290c26451066,sha256:cc58acf184b40fdc,decorative,AI/stock-style deck artwork; no reusable provenance supplied,unclear,decorative-omitted,—,accounted,Title illustration is decorative and omitted.
DPN05. Distributive Negotiation:s2:o1,DPN05. Distributive Negotiation.pptx,2,False,16,Picture 4,dd8f1435ccaa61d5dcf2c34fed19ea456f29af81f915bb590a821b43e0865fcf,sha256:dd8f1435ccaa61d5,substantive,Stu's Views copyrighted cartoon/GIF,protected,represented-in-text-or-activity,chapters/35-negotiation-as-joint-decision-design.qmd,complete,The opening negotiation-definition prompt is represented as a text retrieval exercise; cartoon omitted.
DPN05. Distributive Negotiation:s3:o1,DPN05. Distributive Negotiation.pptx,3,False,23,Picture 1,cf43aeea34b44f17b4093820cacbb06d9bee5f35e4bcc2381bc84ba0b0847068,sha256:cf43aeea34b44f17,decorative,AI/stock-style deck artwork; no reusable provenance supplied,unclear,decorative-omitted,—,accounted,Section-divider negotiation illustration is decorative and omitted.
DPN05. Distributive Negotiation:s6:o1,DPN05. Distributive Negotiation.pptx,6,False,9,Picture 4,21aa0d03b086fbfa7662c40c78a467e96154f2bd3e46192044c0e644a42a37b6,sha256:21aa0d03b086fbfa,substantive,Syndicated negotiation cartoon,protected,represented-in-text-or-activity,chapters/35-negotiation-as-joint-decision-design.qmd,complete,The win-win myth is diagnosed in prose and a payoff activity; cartoon omitted.
DPN05. Distributive Negotiation:s10:o1,DPN05. Distributive Negotiation.pptx,10,False,16,Picture 4,54929354a6e64e6724e52a0d6ee3eae89767b6737086567538c33d391db29598,sha256:54929354a6e64e67,substantive,Simple divide-value schematic,facts-or-data-only,represented-in-existing-book-visual,chapters/35-negotiation-as-joint-decision-design.qmd,complete,Claiming versus creating value is represented in the original negotiation-architecture visual and prose.
DPN05. Distributive Negotiation:s10:o2,DPN05. Distributive Negotiation.pptx,10,False,17,Picture 5,2f359f91c66a916e9d420508e62b9b2a910b8d7995dbc2074b5017bd1fe5da05,sha256:2f359f91c66a916e,substantive,Simple create-value schematic,facts-or-data-only,represented-in-existing-book-visual,chapters/35-negotiation-as-joint-decision-design.qmd,complete,Claiming versus creating value is represented in the original negotiation-architecture visual and prose.
DPN05. Distributive Negotiation:s11:o1,DPN05. Distributive Negotiation.pptx,11,False,17,Picture 4,450e3763610a106fdaad3ff6a97c93d1f389fd9870e0626362e1bd956cb56c07,sha256:450e3763610a106f,substantive,Yin-yang value-claiming/value-creating schematic,facts-or-data-only,represented-in-existing-book-visual,chapters/35-negotiation-as-joint-decision-design.qmd,complete,The interdependence is represented in the original negotiation architecture; source diagram omitted.
DPN05. Distributive Negotiation:s15:o1,DPN05. Distributive Negotiation.pptx,15,False,13,Picture 5,67589019bfadbe9334ce4ea83a47f9423d79cc6f5d9a0e758b538ef53ec97275,sha256:67589019bfadbe93,substantive,News frame showing kidnapped journalist Jill Carroll,protected,represented-in-text-or-activity,chapters/37-creating-value-across-differences.qmd,complete,The audience/interests case is told cautiously from a cited retrospective account; news frame omitted.
DPN05. Distributive Negotiation:s16:o1,DPN05. Distributive Negotiation.pptx,16,False,17,Picture 7,6dd948b4ebff1c87eab6b7b30f17c89ae7ef85e4bc7cfc43a401a0e8fd4231b4,sha256:6dd948b4ebff1c87,substantive,Al Jazeera/news frame from Jill Carroll case,protected,represented-in-text-or-activity,chapters/37-creating-value-across-differences.qmd,complete,The audience/interests case is represented in text; protected broadcast frame omitted.
DPN05. Distributive Negotiation:s17:o1,DPN05. Distributive Negotiation.pptx,17,False,19,Content Placeholder 6,f253ecd8e8f8baf164ed7f9306d1cbbe022f080877215086239dd4ce179edde5,sha256:f253ecd8e8f8baf1,substantive,Video thumbnail for Know Your Interests,protected,linked-original,chapters/37-creating-value-across-differences.qmd,complete,The original video is linked in a predict-and-diagnose activity; thumbnail omitted.
DPN05. Distributive Negotiation:s18:o1,DPN05. Distributive Negotiation.pptx,18,False,15,Content Placeholder 5,517b9722a8e1d63d8ad14abf3a719879fea8d247dd7b65505e299732dcefb508,sha256:517b9722a8e1d63d,substantive,Frame from 30 Rock negotiation scene,protected,linked-original,chapters/retired-anchors-concessions-and-bargaining-tactics.qmd,complete,The textbook links the original scene and provides a tactic diagnostic; frame omitted.
DPN05. Distributive Negotiation:s18:o2,DPN05. Distributive Negotiation.pptx,18,False,17,Content Placeholder 5,517b9722a8e1d63d8ad14abf3a719879fea8d247dd7b65505e299732dcefb508,sha256:517b9722a8e1d63d,duplicate,Exact embedded duplicate identified by SHA-256,not-applicable,duplicate-accounted,—,accounted,Exact duplicate of the same 30 Rock frame on slide 18.
DPN05. Distributive Negotiation:s20:o1,DPN05. Distributive Negotiation.pptx,20,False,21,Picture 2,a04e9a3216a9892e86daaafa0aeabca577866495f4d7870e11548d48df81f8ed,sha256:a04e9a3216a9892e,substantive,Film still from Just Go with It,protected,linked-original,chapters/35-negotiation-as-joint-decision-design.qmd,complete,The original clip is linked for low-road/high-road diagnosis; still omitted.
DPN05. Distributive Negotiation:s20:o2,DPN05. Distributive Negotiation.pptx,20,False,22,Picture 2,3505e49b720bb25f00aa4426c237b719451cb6142134e03d61706c1d9fc9ce2e,sha256:3505e49b720bb25f,substantive,Second film still from Just Go with It,protected,linked-original,chapters/35-negotiation-as-joint-decision-design.qmd,complete,The same linked activity accounts for the second still; no frame copied.
DPN05. Distributive Negotiation:s21:o1,DPN05. Distributive Negotiation.pptx,21,False,12,Picture 12,15b541931256728495a7d3675022fbd0be5d1dd9c0878dfd86d463f07c7f5223,sha256:15b5419312567284,substantive,Benjamin Franklin portrait; license not documented,protected,represented-in-text-or-activity,chapters/35-negotiation-as-joint-decision-design.qmd,complete,The negotiation quotation/illustration is represented in prose; portrait omitted.
DPN05. Distributive Negotiation:s22:o1,DPN05. Distributive Negotiation.pptx,22,False,14,Picture 3,b4aa525444c0cb24cc53cbe8b15f4c96820831ae30568fe41fb2bc5e8eeaab1a,sha256:b4aa525444c0cb24,substantive,Thumb-wrestling photograph,protected,represented-in-text-or-activity,chapters/35-negotiation-as-joint-decision-design.qmd,complete,The thumb-wrestling coordination activity is represented in text; photograph omitted.
DPN05. Distributive Negotiation:s24:o1,DPN05. Distributive Negotiation.pptx,24,False,17,Content Placeholder 5,6ce35afc1b959606dd70eda9d111e07a641f46340354a6ac1ded7061024eea47,sha256:6ce35afc1b959606,substantive,Rackham and Carlisle skilled-negotiator comparison chart,facts-or-data-only,represented-in-text-or-activity,chapters/35-negotiation-as-joint-decision-design.qmd,complete,"The four observed measures and percentages are reconstructed as an accessible cited table, not copied as an image."
DPN05. Distributive Negotiation:s26:o1,DPN05. Distributive Negotiation.pptx,26,False,22,Picture 1,e890a9a9f16bdeceb28a4804de2fe357b60cf574c241d8e633b930cf6f25ae89,sha256:e890a9a9f16bdece,decorative,AI/stock-style deck artwork; no reusable provenance supplied,unclear,decorative-omitted,—,accounted,Preparation section-divider illustration is decorative and omitted.
DPN05. Distributive Negotiation:s27:o1,DPN05. Distributive Negotiation.pptx,27,False,17,Picture 8,42d57f57f0fc595146eb899a0d8d45de1fefe727715be6cb3f22f8d132c9a136,sha256:42d57f57f0fc5951,substantive,Syndicated negotiation/preparation cartoon,protected,represented-in-text-or-activity,chapters/36-preparing-and-claiming-value.qmd,complete,Preparation is represented through the case-first structure and checklist; cartoon omitted.
DPN05. Distributive Negotiation:s28:o1,DPN05. Distributive Negotiation.pptx,28,False,14,Picture 2,a3e6539c433b0ec7309f82e4abc0929ca425911b0a47a21a2b9e3754754dad27,sha256:a3e6539c433b0ec7,substantive,Sun Tzu book cover,protected,represented-in-text-or-activity,chapters/36-preparing-and-claiming-value.qmd,complete,The learn-about-the-other-side maxim is represented as a preparation principle; commercial cover omitted.
DPN05. Distributive Negotiation:s33:o1,DPN05. Distributive Negotiation.pptx,33,False,22,Picture 5,70e963c2638274b82d7e2aa2ca4ea8a6ca07337a93d5c731dc9551e30fb2f29d,sha256:70e963c2638274b8,decorative,AI/stock-style deck artwork; no reusable provenance supplied,unclear,decorative-omitted,—,accounted,Bargaining-tactics section-divider illustration is decorative and omitted.
DPN05. Distributive Negotiation:s35:o1,DPN05. Distributive Negotiation.pptx,35,False,32,Picture 4,5648a59babf43cc64cf42bf7a6f26dd12d380564a6a5fb2ed4c71c560b0e5033,sha256:5648a59babf43cc6,substantive,Syndicated cartoon about what is negotiable,protected,represented-in-text-or-activity,chapters/retired-anchors-concessions-and-bargaining-tactics.qmd,complete,The Roosevelt campaign case and bargaining-boundary discussion are represented in text; cartoon omitted.
DPN05. Distributive Negotiation:s36:o1,DPN05. Distributive Negotiation.pptx,36,False,10,slide.url=https://www.polleverywhere.com/multiple_choice_polls/t5049XTWFeXYzwsHh4bWD?state=opened&flow=Default&onscreen=persist,5bdba042d0197f8bd7c13ff195f17c66de97b66a5c60f2db807ddbc041af14ab,sha256:5bdba042d0197f8b,administrative,Course-response or submission interface,not-applicable,administrative-omitted,—,accounted,Poll Everywhere first-offer poll screenshot; the textbook retains a self-contained first-offer prompt.
DPN05. Distributive Negotiation:s36:o2,DPN05. Distributive Negotiation.pptx,36,False,11,Picture 9,6d9f601160e989b4bda79c93b45508142a3c3891ee705b5356a8af9738224644,sha256:6d9f601160e989b4,administrative,Course-response or submission interface,not-applicable,administrative-omitted,—,accounted,Poll Everywhere QR/link strip; transient course-response endpoint omitted.
DPN05. Distributive Negotiation:s39:o1,DPN05. Distributive Negotiation.pptx,39,False,16,Picture 5,f5908d6205ec40a80494048d3f2dc126d662b5d912d0b5833b57aeec6b10e2aa,sha256:f5908d6205ec40a8,substantive,Positive-ZOPA diagram,facts-or-data-only,represented-in-existing-book-visual,chapters/36-preparing-and-claiming-value.qmd,complete,Rebuilt independently as the original accessible zopa.svg with a number-line example.
DPN05. Distributive Negotiation:s40:o1,DPN05. Distributive Negotiation.pptx,40,False,16,Picture 39,b9362e49f5c1dea630e369bbee974ec932c1692df5ea0388f2cde037fec6ee64,sha256:b9362e49f5c1dea6,substantive,Bargaining-surplus/settlement diagram,facts-or-data-only,represented-in-existing-book-visual,chapters/36-preparing-and-claiming-value.qmd,complete,Positive-zone and settlement logic are explained with the original ZOPA visual and formulas.
DPN05. Distributive Negotiation:s41:o1,DPN05. Distributive Negotiation.pptx,41,False,13,Picture 8,b5894b29f6c2ad4412a424a609f7eb7e056db68968fd800f14ebbd51ceb20ef4,sha256:b5894b29f6c2ad44,substantive,Negative-ZOPA diagram,facts-or-data-only,represented-in-existing-book-visual,chapters/36-preparing-and-claiming-value.qmd,complete,Negative-zone and no-agreement logic are represented in prose adjacent to the original ZOPA visual.
DPN05. Distributive Negotiation:s45:o1,DPN05. Distributive Negotiation.pptx,45,False,10,Content Placeholder 3,6b92fefbad2d393d9c3430750a428451dacb4a0a4a4ed12a4ea91f8f2950c5a8,sha256:6b92fefbad2d393d,substantive,Galinsky aspiration/first-offer outcome schematic,unclear,original-replacement,chapters/36-preparing-and-claiming-value.qmd,complete,"Replaced by an original, non-data first-offer information matrix that makes anchoring-versus-disclosure risk explicit; the source chart is not copied."
DPN05. Distributive Negotiation:s50:o1,DPN05. Distributive Negotiation.pptx,50,False,20,Picture 5,d74fbf0362656fdd989fcde5c8147a13fda61fb8a4d16f5c5f32b71f5fbdcc35,sha256:d74fbf0362656fdd,substantive,Precision-offer study scatterplot,facts-or-data-only,represented-in-text-or-activity,chapters/retired-anchors-concessions-and-bargaining-tactics.qmd,complete,Moderate versus excessive precision and expert boundary conditions are explained with primary citations; plot omitted.
DPN05. Distributive Negotiation:s53:o1,DPN05. Distributive Negotiation.pptx,53,False,7,Picture 3,cfc906928d5a6b5e86d84abcc39ff94618748ca90d28ceaaf890fda0de2a72f6,sha256:cfc906928d5a6b5e,substantive,Range-offer taxonomy diagram,facts-or-data-only,represented-in-text-or-activity,chapters/retired-anchors-concessions-and-bargaining-tactics.qmd,complete,"Point, bracketing, bolstering, and bumped-up ranges are explained and compared in prose; source diagram omitted."
DPN05. Distributive Negotiation:s55:o1,DPN05. Distributive Negotiation.pptx,55,False,13,Picture 2,ebeb23ae5be2b1183a0ec692dda960948cbae0ca629a9f077bbd989997d1a763,sha256:ebeb23ae5be2b118,substantive,Alec Baldwin/30 Rock silence clip thumbnail,protected,linked-original,chapters/retired-anchors-concessions-and-bargaining-tactics.qmd,complete,The original clip is linked in a silence comparison activity; portrait/thumbnail omitted.
DPN05. Distributive Negotiation:s57:o1,DPN05. Distributive Negotiation.pptx,57,False,11,Picture 2,e83e103e682e1397cabb8d8eeb3c91213c54c670c8ba5ae11a34f1b3f7caf9db,sha256:e83e103e682e1397,substantive,The Office negotiation clip still,protected,linked-original,chapters/retired-anchors-concessions-and-bargaining-tactics.qmd,complete,The original clip is linked and analyzed; still omitted.
DPN05. Distributive Negotiation:s58:o1,DPN05. Distributive Negotiation.pptx,58,False,4,index,27ca8521e39dea704eeb149e4f6fd54413fe1b1e61a73b94cb8e0b15f3757c26,sha256:27ca8521e39dea70,substantive,The Simpsons frame used for an ambiguous tactic prompt,protected,represented-in-text-or-activity,chapters/retired-anchors-concessions-and-bargaining-tactics.qmd,complete,The prompt's teaching point—diagnose before labeling—is represented in text; frame omitted because no verified link accompanies it.
DPN05. Distributive Negotiation:s65:o1,DPN05. Distributive Negotiation.pptx,65,False,12,Picture 4,5c510a0cb5252a0914e3093f2ca4132f8173f4b11ca300692ec4e07938469abd,sha256:5c510a0cb5252a09,substantive,Historical Roosevelt campaign advertisement/confession-of-faith scan,protected,represented-in-text-or-activity,chapters/retired-anchors-concessions-and-bargaining-tactics.qmd,complete,The campaign dilemma and resolution are narrated and source-qualified; scan omitted.
DPN06. Integrative Negotiation:s1:o1,DPN06. Integrative Negotiation.pptx,1,False,12,Picture 6,c5a5f2299e256a3982fad4d88b515263f7de9e8200bfb5c781e15c8b8a717858,sha256:c5a5f2299e256a39,decorative,AI/stock-style deck artwork; no reusable provenance supplied,unclear,decorative-omitted,—,accounted,Title illustration is decorative and omitted.
DPN06. Integrative Negotiation:s5:o1,DPN06. Integrative Negotiation.pptx,5,False,13,Picture 6,bd488f9286aa8f156acc3602f9cdfc01f5cc33eff30003ffde713af8d926cdc3,sha256:bd488f9286aa8f15,decorative,AI/stock-style deck artwork; no reusable provenance supplied,unclear,decorative-omitted,—,accounted,Integrative-negotiation section-divider illustration is decorative and omitted.
DPN06. Integrative Negotiation:s7:o1,DPN06. Integrative Negotiation.pptx,7,False,12,Picture 1,9649e3f917e858dbfe247133b0f2cdecc4a8140d868e5835beb816634562b145,sha256:9649e3f917e858db,substantive,Pareto-frontier schematic,facts-or-data-only,represented-in-existing-book-visual,chapters/37-creating-value-across-differences.qmd,complete,Rebuilt independently as original pareto.svg; efficiency is distinguished from fairness.
DPN06. Integrative Negotiation:s8:o1,DPN06. Integrative Negotiation.pptx,8,False,13,Picture 5,084d7f445167642465b64960c9eebc64a110d119a3a194b719c39742ddb865bd,sha256:084d7f4451676424,substantive,Camp David regional map from third-party source,protected,represented-in-text-or-activity,chapters/37-creating-value-across-differences.qmd,complete,The sovereignty/security case is represented in prose and linked to the U.S. State Department history page; map omitted.
DPN06. Integrative Negotiation:s9:o1,DPN06. Integrative Negotiation.pptx,9,False,22,Picture 2,d2cfe33aa5e898437dc839915b459d2523470d0d85a8c4625da5239ab6a15818,sha256:d2cfe33aa5e89843,substantive,Sinai split/utility number-line diagram,facts-or-data-only,represented-in-text-or-activity,chapters/37-creating-value-across-differences.qmd,complete,The positional split is explained in the Camp David case without copying the source diagram.
DPN06. Integrative Negotiation:s10:o1,DPN06. Integrative Negotiation.pptx,10,False,14,Picture 17,b2bf1575f092cd41b64473deee6833b229abe0e80a3f62e6bd73cd4785668605,sha256:b2bf1575f092cd41,substantive,Two-party utility/frontier diagram,facts-or-data-only,represented-in-existing-book-visual,chapters/37-creating-value-across-differences.qmd,complete,"Pareto moves, dominated packages, and efficiency are represented in original pareto.svg and prose."
DPN06. Integrative Negotiation:s12:o1,DPN06. Integrative Negotiation.pptx,12,False,16,Picture 5,53a4b3667fc893a5781465c3fbc04c62680e46096cd4d58fdb2d7a14121ff8fa,sha256:53a4b3667fc893a5,substantive,Issue/interest/priority preparation worksheet,facts-or-data-only,represented-in-text-or-activity,chapters/37-creating-value-across-differences.qmd,complete,Rebuilt as accessible priority-map and information-strategy tables; no worksheet image copied.
DPN06. Integrative Negotiation:s23:o1,DPN06. Integrative Negotiation.pptx,23,False,7,Picture 3,31b7889a99b0535e34b1b1d8c3adab966d137615fb6a9292a83f335560a814c9,sha256:31b7889a99b0535e,substantive,Post-settlement/process flowchart,facts-or-data-only,represented-in-existing-book-visual,chapters/38-designing-better-agreements.qmd,complete,Post-settlement improvement and implementation governance are represented in original agreement-design.svg and prose.
DPN06. Integrative Negotiation:s26:o1,DPN06. Integrative Negotiation.pptx,26,False,13,Picture 6,b47e78f332a8b165fa5220f0ad475bc7d0695a5cf9fd82755e2e420a2daaf831,sha256:b47e78f332a8b165,decorative,AI/stock-style deck artwork; no reusable provenance supplied,unclear,decorative-omitted,—,accounted,Process-tactics section-divider illustration is decorative and omitted.
DPN06. Integrative Negotiation:s30:o1,DPN06. Integrative Negotiation.pptx,30,False,13,Picture 6,c461bc9a2a22a8606a595928e40961b3c075daac6cbc0a70b8221ff8ac060bc9,sha256:c461bc9a2a22a860,decorative,AI/stock-style deck artwork; no reusable provenance supplied,unclear,decorative-omitted,—,accounted,Deception section-divider illustration is decorative and omitted.
DPN06. Integrative Negotiation:s31:o1,DPN06. Integrative Negotiation.pptx,31,False,18,Picture 2,7164c7596208bc01d5cce660b7ff7146f5aa96a8cd57c8760e15b3f122b2ffcf,sha256:7164c7596208bc01,substantive,Lie to Me television poster,protected,linked-original,chapters/35-negotiation-as-joint-decision-design.qmd,complete,The linked Clinton example introduces the unreliability of visual tells; poster omitted.
DPN06. Integrative Negotiation:s31:o2,DPN06. Integrative Negotiation.pptx,31,False,19,Picture 6,2d9c4a1e594e8791e9a07ce05ed58c55ff0403f7d126f4024aa4b0fdfc93de2c,sha256:2d9c4a1e594e8791,substantive,Bill Clinton photograph with handwritten dedication,protected,linked-original,chapters/35-negotiation-as-joint-decision-design.qmd,complete,The original Clinton clip is linked; personal/press photograph omitted.
DPN06. Integrative Negotiation:s32:o1,DPN06. Integrative Negotiation.pptx,32,False,17,Picture 7,1b26accc9528c4d5bdbb43af2745fcacf72b0ae6567bae50e58fcd3d6802d88b,sha256:1b26accc9528c4d5,substantive,Child lie-detection demonstration photograph,protected,represented-in-text-or-activity,chapters/35-negotiation-as-joint-decision-design.qmd,complete,The children’s images are not reproduced. The predict-first activity and inability-to-read-tells lesson are represented in text.
DPN06. Integrative Negotiation:s32:o2,DPN06. Integrative Negotiation.pptx,32,False,18,Picture 9,e5ba4fe9c9443e4514d38b033db4970108d2f9776aa3a02148d073a330c8a116,sha256:e5ba4fe9c9443e45,substantive,Child lie-detection demonstration photograph,protected,represented-in-text-or-activity,chapters/35-negotiation-as-joint-decision-design.qmd,complete,The children’s images are not reproduced. The predict-first activity and inability-to-read-tells lesson are represented in text.
DPN06. Integrative Negotiation:s32:o3,DPN06. Integrative Negotiation.pptx,32,False,19,Picture 11,f3f0464aec5cc22ee6839b71a43c9e786c4b8d3aeca381a826ee85a1c36a8a1d,sha256:f3f0464aec5cc22e,substantive,Child lie-detection demonstration photograph,protected,represented-in-text-or-activity,chapters/35-negotiation-as-joint-decision-design.qmd,complete,The children’s images are not reproduced. The predict-first activity and inability-to-read-tells lesson are represented in text.
DPN06. Integrative Negotiation:s33:o1,DPN06. Integrative Negotiation.pptx,33,False,2,lie detection,6b72deddab22e2f0c068dfd0b3c25bba7535ad57914e4885c22ea18849aad60a,sha256:6b72deddab22e2f0,substantive,Composite child lie-detection video frame,protected,represented-in-text-or-activity,chapters/35-negotiation-as-joint-decision-design.qmd,complete,The diagnostic activity is represented in text without reproducing minors' images.
DPN06. Integrative Negotiation:s34:o1,DPN06. Integrative Negotiation.pptx,34,False,4,slide.url=https://www.polleverywhere.com/multiple_choice_polls/FN7sSIjMgaHOi69CdQ9kE,4f0e86bf169a04484a6d8afc723b37c2d455d39f2bb4950410a56aa6d27f52e0,sha256:4f0e86bf169a0448,administrative,Course-response or submission interface,not-applicable,administrative-omitted,—,accounted,Poll Everywhere child-lie poll screenshot; textbook uses a self-contained prediction prompt.
DPN06. Integrative Negotiation:s34:o2,DPN06. Integrative Negotiation.pptx,34,False,7,Picture 6,822587e1c4d2edc43ea36a57887cbe8c15d1e4c98f02e40d57c0032a0bd79619,sha256:822587e1c4d2edc4,administrative,Course-response or submission interface,not-applicable,administrative-omitted,—,accounted,Poll Everywhere QR code; transient response endpoint omitted.
DPN06. Integrative Negotiation:s35:o1,DPN06. Integrative Negotiation.pptx,35,False,11,Picture 5,f5f03c8772aa5e570d0339c82143599c05c6f8bf64bdf57fc43257f732db08fb,sha256:f5f03c8772aa5e57,substantive,Observed-versus-believed lie-cue values from Sporer and Schwandt (2007) Figure 1,facts-or-data-only,redrawn-data,figures/lie-cues-belief-gap.svg; chapters/38-designing-better-agreements.qmd#fig-lie-cues-belief-gap,complete,"Primary-source values were verified and redrawn in the book's visual system. The slide's attribution is corrected to Sporer and Schwandt (2007); the figure distinguishes group-level association from individual diagnosis and the journal artwork is not reused."
DPN06. Integrative Negotiation:s39:o1,DPN06. Integrative Negotiation.pptx,39,False,2,Image 0,67146575d2c8d0740eb30e15fca03fa6518fd2d0c310f3af86d07814e49e70fc,sha256:67146575d2c8d074,decorative,AI/stock-style deck artwork; no reusable provenance supplied,unclear,decorative-omitted,—,accounted,Generic AI/stock-style crossroads artwork reused across decks; decorative and omitted.
DPN06. Integrative Negotiation:s40:o1,DPN06. Integrative Negotiation.pptx,40,False,13,Picture 6,4e8862727618885b949ee4c4b4efe504faf10eca61c2631ab1ba474bae181d32,sha256:4e8862727618885b,decorative,AI/stock-style deck artwork; no reusable provenance supplied,unclear,decorative-omitted,—,accounted,Culture section-divider illustration is decorative and omitted.
DPN06. Integrative Negotiation:s41:o1,DPN06. Integrative Negotiation.pptx,41,False,14,Content Placeholder 5,65107a014171e8b74488d43f7e517da6c0e9afc729bf6e0f578e8d1ab3c411e7,sha256:65107a014171e8b7,substantive,Individualist/collectivist self-construal figure from scholarly or textbook source,protected,represented-in-text-or-activity,chapters/29-culture-and-identity-the-same-action-is-not-the-same-act.qmd,complete,The culture chapter treats independent/interdependent self-construals as hypotheses and distributions; source figure omitted.
DPN06. Integrative Negotiation:s42:o1,DPN06. Integrative Negotiation.pptx,42,False,18,Picture 4,35ea5ee515f0728d193b7475c035673f9dc709892d3c1829b4fd4cc5d2852095,sha256:35ea5ee515f0728d,substantive,Banana product photograph used in triad categorization task,protected,original-replacement,chapters/29-culture-and-identity-the-same-action-is-not-the-same-act.qmd#fig-culture-triad-monkey-panda-banana,complete,The stock photograph is not reused; a wholly new three-object illustration restores the categorization prompt.
DPN06. Integrative Negotiation:s42:o2,DPN06. Integrative Negotiation.pptx,42,False,21,Picture 8,491582280684a480bdf389671eac0acaa5c06e214528b60bbd1d40d47de4f0db,sha256:491582280684a480,substantive,Monkey stock photograph used in triad categorization task,protected,original-replacement,chapters/29-culture-and-identity-the-same-action-is-not-the-same-act.qmd#fig-culture-triad-monkey-panda-banana,complete,The stock photograph is not reused; a wholly new three-object illustration restores the categorization prompt.
DPN06. Integrative Negotiation:s42:o3,DPN06. Integrative Negotiation.pptx,42,False,22,Picture 6,4a3bb28d4969363e48112f8308861a2f2fd23f7c64c35a66910a0dac4d747de0,sha256:4a3bb28d4969363e,substantive,Panda stock photograph used in triad categorization task,protected,original-replacement,chapters/29-culture-and-identity-the-same-action-is-not-the-same-act.qmd#fig-culture-triad-monkey-panda-banana,complete,The stock photograph is not reused; a wholly new three-object illustration restores the categorization prompt.
DPN06. Integrative Negotiation:s43:o1,DPN06. Integrative Negotiation.pptx,43,False,14,Content Placeholder 2,baaa5d58233b51863b204083b2f974a226d496ea056b44fffc0a306afb6f1863,sha256:baaa5d58233b5186,substantive,Hedden et al. absolute-versus-relative line-task diagram,protected,represented-in-text-or-activity,chapters/35-negotiation-as-joint-decision-design.qmd,complete,The attention task and cultural-familiarity interpretation are described with a strong no-brain-types boundary; source diagram omitted.
DPN06. Integrative Negotiation:s44:o1,DPN06. Integrative Negotiation.pptx,44,False,16,Content Placeholder 2,7e489e45cb57acd5bd38518a802a1b932ac50a28d4dc090dbf331fb04e84e50f,sha256:7e489e45cb57acd5,substantive,Hedden et al. acculturation/brain-activation scatterplot,facts-or-data-only,represented-in-text-or-activity,chapters/35-negotiation-as-joint-decision-design.qmd,complete,The specific attentional-control association is described cautiously with the primary citation; plot omitted.
DPN06. Integrative Negotiation:s46:o1,DPN06. Integrative Negotiation.pptx,46,False,14,Picture 8,113349b1f4ce3e54620cf4f52d46257d28c8dd472e3922d365d4f2e1733a1edb,sha256:113349b1f4ce3e54,substantive,Yin-yang symbol used to cue dialecticism,protected,represented-in-text-or-activity,chapters/29-culture-and-identity-the-same-action-is-not-the-same-act.qmd,complete,Dialectical thinking is discussed conceptually; symbol artwork omitted.
DPN06. Integrative Negotiation:s47:o1,DPN06. Integrative Negotiation.pptx,47,False,16,Picture 2,e5c0b4a3c7e9e4d3f1f6c6c2cade1b359410bddd52149934802db87aadf1c007,sha256:e5c0b4a3c7e9e4d3,substantive,Talhelm chair-moving field-study photograph,protected,represented-in-text-or-activity,chapters/35-negotiation-as-joint-decision-design.qmd,complete,The chair-moving observation is described with citation and causal caveats; photograph omitted.
DPN06. Integrative Negotiation:s48:o1,DPN06. Integrative Negotiation.pptx,48,False,13,Content Placeholder 4,c272c38a3654721042998a23f09ff2485fee22b4f89469ad28a9868fb834e425,sha256:c272c38a36547210,substantive,Talhelm chair-moving city comparison chart,facts-or-data-only,represented-in-text-or-activity,chapters/35-negotiation-as-joint-decision-design.qmd,complete,The within-China observation is described as a historical-ecology hypothesis with confounding cautions; chart omitted.
DPN06. Integrative Negotiation:s48:o2,DPN06. Integrative Negotiation.pptx,48,False,15,Picture 10,ea8588eaf9940a6e10d6b0e9459e8de8e9dcfb62bb35a7c40dd6c2754f95ee68,sha256:ea8588eaf9940a6e,substantive,Talhelm international chair-moving comparison chart,facts-or-data-only,represented-in-text-or-activity,chapters/35-negotiation-as-joint-decision-design.qmd,complete,Country averages are not used to diagnose individuals; chart omitted and cultural contrast converted into process questions.
DPN06. Integrative Negotiation:s50:o1,DPN06. Integrative Negotiation.pptx,50,False,20,Content Placeholder 5,189bcd11ee90549b0e713ebac8a964dd3fe70ddf6ec77f5e880813d6e776e879,sha256:189bcd11ee90549b,substantive,Cohen et al. honor-culture field/lab result chart,facts-or-data-only,redrawn-data,chapters/29-culture-and-identity-the-same-action-is-not-the-same-act.qmd#fig-culture-honor-study-redraw,complete,Published cortisol-change values are redrawn with the restricted sample and anti-stereotyping boundary displayed beside the result.
DPN06. Integrative Negotiation:s50:o2,DPN06. Integrative Negotiation.pptx,50,False,19,Content Placeholder 5,4134be40e878570a04e570c1acbffb5cb5aaf837a73b903e351cc0d3516daddb,sha256:4134be40e878570a,substantive,Historical cattle/herding engraving,protected,represented-in-text-or-activity,chapters/29-culture-and-identity-the-same-action-is-not-the-same-act.qmd,complete,The ecology-of-honor hypothesis is discussed with causal limits; engraving omitted because provenance/license is not established.
DPN06. Integrative Negotiation:s51:o1,DPN06. Integrative Negotiation.pptx,51,False,12,Picture 2,43c4c9f3ad674ddeb1937552942996fac39fbde6392c61af8bfe3a0a3b9bce2b,sha256:43c4c9f3ad674dde,substantive,Rice-terrace stock photograph,protected,represented-in-text-or-activity,chapters/35-negotiation-as-joint-decision-design.qmd,complete,Rice/wheat ecology is described as a population-level hypothesis; photograph omitted.
DPN06. Integrative Negotiation:s52:o1,DPN06. Integrative Negotiation.pptx,52,False,16,Picture 2,90144d233e19ff8696859083eb525f8ef5a9d65438d02b3c4bd6fabac9fcbee0,sha256:90144d233e19ff86,substantive,Chinese landscape/river photograph,protected,represented-in-text-or-activity,chapters/35-negotiation-as-joint-decision-design.qmd,complete,The regional-ecology discussion remains in text with causal caveats; photograph omitted.
DPN06. Integrative Negotiation:s53:o1,DPN06. Integrative Negotiation.pptx,53,False,11,Picture 5,f1f7aa850ac31100b259626617ef7848de4237b2d34e5065d0b7becccee161af,sha256:f1f7aa850ac31100,substantive,Rice-paddy cultivation/divorce regional scatterplot,facts-or-data-only,represented-in-text-or-activity,chapters/35-negotiation-as-joint-decision-design.qmd,complete,"The correlation is not reproduced as causal evidence; the chapter retains only the broader, bounded historical-ecology hypothesis."
DPN06. Integrative Negotiation:s53:o2,DPN06. Integrative Negotiation.pptx,53,False,12,Picture 10,59aa22f4d82da4e0a7edbd8cb3b9544de41753ba917a85e7935d50b1e37d6a29,sha256:59aa22f4d82da4e0,substantive,China rice-versus-wheat region map,protected,represented-in-text-or-activity,chapters/35-negotiation-as-joint-decision-design.qmd,complete,Regional contrast is described cautiously; map omitted.
DPN06. Integrative Negotiation:s54:o1,DPN06. Integrative Negotiation.pptx,54,False,17,Picture 6,5d1ab24ab63e1946d3a7285f667dfde4b70841de7004eb31d9b9c010865fe9fc,sha256:5d1ab24ab63e1946,substantive,Hofstede two-dimension country scatterplot,facts-or-data-only,represented-in-text-or-activity,chapters/29-culture-and-identity-the-same-action-is-not-the-same-act.qmd,complete,"Country dimensions are explicitly treated as coarse descriptive tools, not person-level diagnoses; chart omitted."
DPN06. Integrative Negotiation:s55:o1,DPN06. Integrative Negotiation.pptx,55,False,13,Picture 2,1713a97d57db52216398bd3b5a79795c3c7f59d69eb813162bd4b43215a1f4f9,sha256:1713a97d57db5221,substantive,Individualism/collectivism icon panel,protected,represented-in-text-or-activity,chapters/29-culture-and-identity-the-same-action-is-not-the-same-act.qmd,complete,Independent/interdependent self-construals are represented with prose questions rather than binary icons.
DPN06. Integrative Negotiation:s56:o1,DPN06. Integrative Negotiation.pptx,56,False,17,Picture 5,3f5a9036a4808b045ae3cc77c959da5626d4ec69f03830f4c1825674ef5485fd,sha256:3f5a9036a4808b04,substantive,Collectivism circle-of-people icon,protected,represented-in-text-or-activity,chapters/29-culture-and-identity-the-same-action-is-not-the-same-act.qmd,complete,The icon's conceptual role is represented in the identity/self-construal section; icon omitted.
DPN06. Integrative Negotiation:s56:o2,DPN06. Integrative Negotiation.pptx,56,False,18,Picture 6,568886b3a5be8d2f0a3c1a243974e70abdbdd2701567969bdf535331a7f7859d,sha256:568886b3a5be8d2f,substantive,Hierarchy/power-distance pyramid icon,protected,represented-in-text-or-activity,chapters/29-culture-and-identity-the-same-action-is-not-the-same-act.qmd,complete,"Hierarchy is represented in the culture chapter through voice, power, and information-flow questions; icon omitted."
DPN06. Integrative Negotiation:s59:o1,DPN06. Integrative Negotiation.pptx,59,False,10,Content Placeholder 5,d60b19a25ff405faf8ee9d2145d543f7893a0dae036704565352e99d51622a12,sha256:d60b19a25ff405fa,substantive,Cross-cultural negotiation communication-style scatterplot,facts-or-data-only,represented-in-text-or-activity,chapters/35-negotiation-as-joint-decision-design.qmd,complete,Country-label chart is not reproduced; relevant contrasts become hypotheses to test through explicit process questions.
DPN06. Integrative Negotiation:s68:o1,DPN06. Integrative Negotiation.pptx,68,True,11,Picture 2,5ab2d455165698ab80b4e362c3dc7d2db5ac11bc193ee2e46d6fa85dd725099f,sha256:5ab2d455165698ab,substantive,Hidden-slide staged interview/deception photograph,protected,represented-in-text-or-activity,chapters/35-negotiation-as-joint-decision-design.qmd,complete,The verifiability and corroboration lesson is represented in the deception section; staged image omitted.
DPN06. Integrative Negotiation:s70:o1,DPN06. Integrative Negotiation.pptx,70,True,10,Picture 2,18215c4fb330e9426f01a4697599cf32f1d37d82800e02798f8b74bf3779e14f,sha256:18215c4fb330e942,substantive,AIM truth-teller/liar detail-count result chart,facts-or-data-only,represented-in-text-or-activity,chapters/35-negotiation-as-joint-decision-design.qmd,complete,AIM mechanism and initial-study scope are described with citation and a no-universal-lie-detector boundary; chart omitted.
DPN06. Integrative Negotiation:s76:o1,DPN06. Integrative Negotiation.pptx,76,True,15,Content Placeholder 5,a2bee7a8663471daf5751427a16601965d9d385e110f97ee53eb74b228594e2b,sha256:a2bee7a8663471da,substantive,First Borgen negotiation frame,protected,linked-original,chapters/38-designing-better-agreements.qmd,complete,The original clip is linked with a positions/interests/leverage/trades worksheet; frame omitted.
DPN06. Integrative Negotiation:s76:o2,DPN06. Integrative Negotiation.pptx,76,True,17,Content Placeholder 5,735e41f8f14e62c02e998a5c0b297b21a8b2f77afe8ff70412f6c08cbaa2a00b,sha256:735e41f8f14e62c0,substantive,Second Borgen negotiation frame,protected,linked-original,chapters/38-designing-better-agreements.qmd,complete,The same linked diagnostic activity accounts for the second frame; no copyrighted frame copied.
DPN07. Communication & Connection:s1:o1,DPN07. Communication & Connection.pptx,1,False,7,Picture 9,f7274546335daad8249c0a7bc63badc09b7dde9f93809a7b84b46d07f2537ba1,sha256:f7274546335daad8,decorative,"No credit or license in slide, notes, alt text, or embedded metadata; AI/stock-like illustration",unclear,decorative-omitted,none,accounted,Decorative globe-and-people illustration adds no unique evidence
DPN07. Communication & Connection:s6:o1,DPN07. Communication & Connection.pptx,6,False,8,Picture 4,72161c9c763547869582f79b7ed4b70f43bbb057d8063eaa0c8af653701ff03a,sha256:72161c9c76354786,decorative,"No credit or license in slide, notes, alt text, or embedded metadata; AI/stock-like connection illustration",unclear,decorative-omitted,chapters/33-communication-language-is-not-a-file-transfer.qmd,accounted,"Supportive-versus-ambivalent connection content is textual, not dependent on art"
DPN07. Communication & Connection:s11:o1,DPN07. Communication & Connection.pptx,11,False,11,Picture 5,17c14ea0ddf9e6fe104847080211fd4cd466bcbcfcce584574c6dd2cc555ea34,sha256:17c14ea0ddf9e6fe,substantive,"No credit or license in slide, notes, alt text, or embedded metadata; AI/stock-like iceberg",unclear,represented-in-existing-book-visual,figures/communication-iceberg.svg; chapters/33-communication-language-is-not-a-file-transfer.qmd,complete,Words above water and contextual meaning below water are already integrated
DPN07. Communication & Connection:s17:o1,DPN07. Communication & Connection.pptx,17,False,14,Picture 5,616934952fa05bd2e4e31de987d7890a045e45852d94d39942bb406603756d3b,sha256:616934952fa05bd2,substantive,Cropped published chart associated in the deck with Eyal and Epley (2010); no reuse license,protected,represented-in-text-or-activity,chapters/33-communication-language-is-not-a-file-transfer.qmd,complete,The couple-specific overconfidence result is retained with its boundary in prose; no bar heights are copied or inferred
DPN07. Communication & Connection:s23:o1,DPN07. Communication & Connection.pptx,23,False,12,Image 0,32dd98819c5c97aad2657aafd72dfad9367d9546ce6357d5ff2d798715841050,sha256:32dd98819c5c97aa,substantive,Published figure associated in the deck and chapter with Kruger et al. (2005); no reuse license,facts-or-data-only,redrawn-data,figures/communication-calibration-evidence.svg; chapters/33-communication-language-is-not-a-file-transfer.qmd,complete,Email and voice calibration values are treated as task-specific
DPN07. Communication & Connection:s28:o1,DPN07. Communication & Connection.pptx,28,False,8,Picture 4,59df12e355706b193df9710ef759eb60e76569d303143719306e19656cd61cdd,sha256:59df12e355706b19,decorative,"No credit or license in slide, notes, alt text, or embedded metadata; AI/stock-like shared-reality art",unclear,decorative-omitted,chapters/34-connection-and-repair-warm-honesty-makes-truth-usable.qmd,accounted,No unique factual content
DPN07. Communication & Connection:s29:o1,DPN07. Communication & Connection.pptx,29,False,10,Image 0,5ed1be8b8bf48a838602ed2eedf7ab9fa1bc08869e6144d5d3c96b8b7534276b,sha256:5ed1be8b8bf48a83,substantive,Book/commercial graphic titled The Three Conversations; source-license evidence absent,unclear,redrawn-concept,figures/conversation-needs-map.svg; chapters/34-connection-and-repair-warm-honesty-makes-truth-usable.qmd,complete,"Practical, emotional, and social/identity needs become a verification map"
DPN07. Communication & Connection:s29:o2,DPN07. Communication & Connection.pptx,29,False,11,Image 0,88a016b9e8a562fcc91ccbee6abbdb9a1177fecf02e94193f45e35ca4fb2a21a,sha256:88a016b9e8a562fc,substantive,Companion book/commercial graphic with help/hug/heard icons; source-license evidence absent,unclear,redrawn-concept,figures/conversation-needs-map.svg; chapters/34-connection-and-repair-warm-honesty-makes-truth-usable.qmd,complete,Icons and original wording are not traced or restyled
DPN07. Communication & Connection:s30:o1,DPN07. Communication & Connection.pptx,30,False,12,Picture 9,650bf5ac8bd3744b83cd7b2cb84c64940cb4608b6f145b0050ae344fc403d3d9,sha256:650bf5ac8bd3744b,substantive,Frame from the copyrighted short film It's Not About the Nail,protected,linked-original,chapters/34-connection-and-repair-warm-honesty-makes-truth-usable.qmd,complete,Correct YouTube URL with leading hyphen is already used
DPN07. Communication & Connection:s35:o1,DPN07. Communication & Connection.pptx,35,False,14,Picture 5,8bbb709917f23c74adc337bfe6ad09ad8dbedd97a9ba92a230cbfb2ca0dae2cb,sha256:8bbb709917f23c74,substantive,"Cropped chart panel associated with Eyal, Steffel, and Epley (2018); no reuse license",protected,redrawn-concept,figures/communication-calibration-evidence.svg; chapters/33-communication-language-is-not-a-file-transfer.qmd,complete,No effect-size inference from cropped bars
DPN07. Communication & Connection:s35:o2,DPN07. Communication & Connection.pptx,35,False,15,Picture 7,249d721b7001f49bcff61473930d018169304cae1cdfa84a85f1e800299f7153,sha256:249d721b7001f49b,substantive,"Cropped chart panel associated with Eyal, Steffel, and Epley (2018); no reuse license",protected,redrawn-concept,figures/communication-calibration-evidence.svg; chapters/33-communication-language-is-not-a-file-transfer.qmd,complete,Directional comparison only
DPN07. Communication & Connection:s35:o3,DPN07. Communication & Connection.pptx,35,False,17,Picture 10,67a05ea287afa006ee6a9d4fdcef522fe96ac28bb092358e513cd91a62b2144d,sha256:67a05ea287afa006,administrative,Legend cropped from the same protected chart,protected,administrative-omitted,figures/communication-calibration-evidence.svg,accounted,Not independently substantive
DPN07. Communication & Connection:s47:o1,DPN07. Communication & Connection.pptx,47,False,17,Image 0,36f26e7479b9efa5290cb37849067dfe80f28cec4bae38c65d202f3038c06b88,sha256:36f26e7479b9efa5,substantive,Uncredited silhouettes/brain-wave graphic used for interbrain coupling; license absent,unclear,represented-in-existing-book-visual,figures/communication-grounding.svg; chapters/34-connection-and-repair-warm-honesty-makes-truth-usable.qmd,complete,Avoids suggesting literal mind-merging or agreement
DPN07. Communication & Connection:s53:o1,DPN07. Communication & Connection.pptx,53,False,13,Image 0,7f6dcec47ab39739ed7c1bb433bb5d7558fa47da781e4558e8e1ef0cce3dd4d4,sha256:7f6dcec47ab39739,substantive,"Deck notes identify extraction from Epley (2026); approximate book figure, not primary data",protected,represented-in-text-or-activity,chapters/33-communication-language-is-not-a-file-transfer.qmd; chapters/34-connection-and-repair-warm-honesty-makes-truth-usable.qmd,complete,No fabricated precision
DPN07. Communication & Connection:s54:o1,DPN07. Communication & Connection.pptx,54,False,20,Image 0,1289ea52d72f00ce47ae2e35b6e31cbacacc612134842d9b2593e8979a03a057,sha256:1289ea52d72f00ce,substantive,"Deck notes identify extraction from Epley (2026); approximate book figure, not primary data",protected,represented-in-text-or-activity,chapters/34-connection-and-repair-warm-honesty-makes-truth-usable.qmd,complete,Depth is handled without copying the book figure
DPN07. Communication & Connection:s58:o1,DPN07. Communication & Connection.pptx,58,False,19,Picture 4,4cce4756beeb9131f51eb26dccdfec7fc5c875bb2b87a799aa465617868711ab,sha256:4cce4756beeb9131,decorative,"No credit or license in slide, notes, alt text, or embedded metadata; AI/stock-like conversation art",unclear,decorative-omitted,chapters/34-connection-and-repair-warm-honesty-makes-truth-usable.qmd,accounted,No unique evidence
DPN07. Communication & Connection:s59:o1,DPN07. Communication & Connection.pptx,59,False,15,Image 0,7f5e48ebf5b4c766052a39437b0588987d283f06cde19910c1ec16526f18de37,sha256:7f5e48ebf5b4c766,substantive,Published appreciation forecast-versus-experience chart associated with Kumar and Epley; no reuse license,protected,represented-in-text-or-activity,chapters/34-connection-and-repair-warm-honesty-makes-truth-usable.qmd,complete,No need for a second forecast chart after the calibration figure
DPN07. Communication & Connection:s64:o1,DPN07. Communication & Connection.pptx,64,False,14,Picture 6,cf7c1f0849e553ff71a217c74e8e4e2655e64d682eb977ee890111a346d52e77,sha256:cf7c1f0849e553ff,substantive,Interpersonal-cycle screenshot includes uncredited people images; exact source/license absent,unclear,redrawn-concept,figures/intent-behavior-impact-cycle.svg; chapters/34-connection-and-repair-warm-honesty-makes-truth-usable.qmd,complete,New asset separates observable impact from inferred intent
DPN07. Communication & Connection:s66:o1,DPN07. Communication & Connection.pptx,66,False,13,Image 0,731aa0d82c7a39b704d73b7611219ab97a4a2e27d6a2761e2fb32f8ecf16b69f,sha256:731aa0d82c7a39b7,substantive,Forecast-versus-experience chart; deck provenance points to book-derived material and no reuse license,protected,represented-in-text-or-activity,chapters/34-connection-and-repair-warm-honesty-makes-truth-usable.qmd,complete,Direction is discussed with boundaries
DPN07. Communication & Connection:s75:o1,DPN07. Communication & Connection.pptx,75,False,7,Image 0,dc3c42270e494a1955bf55718e078c33d2662bdb3fb20294ab42c423a6c913d9,sha256:dc3c42270e494a19,duplicate,Uncredited AI/stock-like image; same hash occurs three times across the deck corpus,unclear,duplicate-accounted,chapters/34-connection-and-repair-warm-honesty-makes-truth-usable.qmd,accounted,Cross-deck duplicate group has no unique content
DPN07. Communication & Connection:s81:o1,DPN07. Communication & Connection.pptx,81,True,8,Picture 4,4583eef22c76fe7cc4bc157754e03adfe082286f6d0a911937f3188807221aa3,sha256:4583eef22c76fe7c,decorative,Hidden alternate divider; no credit or license; AI/stock-like mind-reading art,unclear,decorative-omitted,none,accounted,Mind-reading concept is already represented in text and calibration figure
DPN07. Communication & Connection:s82:o1,DPN07. Communication & Connection.pptx,82,True,18,Image 0,85179ae13d317d7776a5f4bae9ead1bb9a691a7bdf26b4e5989a3669074bba43,sha256:85179ae13d317d77,substantive,Deck notes explicitly identify EPUB/book extraction; no reuse license,protected,represented-in-text-or-activity,chapters/34-connection-and-repair-warm-honesty-makes-truth-usable.qmd,complete,Hidden status does not remove it from coverage
DPN08. Habits and Behavior Design:s1:o1,DPN08. Habits and Behavior Design.pptx,1,False,10,Image 0,2c508a08475f9fb67716c39cf533ac75c5992ba37489c064822a1075eb798d44,sha256:2c508a08475f9fb6,duplicate,Uncredited AI/stock-like brain-maze art; same hash occurs twice across the deck corpus,unclear,duplicate-accounted,none,accounted,No unique habit evidence
DPN08. Habits and Behavior Design:s4:o1,DPN08. Habits and Behavior Design.pptx,4,False,10,Image 0,d36043dee7f8d1ad534479e6d8ba95e0d4ed2afb5101fa4b6e9843b9c48f2812,sha256:d36043dee7f8d1ad,substantive,Uncredited AI/stock-like cue-loop illustration; no license evidence,unclear,original-replacement,figures/habit-loop.svg; figures/habit-formation-curve.svg; chapters/21-habits-wanting-and-self-control.qmd,complete,"Visual metaphor is replaced, not restyled"
DPN08. Habits and Behavior Design:s15:o1,DPN08. Habits and Behavior Design.pptx,15,False,10,Image 0,7157e764b9736c339b12d4e2151970310905d19e90ea53f4f4d9ab4ebc06c4c1,sha256:7157e764b9736c33,decorative,Uncredited AI/stock-like dopamine/brain art; no license evidence,unclear,decorative-omitted,figures/reward-prediction-error-shift.svg; chapters/retired-wanting-craving-and-self-control.qmd,accounted,Avoids dopamine-equals-pleasure imagery
DPN08. Habits and Behavior Design:s18:o1,DPN08. Habits and Behavior Design.pptx,18,False,18,Image 0,e6c65852bab1cb7441a2d0c781795d76aea08c9962db0ab157d3b848a09b5489,sha256:e6c65852bab1cb74,substantive,Uncredited rendered four-panel reward-prediction-error diagram; exact source/license absent,unclear,redrawn-concept,figures/reward-prediction-error-shift.svg; chapters/retired-wanting-craving-and-self-control.qmd,complete,No neural trace is presented as measured data
DPN08. Habits and Behavior Design:s21:o1,DPN08. Habits and Behavior Design.pptx,21,False,17,Image 0,97e5d60563d861c96b5798ac8bc331204150098fab3435f6eba5ecacb2798990,sha256:97e5d60563d861c9,substantive,Rendered variable-reward/progress-cue diagram; no embedded source or reuse license,unclear,redrawn-concept,figures/reward-prediction-error-shift.svg; chapters/retired-wanting-craving-and-self-control.qmd; chapters/39-behavior-design-make-the-better-action-easier.qmd,complete,Explicitly schematic; no fabricated neural measurements
DPN08. Habits and Behavior Design:s24:o1,DPN08. Habits and Behavior Design.pptx,24,False,10,Image 0,dbfb755a4397125118c26dc6de1b188866be9a99d33305a40b31b2f93c3cd592,sha256:dbfb755a43971251,decorative,Uncredited AI/stock-like urge-wave art; no license evidence,unclear,decorative-omitted,figures/urge-wave-observation.svg; chapters/retired-wanting-craving-and-self-control.qmd,accounted,New figure avoids implying every urge follows one fixed curve
DPN08. Habits and Behavior Design:s29:o1,DPN08. Habits and Behavior Design.pptx,29,False,13,Chart,,,substantive,Native PowerPoint chart authored within the supplied deck; values are illustrative rather than empirical,author-owned,redrawn-concept,figures/urge-wave-observation.svg; chapters/retired-wanting-craving-and-self-control.qmd,complete,Native chart has no embedded image hash or duplicate group
DPN08. Habits and Behavior Design:s32:o1,DPN08. Habits and Behavior Design.pptx,32,False,10,Image 0,55d8c75fdd5f48e724634ae55aaf1ab71e8a5e406d4959fa94445c683ac15c9d,sha256:55d8c75fdd5f48e7,decorative,Uncredited AI/stock-like behavior-design dashboard art; no license evidence,unclear,decorative-omitted,figures/behavior-design.svg; chapters/39-behavior-design-make-the-better-action-easier.qmd,accounted,No UI screenshot or pseudo-product is reused
